frame_id,person_id,x,y
0,0,-18.5566,-3.86098
1,0,-18.50653012,-3.860474699
2,0,-18.45646024,-3.859969398
3,0,-18.40639036,-3.859464096
4,0,-18.35632048,-3.858958795
5,0,-18.3062506,-3.858453494
6,0,-18.25618072,-3.857948193
7,0,-18.20611084,-3.857442892
8,0,-18.15604096,-3.85693759
9,0,-18.10597108,-3.856432289
10,0,-18.0559012,-3.855926988
11,0,-18.00583133,-3.855421687
12,0,-17.95576145,-3.854916386
13,0,-17.90569157,-3.854411084
14,0,-17.85562169,-3.853905783
15,0,-17.80555181,-3.853400482
16,0,-17.75548193,-3.852895181
17,0,-17.70541205,-3.85238988
18,0,-17.65534217,-3.851884578
19,0,-17.60527229,-3.851379277
20,0,-17.55520241,-3.850873976
21,0,-17.50513253,-3.850368675
22,0,-17.45506265,-3.849863373
23,0,-17.40499277,-3.849358072
24,0,-17.35492289,-3.848852771
25,0,-17.30485301,-3.84834747
26,0,-17.25478313,-3.847842169
27,0,-17.20471325,-3.847336867
28,0,-17.15464337,-3.846831566
29,0,-17.10457349,-3.846326265
30,0,-17.05450361,-3.845820964
31,0,-17.00443373,-3.845315663
32,0,-16.95436386,-3.844810361
33,0,-16.90429398,-3.84430506
34,0,-16.8542241,-3.843799759
35,0,-16.80415422,-3.843294458
36,0,-16.75408434,-3.842789157
37,0,-16.70401446,-3.842283855
38,0,-16.65394458,-3.841778554
39,0,-16.6038747,-3.841273253
40,0,-16.55380482,-3.840767952
41,0,-16.50373494,-3.840262651
42,0,-16.45366506,-3.839757349
43,0,-16.40359518,-3.839252048
44,0,-16.3535253,-3.838746747
45,0,-16.30345542,-3.838241446
46,0,-16.25338554,-3.837736145
47,0,-16.20331566,-3.837230843
48,0,-16.15324578,-3.836725542
49,0,-16.1031759,-3.836220241
50,0,-16.05310602,-3.83571494
51,0,-16.00303614,-3.835209639
52,0,-15.95296627,-3.834704337
53,0,-15.90289639,-3.834199036
54,0,-15.85282651,-3.833693735
55,0,-15.80275663,-3.833188434
56,0,-15.75268675,-3.832683133
57,0,-15.70261687,-3.832177831
58,0,-15.65254699,-3.83167253
59,0,-15.60247711,-3.831167229
60,0,-15.55240723,-3.830661928
61,0,-15.50233735,-3.830156627
62,0,-15.45226747,-3.829651325
63,0,-15.40219759,-3.829146024
64,0,-15.35212771,-3.828640723
65,0,-15.30205783,-3.828135422
66,0,-15.25198795,-3.82763012
67,0,-15.20191807,-3.827124819
68,0,-15.15184819,-3.826619518
69,0,-15.10177831,-3.826114217
70,0,-15.05170843,-3.825608916
71,0,-15.00163855,-3.825103614
72,0,-14.95156867,-3.824598313
73,0,-14.9014988,-3.824093012
74,0,-14.85142892,-3.823587711
75,0,-14.80135904,-3.82308241
76,0,-14.75128916,-3.822577108
77,0,-14.70121928,-3.822071807
78,0,-14.6511494,-3.821566506
79,0,-14.60107952,-3.821061205
80,0,-14.55100964,-3.820555904
81,0,-14.50093976,-3.820050602
82,0,-14.45086988,-3.819545301
83,0,-14.4008,-3.81904
84,0,-14.35917297,-3.820717432
85,0,-14.31754595,-3.822394865
86,0,-14.27591892,-3.824072297
87,0,-14.23429189,-3.82574973
88,0,-14.19266486,-3.827427162
89,0,-14.15103784,-3.829104595
90,0,-14.10941081,-3.830782027
91,0,-14.06778378,-3.832459459
92,0,-14.02615676,-3.834136892
93,0,-13.98452973,-3.835814324
94,0,-13.9429027,-3.837491757
95,0,-13.90127568,-3.839169189
96,0,-13.85964865,-3.840846622
97,0,-13.81802162,-3.842524054
98,0,-13.77639459,-3.844201486
99,0,-13.73476757,-3.845878919
100,0,-13.69314054,-3.847556351
101,0,-13.65151351,-3.849233784
102,0,-13.60988649,-3.850911216
103,0,-13.56825946,-3.852588649
104,0,-13.52663243,-3.854266081
105,0,-13.48500541,-3.855943514
106,0,-13.44337838,-3.857620946
107,0,-13.40175135,-3.859298378
108,0,-13.36012432,-3.860975811
109,0,-13.3184973,-3.862653243
110,0,-13.27687027,-3.864330676
111,0,-13.23524324,-3.866008108
112,0,-13.19361622,-3.867685541
113,0,-13.15198919,-3.869362973
114,0,-13.11036216,-3.871040405
115,0,-13.06873514,-3.872717838
116,0,-13.02710811,-3.87439527
117,0,-12.98548108,-3.876072703
118,0,-12.94385405,-3.877750135
119,0,-12.90222703,-3.879427568
120,0,-12.8606,-3.881105
121,0,-12.81897297,-3.882782432
122,0,-12.77734595,-3.884459865
123,0,-12.73571892,-3.886137297
124,0,-12.69409189,-3.88781473
125,0,-12.65246486,-3.889492162
126,0,-12.61083784,-3.891169595
127,0,-12.56921081,-3.892847027
128,0,-12.52758378,-3.894524459
129,0,-12.48595676,-3.896201892
130,0,-12.44432973,-3.897879324
131,0,-12.4027027,-3.899556757
132,0,-12.36107568,-3.901234189
133,0,-12.31944865,-3.902911622
134,0,-12.27782162,-3.904589054
135,0,-12.23619459,-3.906266486
136,0,-12.19456757,-3.907943919
137,0,-12.15294054,-3.909621351
138,0,-12.11131351,-3.911298784
139,0,-12.06968649,-3.912976216
140,0,-12.02805946,-3.914653649
141,0,-11.98643243,-3.916331081
142,0,-11.94480541,-3.918008514
143,0,-11.90317838,-3.919685946
144,0,-11.86155135,-3.921363378
145,0,-11.81992432,-3.923040811
146,0,-11.7782973,-3.924718243
147,0,-11.73667027,-3.926395676
148,0,-11.69504324,-3.928073108
149,0,-11.65341622,-3.929750541
150,0,-11.61178919,-3.931427973
151,0,-11.57016216,-3.933105405
152,0,-11.52853514,-3.934782838
153,0,-11.48690811,-3.93646027
154,0,-11.44528108,-3.938137703
155,0,-11.40365405,-3.939815135
156,0,-11.36202703,-3.941492568
157,0,-11.3204,-3.94317
158,0,-11.28435397,-3.942720794
159,0,-11.24830794,-3.942271587
160,0,-11.2122619,-3.941822381
161,0,-11.17621587,-3.941373175
162,0,-11.14016984,-3.940923968
163,0,-11.10412381,-3.940474762
164,0,-11.06807778,-3.940025556
165,0,-11.03203175,-3.939576349
166,0,-10.99598571,-3.939127143
167,0,-10.95993968,-3.938677937
168,0,-10.92389365,-3.93822873
169,0,-10.88784762,-3.937779524
170,0,-10.85180159,-3.937330317
171,0,-10.81575556,-3.936881111
172,0,-10.77970952,-3.936431905
173,0,-10.74366349,-3.935982698
174,0,-10.70761746,-3.935533492
175,0,-10.67157143,-3.935084286
176,0,-10.6355254,-3.934635079
177,0,-10.59947937,-3.934185873
178,0,-10.56343333,-3.933736667
179,0,-10.5273873,-3.93328746
180,0,-10.49134127,-3.932838254
181,0,-10.45529524,-3.932389048
182,0,-10.41924921,-3.931939841
183,0,-10.38320317,-3.931490635
184,0,-10.34715714,-3.931041429
185,0,-10.31111111,-3.930592222
186,0,-10.27506508,-3.930143016
187,0,-10.23901905,-3.92969381
188,0,-10.20297302,-3.929244603
189,0,-10.16692698,-3.928795397
190,0,-10.13088095,-3.92834619
191,0,-10.09483492,-3.927896984
192,0,-10.05878889,-3.927447778
193,0,-10.02274286,-3.926998571
194,0,-9.986696825,-3.926549365
195,0,-9.950650794,-3.926100159
196,0,-9.914604762,-3.925650952
197,0,-9.87855873,-3.925201746
198,0,-9.842512698,-3.92475254
199,0,-9.806466667,-3.924303333
200,0,-9.770420635,-3.923854127
201,0,-9.734374603,-3.923404921
202,0,-9.698328571,-3.922955714
203,0,-9.66228254,-3.922506508
204,0,-9.626236508,-3.922057302
205,0,-9.590190476,-3.921608095
206,0,-9.554144444,-3.921158889
207,0,-9.518098413,-3.920709683
208,0,-9.482052381,-3.920260476
209,0,-9.446006349,-3.91981127
210,0,-9.409960317,-3.919362063
211,0,-9.373914286,-3.918912857
212,0,-9.337868254,-3.918463651
213,0,-9.301822222,-3.918014444
214,0,-9.26577619,-3.917565238
215,0,-9.229730159,-3.917116032
216,0,-9.193684127,-3.916666825
217,0,-9.157638095,-3.916217619
218,0,-9.121592063,-3.915768413
219,0,-9.085546032,-3.915319206
220,0,-9.0495,-3.91487
221,0,-9.013006721,-3.92324
222,0,-8.976513443,-3.93161
223,0,-8.940020164,-3.93998
224,0,-8.903526885,-3.94835
225,0,-8.867033607,-3.95672
226,0,-8.830540328,-3.96509
227,0,-8.794047049,-3.97346
228,0,-8.75755377,-3.98183
229,0,-8.721060492,-3.9902
230,0,-8.684567213,-3.99857
231,0,-8.648073934,-4.00694
232,0,-8.611580656,-4.01531
233,0,-8.575087377,-4.02368
234,0,-8.538594098,-4.03205
235,0,-8.50210082,-4.04042
236,0,-8.465607541,-4.04879
237,0,-8.429114262,-4.05716
238,0,-8.392620984,-4.06553
239,0,-8.356127705,-4.0739
240,0,-8.319634426,-4.08227
241,0,-8.283141148,-4.09064
242,0,-8.246647869,-4.09901
243,0,-8.21015459,-4.10738
244,0,-8.173661311,-4.11575
245,0,-8.137168033,-4.12412
246,0,-8.100674754,-4.13249
247,0,-8.064181475,-4.14086
248,0,-8.027688197,-4.14923
249,0,-7.991194918,-4.1576
250,0,-7.954701639,-4.16597
251,0,-7.918208361,-4.17434
252,0,-7.881715082,-4.18271
253,0,-7.845221803,-4.19108
254,0,-7.808728525,-4.19945
255,0,-7.772235246,-4.20782
256,0,-7.735741967,-4.21619
257,0,-7.699248689,-4.22456
258,0,-7.66275541,-4.23293
259,0,-7.626262131,-4.2413
260,0,-7.589768852,-4.24967
261,0,-7.553275574,-4.25804
262,0,-7.516782295,-4.26641
263,0,-7.480289016,-4.27478
264,0,-7.443795738,-4.28315
265,0,-7.407302459,-4.29152
266,0,-7.37080918,-4.29989
267,0,-7.334315902,-4.30826
268,0,-7.297822623,-4.31663
269,0,-7.261329344,-4.325
270,0,-7.224836066,-4.33337
271,0,-7.188342787,-4.34174
272,0,-7.151849508,-4.35011
273,0,-7.11535623,-4.35848
274,0,-7.078862951,-4.36685
275,0,-7.042369672,-4.37522
276,0,-7.005876393,-4.38359
277,0,-6.969383115,-4.39196
278,0,-6.932889836,-4.40033
279,0,-6.896396557,-4.4087
280,0,-6.859903279,-4.41707
281,0,-6.82341,-4.42544
282,0,-6.798348448,-4.443338448
283,0,-6.773286897,-4.461236897
284,0,-6.748225345,-4.479135345
285,0,-6.723163793,-4.497033793
286,0,-6.698102241,-4.514932241
287,0,-6.67304069,-4.53283069
288,0,-6.647979138,-4.550729138
289,0,-6.622917586,-4.568627586
290,0,-6.597856034,-4.586526034
291,0,-6.572794483,-4.604424483
292,0,-6.547732931,-4.622322931
293,0,-6.522671379,-4.640221379
294,0,-6.497609828,-4.658119828
295,0,-6.472548276,-4.676018276
296,0,-6.447486724,-4.693916724
297,0,-6.422425172,-4.711815172
298,0,-6.397363621,-4.729713621
299,0,-6.372302069,-4.747612069
300,0,-6.347240517,-4.765510517
301,0,-6.322178966,-4.783408966
302,0,-6.297117414,-4.801307414
303,0,-6.272055862,-4.819205862
304,0,-6.24699431,-4.83710431
305,0,-6.221932759,-4.855002759
306,0,-6.196871207,-4.872901207
307,0,-6.171809655,-4.890799655
308,0,-6.146748103,-4.908698103
309,0,-6.121686552,-4.926596552
310,0,-6.096625,-4.944495
311,0,-6.071563448,-4.962393448
312,0,-6.046501897,-4.980291897
313,0,-6.021440345,-4.998190345
314,0,-5.996378793,-5.016088793
315,0,-5.971317241,-5.033987241
316,0,-5.94625569,-5.05188569
317,0,-5.921194138,-5.069784138
318,0,-5.896132586,-5.087682586
319,0,-5.871071034,-5.105581034
320,0,-5.846009483,-5.123479483
321,0,-5.820947931,-5.141377931
322,0,-5.795886379,-5.159276379
323,0,-5.770824828,-5.177174828
324,0,-5.745763276,-5.195073276
325,0,-5.720701724,-5.212971724
326,0,-5.695640172,-5.230870172
327,0,-5.670578621,-5.248768621
328,0,-5.645517069,-5.266667069
329,0,-5.620455517,-5.284565517
330,0,-5.595393966,-5.302463966
331,0,-5.570332414,-5.320362414
332,0,-5.545270862,-5.338260862
333,0,-5.52020931,-5.35615931
334,0,-5.495147759,-5.374057759
335,0,-5.470086207,-5.391956207
336,0,-5.445024655,-5.409854655
337,0,-5.419963103,-5.427753103
338,0,-5.394901552,-5.445651552
339,0,-5.36984,-5.46355
340,0,-5.342842222,-5.479267407
341,0,-5.315844444,-5.494984815
342,0,-5.288846667,-5.510702222
343,0,-5.261848889,-5.52641963
344,0,-5.234851111,-5.542137037
345,0,-5.207853333,-5.557854444
346,0,-5.180855556,-5.573571852
347,0,-5.153857778,-5.589289259
348,0,-5.12686,-5.605006667
349,0,-5.099862222,-5.620724074
350,0,-5.072864444,-5.636441481
351,0,-5.045866667,-5.652158889
352,0,-5.018868889,-5.667876296
353,0,-4.991871111,-5.683593704
354,0,-4.964873333,-5.699311111
355,0,-4.937875556,-5.715028519
356,0,-4.910877778,-5.730745926
357,0,-4.88388,-5.746463333
358,0,-4.856882222,-5.762180741
359,0,-4.829884444,-5.777898148
360,0,-4.802886667,-5.793615556
361,0,-4.775888889,-5.809332963
362,0,-4.748891111,-5.82505037
363,0,-4.721893333,-5.840767778
364,0,-4.694895556,-5.856485185
365,0,-4.667897778,-5.872202593
366,0,-4.6409,-5.88792
367,0,-4.629934211,-5.910915263
368,0,-4.618968421,-5.933910526
369,0,-4.608002632,-5.956905789
370,0,-4.597036842,-5.979901053
371,0,-4.586071053,-6.002896316
372,0,-4.575105263,-6.025891579
373,0,-4.564139474,-6.048886842
374,0,-4.553173684,-6.071882105
375,0,-4.542207895,-6.094877368
376,0,-4.531242105,-6.117872632
377,0,-4.520276316,-6.140867895
378,0,-4.509310526,-6.163863158
379,0,-4.498344737,-6.186858421
380,0,-4.487378947,-6.209853684
381,0,-4.476413158,-6.232848947
382,0,-4.465447368,-6.255844211
383,0,-4.454481579,-6.278839474
384,0,-4.443515789,-6.301834737
385,0,-4.43255,-6.32483
0,1,-23.1622,-6.48066
1,1,-23.09531321,-6.478773396
2,1,-23.02842642,-6.476886792
3,1,-22.96153962,-6.475000189
4,1,-22.89465283,-6.473113585
5,1,-22.82776604,-6.471226981
6,1,-22.76087925,-6.469340377
7,1,-22.69399245,-6.467453774
8,1,-22.62710566,-6.46556717
9,1,-22.56021887,-6.463680566
10,1,-22.49333208,-6.461793962
11,1,-22.42644528,-6.459907358
12,1,-22.35955849,-6.458020755
13,1,-22.2926717,-6.456134151
14,1,-22.22578491,-6.454247547
15,1,-22.15889811,-6.452360943
16,1,-22.09201132,-6.45047434
17,1,-22.02512453,-6.448587736
18,1,-21.95823774,-6.446701132
19,1,-21.89135094,-6.444814528
20,1,-21.82446415,-6.442927925
21,1,-21.75757736,-6.441041321
22,1,-21.69069057,-6.439154717
23,1,-21.62380377,-6.437268113
24,1,-21.55691698,-6.435381509
25,1,-21.49003019,-6.433494906
26,1,-21.4231434,-6.431608302
27,1,-21.3562566,-6.429721698
28,1,-21.28936981,-6.427835094
29,1,-21.22248302,-6.425948491
30,1,-21.15559623,-6.424061887
31,1,-21.08870943,-6.422175283
32,1,-21.02182264,-6.420288679
33,1,-20.95493585,-6.418402075
34,1,-20.88804906,-6.416515472
35,1,-20.82116226,-6.414628868
36,1,-20.75427547,-6.412742264
37,1,-20.68738868,-6.41085566
38,1,-20.62050189,-6.408969057
39,1,-20.55361509,-6.407082453
40,1,-20.4867283,-6.405195849
41,1,-20.41984151,-6.403309245
42,1,-20.35295472,-6.401422642
43,1,-20.28606792,-6.399536038
44,1,-20.21918113,-6.397649434
45,1,-20.15229434,-6.39576283
46,1,-20.08540755,-6.393876226
47,1,-20.01852075,-6.391989623
48,1,-19.95163396,-6.390103019
49,1,-19.88474717,-6.388216415
50,1,-19.81786038,-6.386329811
51,1,-19.75097358,-6.384443208
52,1,-19.68408679,-6.382556604
53,1,-19.6172,-6.38067
54,1,-19.56218372,-6.384354186
55,1,-19.50716744,-6.388038372
56,1,-19.45215116,-6.391722558
57,1,-19.39713488,-6.395406744
58,1,-19.3421186,-6.39909093
59,1,-19.28710233,-6.402775116
60,1,-19.23208605,-6.406459302
61,1,-19.17706977,-6.410143488
62,1,-19.12205349,-6.413827674
63,1,-19.06703721,-6.41751186
64,1,-19.01202093,-6.421196047
65,1,-18.95700465,-6.424880233
66,1,-18.90198837,-6.428564419
67,1,-18.84697209,-6.432248605
68,1,-18.79195581,-6.435932791
69,1,-18.73693953,-6.439616977
70,1,-18.68192326,-6.443301163
71,1,-18.62690698,-6.446985349
72,1,-18.5718907,-6.450669535
73,1,-18.51687442,-6.454353721
74,1,-18.46185814,-6.458037907
75,1,-18.40684186,-6.461722093
76,1,-18.35182558,-6.465406279
77,1,-18.2968093,-6.469090465
78,1,-18.24179302,-6.472774651
79,1,-18.18677674,-6.476458837
80,1,-18.13176047,-6.480143023
81,1,-18.07674419,-6.483827209
82,1,-18.02172791,-6.487511395
83,1,-17.96671163,-6.491195581
84,1,-17.91169535,-6.494879767
85,1,-17.85667907,-6.498563953
86,1,-17.80166279,-6.50224814
87,1,-17.74664651,-6.505932326
88,1,-17.69163023,-6.509616512
89,1,-17.63661395,-6.513300698
90,1,-17.58159767,-6.516984884
91,1,-17.5265814,-6.52066907
92,1,-17.47156512,-6.524353256
93,1,-17.41654884,-6.528037442
94,1,-17.36153256,-6.531721628
95,1,-17.30651628,-6.535405814
96,1,-17.2515,-6.53909
97,1,-17.21722258,-6.535950645
98,1,-17.18294516,-6.53281129
99,1,-17.14866774,-6.529671935
100,1,-17.11439032,-6.526532581
101,1,-17.0801129,-6.523393226
102,1,-17.04583548,-6.520253871
103,1,-17.01155806,-6.517114516
104,1,-16.97728065,-6.513975161
105,1,-16.94300323,-6.510835806
106,1,-16.90872581,-6.507696452
107,1,-16.87444839,-6.504557097
108,1,-16.84017097,-6.501417742
109,1,-16.80589355,-6.498278387
110,1,-16.77161613,-6.495139032
111,1,-16.73733871,-6.491999677
112,1,-16.70306129,-6.488860323
113,1,-16.66878387,-6.485720968
114,1,-16.63450645,-6.482581613
115,1,-16.60022903,-6.479442258
116,1,-16.56595161,-6.476302903
117,1,-16.53167419,-6.473163548
118,1,-16.49739677,-6.470024194
119,1,-16.46311935,-6.466884839
120,1,-16.42884194,-6.463745484
121,1,-16.39456452,-6.460606129
122,1,-16.3602871,-6.457466774
123,1,-16.32600968,-6.454327419
124,1,-16.29173226,-6.451188065
125,1,-16.25745484,-6.44804871
126,1,-16.22317742,-6.444909355
127,1,-16.1889,-6.44177
128,1,-16.20580508,-6.435649153
129,1,-16.22271017,-6.429528305
130,1,-16.23961525,-6.423407458
131,1,-16.25652034,-6.41728661
132,1,-16.27342542,-6.411165763
133,1,-16.29033051,-6.405044915
134,1,-16.30723559,-6.398924068
135,1,-16.32414068,-6.39280322
136,1,-16.34104576,-6.386682373
137,1,-16.35795085,-6.380561525
138,1,-16.37485593,-6.374440678
139,1,-16.39176102,-6.368319831
140,1,-16.4086661,-6.362198983
141,1,-16.42557119,-6.356078136
142,1,-16.44247627,-6.349957288
143,1,-16.45938136,-6.343836441
144,1,-16.47628644,-6.337715593
145,1,-16.49319153,-6.331594746
146,1,-16.51009661,-6.325473898
147,1,-16.52700169,-6.319353051
148,1,-16.54390678,-6.313232203
149,1,-16.56081186,-6.307111356
150,1,-16.57771695,-6.300990508
151,1,-16.59462203,-6.294869661
152,1,-16.61152712,-6.288748814
153,1,-16.6284322,-6.282627966
154,1,-16.64533729,-6.276507119
155,1,-16.66224237,-6.270386271
156,1,-16.67914746,-6.264265424
157,1,-16.69605254,-6.258144576
158,1,-16.71295763,-6.252023729
159,1,-16.72986271,-6.245902881
160,1,-16.7467678,-6.239782034
161,1,-16.76367288,-6.233661186
162,1,-16.78057797,-6.227540339
163,1,-16.79748305,-6.221419492
164,1,-16.81438814,-6.215298644
165,1,-16.83129322,-6.209177797
166,1,-16.84819831,-6.203056949
167,1,-16.86510339,-6.196936102
168,1,-16.88200847,-6.190815254
169,1,-16.89891356,-6.184694407
170,1,-16.91581864,-6.178573559
171,1,-16.93272373,-6.172452712
172,1,-16.94962881,-6.166331864
173,1,-16.9665339,-6.160211017
174,1,-16.98343898,-6.154090169
175,1,-17.00034407,-6.147969322
176,1,-17.01724915,-6.141848475
177,1,-17.03415424,-6.135727627
178,1,-17.05105932,-6.12960678
179,1,-17.06796441,-6.123485932
180,1,-17.08486949,-6.117365085
181,1,-17.10177458,-6.111244237
182,1,-17.11867966,-6.10512339
183,1,-17.13558475,-6.099002542
184,1,-17.15248983,-6.092881695
185,1,-17.16939492,-6.086760847
186,1,-17.1863,-6.08064
187,1,-17.15009231,-6.07572007
188,1,-17.11388462,-6.07080014
189,1,-17.07767692,-6.06588021
190,1,-17.04146923,-6.06096028
191,1,-17.00526154,-6.05604035
192,1,-16.96905385,-6.05112042
193,1,-16.93284615,-6.04620049
194,1,-16.89663846,-6.041280559
195,1,-16.86043077,-6.036360629
196,1,-16.82422308,-6.031440699
197,1,-16.78801538,-6.026520769
198,1,-16.75180769,-6.021600839
199,1,-16.7156,-6.016680909
200,1,-16.67939231,-6.011760979
201,1,-16.64318462,-6.006841049
202,1,-16.60697692,-6.001921119
203,1,-16.57076923,-5.997001189
204,1,-16.53456154,-5.992081259
205,1,-16.49835385,-5.987161329
206,1,-16.46214615,-5.982241399
207,1,-16.42593846,-5.977321469
208,1,-16.38973077,-5.972401538
209,1,-16.35352308,-5.967481608
210,1,-16.31731538,-5.962561678
211,1,-16.28110769,-5.957641748
212,1,-16.2449,-5.952721818
213,1,-16.20869231,-5.947801888
214,1,-16.17248462,-5.942881958
215,1,-16.13627692,-5.937962028
216,1,-16.10006923,-5.933042098
217,1,-16.06386154,-5.928122168
218,1,-16.02765385,-5.923202238
219,1,-15.99144615,-5.918282308
220,1,-15.95523846,-5.913362378
221,1,-15.91903077,-5.908442448
222,1,-15.88282308,-5.903522517
223,1,-15.84661538,-5.898602587
224,1,-15.81040769,-5.893682657
225,1,-15.7742,-5.888762727
226,1,-15.73799231,-5.883842797
227,1,-15.70178462,-5.878922867
228,1,-15.66557692,-5.874002937
229,1,-15.62936923,-5.869083007
230,1,-15.59316154,-5.864163077
231,1,-15.55695385,-5.859243147
232,1,-15.52074615,-5.854323217
233,1,-15.48453846,-5.849403287
234,1,-15.44833077,-5.844483357
235,1,-15.41212308,-5.839563427
236,1,-15.37591538,-5.834643497
237,1,-15.33970769,-5.829723566
238,1,-15.3035,-5.824803636
239,1,-15.26729231,-5.819883706
240,1,-15.23108462,-5.814963776
241,1,-15.19487692,-5.810043846
242,1,-15.15866923,-5.805123916
243,1,-15.12246154,-5.800203986
244,1,-15.08625385,-5.795284056
245,1,-15.05004615,-5.790364126
246,1,-15.01383846,-5.785444196
247,1,-14.97763077,-5.780524266
248,1,-14.94142308,-5.775604336
249,1,-14.90521538,-5.770684406
250,1,-14.86900769,-5.765764476
251,1,-14.8328,-5.760844545
252,1,-14.79659231,-5.755924615
253,1,-14.76038462,-5.751004685
254,1,-14.72417692,-5.746084755
255,1,-14.68796923,-5.741164825
256,1,-14.65176154,-5.736244895
257,1,-14.61555385,-5.731324965
258,1,-14.57934615,-5.726405035
259,1,-14.54313846,-5.721485105
260,1,-14.50693077,-5.716565175
261,1,-14.47072308,-5.711645245
262,1,-14.43451538,-5.706725315
263,1,-14.39830769,-5.701805385
264,1,-14.3621,-5.696885455
265,1,-14.32589231,-5.691965524
266,1,-14.28968462,-5.687045594
267,1,-14.25347692,-5.682125664
268,1,-14.21726923,-5.677205734
269,1,-14.18106154,-5.672285804
270,1,-14.14485385,-5.667365874
271,1,-14.10864615,-5.662445944
272,1,-14.07243846,-5.657526014
273,1,-14.03623077,-5.652606084
274,1,-14.00002308,-5.647686154
275,1,-13.96381538,-5.642766224
276,1,-13.92760769,-5.637846294
277,1,-13.8914,-5.632926364
278,1,-13.85519231,-5.628006434
279,1,-13.81898462,-5.623086503
280,1,-13.78277692,-5.618166573
281,1,-13.74656923,-5.613246643
282,1,-13.71036154,-5.608326713
283,1,-13.67415385,-5.603406783
284,1,-13.63794615,-5.598486853
285,1,-13.60173846,-5.593566923
286,1,-13.56553077,-5.588646993
287,1,-13.52932308,-5.583727063
288,1,-13.49311538,-5.578807133
289,1,-13.45690769,-5.573887203
290,1,-13.4207,-5.568967273
291,1,-13.38449231,-5.564047343
292,1,-13.34828462,-5.559127413
293,1,-13.31207692,-5.554207483
294,1,-13.27586923,-5.549287552
295,1,-13.23966154,-5.544367622
296,1,-13.20345385,-5.539447692
297,1,-13.16724615,-5.534527762
298,1,-13.13103846,-5.529607832
299,1,-13.09483077,-5.524687902
300,1,-13.05862308,-5.519767972
301,1,-13.02241538,-5.514848042
302,1,-12.98620769,-5.509928112
303,1,-12.95,-5.505008182
304,1,-12.91379231,-5.500088252
305,1,-12.87758462,-5.495168322
306,1,-12.84137692,-5.490248392
307,1,-12.80516923,-5.485328462
308,1,-12.76896154,-5.480408531
309,1,-12.73275385,-5.475488601
310,1,-12.69654615,-5.470568671
311,1,-12.66033846,-5.465648741
312,1,-12.62413077,-5.460728811
313,1,-12.58792308,-5.455808881
314,1,-12.55171538,-5.450888951
315,1,-12.51550769,-5.445969021
316,1,-12.4793,-5.441049091
317,1,-12.44309231,-5.436129161
318,1,-12.40688462,-5.431209231
319,1,-12.37067692,-5.426289301
320,1,-12.33446923,-5.421369371
321,1,-12.29826154,-5.416449441
322,1,-12.26205385,-5.41152951
323,1,-12.22584615,-5.40660958
324,1,-12.18963846,-5.40168965
325,1,-12.15343077,-5.39676972
326,1,-12.11722308,-5.39184979
327,1,-12.08101538,-5.38692986
328,1,-12.04480769,-5.38200993
329,1,-12.0086,-5.37709
330,1,-11.98042203,-5.386344915
331,1,-11.95224407,-5.395599831
332,1,-11.9240661,-5.404854746
333,1,-11.89588814,-5.414109661
334,1,-11.86771017,-5.423364576
335,1,-11.8395322,-5.432619492
336,1,-11.81135424,-5.441874407
337,1,-11.78317627,-5.451129322
338,1,-11.75499831,-5.460384237
339,1,-11.72682034,-5.469639153
340,1,-11.69864237,-5.478894068
341,1,-11.67046441,-5.488148983
342,1,-11.64228644,-5.497403898
343,1,-11.61410847,-5.506658814
344,1,-11.58593051,-5.515913729
345,1,-11.55775254,-5.525168644
346,1,-11.52957458,-5.534423559
347,1,-11.50139661,-5.543678475
348,1,-11.47321864,-5.55293339
349,1,-11.44504068,-5.562188305
350,1,-11.41686271,-5.57144322
351,1,-11.38868475,-5.580698136
352,1,-11.36050678,-5.589953051
353,1,-11.33232881,-5.599207966
354,1,-11.30415085,-5.608462881
355,1,-11.27597288,-5.617717797
356,1,-11.24779492,-5.626972712
357,1,-11.21961695,-5.636227627
358,1,-11.19143898,-5.645482542
359,1,-11.16326102,-5.654737458
360,1,-11.13508305,-5.663992373
361,1,-11.10690508,-5.673247288
362,1,-11.07872712,-5.682502203
363,1,-11.05054915,-5.691757119
364,1,-11.02237119,-5.701012034
365,1,-10.99419322,-5.710266949
366,1,-10.96601525,-5.719521864
367,1,-10.93783729,-5.72877678
368,1,-10.90965932,-5.738031695
369,1,-10.88148136,-5.74728661
370,1,-10.85330339,-5.756541525
371,1,-10.82512542,-5.765796441
372,1,-10.79694746,-5.775051356
373,1,-10.76876949,-5.784306271
374,1,-10.74059153,-5.793561186
375,1,-10.71241356,-5.802816102
376,1,-10.68423559,-5.812071017
377,1,-10.65605763,-5.821325932
378,1,-10.62787966,-5.830580847
379,1,-10.59970169,-5.839835763
380,1,-10.57152373,-5.849090678
381,1,-10.54334576,-5.858345593
382,1,-10.5151678,-5.867600508
383,1,-10.48698983,-5.876855424
384,1,-10.45881186,-5.886110339
385,1,-10.4306339,-5.895365254
386,1,-10.40245593,-5.904620169
387,1,-10.37427797,-5.913875085
388,1,-10.3461,-5.92313
389,1,-10.28107806,-5.917606774
390,1,-10.21605613,-5.912083548
391,1,-10.15103419,-5.906560323
392,1,-10.08601226,-5.901037097
393,1,-10.02099032,-5.895513871
394,1,-9.955968387,-5.889990645
395,1,-9.890946452,-5.884467419
396,1,-9.825924516,-5.878944194
397,1,-9.760902581,-5.873420968
398,1,-9.695880645,-5.867897742
399,1,-9.63085871,-5.862374516
400,1,-9.565836774,-5.85685129
401,1,-9.500814839,-5.851328065
402,1,-9.435792903,-5.845804839
403,1,-9.370770968,-5.840281613
404,1,-9.305749032,-5.834758387
405,1,-9.240727097,-5.829235161
406,1,-9.175705161,-5.823711935
407,1,-9.110683226,-5.81818871
408,1,-9.04566129,-5.812665484
409,1,-8.980639355,-5.807142258
410,1,-8.915617419,-5.801619032
411,1,-8.850595484,-5.796095806
412,1,-8.785573548,-5.790572581
413,1,-8.720551613,-5.785049355
414,1,-8.655529677,-5.779526129
415,1,-8.590507742,-5.774002903
416,1,-8.525485806,-5.768479677
417,1,-8.460463871,-5.762956452
418,1,-8.395441935,-5.757433226
419,1,-8.33042,-5.75191
420,1,-8.300513214,-5.750659286
421,1,-8.270606429,-5.749408571
422,1,-8.240699643,-5.748157857
423,1,-8.210792857,-5.746907143
424,1,-8.180886071,-5.745656429
425,1,-8.150979286,-5.744405714
426,1,-8.1210725,-5.743155
427,1,-8.091165714,-5.741904286
428,1,-8.061258929,-5.740653571
429,1,-8.031352143,-5.739402857
430,1,-8.001445357,-5.738152143
431,1,-7.971538571,-5.736901429
432,1,-7.941631786,-5.735650714
433,1,-7.911725,-5.7344
434,1,-7.881818214,-5.733149286
435,1,-7.851911429,-5.731898571
436,1,-7.822004643,-5.730647857
437,1,-7.792097857,-5.729397143
438,1,-7.762191071,-5.728146429
439,1,-7.732284286,-5.726895714
440,1,-7.7023775,-5.725645
441,1,-7.672470714,-5.724394286
442,1,-7.642563929,-5.723143571
443,1,-7.612657143,-5.721892857
444,1,-7.582750357,-5.720642143
445,1,-7.552843571,-5.719391429
446,1,-7.522936786,-5.718140714
447,1,-7.49303,-5.71689
448,1,-7.471795692,-5.717325538
449,1,-7.450561385,-5.717761077
450,1,-7.429327077,-5.718196615
451,1,-7.408092769,-5.718632154
452,1,-7.386858462,-5.719067692
453,1,-7.365624154,-5.719503231
454,1,-7.344389846,-5.719938769
455,1,-7.323155538,-5.720374308
456,1,-7.301921231,-5.720809846
457,1,-7.280686923,-5.721245385
458,1,-7.259452615,-5.721680923
459,1,-7.238218308,-5.722116462
460,1,-7.216984,-5.722552
461,1,-7.195749692,-5.722987538
462,1,-7.174515385,-5.723423077
463,1,-7.153281077,-5.723858615
464,1,-7.132046769,-5.724294154
465,1,-7.110812462,-5.724729692
466,1,-7.089578154,-5.725165231
467,1,-7.068343846,-5.725600769
468,1,-7.047109538,-5.726036308
469,1,-7.025875231,-5.726471846
470,1,-7.004640923,-5.726907385
471,1,-6.983406615,-5.727342923
472,1,-6.962172308,-5.727778462
473,1,-6.940938,-5.728214
474,1,-6.919703692,-5.728649538
475,1,-6.898469385,-5.729085077
476,1,-6.877235077,-5.729520615
477,1,-6.856000769,-5.729956154
478,1,-6.834766462,-5.730391692
479,1,-6.813532154,-5.730827231
480,1,-6.792297846,-5.731262769
481,1,-6.771063538,-5.731698308
482,1,-6.749829231,-5.732133846
483,1,-6.728594923,-5.732569385
484,1,-6.707360615,-5.733004923
485,1,-6.686126308,-5.733440462
486,1,-6.664892,-5.733876
487,1,-6.643657692,-5.734311538
488,1,-6.622423385,-5.734747077
489,1,-6.601189077,-5.735182615
490,1,-6.579954769,-5.735618154
491,1,-6.558720462,-5.736053692
492,1,-6.537486154,-5.736489231
493,1,-6.516251846,-5.736924769
494,1,-6.495017538,-5.737360308
495,1,-6.473783231,-5.737795846
496,1,-6.452548923,-5.738231385
497,1,-6.431314615,-5.738666923
498,1,-6.410080308,-5.739102462
499,1,-6.388846,-5.739538
500,1,-6.367611692,-5.739973538
501,1,-6.346377385,-5.740409077
502,1,-6.325143077,-5.740844615
503,1,-6.303908769,-5.741280154
504,1,-6.282674462,-5.741715692
505,1,-6.261440154,-5.742151231
506,1,-6.240205846,-5.742586769
507,1,-6.218971538,-5.743022308
508,1,-6.197737231,-5.743457846
509,1,-6.176502923,-5.743893385
510,1,-6.155268615,-5.744328923
511,1,-6.134034308,-5.744764462
512,1,-6.1128,-5.7452
513,1,-6.072865849,-5.734226604
514,1,-6.032931698,-5.723253208
515,1,-5.992997547,-5.712279811
516,1,-5.953063396,-5.701306415
517,1,-5.913129245,-5.690333019
518,1,-5.873195094,-5.679359623
519,1,-5.833260943,-5.668386226
520,1,-5.793326792,-5.65741283
521,1,-5.753392642,-5.646439434
522,1,-5.713458491,-5.635466038
523,1,-5.67352434,-5.624492642
524,1,-5.633590189,-5.613519245
525,1,-5.593656038,-5.602545849
526,1,-5.553721887,-5.591572453
527,1,-5.513787736,-5.580599057
528,1,-5.473853585,-5.56962566
529,1,-5.433919434,-5.558652264
530,1,-5.393985283,-5.547678868
531,1,-5.354051132,-5.536705472
532,1,-5.314116981,-5.525732075
533,1,-5.27418283,-5.514758679
534,1,-5.234248679,-5.503785283
535,1,-5.194314528,-5.492811887
536,1,-5.154380377,-5.481838491
537,1,-5.114446226,-5.470865094
538,1,-5.074512075,-5.459891698
539,1,-5.034577925,-5.448918302
540,1,-4.994643774,-5.437944906
541,1,-4.954709623,-5.426971509
542,1,-4.914775472,-5.415998113
543,1,-4.874841321,-5.405024717
544,1,-4.83490717,-5.394051321
545,1,-4.794973019,-5.383077925
546,1,-4.755038868,-5.372104528
547,1,-4.715104717,-5.361131132
548,1,-4.675170566,-5.350157736
549,1,-4.635236415,-5.33918434
550,1,-4.595302264,-5.328210943
551,1,-4.555368113,-5.317237547
552,1,-4.515433962,-5.306264151
553,1,-4.475499811,-5.295290755
554,1,-4.43556566,-5.284317358
555,1,-4.395631509,-5.273343962
556,1,-4.355697358,-5.262370566
557,1,-4.315763208,-5.25139717
558,1,-4.275829057,-5.240423774
559,1,-4.235894906,-5.229450377
560,1,-4.195960755,-5.218476981
561,1,-4.156026604,-5.207503585
562,1,-4.116092453,-5.196530189
563,1,-4.076158302,-5.185556792
564,1,-4.036224151,-5.174583396
565,1,-3.99629,-5.16361
566,1,-3.978938235,-5.165134706
567,1,-3.961586471,-5.166659412
568,1,-3.944234706,-5.168184118
569,1,-3.926882941,-5.169708824
570,1,-3.909531176,-5.171233529
571,1,-3.892179412,-5.172758235
572,1,-3.874827647,-5.174282941
573,1,-3.857475882,-5.175807647
574,1,-3.840124118,-5.177332353
575,1,-3.822772353,-5.178857059
576,1,-3.805420588,-5.180381765
577,1,-3.788068824,-5.181906471
578,1,-3.770717059,-5.183431176
579,1,-3.753365294,-5.184955882
580,1,-3.736013529,-5.186480588
581,1,-3.718661765,-5.188005294
582,1,-3.70131,-5.18953
583,1,-3.683958235,-5.191054706
584,1,-3.666606471,-5.192579412
585,1,-3.649254706,-5.194104118
586,1,-3.631902941,-5.195628824
587,1,-3.614551176,-5.197153529
588,1,-3.597199412,-5.198678235
589,1,-3.579847647,-5.200202941
590,1,-3.562495882,-5.201727647
591,1,-3.545144118,-5.203252353
592,1,-3.527792353,-5.204777059
593,1,-3.510440588,-5.206301765
594,1,-3.493088824,-5.207826471
595,1,-3.475737059,-5.209351176
596,1,-3.458385294,-5.210875882
597,1,-3.441033529,-5.212400588
598,1,-3.423681765,-5.213925294
599,1,-3.40633,-5.21545
0,2,-23.4721,-5.88345
1,2,-23.46992,-5.8956918
2,2,-23.46774,-5.9079336
3,2,-23.46556,-5.9201754
4,2,-23.46338,-5.9324172
5,2,-23.4612,-5.944659
6,2,-23.45902,-5.9569008
7,2,-23.45684,-5.9691426
8,2,-23.45466,-5.9813844
9,2,-23.45248,-5.9936262
10,2,-23.4503,-6.005868
11,2,-23.44812,-6.0181098
12,2,-23.44594,-6.0303516
13,2,-23.44376,-6.0425934
14,2,-23.44158,-6.0548352
15,2,-23.4394,-6.067077
16,2,-23.43722,-6.0793188
17,2,-23.43504,-6.0915606
18,2,-23.43286,-6.1038024
19,2,-23.43068,-6.1160442
20,2,-23.4285,-6.128286
21,2,-23.42632,-6.1405278
22,2,-23.42414,-6.1527696
23,2,-23.42196,-6.1650114
24,2,-23.41978,-6.1772532
25,2,-23.4176,-6.189495
26,2,-23.41542,-6.2017368
27,2,-23.41324,-6.2139786
28,2,-23.41106,-6.2262204
29,2,-23.40888,-6.2384622
30,2,-23.4067,-6.250704
31,2,-23.40452,-6.2629458
32,2,-23.40234,-6.2751876
33,2,-23.40016,-6.2874294
34,2,-23.39798,-6.2996712
35,2,-23.3958,-6.311913
36,2,-23.39362,-6.3241548
37,2,-23.39144,-6.3363966
38,2,-23.38926,-6.3486384
39,2,-23.38708,-6.3608802
40,2,-23.3849,-6.373122
41,2,-23.38272,-6.3853638
42,2,-23.38054,-6.3976056
43,2,-23.37836,-6.4098474
44,2,-23.37618,-6.4220892
45,2,-23.374,-6.434331
46,2,-23.37182,-6.4465728
47,2,-23.36964,-6.4588146
48,2,-23.36746,-6.4710564
49,2,-23.36528,-6.4832982
50,2,-23.3631,-6.49554
51,2,-23.3265075,-6.49034375
52,2,-23.289915,-6.4851475
53,2,-23.2533225,-6.47995125
54,2,-23.21673,-6.474755
55,2,-23.1801375,-6.46955875
56,2,-23.143545,-6.4643625
57,2,-23.1069525,-6.45916625
58,2,-23.07036,-6.45397
59,2,-23.0337675,-6.44877375
60,2,-22.997175,-6.4435775
61,2,-22.9605825,-6.43838125
62,2,-22.92399,-6.433185
63,2,-22.8873975,-6.42798875
64,2,-22.850805,-6.4227925
65,2,-22.8142125,-6.41759625
66,2,-22.77762,-6.4124
67,2,-22.7410275,-6.40720375
68,2,-22.704435,-6.4020075
69,2,-22.6678425,-6.39681125
70,2,-22.63125,-6.391615
71,2,-22.5946575,-6.38641875
72,2,-22.558065,-6.3812225
73,2,-22.5214725,-6.37602625
74,2,-22.48488,-6.37083
75,2,-22.4482875,-6.36563375
76,2,-22.411695,-6.3604375
77,2,-22.3751025,-6.35524125
78,2,-22.33851,-6.350045
79,2,-22.3019175,-6.34484875
80,2,-22.265325,-6.3396525
81,2,-22.2287325,-6.33445625
82,2,-22.19214,-6.32926
83,2,-22.1555475,-6.32406375
84,2,-22.118955,-6.3188675
85,2,-22.0823625,-6.31367125
86,2,-22.04577,-6.308475
87,2,-22.0091775,-6.30327875
88,2,-21.972585,-6.2980825
89,2,-21.9359925,-6.29288625
90,2,-21.8994,-6.28769
91,2,-21.86474,-6.2847564
92,2,-21.83008,-6.2818228
93,2,-21.79542,-6.2788892
94,2,-21.76076,-6.2759556
95,2,-21.7261,-6.273022
96,2,-21.69144,-6.2700884
97,2,-21.65678,-6.2671548
98,2,-21.62212,-6.2642212
99,2,-21.58746,-6.2612876
100,2,-21.5528,-6.258354
101,2,-21.51814,-6.2554204
102,2,-21.48348,-6.2524868
103,2,-21.44882,-6.2495532
104,2,-21.41416,-6.2466196
105,2,-21.3795,-6.243686
106,2,-21.34484,-6.2407524
107,2,-21.31018,-6.2378188
108,2,-21.27552,-6.2348852
109,2,-21.24086,-6.2319516
110,2,-21.2062,-6.229018
111,2,-21.17154,-6.2260844
112,2,-21.13688,-6.2231508
113,2,-21.10222,-6.2202172
114,2,-21.06756,-6.2172836
115,2,-21.0329,-6.21435
116,2,-20.99824,-6.2114164
117,2,-20.96358,-6.2084828
118,2,-20.92892,-6.2055492
119,2,-20.89426,-6.2026156
120,2,-20.8596,-6.199682
121,2,-20.82494,-6.1967484
122,2,-20.79028,-6.1938148
123,2,-20.75562,-6.1908812
124,2,-20.72096,-6.1879476
125,2,-20.6863,-6.185014
126,2,-20.65164,-6.1820804
127,2,-20.61698,-6.1791468
128,2,-20.58232,-6.1762132
129,2,-20.54766,-6.1732796
130,2,-20.513,-6.170346
131,2,-20.47834,-6.1674124
132,2,-20.44368,-6.1644788
133,2,-20.40902,-6.1615452
134,2,-20.37436,-6.1586116
135,2,-20.3397,-6.155678
136,2,-20.30504,-6.1527444
137,2,-20.27038,-6.1498108
138,2,-20.23572,-6.1468772
139,2,-20.20106,-6.1439436
140,2,-20.1664,-6.14101
141,2,-20.12695806,-6.132336129
142,2,-20.08751613,-6.123662258
143,2,-20.04807419,-6.114988387
144,2,-20.00863226,-6.106314516
145,2,-19.96919032,-6.097640645
146,2,-19.92974839,-6.088966774
147,2,-19.89030645,-6.080292903
148,2,-19.85086452,-6.071619032
149,2,-19.81142258,-6.062945161
150,2,-19.77198065,-6.05427129
151,2,-19.73253871,-6.045597419
152,2,-19.69309677,-6.036923548
153,2,-19.65365484,-6.028249677
154,2,-19.6142129,-6.019575806
155,2,-19.57477097,-6.010901935
156,2,-19.53532903,-6.002228065
157,2,-19.4958871,-5.993554194
158,2,-19.45644516,-5.984880323
159,2,-19.41700323,-5.976206452
160,2,-19.37756129,-5.967532581
161,2,-19.33811935,-5.95885871
162,2,-19.29867742,-5.950184839
163,2,-19.25923548,-5.941510968
164,2,-19.21979355,-5.932837097
165,2,-19.18035161,-5.924163226
166,2,-19.14090968,-5.915489355
167,2,-19.10146774,-5.906815484
168,2,-19.06202581,-5.898141613
169,2,-19.02258387,-5.889467742
170,2,-18.98314194,-5.880793871
171,2,-18.9437,-5.87212
172,2,-18.90425806,-5.863446129
173,2,-18.86481613,-5.854772258
174,2,-18.82537419,-5.846098387
175,2,-18.78593226,-5.837424516
176,2,-18.74649032,-5.828750645
177,2,-18.70704839,-5.820076774
178,2,-18.66760645,-5.811402903
179,2,-18.62816452,-5.802729032
180,2,-18.58872258,-5.794055161
181,2,-18.54928065,-5.78538129
182,2,-18.50983871,-5.776707419
183,2,-18.47039677,-5.768033548
184,2,-18.43095484,-5.759359677
185,2,-18.3915129,-5.750685806
186,2,-18.35207097,-5.742011935
187,2,-18.31262903,-5.733338065
188,2,-18.2731871,-5.724664194
189,2,-18.23374516,-5.715990323
190,2,-18.19430323,-5.707316452
191,2,-18.15486129,-5.698642581
192,2,-18.11541935,-5.68996871
193,2,-18.07597742,-5.681294839
194,2,-18.03653548,-5.672620968
195,2,-17.99709355,-5.663947097
196,2,-17.95765161,-5.655273226
197,2,-17.91820968,-5.646599355
198,2,-17.87876774,-5.637925484
199,2,-17.83932581,-5.629251613
200,2,-17.79988387,-5.620577742
201,2,-17.76044194,-5.611903871
202,2,-17.721,-5.60323
203,2,-17.67431042,-5.594776979
204,2,-17.62762083,-5.586323958
205,2,-17.58093125,-5.577870938
206,2,-17.53424167,-5.569417917
207,2,-17.48755208,-5.560964896
208,2,-17.4408625,-5.552511875
209,2,-17.39417292,-5.544058854
210,2,-17.34748333,-5.535605833
211,2,-17.30079375,-5.527152813
212,2,-17.25410417,-5.518699792
213,2,-17.20741458,-5.510246771
214,2,-17.160725,-5.50179375
215,2,-17.11403542,-5.493340729
216,2,-17.06734583,-5.484887708
217,2,-17.02065625,-5.476434688
218,2,-16.97396667,-5.467981667
219,2,-16.92727708,-5.459528646
220,2,-16.8805875,-5.451075625
221,2,-16.83389792,-5.442622604
222,2,-16.78720833,-5.434169583
223,2,-16.74051875,-5.425716563
224,2,-16.69382917,-5.417263542
225,2,-16.64713958,-5.408810521
226,2,-16.60045,-5.4003575
227,2,-16.55376042,-5.391904479
228,2,-16.50707083,-5.383451458
229,2,-16.46038125,-5.374998438
230,2,-16.41369167,-5.366545417
231,2,-16.36700208,-5.358092396
232,2,-16.3203125,-5.349639375
233,2,-16.27362292,-5.341186354
234,2,-16.22693333,-5.332733333
235,2,-16.18024375,-5.324280313
236,2,-16.13355417,-5.315827292
237,2,-16.08686458,-5.307374271
238,2,-16.040175,-5.29892125
239,2,-15.99348542,-5.290468229
240,2,-15.94679583,-5.282015208
241,2,-15.90010625,-5.273562188
242,2,-15.85341667,-5.265109167
243,2,-15.80672708,-5.256656146
244,2,-15.7600375,-5.248203125
245,2,-15.71334792,-5.239750104
246,2,-15.66665833,-5.231297083
247,2,-15.61996875,-5.222844063
248,2,-15.57327917,-5.214391042
249,2,-15.52658958,-5.205938021
250,2,-15.4799,-5.197485
251,2,-15.43321042,-5.189031979
252,2,-15.38652083,-5.180578958
253,2,-15.33983125,-5.172125938
254,2,-15.29314167,-5.163672917
255,2,-15.24645208,-5.155219896
256,2,-15.1997625,-5.146766875
257,2,-15.15307292,-5.138313854
258,2,-15.10638333,-5.129860833
259,2,-15.05969375,-5.121407813
260,2,-15.01300417,-5.112954792
261,2,-14.96631458,-5.104501771
262,2,-14.919625,-5.09604875
263,2,-14.87293542,-5.087595729
264,2,-14.82624583,-5.079142708
265,2,-14.77955625,-5.070689688
266,2,-14.73286667,-5.062236667
267,2,-14.68617708,-5.053783646
268,2,-14.6394875,-5.045330625
269,2,-14.59279792,-5.036877604
270,2,-14.54610833,-5.028424583
271,2,-14.49941875,-5.019971563
272,2,-14.45272917,-5.011518542
273,2,-14.40603958,-5.003065521
274,2,-14.35935,-4.9946125
275,2,-14.31266042,-4.986159479
276,2,-14.26597083,-4.977706458
277,2,-14.21928125,-4.969253438
278,2,-14.17259167,-4.960800417
279,2,-14.12590208,-4.952347396
280,2,-14.0792125,-4.943894375
281,2,-14.03252292,-4.935441354
282,2,-13.98583333,-4.926988333
283,2,-13.93914375,-4.918535312
284,2,-13.89245417,-4.910082292
285,2,-13.84576458,-4.901629271
286,2,-13.799075,-4.89317625
287,2,-13.75238542,-4.884723229
288,2,-13.70569583,-4.876270208
289,2,-13.65900625,-4.867817188
290,2,-13.61231667,-4.859364167
291,2,-13.56562708,-4.850911146
292,2,-13.5189375,-4.842458125
293,2,-13.47224792,-4.834005104
294,2,-13.42555833,-4.825552083
295,2,-13.37886875,-4.817099063
296,2,-13.33217917,-4.808646042
297,2,-13.28548958,-4.800193021
298,2,-13.2388,-4.79174
299,2,-13.19793649,-4.787406351
300,2,-13.15707297,-4.783072703
301,2,-13.11620946,-4.778739054
302,2,-13.07534595,-4.774405405
303,2,-13.03448243,-4.770071757
304,2,-12.99361892,-4.765738108
305,2,-12.95275541,-4.761404459
306,2,-12.91189189,-4.757070811
307,2,-12.87102838,-4.752737162
308,2,-12.83016486,-4.748403514
309,2,-12.78930135,-4.744069865
310,2,-12.74843784,-4.739736216
311,2,-12.70757432,-4.735402568
312,2,-12.66671081,-4.731068919
313,2,-12.6258473,-4.72673527
314,2,-12.58498378,-4.722401622
315,2,-12.54412027,-4.718067973
316,2,-12.50325676,-4.713734324
317,2,-12.46239324,-4.709400676
318,2,-12.42152973,-4.705067027
319,2,-12.38066622,-4.700733378
320,2,-12.3398027,-4.69639973
321,2,-12.29893919,-4.692066081
322,2,-12.25807568,-4.687732432
323,2,-12.21721216,-4.683398784
324,2,-12.17634865,-4.679065135
325,2,-12.13548514,-4.674731486
326,2,-12.09462162,-4.670397838
327,2,-12.05375811,-4.666064189
328,2,-12.01289459,-4.661730541
329,2,-11.97203108,-4.657396892
330,2,-11.93116757,-4.653063243
331,2,-11.89030405,-4.648729595
332,2,-11.84944054,-4.644395946
333,2,-11.80857703,-4.640062297
334,2,-11.76771351,-4.635728649
335,2,-11.72685,-4.631395
336,2,-11.68598649,-4.627061351
337,2,-11.64512297,-4.622727703
338,2,-11.60425946,-4.618394054
339,2,-11.56339595,-4.614060405
340,2,-11.52253243,-4.609726757
341,2,-11.48166892,-4.605393108
342,2,-11.44080541,-4.601059459
343,2,-11.39994189,-4.596725811
344,2,-11.35907838,-4.592392162
345,2,-11.31821486,-4.588058514
346,2,-11.27735135,-4.583724865
347,2,-11.23648784,-4.579391216
348,2,-11.19562432,-4.575057568
349,2,-11.15476081,-4.570723919
350,2,-11.1138973,-4.56639027
351,2,-11.07303378,-4.562056622
352,2,-11.03217027,-4.557722973
353,2,-10.99130676,-4.553389324
354,2,-10.95044324,-4.549055676
355,2,-10.90957973,-4.544722027
356,2,-10.86871622,-4.540388378
357,2,-10.8278527,-4.53605473
358,2,-10.78698919,-4.531721081
359,2,-10.74612568,-4.527387432
360,2,-10.70526216,-4.523053784
361,2,-10.66439865,-4.518720135
362,2,-10.62353514,-4.514386486
363,2,-10.58267162,-4.510052838
364,2,-10.54180811,-4.505719189
365,2,-10.50094459,-4.501385541
366,2,-10.46008108,-4.497051892
367,2,-10.41921757,-4.492718243
368,2,-10.37835405,-4.488384595
369,2,-10.33749054,-4.484050946
370,2,-10.29662703,-4.479717297
371,2,-10.25576351,-4.475383649
372,2,-10.2149,-4.47105
373,2,-10.1818322,-4.4716414
374,2,-10.1487644,-4.4722328
375,2,-10.1156966,-4.4728242
376,2,-10.0826288,-4.4734156
377,2,-10.049561,-4.474007
378,2,-10.0164932,-4.4745984
379,2,-9.9834254,-4.4751898
380,2,-9.9503576,-4.4757812
381,2,-9.9172898,-4.4763726
382,2,-9.884222,-4.476964
383,2,-9.8511542,-4.4775554
384,2,-9.8180864,-4.4781468
385,2,-9.7850186,-4.4787382
386,2,-9.7519508,-4.4793296
387,2,-9.718883,-4.479921
388,2,-9.6858152,-4.4805124
389,2,-9.6527474,-4.4811038
390,2,-9.6196796,-4.4816952
391,2,-9.5866118,-4.4822866
392,2,-9.553544,-4.482878
393,2,-9.5204762,-4.4834694
394,2,-9.4874084,-4.4840608
395,2,-9.4543406,-4.4846522
396,2,-9.4212728,-4.4852436
397,2,-9.388205,-4.485835
398,2,-9.3551372,-4.4864264
399,2,-9.3220694,-4.4870178
400,2,-9.2890016,-4.4876092
401,2,-9.2559338,-4.4882006
402,2,-9.222866,-4.488792
403,2,-9.1897982,-4.4893834
404,2,-9.1567304,-4.4899748
405,2,-9.1236626,-4.4905662
406,2,-9.0905948,-4.4911576
407,2,-9.057527,-4.491749
408,2,-9.0244592,-4.4923404
409,2,-8.9913914,-4.4929318
410,2,-8.9583236,-4.4935232
411,2,-8.9252558,-4.4941146
412,2,-8.892188,-4.494706
413,2,-8.8591202,-4.4952974
414,2,-8.8260524,-4.4958888
415,2,-8.7929846,-4.4964802
416,2,-8.7599168,-4.4970716
417,2,-8.726849,-4.497663
418,2,-8.6937812,-4.4982544
419,2,-8.6607134,-4.4988458
420,2,-8.6276456,-4.4994372
421,2,-8.5945778,-4.5000286
422,2,-8.56151,-4.50062
423,2,-8.530053692,-4.500311846
424,2,-8.498597385,-4.500003692
425,2,-8.467141077,-4.499695538
426,2,-8.435684769,-4.499387385
427,2,-8.404228462,-4.499079231
428,2,-8.372772154,-4.498771077
429,2,-8.341315846,-4.498462923
430,2,-8.309859538,-4.498154769
431,2,-8.278403231,-4.497846615
432,2,-8.246946923,-4.497538462
433,2,-8.215490615,-4.497230308
434,2,-8.184034308,-4.496922154
435,2,-8.152578,-4.496614
436,2,-8.121121692,-4.496305846
437,2,-8.089665385,-4.495997692
438,2,-8.058209077,-4.495689538
439,2,-8.026752769,-4.495381385
440,2,-7.995296462,-4.495073231
441,2,-7.963840154,-4.494765077
442,2,-7.932383846,-4.494456923
443,2,-7.900927538,-4.494148769
444,2,-7.869471231,-4.493840615
445,2,-7.838014923,-4.493532462
446,2,-7.806558615,-4.493224308
447,2,-7.775102308,-4.492916154
448,2,-7.743646,-4.492608
449,2,-7.712189692,-4.492299846
450,2,-7.680733385,-4.491991692
451,2,-7.649277077,-4.491683538
452,2,-7.617820769,-4.491375385
453,2,-7.586364462,-4.491067231
454,2,-7.554908154,-4.490759077
455,2,-7.523451846,-4.490450923
456,2,-7.491995538,-4.490142769
457,2,-7.460539231,-4.489834615
458,2,-7.429082923,-4.489526462
459,2,-7.397626615,-4.489218308
460,2,-7.366170308,-4.488910154
461,2,-7.334714,-4.488602
462,2,-7.303257692,-4.488293846
463,2,-7.271801385,-4.487985692
464,2,-7.240345077,-4.487677538
465,2,-7.208888769,-4.487369385
466,2,-7.177432462,-4.487061231
467,2,-7.145976154,-4.486753077
468,2,-7.114519846,-4.486444923
469,2,-7.083063538,-4.486136769
470,2,-7.051607231,-4.485828615
471,2,-7.020150923,-4.485520462
472,2,-6.988694615,-4.485212308
473,2,-6.957238308,-4.484904154
474,2,-6.925782,-4.484596
475,2,-6.894325692,-4.484287846
476,2,-6.862869385,-4.483979692
477,2,-6.831413077,-4.483671538
478,2,-6.799956769,-4.483363385
479,2,-6.768500462,-4.483055231
480,2,-6.737044154,-4.482747077
481,2,-6.705587846,-4.482438923
482,2,-6.674131538,-4.482130769
483,2,-6.642675231,-4.481822615
484,2,-6.611218923,-4.481514462
485,2,-6.579762615,-4.481206308
486,2,-6.548306308,-4.480898154
487,2,-6.51685,-4.48059
488,2,-6.482790323,-4.479007742
489,2,-6.448730645,-4.477425484
490,2,-6.414670968,-4.475843226
491,2,-6.38061129,-4.474260968
492,2,-6.346551613,-4.47267871
493,2,-6.312491935,-4.471096452
494,2,-6.278432258,-4.469514194
495,2,-6.244372581,-4.467931935
496,2,-6.210312903,-4.466349677
497,2,-6.176253226,-4.464767419
498,2,-6.142193548,-4.463185161
499,2,-6.108133871,-4.461602903
500,2,-6.074074194,-4.460020645
501,2,-6.040014516,-4.458438387
502,2,-6.005954839,-4.456856129
503,2,-5.971895161,-4.455273871
504,2,-5.937835484,-4.453691613
505,2,-5.903775806,-4.452109355
506,2,-5.869716129,-4.450527097
507,2,-5.835656452,-4.448944839
508,2,-5.801596774,-4.447362581
509,2,-5.767537097,-4.445780323
510,2,-5.733477419,-4.444198065
511,2,-5.699417742,-4.442615806
512,2,-5.665358065,-4.441033548
513,2,-5.631298387,-4.43945129
514,2,-5.59723871,-4.437869032
515,2,-5.563179032,-4.436286774
516,2,-5.529119355,-4.434704516
517,2,-5.495059677,-4.433122258
518,2,-5.461,-4.43154
519,2,-5.426940323,-4.429957742
520,2,-5.392880645,-4.428375484
521,2,-5.358820968,-4.426793226
522,2,-5.32476129,-4.425210968
523,2,-5.290701613,-4.42362871
524,2,-5.256641935,-4.422046452
525,2,-5.222582258,-4.420464194
526,2,-5.188522581,-4.418881935
527,2,-5.154462903,-4.417299677
528,2,-5.120403226,-4.415717419
529,2,-5.086343548,-4.414135161
530,2,-5.052283871,-4.412552903
531,2,-5.018224194,-4.410970645
532,2,-4.984164516,-4.409388387
533,2,-4.950104839,-4.407806129
534,2,-4.916045161,-4.406223871
535,2,-4.881985484,-4.404641613
536,2,-4.847925806,-4.403059355
537,2,-4.813866129,-4.401477097
538,2,-4.779806452,-4.399894839
539,2,-4.745746774,-4.398312581
540,2,-4.711687097,-4.396730323
541,2,-4.677627419,-4.395148065
542,2,-4.643567742,-4.393565806
543,2,-4.609508065,-4.391983548
544,2,-4.575448387,-4.39040129
545,2,-4.54138871,-4.388819032
546,2,-4.507329032,-4.387236774
547,2,-4.473269355,-4.385654516
548,2,-4.439209677,-4.384072258
549,2,-4.40515,-4.38249
550,2,-4.377556383,-4.382141277
551,2,-4.349962766,-4.381792553
552,2,-4.322369149,-4.38144383
553,2,-4.294775532,-4.381095106
554,2,-4.267181915,-4.380746383
555,2,-4.239588298,-4.38039766
556,2,-4.211994681,-4.380048936
557,2,-4.184401064,-4.379700213
558,2,-4.156807447,-4.379351489
559,2,-4.12921383,-4.379002766
560,2,-4.101620213,-4.378654043
561,2,-4.074026596,-4.378305319
562,2,-4.046432979,-4.377956596
563,2,-4.018839362,-4.377607872
564,2,-3.991245745,-4.377259149
565,2,-3.963652128,-4.376910426
566,2,-3.936058511,-4.376561702
567,2,-3.908464894,-4.376212979
568,2,-3.880871277,-4.375864255
569,2,-3.85327766,-4.375515532
570,2,-3.825684043,-4.375166809
571,2,-3.798090426,-4.374818085
572,2,-3.770496809,-4.374469362
573,2,-3.742903191,-4.374120638
574,2,-3.715309574,-4.373771915
575,2,-3.687715957,-4.373423191
576,2,-3.66012234,-4.373074468
577,2,-3.632528723,-4.372725745
578,2,-3.604935106,-4.372377021
579,2,-3.577341489,-4.372028298
580,2,-3.549747872,-4.371679574
581,2,-3.522154255,-4.371330851
582,2,-3.494560638,-4.370982128
583,2,-3.466967021,-4.370633404
584,2,-3.439373404,-4.370284681
585,2,-3.411779787,-4.369935957
586,2,-3.38418617,-4.369587234
587,2,-3.356592553,-4.369238511
588,2,-3.328998936,-4.368889787
589,2,-3.301405319,-4.368541064
590,2,-3.273811702,-4.36819234
591,2,-3.246218085,-4.367843617
592,2,-3.218624468,-4.367494894
593,2,-3.191030851,-4.36714617
594,2,-3.163437234,-4.366797447
595,2,-3.135843617,-4.366448723
596,2,-3.10825,-4.3661
597,2,-3.078754667,-4.363897333
598,2,-3.049259333,-4.361694667
599,2,-3.019764,-4.359492
600,2,-2.990268667,-4.357289333
601,2,-2.960773333,-4.355086667
602,2,-2.931278,-4.352884
603,2,-2.901782667,-4.350681333
604,2,-2.872287333,-4.348478667
605,2,-2.842792,-4.346276
606,2,-2.813296667,-4.344073333
607,2,-2.783801333,-4.341870667
608,2,-2.754306,-4.339668
609,2,-2.724810667,-4.337465333
610,2,-2.695315333,-4.335262667
611,2,-2.66582,-4.33306
0,3,-17.6156,-2.99777
1,3,-17.57746615,-3.001006
2,3,-17.53933231,-3.004242
3,3,-17.50119846,-3.007478
4,3,-17.46306462,-3.010714
5,3,-17.42493077,-3.01395
6,3,-17.38679692,-3.017186
7,3,-17.34866308,-3.020422
8,3,-17.31052923,-3.023658
9,3,-17.27239538,-3.026894
10,3,-17.23426154,-3.03013
11,3,-17.19612769,-3.033366
12,3,-17.15799385,-3.036602
13,3,-17.11986,-3.039838
14,3,-17.08172615,-3.043074
15,3,-17.04359231,-3.04631
16,3,-17.00545846,-3.049546
17,3,-16.96732462,-3.052782
18,3,-16.92919077,-3.056018
19,3,-16.89105692,-3.059254
20,3,-16.85292308,-3.06249
21,3,-16.81478923,-3.065726
22,3,-16.77665538,-3.068962
23,3,-16.73852154,-3.072198
24,3,-16.70038769,-3.075434
25,3,-16.66225385,-3.07867
26,3,-16.62412,-3.081906
27,3,-16.58598615,-3.085142
28,3,-16.54785231,-3.088378
29,3,-16.50971846,-3.091614
30,3,-16.47158462,-3.09485
31,3,-16.43345077,-3.098086
32,3,-16.39531692,-3.101322
33,3,-16.35718308,-3.104558
34,3,-16.31904923,-3.107794
35,3,-16.28091538,-3.11103
36,3,-16.24278154,-3.114266
37,3,-16.20464769,-3.117502
38,3,-16.16651385,-3.120738
39,3,-16.12838,-3.123974
40,3,-16.09024615,-3.12721
41,3,-16.05211231,-3.130446
42,3,-16.01397846,-3.133682
43,3,-15.97584462,-3.136918
44,3,-15.93771077,-3.140154
45,3,-15.89957692,-3.14339
46,3,-15.86144308,-3.146626
47,3,-15.82330923,-3.149862
48,3,-15.78517538,-3.153098
49,3,-15.74704154,-3.156334
50,3,-15.70890769,-3.15957
51,3,-15.67077385,-3.162806
52,3,-15.63264,-3.166042
53,3,-15.59450615,-3.169278
54,3,-15.55637231,-3.172514
55,3,-15.51823846,-3.17575
56,3,-15.48010462,-3.178986
57,3,-15.44197077,-3.182222
58,3,-15.40383692,-3.185458
59,3,-15.36570308,-3.188694
60,3,-15.32756923,-3.19193
61,3,-15.28943538,-3.195166
62,3,-15.25130154,-3.198402
63,3,-15.21316769,-3.201638
64,3,-15.17503385,-3.204874
65,3,-15.1369,-3.20811
66,3,-15.09876615,-3.211346
67,3,-15.06063231,-3.214582
68,3,-15.02249846,-3.217818
69,3,-14.98436462,-3.221054
70,3,-14.94623077,-3.22429
71,3,-14.90809692,-3.227526
72,3,-14.86996308,-3.230762
73,3,-14.83182923,-3.233998
74,3,-14.79369538,-3.237234
75,3,-14.75556154,-3.24047
76,3,-14.71742769,-3.243706
77,3,-14.67929385,-3.246942
78,3,-14.64116,-3.250178
79,3,-14.60302615,-3.253414
80,3,-14.56489231,-3.25665
81,3,-14.52675846,-3.259886
82,3,-14.48862462,-3.263122
83,3,-14.45049077,-3.266358
84,3,-14.41235692,-3.269594
85,3,-14.37422308,-3.27283
86,3,-14.33608923,-3.276066
87,3,-14.29795538,-3.279302
88,3,-14.25982154,-3.282538
89,3,-14.22168769,-3.285774
90,3,-14.18355385,-3.28901
91,3,-14.14542,-3.292246
92,3,-14.10728615,-3.295482
93,3,-14.06915231,-3.298718
94,3,-14.03101846,-3.301954
95,3,-13.99288462,-3.30519
96,3,-13.95475077,-3.308426
97,3,-13.91661692,-3.311662
98,3,-13.87848308,-3.314898
99,3,-13.84034923,-3.318134
100,3,-13.80221538,-3.32137
101,3,-13.76408154,-3.324606
102,3,-13.72594769,-3.327842
103,3,-13.68781385,-3.331078
104,3,-13.64968,-3.334314
105,3,-13.61154615,-3.33755
106,3,-13.57341231,-3.340786
107,3,-13.53527846,-3.344022
108,3,-13.49714462,-3.347258
109,3,-13.45901077,-3.350494
110,3,-13.42087692,-3.35373
111,3,-13.38274308,-3.356966
112,3,-13.34460923,-3.360202
113,3,-13.30647538,-3.363438
114,3,-13.26834154,-3.366674
115,3,-13.23020769,-3.36991
116,3,-13.19207385,-3.373146
117,3,-13.15394,-3.376382
118,3,-13.11580615,-3.379618
119,3,-13.07767231,-3.382854
120,3,-13.03953846,-3.38609
121,3,-13.00140462,-3.389326
122,3,-12.96327077,-3.392562
123,3,-12.92513692,-3.395798
124,3,-12.88700308,-3.399034
125,3,-12.84886923,-3.40227
126,3,-12.81073538,-3.405506
127,3,-12.77260154,-3.408742
128,3,-12.73446769,-3.411978
129,3,-12.69633385,-3.415214
130,3,-12.6582,-3.41845
131,3,-12.61307069,-3.421002361
132,3,-12.56794139,-3.423554722
133,3,-12.52281208,-3.426107083
134,3,-12.47768278,-3.428659444
135,3,-12.43255347,-3.431211806
136,3,-12.38742417,-3.433764167
137,3,-12.34229486,-3.436316528
138,3,-12.29716556,-3.438868889
139,3,-12.25203625,-3.44142125
140,3,-12.20690694,-3.443973611
141,3,-12.16177764,-3.446525972
142,3,-12.11664833,-3.449078333
143,3,-12.07151903,-3.451630694
144,3,-12.02638972,-3.454183056
145,3,-11.98126042,-3.456735417
146,3,-11.93613111,-3.459287778
147,3,-11.89100181,-3.461840139
148,3,-11.8458725,-3.4643925
149,3,-11.80074319,-3.466944861
150,3,-11.75561389,-3.469497222
151,3,-11.71048458,-3.472049583
152,3,-11.66535528,-3.474601944
153,3,-11.62022597,-3.477154306
154,3,-11.57509667,-3.479706667
155,3,-11.52996736,-3.482259028
156,3,-11.48483806,-3.484811389
157,3,-11.43970875,-3.48736375
158,3,-11.39457944,-3.489916111
159,3,-11.34945014,-3.492468472
160,3,-11.30432083,-3.495020833
161,3,-11.25919153,-3.497573194
162,3,-11.21406222,-3.500125556
163,3,-11.16893292,-3.502677917
164,3,-11.12380361,-3.505230278
165,3,-11.07867431,-3.507782639
166,3,-11.033545,-3.510335
167,3,-10.98841569,-3.512887361
168,3,-10.94328639,-3.515439722
169,3,-10.89815708,-3.517992083
170,3,-10.85302778,-3.520544444
171,3,-10.80789847,-3.523096806
172,3,-10.76276917,-3.525649167
173,3,-10.71763986,-3.528201528
174,3,-10.67251056,-3.530753889
175,3,-10.62738125,-3.53330625
176,3,-10.58225194,-3.535858611
177,3,-10.53712264,-3.538410972
178,3,-10.49199333,-3.540963333
179,3,-10.44686403,-3.543515694
180,3,-10.40173472,-3.546068056
181,3,-10.35660542,-3.548620417
182,3,-10.31147611,-3.551172778
183,3,-10.26634681,-3.553725139
184,3,-10.2212175,-3.5562775
185,3,-10.17608819,-3.558829861
186,3,-10.13095889,-3.561382222
187,3,-10.08582958,-3.563934583
188,3,-10.04070028,-3.566486944
189,3,-9.995570972,-3.569039306
190,3,-9.950441667,-3.571591667
191,3,-9.905312361,-3.574144028
192,3,-9.860183056,-3.576696389
193,3,-9.81505375,-3.57924875
194,3,-9.769924444,-3.581801111
195,3,-9.724795139,-3.584353472
196,3,-9.679665833,-3.586905833
197,3,-9.634536528,-3.589458194
198,3,-9.589407222,-3.592010556
199,3,-9.544277917,-3.594562917
200,3,-9.499148611,-3.597115278
201,3,-9.454019306,-3.599667639
202,3,-9.40889,-3.60222
203,3,-9.370127312,-3.606517742
204,3,-9.331364624,-3.610815484
205,3,-9.292601935,-3.615113226
206,3,-9.253839247,-3.619410968
207,3,-9.215076559,-3.62370871
208,3,-9.176313871,-3.628006452
209,3,-9.137551183,-3.632304194
210,3,-9.098788495,-3.636601935
211,3,-9.060025806,-3.640899677
212,3,-9.021263118,-3.645197419
213,3,-8.98250043,-3.649495161
214,3,-8.943737742,-3.653792903
215,3,-8.904975054,-3.658090645
216,3,-8.866212366,-3.662388387
217,3,-8.827449677,-3.666686129
218,3,-8.788686989,-3.670983871
219,3,-8.749924301,-3.675281613
220,3,-8.711161613,-3.679579355
221,3,-8.672398925,-3.683877097
222,3,-8.633636237,-3.688174839
223,3,-8.594873548,-3.692472581
224,3,-8.55611086,-3.696770323
225,3,-8.517348172,-3.701068065
226,3,-8.478585484,-3.705365806
227,3,-8.439822796,-3.709663548
228,3,-8.401060108,-3.71396129
229,3,-8.362297419,-3.718259032
230,3,-8.323534731,-3.722556774
231,3,-8.284772043,-3.726854516
232,3,-8.246009355,-3.731152258
233,3,-8.207246667,-3.73545
234,3,-8.168483978,-3.739747742
235,3,-8.12972129,-3.744045484
236,3,-8.090958602,-3.748343226
237,3,-8.052195914,-3.752640968
238,3,-8.013433226,-3.75693871
239,3,-7.974670538,-3.761236452
240,3,-7.935907849,-3.765534194
241,3,-7.897145161,-3.769831935
242,3,-7.858382473,-3.774129677
243,3,-7.819619785,-3.778427419
244,3,-7.780857097,-3.782725161
245,3,-7.742094409,-3.787022903
246,3,-7.70333172,-3.791320645
247,3,-7.664569032,-3.795618387
248,3,-7.625806344,-3.799916129
249,3,-7.587043656,-3.804213871
250,3,-7.548280968,-3.808511613
251,3,-7.50951828,-3.812809355
252,3,-7.470755591,-3.817107097
253,3,-7.431992903,-3.821404839
254,3,-7.393230215,-3.825702581
255,3,-7.354467527,-3.830000323
256,3,-7.315704839,-3.834298065
257,3,-7.276942151,-3.838595806
258,3,-7.238179462,-3.842893548
259,3,-7.199416774,-3.84719129
260,3,-7.160654086,-3.851489032
261,3,-7.121891398,-3.855786774
262,3,-7.08312871,-3.860084516
263,3,-7.044366022,-3.864382258
264,3,-7.005603333,-3.86868
265,3,-6.966840645,-3.872977742
266,3,-6.928077957,-3.877275484
267,3,-6.889315269,-3.881573226
268,3,-6.850552581,-3.885870968
269,3,-6.811789892,-3.89016871
270,3,-6.773027204,-3.894466452
271,3,-6.734264516,-3.898764194
272,3,-6.695501828,-3.903061935
273,3,-6.65673914,-3.907359677
274,3,-6.617976452,-3.911657419
275,3,-6.579213763,-3.915955161
276,3,-6.540451075,-3.920252903
277,3,-6.501688387,-3.924550645
278,3,-6.462925699,-3.928848387
279,3,-6.424163011,-3.933146129
280,3,-6.385400323,-3.937443871
281,3,-6.346637634,-3.941741613
282,3,-6.307874946,-3.946039355
283,3,-6.269112258,-3.950337097
284,3,-6.23034957,-3.954634839
285,3,-6.191586882,-3.958932581
286,3,-6.152824194,-3.963230323
287,3,-6.114061505,-3.967528065
288,3,-6.075298817,-3.971825806
289,3,-6.036536129,-3.976123548
290,3,-5.997773441,-3.98042129
291,3,-5.959010753,-3.984719032
292,3,-5.920248065,-3.989016774
293,3,-5.881485376,-3.993314516
294,3,-5.842722688,-3.997612258
295,3,-5.80396,-4.00191
296,3,-5.768614286,-4.011272245
297,3,-5.733268571,-4.02063449
298,3,-5.697922857,-4.029996735
299,3,-5.662577143,-4.03935898
300,3,-5.627231429,-4.048721224
301,3,-5.591885714,-4.058083469
302,3,-5.55654,-4.067445714
303,3,-5.521194286,-4.076807959
304,3,-5.485848571,-4.086170204
305,3,-5.450502857,-4.095532449
306,3,-5.415157143,-4.104894694
307,3,-5.379811429,-4.114256939
308,3,-5.344465714,-4.123619184
309,3,-5.30912,-4.132981429
310,3,-5.273774286,-4.142343673
311,3,-5.238428571,-4.151705918
312,3,-5.203082857,-4.161068163
313,3,-5.167737143,-4.170430408
314,3,-5.132391429,-4.179792653
315,3,-5.097045714,-4.189154898
316,3,-5.0617,-4.198517143
317,3,-5.026354286,-4.207879388
318,3,-4.991008571,-4.217241633
319,3,-4.955662857,-4.226603878
320,3,-4.920317143,-4.235966122
321,3,-4.884971429,-4.245328367
322,3,-4.849625714,-4.254690612
323,3,-4.81428,-4.264052857
324,3,-4.778934286,-4.273415102
325,3,-4.743588571,-4.282777347
326,3,-4.708242857,-4.292139592
327,3,-4.672897143,-4.301501837
328,3,-4.637551429,-4.310864082
329,3,-4.602205714,-4.320226327
330,3,-4.56686,-4.329588571
331,3,-4.531514286,-4.338950816
332,3,-4.496168571,-4.348313061
333,3,-4.460822857,-4.357675306
334,3,-4.425477143,-4.367037551
335,3,-4.390131429,-4.376399796
336,3,-4.354785714,-4.385762041
337,3,-4.31944,-4.395124286
338,3,-4.284094286,-4.404486531
339,3,-4.248748571,-4.413848776
340,3,-4.213402857,-4.42321102
341,3,-4.178057143,-4.432573265
342,3,-4.142711429,-4.44193551
343,3,-4.107365714,-4.451297755
344,3,-4.07202,-4.46066
345,3,-4.040222813,-4.46831125
346,3,-4.008425625,-4.4759625
347,3,-3.976628438,-4.48361375
348,3,-3.94483125,-4.491265
349,3,-3.913034063,-4.49891625
350,3,-3.881236875,-4.5065675
351,3,-3.849439688,-4.51421875
352,3,-3.8176425,-4.52187
353,3,-3.785845313,-4.52952125
354,3,-3.754048125,-4.5371725
355,3,-3.722250938,-4.54482375
356,3,-3.69045375,-4.552475
357,3,-3.658656563,-4.56012625
358,3,-3.626859375,-4.5677775
359,3,-3.595062188,-4.57542875
360,3,-3.563265,-4.58308
361,3,-3.531467813,-4.59073125
362,3,-3.499670625,-4.5983825
363,3,-3.467873438,-4.60603375
364,3,-3.43607625,-4.613685
365,3,-3.404279063,-4.62133625
366,3,-3.372481875,-4.6289875
367,3,-3.340684688,-4.63663875
368,3,-3.3088875,-4.64429
369,3,-3.277090313,-4.65194125
370,3,-3.245293125,-4.6595925
371,3,-3.213495938,-4.66724375
372,3,-3.18169875,-4.674895
373,3,-3.149901563,-4.68254625
374,3,-3.118104375,-4.6901975
375,3,-3.086307188,-4.69784875
376,3,-3.05451,-4.7055
0,4,-16.6668,-2.18193
1,4,-16.63190339,-2.182438983
2,4,-16.59700678,-2.182947966
3,4,-16.56211017,-2.183456949
4,4,-16.52721356,-2.183965932
5,4,-16.49231695,-2.184474915
6,4,-16.45742034,-2.184983898
7,4,-16.42252373,-2.185492881
8,4,-16.38762712,-2.186001864
9,4,-16.35273051,-2.186510847
10,4,-16.3178339,-2.187019831
11,4,-16.28293729,-2.187528814
12,4,-16.24804068,-2.188037797
13,4,-16.21314407,-2.18854678
14,4,-16.17824746,-2.189055763
15,4,-16.14335085,-2.189564746
16,4,-16.10845424,-2.190073729
17,4,-16.07355763,-2.190582712
18,4,-16.03866102,-2.191091695
19,4,-16.00376441,-2.191600678
20,4,-15.9688678,-2.192109661
21,4,-15.93397119,-2.192618644
22,4,-15.89907458,-2.193127627
23,4,-15.86417797,-2.19363661
24,4,-15.82928136,-2.194145593
25,4,-15.79438475,-2.194654576
26,4,-15.75948814,-2.195163559
27,4,-15.72459153,-2.195672542
28,4,-15.68969492,-2.196181525
29,4,-15.65479831,-2.196690508
30,4,-15.61990169,-2.197199492
31,4,-15.58500508,-2.197708475
32,4,-15.55010847,-2.198217458
33,4,-15.51521186,-2.198726441
34,4,-15.48031525,-2.199235424
35,4,-15.44541864,-2.199744407
36,4,-15.41052203,-2.20025339
37,4,-15.37562542,-2.200762373
38,4,-15.34072881,-2.201271356
39,4,-15.3058322,-2.201780339
40,4,-15.27093559,-2.202289322
41,4,-15.23603898,-2.202798305
42,4,-15.20114237,-2.203307288
43,4,-15.16624576,-2.203816271
44,4,-15.13134915,-2.204325254
45,4,-15.09645254,-2.204834237
46,4,-15.06155593,-2.20534322
47,4,-15.02665932,-2.205852203
48,4,-14.99176271,-2.206361186
49,4,-14.9568661,-2.206870169
50,4,-14.92196949,-2.207379153
51,4,-14.88707288,-2.207888136
52,4,-14.85217627,-2.208397119
53,4,-14.81727966,-2.208906102
54,4,-14.78238305,-2.209415085
55,4,-14.74748644,-2.209924068
56,4,-14.71258983,-2.210433051
57,4,-14.67769322,-2.210942034
58,4,-14.64279661,-2.211451017
59,4,-14.6079,-2.21196
60,4,-14.581275,-2.224239643
61,4,-14.55465,-2.236519286
62,4,-14.528025,-2.248798929
63,4,-14.5014,-2.261078571
64,4,-14.474775,-2.273358214
65,4,-14.44815,-2.285637857
66,4,-14.421525,-2.2979175
67,4,-14.3949,-2.310197143
68,4,-14.368275,-2.322476786
69,4,-14.34165,-2.334756429
70,4,-14.315025,-2.347036071
71,4,-14.2884,-2.359315714
72,4,-14.261775,-2.371595357
73,4,-14.23515,-2.383875
74,4,-14.208525,-2.396154643
75,4,-14.1819,-2.408434286
76,4,-14.155275,-2.420713929
77,4,-14.12865,-2.432993571
78,4,-14.102025,-2.445273214
79,4,-14.0754,-2.457552857
80,4,-14.048775,-2.4698325
81,4,-14.02215,-2.482112143
82,4,-13.995525,-2.494391786
83,4,-13.9689,-2.506671429
84,4,-13.942275,-2.518951071
85,4,-13.91565,-2.531230714
86,4,-13.889025,-2.543510357
87,4,-13.8624,-2.55579
88,4,-13.82123846,-2.563305692
89,4,-13.78007692,-2.570821385
90,4,-13.73891538,-2.578337077
91,4,-13.69775385,-2.585852769
92,4,-13.65659231,-2.593368462
93,4,-13.61543077,-2.600884154
94,4,-13.57426923,-2.608399846
95,4,-13.53310769,-2.615915538
96,4,-13.49194615,-2.623431231
97,4,-13.45078462,-2.630946923
98,4,-13.40962308,-2.638462615
99,4,-13.36846154,-2.645978308
100,4,-13.3273,-2.653494
101,4,-13.28613846,-2.661009692
102,4,-13.24497692,-2.668525385
103,4,-13.20381538,-2.676041077
104,4,-13.16265385,-2.683556769
105,4,-13.12149231,-2.691072462
106,4,-13.08033077,-2.698588154
107,4,-13.03916923,-2.706103846
108,4,-12.99800769,-2.713619538
109,4,-12.95684615,-2.721135231
110,4,-12.91568462,-2.728650923
111,4,-12.87452308,-2.736166615
112,4,-12.83336154,-2.743682308
113,4,-12.7922,-2.751198
114,4,-12.75103846,-2.758713692
115,4,-12.70987692,-2.766229385
116,4,-12.66871538,-2.773745077
117,4,-12.62755385,-2.781260769
118,4,-12.58639231,-2.788776462
119,4,-12.54523077,-2.796292154
120,4,-12.50406923,-2.803807846
121,4,-12.46290769,-2.811323538
122,4,-12.42174615,-2.818839231
123,4,-12.38058462,-2.826354923
124,4,-12.33942308,-2.833870615
125,4,-12.29826154,-2.841386308
126,4,-12.2571,-2.848902
127,4,-12.21593846,-2.856417692
128,4,-12.17477692,-2.863933385
129,4,-12.13361538,-2.871449077
130,4,-12.09245385,-2.878964769
131,4,-12.05129231,-2.886480462
132,4,-12.01013077,-2.893996154
133,4,-11.96896923,-2.901511846
134,4,-11.92780769,-2.909027538
135,4,-11.88664615,-2.916543231
136,4,-11.84548462,-2.924058923
137,4,-11.80432308,-2.931574615
138,4,-11.76316154,-2.939090308
139,4,-11.722,-2.946606
140,4,-11.68083846,-2.954121692
141,4,-11.63967692,-2.961637385
142,4,-11.59851538,-2.969153077
143,4,-11.55735385,-2.976668769
144,4,-11.51619231,-2.984184462
145,4,-11.47503077,-2.991700154
146,4,-11.43386923,-2.999215846
147,4,-11.39270769,-3.006731538
148,4,-11.35154615,-3.014247231
149,4,-11.31038462,-3.021762923
150,4,-11.26922308,-3.029278615
151,4,-11.22806154,-3.036794308
152,4,-11.1869,-3.04431
153,4,-11.1418712,-3.046121867
154,4,-11.0968424,-3.047933733
155,4,-11.0518136,-3.0497456
156,4,-11.0067848,-3.051557467
157,4,-10.961756,-3.053369333
158,4,-10.9167272,-3.0551812
159,4,-10.8716984,-3.056993067
160,4,-10.8266696,-3.058804933
161,4,-10.7816408,-3.0606168
162,4,-10.736612,-3.062428667
163,4,-10.6915832,-3.064240533
164,4,-10.6465544,-3.0660524
165,4,-10.6015256,-3.067864267
166,4,-10.5564968,-3.069676133
167,4,-10.511468,-3.071488
168,4,-10.4664392,-3.073299867
169,4,-10.4214104,-3.075111733
170,4,-10.3763816,-3.0769236
171,4,-10.3313528,-3.078735467
172,4,-10.286324,-3.080547333
173,4,-10.2412952,-3.0823592
174,4,-10.1962664,-3.084171067
175,4,-10.1512376,-3.085982933
176,4,-10.1062088,-3.0877948
177,4,-10.06118,-3.089606667
178,4,-10.0161512,-3.091418533
179,4,-9.9711224,-3.0932304
180,4,-9.9260936,-3.095042267
181,4,-9.8810648,-3.096854133
182,4,-9.836036,-3.098666
183,4,-9.7910072,-3.100477867
184,4,-9.7459784,-3.102289733
185,4,-9.7009496,-3.1041016
186,4,-9.6559208,-3.105913467
187,4,-9.610892,-3.107725333
188,4,-9.5658632,-3.1095372
189,4,-9.5208344,-3.111349067
190,4,-9.4758056,-3.113160933
191,4,-9.4307768,-3.1149728
192,4,-9.385748,-3.116784667
193,4,-9.3407192,-3.118596533
194,4,-9.2956904,-3.1204084
195,4,-9.2506616,-3.122220267
196,4,-9.2056328,-3.124032133
197,4,-9.160604,-3.125844
198,4,-9.1155752,-3.127655867
199,4,-9.0705464,-3.129467733
200,4,-9.0255176,-3.1312796
201,4,-8.9804888,-3.133091467
202,4,-8.93546,-3.134903333
203,4,-8.8904312,-3.1367152
204,4,-8.8454024,-3.138527067
205,4,-8.8003736,-3.140338933
206,4,-8.7553448,-3.1421508
207,4,-8.710316,-3.143962667
208,4,-8.6652872,-3.145774533
209,4,-8.6202584,-3.1475864
210,4,-8.5752296,-3.149398267
211,4,-8.5302008,-3.151210133
212,4,-8.485172,-3.153022
213,4,-8.4401432,-3.154833867
214,4,-8.3951144,-3.156645733
215,4,-8.3500856,-3.1584576
216,4,-8.3050568,-3.160269467
217,4,-8.260028,-3.162081333
218,4,-8.2149992,-3.1638932
219,4,-8.1699704,-3.165705067
220,4,-8.1249416,-3.167516933
221,4,-8.0799128,-3.1693288
222,4,-8.034884,-3.171140667
223,4,-7.9898552,-3.172952533
224,4,-7.9448264,-3.1747644
225,4,-7.8997976,-3.176576267
226,4,-7.8547688,-3.178388133
227,4,-7.80974,-3.1802
228,4,-7.776937385,-3.183427077
229,4,-7.744134769,-3.186654154
230,4,-7.711332154,-3.189881231
231,4,-7.678529538,-3.193108308
232,4,-7.645726923,-3.196335385
233,4,-7.612924308,-3.199562462
234,4,-7.580121692,-3.202789538
235,4,-7.547319077,-3.206016615
236,4,-7.514516462,-3.209243692
237,4,-7.481713846,-3.212470769
238,4,-7.448911231,-3.215697846
239,4,-7.416108615,-3.218924923
240,4,-7.383306,-3.222152
241,4,-7.350503385,-3.225379077
242,4,-7.317700769,-3.228606154
243,4,-7.284898154,-3.231833231
244,4,-7.252095538,-3.235060308
245,4,-7.219292923,-3.238287385
246,4,-7.186490308,-3.241514462
247,4,-7.153687692,-3.244741538
248,4,-7.120885077,-3.247968615
249,4,-7.088082462,-3.251195692
250,4,-7.055279846,-3.254422769
251,4,-7.022477231,-3.257649846
252,4,-6.989674615,-3.260876923
253,4,-6.956872,-3.264104
254,4,-6.924069385,-3.267331077
255,4,-6.891266769,-3.270558154
256,4,-6.858464154,-3.273785231
257,4,-6.825661538,-3.277012308
258,4,-6.792858923,-3.280239385
259,4,-6.760056308,-3.283466462
260,4,-6.727253692,-3.286693538
261,4,-6.694451077,-3.289920615
262,4,-6.661648462,-3.293147692
263,4,-6.628845846,-3.296374769
264,4,-6.596043231,-3.299601846
265,4,-6.563240615,-3.302828923
266,4,-6.530438,-3.306056
267,4,-6.497635385,-3.309283077
268,4,-6.464832769,-3.312510154
269,4,-6.432030154,-3.315737231
270,4,-6.399227538,-3.318964308
271,4,-6.366424923,-3.322191385
272,4,-6.333622308,-3.325418462
273,4,-6.300819692,-3.328645538
274,4,-6.268017077,-3.331872615
275,4,-6.235214462,-3.335099692
276,4,-6.202411846,-3.338326769
277,4,-6.169609231,-3.341553846
278,4,-6.136806615,-3.344780923
279,4,-6.104004,-3.348008
280,4,-6.071201385,-3.351235077
281,4,-6.038398769,-3.354462154
282,4,-6.005596154,-3.357689231
283,4,-5.972793538,-3.360916308
284,4,-5.939990923,-3.364143385
285,4,-5.907188308,-3.367370462
286,4,-5.874385692,-3.370597538
287,4,-5.841583077,-3.373824615
288,4,-5.808780462,-3.377051692
289,4,-5.775977846,-3.380278769
290,4,-5.743175231,-3.383505846
291,4,-5.710372615,-3.386732923
292,4,-5.67757,-3.38996
293,4,-5.6369025,-3.3923195
294,4,-5.596235,-3.394679
295,4,-5.5555675,-3.3970385
296,4,-5.5149,-3.399398
297,4,-5.4742325,-3.4017575
298,4,-5.433565,-3.404117
299,4,-5.3928975,-3.4064765
300,4,-5.35223,-3.408836
301,4,-5.3115625,-3.4111955
302,4,-5.270895,-3.413555
303,4,-5.2302275,-3.4159145
304,4,-5.18956,-3.418274
305,4,-5.1488925,-3.4206335
306,4,-5.108225,-3.422993
307,4,-5.0675575,-3.4253525
308,4,-5.02689,-3.427712
309,4,-4.9862225,-3.4300715
310,4,-4.945555,-3.432431
311,4,-4.9048875,-3.4347905
312,4,-4.86422,-3.43715
313,4,-4.8235525,-3.4395095
314,4,-4.782885,-3.441869
315,4,-4.7422175,-3.4442285
316,4,-4.70155,-3.446588
317,4,-4.6608825,-3.4489475
318,4,-4.620215,-3.451307
319,4,-4.5795475,-3.4536665
320,4,-4.53888,-3.456026
321,4,-4.4982125,-3.4583855
322,4,-4.457545,-3.460745
323,4,-4.4168775,-3.4631045
324,4,-4.37621,-3.465464
325,4,-4.3355425,-3.4678235
326,4,-4.294875,-3.470183
327,4,-4.2542075,-3.4725425
328,4,-4.21354,-3.474902
329,4,-4.1728725,-3.4772615
330,4,-4.132205,-3.479621
331,4,-4.0915375,-3.4819805
332,4,-4.05087,-3.48434
333,4,-4.014595806,-3.489740645
334,4,-3.978321613,-3.49514129
335,4,-3.942047419,-3.500541935
336,4,-3.905773226,-3.505942581
337,4,-3.869499032,-3.511343226
338,4,-3.833224839,-3.516743871
339,4,-3.796950645,-3.522144516
340,4,-3.760676452,-3.527545161
341,4,-3.724402258,-3.532945806
342,4,-3.688128065,-3.538346452
343,4,-3.651853871,-3.543747097
344,4,-3.615579677,-3.549147742
345,4,-3.579305484,-3.554548387
346,4,-3.54303129,-3.559949032
347,4,-3.506757097,-3.565349677
348,4,-3.470482903,-3.570750323
349,4,-3.43420871,-3.576150968
350,4,-3.397934516,-3.581551613
351,4,-3.361660323,-3.586952258
352,4,-3.325386129,-3.592352903
353,4,-3.289111935,-3.597753548
354,4,-3.252837742,-3.603154194
355,4,-3.216563548,-3.608554839
356,4,-3.180289355,-3.613955484
357,4,-3.144015161,-3.619356129
358,4,-3.107740968,-3.624756774
359,4,-3.071466774,-3.630157419
360,4,-3.035192581,-3.635558065
361,4,-2.998918387,-3.64095871
362,4,-2.962644194,-3.646359355
363,4,-2.92637,-3.65176
364,4,-2.902816071,-3.662811071
365,4,-2.879262143,-3.673862143
366,4,-2.855708214,-3.684913214
367,4,-2.832154286,-3.695964286
368,4,-2.808600357,-3.707015357
369,4,-2.785046429,-3.718066429
370,4,-2.7614925,-3.7291175
371,4,-2.737938571,-3.740168571
372,4,-2.714384643,-3.751219643
373,4,-2.690830714,-3.762270714
374,4,-2.667276786,-3.773321786
375,4,-2.643722857,-3.784372857
376,4,-2.620168929,-3.795423929
377,4,-2.596615,-3.806475
378,4,-2.573061071,-3.817526071
379,4,-2.549507143,-3.828577143
380,4,-2.525953214,-3.839628214
381,4,-2.502399286,-3.850679286
382,4,-2.478845357,-3.861730357
383,4,-2.455291429,-3.872781429
384,4,-2.4317375,-3.8838325
385,4,-2.408183571,-3.894883571
386,4,-2.384629643,-3.905934643
387,4,-2.361075714,-3.916985714
388,4,-2.337521786,-3.928036786
389,4,-2.313967857,-3.939087857
390,4,-2.290413929,-3.950138929
391,4,-2.26686,-3.96119
0,5,-18.3462,-1.43043
1,5,-18.303328,-1.423085
2,5,-18.260456,-1.41574
3,5,-18.217584,-1.408395
4,5,-18.174712,-1.40105
5,5,-18.13184,-1.393705
6,5,-18.088968,-1.38636
7,5,-18.046096,-1.379015
8,5,-18.003224,-1.37167
9,5,-17.960352,-1.364325
10,5,-17.91748,-1.35698
11,5,-17.874608,-1.349635
12,5,-17.831736,-1.34229
13,5,-17.788864,-1.334945
14,5,-17.745992,-1.3276
15,5,-17.70312,-1.320255
16,5,-17.660248,-1.31291
17,5,-17.617376,-1.305565
18,5,-17.574504,-1.29822
19,5,-17.531632,-1.290875
20,5,-17.48876,-1.28353
21,5,-17.445888,-1.276185
22,5,-17.403016,-1.26884
23,5,-17.360144,-1.261495
24,5,-17.317272,-1.25415
25,5,-17.2744,-1.246805
26,5,-17.231528,-1.23946
27,5,-17.188656,-1.232115
28,5,-17.145784,-1.22477
29,5,-17.102912,-1.217425
30,5,-17.06004,-1.21008
31,5,-17.017168,-1.202735
32,5,-16.974296,-1.19539
33,5,-16.931424,-1.188045
34,5,-16.888552,-1.1807
35,5,-16.84568,-1.173355
36,5,-16.802808,-1.16601
37,5,-16.759936,-1.158665
38,5,-16.717064,-1.15132
39,5,-16.674192,-1.143975
40,5,-16.63132,-1.13663
41,5,-16.588448,-1.129285
42,5,-16.545576,-1.12194
43,5,-16.502704,-1.114595
44,5,-16.459832,-1.10725
45,5,-16.41696,-1.099905
46,5,-16.374088,-1.09256
47,5,-16.331216,-1.085215
48,5,-16.288344,-1.07787
49,5,-16.245472,-1.070525
50,5,-16.2026,-1.06318
51,5,-16.15584253,-1.066285632
52,5,-16.10908506,-1.069391264
53,5,-16.06232759,-1.072496897
54,5,-16.01557011,-1.075602529
55,5,-15.96881264,-1.078708161
56,5,-15.92205517,-1.081813793
57,5,-15.8752977,-1.084919425
58,5,-15.82854023,-1.088025057
59,5,-15.78178276,-1.09113069
60,5,-15.73502529,-1.094236322
61,5,-15.68826782,-1.097341954
62,5,-15.64151034,-1.100447586
63,5,-15.59475287,-1.103553218
64,5,-15.5479954,-1.106658851
65,5,-15.50123793,-1.109764483
66,5,-15.45448046,-1.112870115
67,5,-15.40772299,-1.115975747
68,5,-15.36096552,-1.119081379
69,5,-15.31420805,-1.122187011
70,5,-15.26745057,-1.125292644
71,5,-15.2206931,-1.128398276
72,5,-15.17393563,-1.131503908
73,5,-15.12717816,-1.13460954
74,5,-15.08042069,-1.137715172
75,5,-15.03366322,-1.140820805
76,5,-14.98690575,-1.143926437
77,5,-14.94014828,-1.147032069
78,5,-14.8933908,-1.150137701
79,5,-14.84663333,-1.153243333
80,5,-14.79987586,-1.156348966
81,5,-14.75311839,-1.159454598
82,5,-14.70636092,-1.16256023
83,5,-14.65960345,-1.165665862
84,5,-14.61284598,-1.168771494
85,5,-14.56608851,-1.171877126
86,5,-14.51933103,-1.174982759
87,5,-14.47257356,-1.178088391
88,5,-14.42581609,-1.181194023
89,5,-14.37905862,-1.184299655
90,5,-14.33230115,-1.187405287
91,5,-14.28554368,-1.19051092
92,5,-14.23878621,-1.193616552
93,5,-14.19202874,-1.196722184
94,5,-14.14527126,-1.199827816
95,5,-14.09851379,-1.202933448
96,5,-14.05175632,-1.20603908
97,5,-14.00499885,-1.209144713
98,5,-13.95824138,-1.212250345
99,5,-13.91148391,-1.215355977
100,5,-13.86472644,-1.218461609
101,5,-13.81796897,-1.221567241
102,5,-13.77121149,-1.224672874
103,5,-13.72445402,-1.227778506
104,5,-13.67769655,-1.230884138
105,5,-13.63093908,-1.23398977
106,5,-13.58418161,-1.237095402
107,5,-13.53742414,-1.240201034
108,5,-13.49066667,-1.243306667
109,5,-13.4439092,-1.246412299
110,5,-13.39715172,-1.249517931
111,5,-13.35039425,-1.252623563
112,5,-13.30363678,-1.255729195
113,5,-13.25687931,-1.258834828
114,5,-13.21012184,-1.26194046
115,5,-13.16336437,-1.265046092
116,5,-13.1166069,-1.268151724
117,5,-13.06984943,-1.271257356
118,5,-13.02309195,-1.274362989
119,5,-12.97633448,-1.277468621
120,5,-12.92957701,-1.280574253
121,5,-12.88281954,-1.283679885
122,5,-12.83606207,-1.286785517
123,5,-12.7893046,-1.289891149
124,5,-12.74254713,-1.292996782
125,5,-12.69578966,-1.296102414
126,5,-12.64903218,-1.299208046
127,5,-12.60227471,-1.302313678
128,5,-12.55551724,-1.30541931
129,5,-12.50875977,-1.308524943
130,5,-12.4620023,-1.311630575
131,5,-12.41524483,-1.314736207
132,5,-12.36848736,-1.317841839
133,5,-12.32172989,-1.320947471
134,5,-12.27497241,-1.324053103
135,5,-12.22821494,-1.327158736
136,5,-12.18145747,-1.330264368
137,5,-12.1347,-1.33337
138,5,-12.09897027,-1.339578649
139,5,-12.06324054,-1.345787297
140,5,-12.02751081,-1.351995946
141,5,-11.99178108,-1.358204595
142,5,-11.95605135,-1.364413243
143,5,-11.92032162,-1.370621892
144,5,-11.88459189,-1.376830541
145,5,-11.84886216,-1.383039189
146,5,-11.81313243,-1.389247838
147,5,-11.7774027,-1.395456486
148,5,-11.74167297,-1.401665135
149,5,-11.70594324,-1.407873784
150,5,-11.67021351,-1.414082432
151,5,-11.63448378,-1.420291081
152,5,-11.59875405,-1.42649973
153,5,-11.56302432,-1.432708378
154,5,-11.52729459,-1.438917027
155,5,-11.49156486,-1.445125676
156,5,-11.45583514,-1.451334324
157,5,-11.42010541,-1.457542973
158,5,-11.38437568,-1.463751622
159,5,-11.34864595,-1.46996027
160,5,-11.31291622,-1.476168919
161,5,-11.27718649,-1.482377568
162,5,-11.24145676,-1.488586216
163,5,-11.20572703,-1.494794865
164,5,-11.1699973,-1.501003514
165,5,-11.13426757,-1.507212162
166,5,-11.09853784,-1.513420811
167,5,-11.06280811,-1.519629459
168,5,-11.02707838,-1.525838108
169,5,-10.99134865,-1.532046757
170,5,-10.95561892,-1.538255405
171,5,-10.91988919,-1.544464054
172,5,-10.88415946,-1.550672703
173,5,-10.84842973,-1.556881351
174,5,-10.8127,-1.56309
175,5,-10.7711838,-1.568590282
176,5,-10.72966761,-1.574090563
177,5,-10.68815141,-1.579590845
178,5,-10.64663521,-1.585091127
179,5,-10.60511901,-1.590591408
180,5,-10.56360282,-1.59609169
181,5,-10.52208662,-1.601591972
182,5,-10.48057042,-1.607092254
183,5,-10.43905423,-1.612592535
184,5,-10.39753803,-1.618092817
185,5,-10.35602183,-1.623593099
186,5,-10.31450563,-1.62909338
187,5,-10.27298944,-1.634593662
188,5,-10.23147324,-1.640093944
189,5,-10.18995704,-1.645594225
190,5,-10.14844085,-1.651094507
191,5,-10.10692465,-1.656594789
192,5,-10.06540845,-1.66209507
193,5,-10.02389225,-1.667595352
194,5,-9.982376056,-1.673095634
195,5,-9.940859859,-1.678595915
196,5,-9.899343662,-1.684096197
197,5,-9.857827465,-1.689596479
198,5,-9.816311268,-1.695096761
199,5,-9.77479507,-1.700597042
200,5,-9.733278873,-1.706097324
201,5,-9.691762676,-1.711597606
202,5,-9.650246479,-1.717097887
203,5,-9.608730282,-1.722598169
204,5,-9.567214085,-1.728098451
205,5,-9.525697887,-1.733598732
206,5,-9.48418169,-1.739099014
207,5,-9.442665493,-1.744599296
208,5,-9.401149296,-1.750099577
209,5,-9.359633099,-1.755599859
210,5,-9.318116901,-1.761100141
211,5,-9.276600704,-1.766600423
212,5,-9.235084507,-1.772100704
213,5,-9.19356831,-1.777600986
214,5,-9.152052113,-1.783101268
215,5,-9.110535915,-1.788601549
216,5,-9.069019718,-1.794101831
217,5,-9.027503521,-1.799602113
218,5,-8.985987324,-1.805102394
219,5,-8.944471127,-1.810602676
220,5,-8.90295493,-1.816102958
221,5,-8.861438732,-1.821603239
222,5,-8.819922535,-1.827103521
223,5,-8.778406338,-1.832603803
224,5,-8.736890141,-1.838104085
225,5,-8.695373944,-1.843604366
226,5,-8.653857746,-1.849104648
227,5,-8.612341549,-1.85460493
228,5,-8.570825352,-1.860105211
229,5,-8.529309155,-1.865605493
230,5,-8.487792958,-1.871105775
231,5,-8.446276761,-1.876606056
232,5,-8.404760563,-1.882106338
233,5,-8.363244366,-1.88760662
234,5,-8.321728169,-1.893106901
235,5,-8.280211972,-1.898607183
236,5,-8.238695775,-1.904107465
237,5,-8.197179577,-1.909607746
238,5,-8.15566338,-1.915108028
239,5,-8.114147183,-1.92060831
240,5,-8.072630986,-1.926108592
241,5,-8.031114789,-1.931608873
242,5,-7.989598592,-1.937109155
243,5,-7.948082394,-1.942609437
244,5,-7.906566197,-1.948109718
245,5,-7.86505,-1.95361
246,5,-7.830571356,-1.960279661
247,5,-7.796092712,-1.966949322
248,5,-7.761614068,-1.973618983
249,5,-7.727135424,-1.980288644
250,5,-7.69265678,-1.986958305
251,5,-7.658178136,-1.993627966
252,5,-7.623699492,-2.000297627
253,5,-7.589220847,-2.006967288
254,5,-7.554742203,-2.013636949
255,5,-7.520263559,-2.02030661
256,5,-7.485784915,-2.026976271
257,5,-7.451306271,-2.033645932
258,5,-7.416827627,-2.040315593
259,5,-7.382348983,-2.046985254
260,5,-7.347870339,-2.053654915
261,5,-7.313391695,-2.060324576
262,5,-7.278913051,-2.066994237
263,5,-7.244434407,-2.073663898
264,5,-7.209955763,-2.080333559
265,5,-7.175477119,-2.08700322
266,5,-7.140998475,-2.093672881
267,5,-7.106519831,-2.100342542
268,5,-7.072041186,-2.107012203
269,5,-7.037562542,-2.113681864
270,5,-7.003083898,-2.120351525
271,5,-6.968605254,-2.127021186
272,5,-6.93412661,-2.133690847
273,5,-6.899647966,-2.140360508
274,5,-6.865169322,-2.147030169
275,5,-6.830690678,-2.153699831
276,5,-6.796212034,-2.160369492
277,5,-6.76173339,-2.167039153
278,5,-6.727254746,-2.173708814
279,5,-6.692776102,-2.180378475
280,5,-6.658297458,-2.187048136
281,5,-6.623818814,-2.193717797
282,5,-6.589340169,-2.200387458
283,5,-6.554861525,-2.207057119
284,5,-6.520382881,-2.21372678
285,5,-6.485904237,-2.220396441
286,5,-6.451425593,-2.227066102
287,5,-6.416946949,-2.233735763
288,5,-6.382468305,-2.240405424
289,5,-6.347989661,-2.247075085
290,5,-6.313511017,-2.253744746
291,5,-6.279032373,-2.260414407
292,5,-6.244553729,-2.267084068
293,5,-6.210075085,-2.273753729
294,5,-6.175596441,-2.28042339
295,5,-6.141117797,-2.287093051
296,5,-6.106639153,-2.293762712
297,5,-6.072160508,-2.300432373
298,5,-6.037681864,-2.307102034
299,5,-6.00320322,-2.313771695
300,5,-5.968724576,-2.320441356
301,5,-5.934245932,-2.327111017
302,5,-5.899767288,-2.333780678
303,5,-5.865288644,-2.340450339
304,5,-5.83081,-2.34712
305,5,-5.800512453,-2.356619245
306,5,-5.770214906,-2.366118491
307,5,-5.739917358,-2.375617736
308,5,-5.709619811,-2.385116981
309,5,-5.679322264,-2.394616226
310,5,-5.649024717,-2.404115472
311,5,-5.61872717,-2.413614717
312,5,-5.588429623,-2.423113962
313,5,-5.558132075,-2.432613208
314,5,-5.527834528,-2.442112453
315,5,-5.497536981,-2.451611698
316,5,-5.467239434,-2.461110943
317,5,-5.436941887,-2.470610189
318,5,-5.40664434,-2.480109434
319,5,-5.376346792,-2.489608679
320,5,-5.346049245,-2.499107925
321,5,-5.315751698,-2.50860717
322,5,-5.285454151,-2.518106415
323,5,-5.255156604,-2.52760566
324,5,-5.224859057,-2.537104906
325,5,-5.194561509,-2.546604151
326,5,-5.164263962,-2.556103396
327,5,-5.133966415,-2.565602642
328,5,-5.103668868,-2.575101887
329,5,-5.073371321,-2.584601132
330,5,-5.043073774,-2.594100377
331,5,-5.012776226,-2.603599623
332,5,-4.982478679,-2.613098868
333,5,-4.952181132,-2.622598113
334,5,-4.921883585,-2.632097358
335,5,-4.891586038,-2.641596604
336,5,-4.861288491,-2.651095849
337,5,-4.830990943,-2.660595094
338,5,-4.800693396,-2.67009434
339,5,-4.770395849,-2.679593585
340,5,-4.740098302,-2.68909283
341,5,-4.709800755,-2.698592075
342,5,-4.679503208,-2.708091321
343,5,-4.64920566,-2.717590566
344,5,-4.618908113,-2.727089811
345,5,-4.588610566,-2.736589057
346,5,-4.558313019,-2.746088302
347,5,-4.528015472,-2.755587547
348,5,-4.497717925,-2.765086792
349,5,-4.467420377,-2.774586038
350,5,-4.43712283,-2.784085283
351,5,-4.406825283,-2.793584528
352,5,-4.376527736,-2.803083774
353,5,-4.346230189,-2.812583019
354,5,-4.315932642,-2.822082264
355,5,-4.285635094,-2.831581509
356,5,-4.255337547,-2.841080755
357,5,-4.22504,-2.85058
358,5,-4.194673585,-2.858159057
359,5,-4.16430717,-2.865738113
360,5,-4.133940755,-2.87331717
361,5,-4.10357434,-2.880896226
362,5,-4.073207925,-2.888475283
363,5,-4.042841509,-2.89605434
364,5,-4.012475094,-2.903633396
365,5,-3.982108679,-2.911212453
366,5,-3.951742264,-2.918791509
367,5,-3.921375849,-2.926370566
368,5,-3.891009434,-2.933949623
369,5,-3.860643019,-2.941528679
370,5,-3.830276604,-2.949107736
371,5,-3.799910189,-2.956686792
372,5,-3.769543774,-2.964265849
373,5,-3.739177358,-2.971844906
374,5,-3.708810943,-2.979423962
375,5,-3.678444528,-2.987003019
376,5,-3.648078113,-2.994582075
377,5,-3.617711698,-3.002161132
378,5,-3.587345283,-3.009740189
379,5,-3.556978868,-3.017319245
380,5,-3.526612453,-3.024898302
381,5,-3.496246038,-3.032477358
382,5,-3.465879623,-3.040056415
383,5,-3.435513208,-3.047635472
384,5,-3.405146792,-3.055214528
385,5,-3.374780377,-3.062793585
386,5,-3.344413962,-3.070372642
387,5,-3.314047547,-3.077951698
388,5,-3.283681132,-3.085530755
389,5,-3.253314717,-3.093109811
390,5,-3.222948302,-3.100688868
391,5,-3.192581887,-3.108267925
392,5,-3.162215472,-3.115846981
393,5,-3.131849057,-3.123426038
394,5,-3.101482642,-3.131005094
395,5,-3.071116226,-3.138584151
396,5,-3.040749811,-3.146163208
397,5,-3.010383396,-3.153742264
398,5,-2.980016981,-3.161321321
399,5,-2.949650566,-3.168900377
400,5,-2.919284151,-3.176479434
401,5,-2.888917736,-3.184058491
402,5,-2.858551321,-3.191637547
403,5,-2.828184906,-3.199216604
404,5,-2.797818491,-3.20679566
405,5,-2.767452075,-3.214374717
406,5,-2.73708566,-3.221953774
407,5,-2.706719245,-3.22953283
408,5,-2.67635283,-3.237111887
409,5,-2.645986415,-3.244690943
410,5,-2.61562,-3.25227
411,5,-2.59182625,-3.267060417
412,5,-2.5680325,-3.281850833
413,5,-2.54423875,-3.29664125
414,5,-2.520445,-3.311431667
415,5,-2.49665125,-3.326222083
416,5,-2.4728575,-3.3410125
417,5,-2.44906375,-3.355802917
418,5,-2.42527,-3.370593333
419,5,-2.40147625,-3.38538375
420,5,-2.3776825,-3.400174167
421,5,-2.35388875,-3.414964583
422,5,-2.330095,-3.429755
423,5,-2.30630125,-3.444545417
424,5,-2.2825075,-3.459335833
425,5,-2.25871375,-3.47412625
426,5,-2.23492,-3.488916667
427,5,-2.21112625,-3.503707083
428,5,-2.1873325,-3.5184975
429,5,-2.16353875,-3.533287917
430,5,-2.139745,-3.548078333
431,5,-2.11595125,-3.56286875
432,5,-2.0921575,-3.577659167
433,5,-2.06836375,-3.592449583
434,5,-2.04457,-3.60724
0,6,-19.8499,-2.26431
1,6,-19.82172553,-2.255547447
2,6,-19.79355106,-2.246784894
3,6,-19.7653766,-2.23802234
4,6,-19.73720213,-2.229259787
5,6,-19.70902766,-2.220497234
6,6,-19.68085319,-2.211734681
7,6,-19.65267872,-2.202972128
8,6,-19.62450426,-2.194209574
9,6,-19.59632979,-2.185447021
10,6,-19.56815532,-2.176684468
11,6,-19.53998085,-2.167921915
12,6,-19.51180638,-2.159159362
13,6,-19.48363191,-2.150396809
14,6,-19.45545745,-2.141634255
15,6,-19.42728298,-2.132871702
16,6,-19.39910851,-2.124109149
17,6,-19.37093404,-2.115346596
18,6,-19.34275957,-2.106584043
19,6,-19.31458511,-2.097821489
20,6,-19.28641064,-2.089058936
21,6,-19.25823617,-2.080296383
22,6,-19.2300617,-2.07153383
23,6,-19.20188723,-2.062771277
24,6,-19.17371277,-2.054008723
25,6,-19.1455383,-2.04524617
26,6,-19.11736383,-2.036483617
27,6,-19.08918936,-2.027721064
28,6,-19.06101489,-2.018958511
29,6,-19.03284043,-2.010195957
30,6,-19.00466596,-2.001433404
31,6,-18.97649149,-1.992670851
32,6,-18.94831702,-1.983908298
33,6,-18.92014255,-1.975145745
34,6,-18.89196809,-1.966383191
35,6,-18.86379362,-1.957620638
36,6,-18.83561915,-1.948858085
37,6,-18.80744468,-1.940095532
38,6,-18.77927021,-1.931332979
39,6,-18.75109574,-1.922570426
40,6,-18.72292128,-1.913807872
41,6,-18.69474681,-1.905045319
42,6,-18.66657234,-1.896282766
43,6,-18.63839787,-1.887520213
44,6,-18.6102234,-1.87875766
45,6,-18.58204894,-1.869995106
46,6,-18.55387447,-1.861232553
47,6,-18.5257,-1.85247
48,6,-18.4665975,-1.83753025
49,6,-18.407495,-1.8225905
50,6,-18.3483925,-1.80765075
51,6,-18.28929,-1.792711
52,6,-18.2301875,-1.77777125
53,6,-18.171085,-1.7628315
54,6,-18.1119825,-1.74789175
55,6,-18.05288,-1.732952
56,6,-17.9937775,-1.71801225
57,6,-17.934675,-1.7030725
58,6,-17.8755725,-1.68813275
59,6,-17.81647,-1.673193
60,6,-17.7573675,-1.65825325
61,6,-17.698265,-1.6433135
62,6,-17.6391625,-1.62837375
63,6,-17.58006,-1.613434
64,6,-17.5209575,-1.59849425
65,6,-17.461855,-1.5835545
66,6,-17.4027525,-1.56861475
67,6,-17.34365,-1.553675
68,6,-17.2845475,-1.53873525
69,6,-17.225445,-1.5237955
70,6,-17.1663425,-1.50885575
71,6,-17.10724,-1.493916
72,6,-17.0481375,-1.47897625
73,6,-16.989035,-1.4640365
74,6,-16.9299325,-1.44909675
75,6,-16.87083,-1.434157
76,6,-16.8117275,-1.41921725
77,6,-16.752625,-1.4042775
78,6,-16.6935225,-1.38933775
79,6,-16.63442,-1.374398
80,6,-16.5753175,-1.35945825
81,6,-16.516215,-1.3445185
82,6,-16.4571125,-1.32957875
83,6,-16.39801,-1.314639
84,6,-16.3389075,-1.29969925
85,6,-16.279805,-1.2847595
86,6,-16.2207025,-1.26981975
87,6,-16.1616,-1.25488
88,6,-16.12123088,-1.257953382
89,6,-16.08086176,-1.261026765
90,6,-16.04049265,-1.264100147
91,6,-16.00012353,-1.267173529
92,6,-15.95975441,-1.270246912
93,6,-15.91938529,-1.273320294
94,6,-15.87901618,-1.276393676
95,6,-15.83864706,-1.279467059
96,6,-15.79827794,-1.282540441
97,6,-15.75790882,-1.285613824
98,6,-15.71753971,-1.288687206
99,6,-15.67717059,-1.291760588
100,6,-15.63680147,-1.294833971
101,6,-15.59643235,-1.297907353
102,6,-15.55606324,-1.300980735
103,6,-15.51569412,-1.304054118
104,6,-15.475325,-1.3071275
105,6,-15.43495588,-1.310200882
106,6,-15.39458676,-1.313274265
107,6,-15.35421765,-1.316347647
108,6,-15.31384853,-1.319421029
109,6,-15.27347941,-1.322494412
110,6,-15.23311029,-1.325567794
111,6,-15.19274118,-1.328641176
112,6,-15.15237206,-1.331714559
113,6,-15.11200294,-1.334787941
114,6,-15.07163382,-1.337861324
115,6,-15.03126471,-1.340934706
116,6,-14.99089559,-1.344008088
117,6,-14.95052647,-1.347081471
118,6,-14.91015735,-1.350154853
119,6,-14.86978824,-1.353228235
120,6,-14.82941912,-1.356301618
121,6,-14.78905,-1.359375
122,6,-14.74868088,-1.362448382
123,6,-14.70831176,-1.365521765
124,6,-14.66794265,-1.368595147
125,6,-14.62757353,-1.371668529
126,6,-14.58720441,-1.374741912
127,6,-14.54683529,-1.377815294
128,6,-14.50646618,-1.380888676
129,6,-14.46609706,-1.383962059
130,6,-14.42572794,-1.387035441
131,6,-14.38535882,-1.390108824
132,6,-14.34498971,-1.393182206
133,6,-14.30462059,-1.396255588
134,6,-14.26425147,-1.399328971
135,6,-14.22388235,-1.402402353
136,6,-14.18351324,-1.405475735
137,6,-14.14314412,-1.408549118
138,6,-14.102775,-1.4116225
139,6,-14.06240588,-1.414695882
140,6,-14.02203676,-1.417769265
141,6,-13.98166765,-1.420842647
142,6,-13.94129853,-1.423916029
143,6,-13.90092941,-1.426989412
144,6,-13.86056029,-1.430062794
145,6,-13.82019118,-1.433136176
146,6,-13.77982206,-1.436209559
147,6,-13.73945294,-1.439282941
148,6,-13.69908382,-1.442356324
149,6,-13.65871471,-1.445429706
150,6,-13.61834559,-1.448503088
151,6,-13.57797647,-1.451576471
152,6,-13.53760735,-1.454649853
153,6,-13.49723824,-1.457723235
154,6,-13.45686912,-1.460796618
155,6,-13.4165,-1.46387
156,6,-13.37178108,-1.463002432
157,6,-13.32706216,-1.462134865
158,6,-13.28234324,-1.461267297
159,6,-13.23762432,-1.46039973
160,6,-13.19290541,-1.459532162
161,6,-13.14818649,-1.458664595
162,6,-13.10346757,-1.457797027
163,6,-13.05874865,-1.456929459
164,6,-13.01402973,-1.456061892
165,6,-12.96931081,-1.455194324
166,6,-12.92459189,-1.454326757
167,6,-12.87987297,-1.453459189
168,6,-12.83515405,-1.452591622
169,6,-12.79043514,-1.451724054
170,6,-12.74571622,-1.450856486
171,6,-12.7009973,-1.449988919
172,6,-12.65627838,-1.449121351
173,6,-12.61155946,-1.448253784
174,6,-12.56684054,-1.447386216
175,6,-12.52212162,-1.446518649
176,6,-12.4774027,-1.445651081
177,6,-12.43268378,-1.444783514
178,6,-12.38796486,-1.443915946
179,6,-12.34324595,-1.443048378
180,6,-12.29852703,-1.442180811
181,6,-12.25380811,-1.441313243
182,6,-12.20908919,-1.440445676
183,6,-12.16437027,-1.439578108
184,6,-12.11965135,-1.438710541
185,6,-12.07493243,-1.437842973
186,6,-12.03021351,-1.436975405
187,6,-11.98549459,-1.436107838
188,6,-11.94077568,-1.43524027
189,6,-11.89605676,-1.434372703
190,6,-11.85133784,-1.433505135
191,6,-11.80661892,-1.432637568
192,6,-11.7619,-1.43177
193,6,-11.72476708,-1.433080694
194,6,-11.68763417,-1.434391389
195,6,-11.65050125,-1.435702083
196,6,-11.61336833,-1.437012778
197,6,-11.57623542,-1.438323472
198,6,-11.5391025,-1.439634167
199,6,-11.50196958,-1.440944861
200,6,-11.46483667,-1.442255556
201,6,-11.42770375,-1.44356625
202,6,-11.39057083,-1.444876944
203,6,-11.35343792,-1.446187639
204,6,-11.316305,-1.447498333
205,6,-11.27917208,-1.448809028
206,6,-11.24203917,-1.450119722
207,6,-11.20490625,-1.451430417
208,6,-11.16777333,-1.452741111
209,6,-11.13064042,-1.454051806
210,6,-11.0935075,-1.4553625
211,6,-11.05637458,-1.456673194
212,6,-11.01924167,-1.457983889
213,6,-10.98210875,-1.459294583
214,6,-10.94497583,-1.460605278
215,6,-10.90784292,-1.461915972
216,6,-10.87071,-1.463226667
217,6,-10.83357708,-1.464537361
218,6,-10.79644417,-1.465848056
219,6,-10.75931125,-1.46715875
220,6,-10.72217833,-1.468469444
221,6,-10.68504542,-1.469780139
222,6,-10.6479125,-1.471090833
223,6,-10.61077958,-1.472401528
224,6,-10.57364667,-1.473712222
225,6,-10.53651375,-1.475022917
226,6,-10.49938083,-1.476333611
227,6,-10.46224792,-1.477644306
228,6,-10.425115,-1.478955
229,6,-10.38798208,-1.480265694
230,6,-10.35084917,-1.481576389
231,6,-10.31371625,-1.482887083
232,6,-10.27658333,-1.484197778
233,6,-10.23945042,-1.485508472
234,6,-10.2023175,-1.486819167
235,6,-10.16518458,-1.488129861
236,6,-10.12805167,-1.489440556
237,6,-10.09091875,-1.49075125
238,6,-10.05378583,-1.492061944
239,6,-10.01665292,-1.493372639
240,6,-9.97952,-1.494683333
241,6,-9.942387083,-1.495994028
242,6,-9.905254167,-1.497304722
243,6,-9.86812125,-1.498615417
244,6,-9.830988333,-1.499926111
245,6,-9.793855417,-1.501236806
246,6,-9.7567225,-1.5025475
247,6,-9.719589583,-1.503858194
248,6,-9.682456667,-1.505168889
249,6,-9.64532375,-1.506479583
250,6,-9.608190833,-1.507790278
251,6,-9.571057917,-1.509100972
252,6,-9.533925,-1.510411667
253,6,-9.496792083,-1.511722361
254,6,-9.459659167,-1.513033056
255,6,-9.42252625,-1.51434375
256,6,-9.385393333,-1.515654444
257,6,-9.348260417,-1.516965139
258,6,-9.3111275,-1.518275833
259,6,-9.273994583,-1.519586528
260,6,-9.236861667,-1.520897222
261,6,-9.19972875,-1.522207917
262,6,-9.162595833,-1.523518611
263,6,-9.125462917,-1.524829306
264,6,-9.08833,-1.52614
265,6,-9.054726429,-1.527963393
266,6,-9.021122857,-1.529786786
267,6,-8.987519286,-1.531610179
268,6,-8.953915714,-1.533433571
269,6,-8.920312143,-1.535256964
270,6,-8.886708571,-1.537080357
271,6,-8.853105,-1.53890375
272,6,-8.819501429,-1.540727143
273,6,-8.785897857,-1.542550536
274,6,-8.752294286,-1.544373929
275,6,-8.718690714,-1.546197321
276,6,-8.685087143,-1.548020714
277,6,-8.651483571,-1.549844107
278,6,-8.61788,-1.5516675
279,6,-8.584276429,-1.553490893
280,6,-8.550672857,-1.555314286
281,6,-8.517069286,-1.557137679
282,6,-8.483465714,-1.558961071
283,6,-8.449862143,-1.560784464
284,6,-8.416258571,-1.562607857
285,6,-8.382655,-1.56443125
286,6,-8.349051429,-1.566254643
287,6,-8.315447857,-1.568078036
288,6,-8.281844286,-1.569901429
289,6,-8.248240714,-1.571724821
290,6,-8.214637143,-1.573548214
291,6,-8.181033571,-1.575371607
292,6,-8.14743,-1.577195
293,6,-8.113826429,-1.579018393
294,6,-8.080222857,-1.580841786
295,6,-8.046619286,-1.582665179
296,6,-8.013015714,-1.584488571
297,6,-7.979412143,-1.586311964
298,6,-7.945808571,-1.588135357
299,6,-7.912205,-1.58995875
300,6,-7.878601429,-1.591782143
301,6,-7.844997857,-1.593605536
302,6,-7.811394286,-1.595428929
303,6,-7.777790714,-1.597252321
304,6,-7.744187143,-1.599075714
305,6,-7.710583571,-1.600899107
306,6,-7.67698,-1.6027225
307,6,-7.643376429,-1.604545893
308,6,-7.609772857,-1.606369286
309,6,-7.576169286,-1.608192679
310,6,-7.542565714,-1.610016071
311,6,-7.508962143,-1.611839464
312,6,-7.475358571,-1.613662857
313,6,-7.441755,-1.61548625
314,6,-7.408151429,-1.617309643
315,6,-7.374547857,-1.619133036
316,6,-7.340944286,-1.620956429
317,6,-7.307340714,-1.622779821
318,6,-7.273737143,-1.624603214
319,6,-7.240133571,-1.626426607
320,6,-7.20653,-1.62825
321,6,-7.165351081,-1.637330541
322,6,-7.124172162,-1.646411081
323,6,-7.082993243,-1.655491622
324,6,-7.041814324,-1.664572162
325,6,-7.000635405,-1.673652703
326,6,-6.959456486,-1.682733243
327,6,-6.918277568,-1.691813784
328,6,-6.877098649,-1.700894324
329,6,-6.83591973,-1.709974865
330,6,-6.794740811,-1.719055405
331,6,-6.753561892,-1.728135946
332,6,-6.712382973,-1.737216486
333,6,-6.671204054,-1.746297027
334,6,-6.630025135,-1.755377568
335,6,-6.588846216,-1.764458108
336,6,-6.547667297,-1.773538649
337,6,-6.506488378,-1.782619189
338,6,-6.465309459,-1.79169973
339,6,-6.424130541,-1.80078027
340,6,-6.382951622,-1.809860811
341,6,-6.341772703,-1.818941351
342,6,-6.300593784,-1.828021892
343,6,-6.259414865,-1.837102432
344,6,-6.218235946,-1.846182973
345,6,-6.177057027,-1.855263514
346,6,-6.135878108,-1.864344054
347,6,-6.094699189,-1.873424595
348,6,-6.05352027,-1.882505135
349,6,-6.012341351,-1.891585676
350,6,-5.971162432,-1.900666216
351,6,-5.929983514,-1.909746757
352,6,-5.888804595,-1.918827297
353,6,-5.847625676,-1.927907838
354,6,-5.806446757,-1.936988378
355,6,-5.765267838,-1.946068919
356,6,-5.724088919,-1.955149459
357,6,-5.68291,-1.96423
358,6,-5.648518696,-1.968685217
359,6,-5.614127391,-1.973140435
360,6,-5.579736087,-1.977595652
361,6,-5.545344783,-1.98205087
362,6,-5.510953478,-1.986506087
363,6,-5.476562174,-1.990961304
364,6,-5.44217087,-1.995416522
365,6,-5.407779565,-1.999871739
366,6,-5.373388261,-2.004326957
367,6,-5.338996957,-2.008782174
368,6,-5.304605652,-2.013237391
369,6,-5.270214348,-2.017692609
370,6,-5.235823043,-2.022147826
371,6,-5.201431739,-2.026603043
372,6,-5.167040435,-2.031058261
373,6,-5.13264913,-2.035513478
374,6,-5.098257826,-2.039968696
375,6,-5.063866522,-2.044423913
376,6,-5.029475217,-2.04887913
377,6,-4.995083913,-2.053334348
378,6,-4.960692609,-2.057789565
379,6,-4.926301304,-2.062244783
380,6,-4.89191,-2.0667
381,6,-4.857518696,-2.071155217
382,6,-4.823127391,-2.075610435
383,6,-4.788736087,-2.080065652
384,6,-4.754344783,-2.08452087
385,6,-4.719953478,-2.088976087
386,6,-4.685562174,-2.093431304
387,6,-4.65117087,-2.097886522
388,6,-4.616779565,-2.102341739
389,6,-4.582388261,-2.106796957
390,6,-4.547996957,-2.111252174
391,6,-4.513605652,-2.115707391
392,6,-4.479214348,-2.120162609
393,6,-4.444823043,-2.124617826
394,6,-4.410431739,-2.129073043
395,6,-4.376040435,-2.133528261
396,6,-4.34164913,-2.137983478
397,6,-4.307257826,-2.142438696
398,6,-4.272866522,-2.146893913
399,6,-4.238475217,-2.15134913
400,6,-4.204083913,-2.155804348
401,6,-4.169692609,-2.160259565
402,6,-4.135301304,-2.164714783
403,6,-4.10091,-2.16917
404,6,-4.069860789,-2.175064474
405,6,-4.038811579,-2.180958947
406,6,-4.007762368,-2.186853421
407,6,-3.976713158,-2.192747895
408,6,-3.945663947,-2.198642368
409,6,-3.914614737,-2.204536842
410,6,-3.883565526,-2.210431316
411,6,-3.852516316,-2.216325789
412,6,-3.821467105,-2.222220263
413,6,-3.790417895,-2.228114737
414,6,-3.759368684,-2.234009211
415,6,-3.728319474,-2.239903684
416,6,-3.697270263,-2.245798158
417,6,-3.666221053,-2.251692632
418,6,-3.635171842,-2.257587105
419,6,-3.604122632,-2.263481579
420,6,-3.573073421,-2.269376053
421,6,-3.542024211,-2.275270526
422,6,-3.510975,-2.281165
423,6,-3.479925789,-2.287059474
424,6,-3.448876579,-2.292953947
425,6,-3.417827368,-2.298848421
426,6,-3.386778158,-2.304742895
427,6,-3.355728947,-2.310637368
428,6,-3.324679737,-2.316531842
429,6,-3.293630526,-2.322426316
430,6,-3.262581316,-2.328320789
431,6,-3.231532105,-2.334215263
432,6,-3.200482895,-2.340109737
433,6,-3.169433684,-2.346004211
434,6,-3.138384474,-2.351898684
435,6,-3.107335263,-2.357793158
436,6,-3.076286053,-2.363687632
437,6,-3.045236842,-2.369582105
438,6,-3.014187632,-2.375476579
439,6,-2.983138421,-2.381371053
440,6,-2.952089211,-2.387265526
441,6,-2.92104,-2.39316
0,7,-21.9541,-1.56805
1,7,-21.90604286,-1.553613161
2,7,-21.85798571,-1.539176321
3,7,-21.80992857,-1.524739482
4,7,-21.76187143,-1.510302643
5,7,-21.71381429,-1.495865804
6,7,-21.66575714,-1.481428964
7,7,-21.6177,-1.466992125
8,7,-21.56964286,-1.452555286
9,7,-21.52158571,-1.438118446
10,7,-21.47352857,-1.423681607
11,7,-21.42547143,-1.409244768
12,7,-21.37741429,-1.394807929
13,7,-21.32935714,-1.380371089
14,7,-21.2813,-1.36593425
15,7,-21.23324286,-1.351497411
16,7,-21.18518571,-1.337060571
17,7,-21.13712857,-1.322623732
18,7,-21.08907143,-1.308186893
19,7,-21.04101429,-1.293750054
20,7,-20.99295714,-1.279313214
21,7,-20.9449,-1.264876375
22,7,-20.89684286,-1.250439536
23,7,-20.84878571,-1.236002696
24,7,-20.80072857,-1.221565857
25,7,-20.75267143,-1.207129018
26,7,-20.70461429,-1.192692179
27,7,-20.65655714,-1.178255339
28,7,-20.6085,-1.1638185
29,7,-20.56044286,-1.149381661
30,7,-20.51238571,-1.134944821
31,7,-20.46432857,-1.120507982
32,7,-20.41627143,-1.106071143
33,7,-20.36821429,-1.091634304
34,7,-20.32015714,-1.077197464
35,7,-20.2721,-1.062760625
36,7,-20.22404286,-1.048323786
37,7,-20.17598571,-1.033886946
38,7,-20.12792857,-1.019450107
39,7,-20.07987143,-1.005013268
40,7,-20.03181429,-0.990576429
41,7,-19.98375714,-0.976139589
42,7,-19.9357,-0.96170275
43,7,-19.88764286,-0.947265911
44,7,-19.83958571,-0.932829071
45,7,-19.79152857,-0.918392232
46,7,-19.74347143,-0.903955393
47,7,-19.69541429,-0.889518554
48,7,-19.64735714,-0.875081714
49,7,-19.5993,-0.860644875
50,7,-19.55124286,-0.846208036
51,7,-19.50318571,-0.831771196
52,7,-19.45512857,-0.817334357
53,7,-19.40707143,-0.802897518
54,7,-19.35901429,-0.788460679
55,7,-19.31095714,-0.774023839
56,7,-19.2629,-0.759587
57,7,-19.224888,-0.76283668
58,7,-19.186876,-0.76608636
59,7,-19.148864,-0.76933604
60,7,-19.110852,-0.77258572
61,7,-19.07284,-0.7758354
62,7,-19.034828,-0.77908508
63,7,-18.996816,-0.78233476
64,7,-18.958804,-0.78558444
65,7,-18.920792,-0.78883412
66,7,-18.88278,-0.7920838
67,7,-18.844768,-0.79533348
68,7,-18.806756,-0.79858316
69,7,-18.768744,-0.80183284
70,7,-18.730732,-0.80508252
71,7,-18.69272,-0.8083322
72,7,-18.654708,-0.81158188
73,7,-18.616696,-0.81483156
74,7,-18.578684,-0.81808124
75,7,-18.540672,-0.82133092
76,7,-18.50266,-0.8245806
77,7,-18.464648,-0.82783028
78,7,-18.426636,-0.83107996
79,7,-18.388624,-0.83432964
80,7,-18.350612,-0.83757932
81,7,-18.3126,-0.840829
82,7,-18.26036,-0.83036728
83,7,-18.20812,-0.81990556
84,7,-18.15588,-0.80944384
85,7,-18.10364,-0.79898212
86,7,-18.0514,-0.7885204
87,7,-17.99916,-0.77805868
88,7,-17.94692,-0.76759696
89,7,-17.89468,-0.75713524
90,7,-17.84244,-0.74667352
91,7,-17.7902,-0.7362118
92,7,-17.73796,-0.72575008
93,7,-17.68572,-0.71528836
94,7,-17.63348,-0.70482664
95,7,-17.58124,-0.69436492
96,7,-17.529,-0.6839032
97,7,-17.47676,-0.67344148
98,7,-17.42452,-0.66297976
99,7,-17.37228,-0.65251804
100,7,-17.32004,-0.64205632
101,7,-17.2678,-0.6315946
102,7,-17.21556,-0.62113288
103,7,-17.16332,-0.61067116
104,7,-17.11108,-0.60020944
105,7,-17.05884,-0.58974772
106,7,-17.0066,-0.579286
107,7,-16.98158478,-0.56776663
108,7,-16.95656957,-0.556247261
109,7,-16.93155435,-0.544727891
110,7,-16.90653913,-0.533208522
111,7,-16.88152391,-0.521689152
112,7,-16.8565087,-0.510169783
113,7,-16.83149348,-0.498650413
114,7,-16.80647826,-0.487131043
115,7,-16.78146304,-0.475611674
116,7,-16.75644783,-0.464092304
117,7,-16.73143261,-0.452572935
118,7,-16.70641739,-0.441053565
119,7,-16.68140217,-0.429534196
120,7,-16.65638696,-0.418014826
121,7,-16.63137174,-0.406495457
122,7,-16.60635652,-0.394976087
123,7,-16.5813413,-0.383456717
124,7,-16.55632609,-0.371937348
125,7,-16.53131087,-0.360417978
126,7,-16.50629565,-0.348898609
127,7,-16.48128043,-0.337379239
128,7,-16.45626522,-0.32585987
129,7,-16.43125,-0.3143405
130,7,-16.40623478,-0.30282113
131,7,-16.38121957,-0.291301761
132,7,-16.35620435,-0.279782391
133,7,-16.33118913,-0.268263022
134,7,-16.30617391,-0.256743652
135,7,-16.2811587,-0.245224283
136,7,-16.25614348,-0.233704913
137,7,-16.23112826,-0.222185543
138,7,-16.20611304,-0.210666174
139,7,-16.18109783,-0.199146804
140,7,-16.15608261,-0.187627435
141,7,-16.13106739,-0.176108065
142,7,-16.10605217,-0.164588696
143,7,-16.08103696,-0.153069326
144,7,-16.05602174,-0.141549957
145,7,-16.03100652,-0.130030587
146,7,-16.0059913,-0.118511217
147,7,-15.98097609,-0.106991848
148,7,-15.95596087,-0.095472478
149,7,-15.93094565,-0.083953109
150,7,-15.90593043,-0.072433739
151,7,-15.88091522,-0.06091437
152,7,-15.8559,-0.049395
153,7,-15.84167746,-0.055830127
154,7,-15.82745493,-0.062265254
155,7,-15.81323239,-0.06870038
156,7,-15.79900986,-0.075135507
157,7,-15.78478732,-0.081570634
158,7,-15.77056479,-0.088005761
159,7,-15.75634225,-0.094440887
160,7,-15.74211972,-0.100876014
161,7,-15.72789718,-0.107311141
162,7,-15.71367465,-0.113746268
163,7,-15.69945211,-0.120181394
164,7,-15.68522958,-0.126616521
165,7,-15.67100704,-0.133051648
166,7,-15.65678451,-0.139486775
167,7,-15.64256197,-0.145921901
168,7,-15.62833944,-0.152357028
169,7,-15.6141169,-0.158792155
170,7,-15.59989437,-0.165227282
171,7,-15.58567183,-0.171662408
172,7,-15.5714493,-0.178097535
173,7,-15.55722676,-0.184532662
174,7,-15.54300423,-0.190967789
175,7,-15.52878169,-0.197402915
176,7,-15.51455915,-0.203838042
177,7,-15.50033662,-0.210273169
178,7,-15.48611408,-0.216708296
179,7,-15.47189155,-0.223143423
180,7,-15.45766901,-0.229578549
181,7,-15.44344648,-0.236013676
182,7,-15.42922394,-0.242448803
183,7,-15.41500141,-0.24888393
184,7,-15.40077887,-0.255319056
185,7,-15.38655634,-0.261754183
186,7,-15.3723338,-0.26818931
187,7,-15.35811127,-0.274624437
188,7,-15.34388873,-0.281059563
189,7,-15.3296662,-0.28749469
190,7,-15.31544366,-0.293929817
191,7,-15.30122113,-0.300364944
192,7,-15.28699859,-0.30680007
193,7,-15.27277606,-0.313235197
194,7,-15.25855352,-0.319670324
195,7,-15.24433099,-0.326105451
196,7,-15.23010845,-0.332540577
197,7,-15.21588592,-0.338975704
198,7,-15.20166338,-0.345410831
199,7,-15.18744085,-0.351845958
200,7,-15.17321831,-0.358281085
201,7,-15.15899577,-0.364716211
202,7,-15.14477324,-0.371151338
203,7,-15.1305507,-0.377586465
204,7,-15.11632817,-0.384021592
205,7,-15.10210563,-0.390456718
206,7,-15.0878831,-0.396891845
207,7,-15.07366056,-0.403326972
208,7,-15.05943803,-0.409762099
209,7,-15.04521549,-0.416197225
210,7,-15.03099296,-0.422632352
211,7,-15.01677042,-0.429067479
212,7,-15.00254789,-0.435502606
213,7,-14.98832535,-0.441937732
214,7,-14.97410282,-0.448372859
215,7,-14.95988028,-0.454807986
216,7,-14.94565775,-0.461243113
217,7,-14.93143521,-0.467678239
218,7,-14.91721268,-0.474113366
219,7,-14.90299014,-0.480548493
220,7,-14.88876761,-0.48698362
221,7,-14.87454507,-0.493418746
222,7,-14.86032254,-0.499853873
223,7,-14.8461,-0.506289
224,7,-14.82110638,-0.534430298
225,7,-14.79611277,-0.562571596
226,7,-14.77111915,-0.590712894
227,7,-14.74612553,-0.618854191
228,7,-14.72113191,-0.646995489
229,7,-14.6961383,-0.675136787
230,7,-14.67114468,-0.703278085
231,7,-14.64615106,-0.731419383
232,7,-14.62115745,-0.759560681
233,7,-14.59616383,-0.787701979
234,7,-14.57117021,-0.815843277
235,7,-14.5461766,-0.843984574
236,7,-14.52118298,-0.872125872
237,7,-14.49618936,-0.90026717
238,7,-14.47119574,-0.928408468
239,7,-14.44620213,-0.956549766
240,7,-14.42120851,-0.984691064
241,7,-14.39621489,-1.012832362
242,7,-14.37122128,-1.04097366
243,7,-14.34622766,-1.069114957
244,7,-14.32123404,-1.097256255
245,7,-14.29624043,-1.125397553
246,7,-14.27124681,-1.153538851
247,7,-14.24625319,-1.181680149
248,7,-14.22125957,-1.209821447
249,7,-14.19626596,-1.237962745
250,7,-14.17127234,-1.266104043
251,7,-14.14627872,-1.29424534
252,7,-14.12128511,-1.322386638
253,7,-14.09629149,-1.350527936
254,7,-14.07129787,-1.378669234
255,7,-14.04630426,-1.406810532
256,7,-14.02131064,-1.43495183
257,7,-13.99631702,-1.463093128
258,7,-13.9713234,-1.491234426
259,7,-13.94632979,-1.519375723
260,7,-13.92133617,-1.547517021
261,7,-13.89634255,-1.575658319
262,7,-13.87134894,-1.603799617
263,7,-13.84635532,-1.631940915
264,7,-13.8213617,-1.660082213
265,7,-13.79636809,-1.688223511
266,7,-13.77137447,-1.716364809
267,7,-13.74638085,-1.744506106
268,7,-13.72138723,-1.772647404
269,7,-13.69639362,-1.800788702
270,7,-13.6714,-1.82893
271,7,-13.63542703,-1.855040541
272,7,-13.59945405,-1.881151081
273,7,-13.56348108,-1.907261622
274,7,-13.52750811,-1.933372162
275,7,-13.49153514,-1.959482703
276,7,-13.45556216,-1.985593243
277,7,-13.41958919,-2.011703784
278,7,-13.38361622,-2.037814324
279,7,-13.34764324,-2.063924865
280,7,-13.31167027,-2.090035405
281,7,-13.2756973,-2.116145946
282,7,-13.23972432,-2.142256486
283,7,-13.20375135,-2.168367027
284,7,-13.16777838,-2.194477568
285,7,-13.13180541,-2.220588108
286,7,-13.09583243,-2.246698649
287,7,-13.05985946,-2.272809189
288,7,-13.02388649,-2.29891973
289,7,-12.98791351,-2.32503027
290,7,-12.95194054,-2.351140811
291,7,-12.91596757,-2.377251351
292,7,-12.87999459,-2.403361892
293,7,-12.84402162,-2.429472432
294,7,-12.80804865,-2.455582973
295,7,-12.77207568,-2.481693514
296,7,-12.7361027,-2.507804054
297,7,-12.70012973,-2.533914595
298,7,-12.66415676,-2.560025135
299,7,-12.62818378,-2.586135676
300,7,-12.59221081,-2.612246216
301,7,-12.55623784,-2.638356757
302,7,-12.52026486,-2.664467297
303,7,-12.48429189,-2.690577838
304,7,-12.44831892,-2.716688378
305,7,-12.41234595,-2.742798919
306,7,-12.37637297,-2.768909459
307,7,-12.3404,-2.79502
308,7,-12.30448636,-2.813881818
309,7,-12.26857273,-2.832743636
310,7,-12.23265909,-2.851605455
311,7,-12.19674545,-2.870467273
312,7,-12.16083182,-2.889329091
313,7,-12.12491818,-2.908190909
314,7,-12.08900455,-2.927052727
315,7,-12.05309091,-2.945914545
316,7,-12.01717727,-2.964776364
317,7,-11.98126364,-2.983638182
318,7,-11.94535,-3.0025
319,7,-11.90943636,-3.021361818
320,7,-11.87352273,-3.040223636
321,7,-11.83760909,-3.059085455
322,7,-11.80169545,-3.077947273
323,7,-11.76578182,-3.096809091
324,7,-11.72986818,-3.115670909
325,7,-11.69395455,-3.134532727
326,7,-11.65804091,-3.153394545
327,7,-11.62212727,-3.172256364
328,7,-11.58621364,-3.191118182
329,7,-11.5503,-3.20998
330,7,-11.51438636,-3.228841818
331,7,-11.47847273,-3.247703636
332,7,-11.44255909,-3.266565455
333,7,-11.40664545,-3.285427273
334,7,-11.37073182,-3.304289091
335,7,-11.33481818,-3.323150909
336,7,-11.29890455,-3.342012727
337,7,-11.26299091,-3.360874545
338,7,-11.22707727,-3.379736364
339,7,-11.19116364,-3.398598182
340,7,-11.15525,-3.41746
341,7,-11.11933636,-3.436321818
342,7,-11.08342273,-3.455183636
343,7,-11.04750909,-3.474045455
344,7,-11.01159545,-3.492907273
345,7,-10.97568182,-3.511769091
346,7,-10.93976818,-3.530630909
347,7,-10.90385455,-3.549492727
348,7,-10.86794091,-3.568354545
349,7,-10.83202727,-3.587216364
350,7,-10.79611364,-3.606078182
351,7,-10.7602,-3.62494
352,7,-10.72549386,-3.624269773
353,7,-10.69078773,-3.623599545
354,7,-10.65608159,-3.622929318
355,7,-10.62137545,-3.622259091
356,7,-10.58666932,-3.621588864
357,7,-10.55196318,-3.620918636
358,7,-10.51725705,-3.620248409
359,7,-10.48255091,-3.619578182
360,7,-10.44784477,-3.618907955
361,7,-10.41313864,-3.618237727
362,7,-10.3784325,-3.6175675
363,7,-10.34372636,-3.616897273
364,7,-10.30902023,-3.616227045
365,7,-10.27431409,-3.615556818
366,7,-10.23960795,-3.614886591
367,7,-10.20490182,-3.614216364
368,7,-10.17019568,-3.613546136
369,7,-10.13548955,-3.612875909
370,7,-10.10078341,-3.612205682
371,7,-10.06607727,-3.611535455
372,7,-10.03137114,-3.610865227
373,7,-9.996665,-3.610195
374,7,-9.961958864,-3.609524773
375,7,-9.927252727,-3.608854545
376,7,-9.892546591,-3.608184318
377,7,-9.857840455,-3.607514091
378,7,-9.823134318,-3.606843864
379,7,-9.788428182,-3.606173636
380,7,-9.753722045,-3.605503409
381,7,-9.719015909,-3.604833182
382,7,-9.684309773,-3.604162955
383,7,-9.649603636,-3.603492727
384,7,-9.6148975,-3.6028225
385,7,-9.580191364,-3.602152273
386,7,-9.545485227,-3.601482045
387,7,-9.510779091,-3.600811818
388,7,-9.476072955,-3.600141591
389,7,-9.441366818,-3.599471364
390,7,-9.406660682,-3.598801136
391,7,-9.371954545,-3.598130909
392,7,-9.337248409,-3.597460682
393,7,-9.302542273,-3.596790455
394,7,-9.267836136,-3.596120227
395,7,-9.23313,-3.59545
396,7,-9.198423864,-3.594779773
397,7,-9.163717727,-3.594109545
398,7,-9.129011591,-3.593439318
399,7,-9.094305455,-3.592769091
400,7,-9.059599318,-3.592098864
401,7,-9.024893182,-3.591428636
402,7,-8.990187045,-3.590758409
403,7,-8.955480909,-3.590088182
404,7,-8.920774773,-3.589417955
405,7,-8.886068636,-3.588747727
406,7,-8.8513625,-3.5880775
407,7,-8.816656364,-3.587407273
408,7,-8.781950227,-3.586737045
409,7,-8.747244091,-3.586066818
410,7,-8.712537955,-3.585396591
411,7,-8.677831818,-3.584726364
412,7,-8.643125682,-3.584056136
413,7,-8.608419545,-3.583385909
414,7,-8.573713409,-3.582715682
415,7,-8.539007273,-3.582045455
416,7,-8.504301136,-3.581375227
417,7,-8.469595,-3.580705
418,7,-8.434888864,-3.580034773
419,7,-8.400182727,-3.579364545
420,7,-8.365476591,-3.578694318
421,7,-8.330770455,-3.578024091
422,7,-8.296064318,-3.577353864
423,7,-8.261358182,-3.576683636
424,7,-8.226652045,-3.576013409
425,7,-8.191945909,-3.575343182
426,7,-8.157239773,-3.574672955
427,7,-8.122533636,-3.574002727
428,7,-8.0878275,-3.5733325
429,7,-8.053121364,-3.572662273
430,7,-8.018415227,-3.571992045
431,7,-7.983709091,-3.571321818
432,7,-7.949002955,-3.570651591
433,7,-7.914296818,-3.569981364
434,7,-7.879590682,-3.569311136
435,7,-7.844884545,-3.568640909
436,7,-7.810178409,-3.567970682
437,7,-7.775472273,-3.567300455
438,7,-7.740766136,-3.566630227
439,7,-7.70606,-3.56596
440,7,-7.670209508,-3.560600656
441,7,-7.634359016,-3.555241311
442,7,-7.598508525,-3.549881967
443,7,-7.562658033,-3.544522623
444,7,-7.526807541,-3.539163279
445,7,-7.490957049,-3.533803934
446,7,-7.455106557,-3.52844459
447,7,-7.419256066,-3.523085246
448,7,-7.383405574,-3.517725902
449,7,-7.347555082,-3.512366557
450,7,-7.31170459,-3.507007213
451,7,-7.275854098,-3.501647869
452,7,-7.240003607,-3.496288525
453,7,-7.204153115,-3.49092918
454,7,-7.168302623,-3.485569836
455,7,-7.132452131,-3.480210492
456,7,-7.096601639,-3.474851148
457,7,-7.060751148,-3.469491803
458,7,-7.024900656,-3.464132459
459,7,-6.989050164,-3.458773115
460,7,-6.953199672,-3.45341377
461,7,-6.91734918,-3.448054426
462,7,-6.881498689,-3.442695082
463,7,-6.845648197,-3.437335738
464,7,-6.809797705,-3.431976393
465,7,-6.773947213,-3.426617049
466,7,-6.738096721,-3.421257705
467,7,-6.70224623,-3.415898361
468,7,-6.666395738,-3.410539016
469,7,-6.630545246,-3.405179672
470,7,-6.594694754,-3.399820328
471,7,-6.558844262,-3.394460984
472,7,-6.52299377,-3.389101639
473,7,-6.487143279,-3.383742295
474,7,-6.451292787,-3.378382951
475,7,-6.415442295,-3.373023607
476,7,-6.379591803,-3.367664262
477,7,-6.343741311,-3.362304918
478,7,-6.30789082,-3.356945574
479,7,-6.272040328,-3.35158623
480,7,-6.236189836,-3.346226885
481,7,-6.200339344,-3.340867541
482,7,-6.164488852,-3.335508197
483,7,-6.128638361,-3.330148852
484,7,-6.092787869,-3.324789508
485,7,-6.056937377,-3.319430164
486,7,-6.021086885,-3.31407082
487,7,-5.985236393,-3.308711475
488,7,-5.949385902,-3.303352131
489,7,-5.91353541,-3.297992787
490,7,-5.877684918,-3.292633443
491,7,-5.841834426,-3.287274098
492,7,-5.805983934,-3.281914754
493,7,-5.770133443,-3.27655541
494,7,-5.734282951,-3.271196066
495,7,-5.698432459,-3.265836721
496,7,-5.662581967,-3.260477377
497,7,-5.626731475,-3.255118033
498,7,-5.590880984,-3.249758689
499,7,-5.555030492,-3.244399344
500,7,-5.51918,-3.23904
501,7,-5.494872581,-3.242192258
502,7,-5.470565161,-3.245344516
503,7,-5.446257742,-3.248496774
504,7,-5.421950323,-3.251649032
505,7,-5.397642903,-3.25480129
506,7,-5.373335484,-3.257953548
507,7,-5.349028065,-3.261105806
508,7,-5.324720645,-3.264258065
509,7,-5.300413226,-3.267410323
510,7,-5.276105806,-3.270562581
511,7,-5.251798387,-3.273714839
512,7,-5.227490968,-3.276867097
513,7,-5.203183548,-3.280019355
514,7,-5.178876129,-3.283171613
515,7,-5.15456871,-3.286323871
516,7,-5.13026129,-3.289476129
517,7,-5.105953871,-3.292628387
518,7,-5.081646452,-3.295780645
519,7,-5.057339032,-3.298932903
520,7,-5.033031613,-3.302085161
521,7,-5.008724194,-3.305237419
522,7,-4.984416774,-3.308389677
523,7,-4.960109355,-3.311541935
524,7,-4.935801935,-3.314694194
525,7,-4.911494516,-3.317846452
526,7,-4.887187097,-3.32099871
527,7,-4.862879677,-3.324150968
528,7,-4.838572258,-3.327303226
529,7,-4.814264839,-3.330455484
530,7,-4.789957419,-3.333607742
531,7,-4.76565,-3.33676
532,7,-4.741342581,-3.339912258
533,7,-4.717035161,-3.343064516
534,7,-4.692727742,-3.346216774
535,7,-4.668420323,-3.349369032
536,7,-4.644112903,-3.35252129
537,7,-4.619805484,-3.355673548
538,7,-4.595498065,-3.358825806
539,7,-4.571190645,-3.361978065
540,7,-4.546883226,-3.365130323
541,7,-4.522575806,-3.368282581
542,7,-4.498268387,-3.371434839
543,7,-4.473960968,-3.374587097
544,7,-4.449653548,-3.377739355
545,7,-4.425346129,-3.380891613
546,7,-4.40103871,-3.384043871
547,7,-4.37673129,-3.387196129
548,7,-4.352423871,-3.390348387
549,7,-4.328116452,-3.393500645
550,7,-4.303809032,-3.396652903
551,7,-4.279501613,-3.399805161
552,7,-4.255194194,-3.402957419
553,7,-4.230886774,-3.406109677
554,7,-4.206579355,-3.409261935
555,7,-4.182271935,-3.412414194
556,7,-4.157964516,-3.415566452
557,7,-4.133657097,-3.41871871
558,7,-4.109349677,-3.421870968
559,7,-4.085042258,-3.425023226
560,7,-4.060734839,-3.428175484
561,7,-4.036427419,-3.431327742
562,7,-4.01212,-3.43448
563,7,-3.975491471,-3.43025
564,7,-3.938862941,-3.42602
565,7,-3.902234412,-3.42179
566,7,-3.865605882,-3.41756
567,7,-3.828977353,-3.41333
568,7,-3.792348824,-3.4091
569,7,-3.755720294,-3.40487
570,7,-3.719091765,-3.40064
571,7,-3.682463235,-3.39641
572,7,-3.645834706,-3.39218
573,7,-3.609206176,-3.38795
574,7,-3.572577647,-3.38372
575,7,-3.535949118,-3.37949
576,7,-3.499320588,-3.37526
577,7,-3.462692059,-3.37103
578,7,-3.426063529,-3.3668
579,7,-3.389435,-3.36257
580,7,-3.352806471,-3.35834
581,7,-3.316177941,-3.35411
582,7,-3.279549412,-3.34988
583,7,-3.242920882,-3.34565
584,7,-3.206292353,-3.34142
585,7,-3.169663824,-3.33719
586,7,-3.133035294,-3.33296
587,7,-3.096406765,-3.32873
588,7,-3.059778235,-3.3245
589,7,-3.023149706,-3.32027
590,7,-2.986521176,-3.31604
591,7,-2.949892647,-3.31181
592,7,-2.913264118,-3.30758
593,7,-2.876635588,-3.30335
594,7,-2.840007059,-3.29912
595,7,-2.803378529,-3.29489
596,7,-2.76675,-3.29066
597,7,-2.737380556,-3.296482222
598,7,-2.708011111,-3.302304444
599,7,-2.678641667,-3.308126667
600,7,-2.649272222,-3.313948889
601,7,-2.619902778,-3.319771111
602,7,-2.590533333,-3.325593333
603,7,-2.561163889,-3.331415556
604,7,-2.531794444,-3.337237778
605,7,-2.502425,-3.34306
606,7,-2.473055556,-3.348882222
607,7,-2.443686111,-3.354704444
608,7,-2.414316667,-3.360526667
609,7,-2.384947222,-3.366348889
610,7,-2.355577778,-3.372171111
611,7,-2.326208333,-3.377993333
612,7,-2.296838889,-3.383815556
613,7,-2.267469444,-3.389637778
614,7,-2.2381,-3.39546
0,8,-20.9873,-0.860116
1,8,-20.947386,-0.85196876
2,8,-20.907472,-0.84382152
3,8,-20.867558,-0.83567428
4,8,-20.827644,-0.82752704
5,8,-20.78773,-0.8193798
6,8,-20.747816,-0.81123256
7,8,-20.707902,-0.80308532
8,8,-20.667988,-0.79493808
9,8,-20.628074,-0.78679084
10,8,-20.58816,-0.7786436
11,8,-20.548246,-0.77049636
12,8,-20.508332,-0.76234912
13,8,-20.468418,-0.75420188
14,8,-20.428504,-0.74605464
15,8,-20.38859,-0.7379074
16,8,-20.348676,-0.72976016
17,8,-20.308762,-0.72161292
18,8,-20.268848,-0.71346568
19,8,-20.228934,-0.70531844
20,8,-20.18902,-0.6971712
21,8,-20.149106,-0.68902396
22,8,-20.109192,-0.68087672
23,8,-20.069278,-0.67272948
24,8,-20.029364,-0.66458224
25,8,-19.98945,-0.656435
26,8,-19.949536,-0.64828776
27,8,-19.909622,-0.64014052
28,8,-19.869708,-0.63199328
29,8,-19.829794,-0.62384604
30,8,-19.78988,-0.6156988
31,8,-19.749966,-0.60755156
32,8,-19.710052,-0.59940432
33,8,-19.670138,-0.59125708
34,8,-19.630224,-0.58310984
35,8,-19.59031,-0.5749626
36,8,-19.550396,-0.56681536
37,8,-19.510482,-0.55866812
38,8,-19.470568,-0.55052088
39,8,-19.430654,-0.54237364
40,8,-19.39074,-0.5342264
41,8,-19.350826,-0.52607916
42,8,-19.310912,-0.51793192
43,8,-19.270998,-0.50978468
44,8,-19.231084,-0.50163744
45,8,-19.19117,-0.4934902
46,8,-19.151256,-0.48534296
47,8,-19.111342,-0.47719572
48,8,-19.071428,-0.46904848
49,8,-19.031514,-0.46090124
50,8,-18.9916,-0.452754
51,8,-18.9592087,-0.438451739
52,8,-18.92681739,-0.424149478
53,8,-18.89442609,-0.409847217
54,8,-18.86203478,-0.395544957
55,8,-18.82964348,-0.381242696
56,8,-18.79725217,-0.366940435
57,8,-18.76486087,-0.352638174
58,8,-18.73246957,-0.338335913
59,8,-18.70007826,-0.324033652
60,8,-18.66768696,-0.309731391
61,8,-18.63529565,-0.29542913
62,8,-18.60290435,-0.28112687
63,8,-18.57051304,-0.266824609
64,8,-18.53812174,-0.252522348
65,8,-18.50573043,-0.238220087
66,8,-18.47333913,-0.223917826
67,8,-18.44094783,-0.209615565
68,8,-18.40855652,-0.195313304
69,8,-18.37616522,-0.181011043
70,8,-18.34377391,-0.166708783
71,8,-18.31138261,-0.152406522
72,8,-18.2789913,-0.138104261
73,8,-18.2466,-0.123802
74,8,-18.2142087,-0.109499739
75,8,-18.18181739,-0.095197478
76,8,-18.14942609,-0.080895217
77,8,-18.11703478,-0.066592957
78,8,-18.08464348,-0.052290696
79,8,-18.05225217,-0.037988435
80,8,-18.01986087,-0.023686174
81,8,-17.98746957,-0.009383913
82,8,-17.95507826,0.004918348
83,8,-17.92268696,0.019220609
84,8,-17.89029565,0.03352287
85,8,-17.85790435,0.04782513
86,8,-17.82551304,0.062127391304347857
87,8,-17.79312174,0.076429652
88,8,-17.76073043,0.090731913
89,8,-17.72833913,0.1050341739130436
90,8,-17.69594783,0.1193364347826088
91,8,-17.66355652,0.133638696
92,8,-17.63116522,0.14794095652173922
93,8,-17.59877391,0.16224321739130443
94,8,-17.56638261,0.17654547826086964
95,8,-17.5339913,0.19084773913043485
96,8,-17.5016,0.20515000000000005
97,8,-17.487074,0.2056916
98,8,-17.472548,0.2062332
99,8,-17.458022,0.2067748
100,8,-17.443496,0.2073164
101,8,-17.42897,0.207858
102,8,-17.414444,0.2083996
103,8,-17.399918,0.2089412
104,8,-17.385392,0.2094828
105,8,-17.370866,0.2100244
106,8,-17.35634,0.210566
107,8,-17.341814,0.2111076
108,8,-17.327288,0.2116492
109,8,-17.312762,0.21219079999999998
110,8,-17.298236,0.2127324
111,8,-17.28371,0.213274
112,8,-17.269184,0.2138156
113,8,-17.254658,0.2143572
114,8,-17.240132,0.2148988
115,8,-17.225606,0.2154404
116,8,-17.21108,0.215982
117,8,-17.196554,0.21652359999999998
118,8,-17.182028,0.21706519999999999
119,8,-17.167502,0.2176068
120,8,-17.152976,0.2181484
121,8,-17.13845,0.21869
122,8,-17.123924,0.2192316
123,8,-17.109398,0.2197732
124,8,-17.094872,0.2203148
125,8,-17.080346,0.2208564
126,8,-17.06582,0.22139799999999998
127,8,-17.051294,0.2219396
128,8,-17.036768,0.2224812
129,8,-17.022242,0.2230228
130,8,-17.007716,0.2235644
131,8,-16.99319,0.224106
132,8,-16.978664,0.2246476
133,8,-16.964138,0.22518919999999998
134,8,-16.949612,0.22573079999999998
135,8,-16.935086,0.22627239999999998
136,8,-16.92056,0.226814
137,8,-16.906034,0.2273556
138,8,-16.891508,0.2278972
139,8,-16.876982,0.2284388
140,8,-16.862456,0.2289804
141,8,-16.84793,0.229522
142,8,-16.833404,0.23006359999999998
143,8,-16.818878,0.23060519999999998
144,8,-16.804352,0.23114679999999999
145,8,-16.789826,0.2316884
146,8,-16.7753,0.23223
147,8,-16.722958,0.22974492
148,8,-16.670616,0.22725984
149,8,-16.618274,0.22477476
150,8,-16.565932,0.22228968
151,8,-16.51359,0.2198046
152,8,-16.461248,0.21731952
153,8,-16.408906,0.21483444
154,8,-16.356564,0.21234936
155,8,-16.304222,0.20986428
156,8,-16.25188,0.20737919999999999
157,8,-16.199538,0.20489411999999999
158,8,-16.147196,0.20240903999999998
159,8,-16.094854,0.19992396
160,8,-16.042512,0.19743887999999998
161,8,-15.99017,0.1949538
162,8,-15.937828,0.19246871999999998
163,8,-15.885486,0.18998364
164,8,-15.833144,0.18749855999999998
165,8,-15.780802,0.18501348
166,8,-15.72846,0.18252839999999998
167,8,-15.676118,0.18004332
168,8,-15.623776,0.17755824
169,8,-15.571434,0.17507316
170,8,-15.519092,0.17258808
171,8,-15.46675,0.170103
172,8,-15.414408,0.16761792
173,8,-15.362066,0.16513284
174,8,-15.309724,0.16264776
175,8,-15.257382,0.16016268
176,8,-15.20504,0.1576776
177,8,-15.152698,0.15519252
178,8,-15.100356,0.15270744
179,8,-15.048014,0.15022236
180,8,-14.995672,0.14773728
181,8,-14.94333,0.1452522
182,8,-14.890988,0.14276712
183,8,-14.838646,0.14028204
184,8,-14.786304,0.13779696
185,8,-14.733962,0.13531188
186,8,-14.68162,0.1328268
187,8,-14.629278,0.13034172
188,8,-14.576936,0.12785664000000002
189,8,-14.524594,0.12537156
190,8,-14.472252,0.12288648
191,8,-14.41991,0.1204014
192,8,-14.367568,0.11791632
193,8,-14.315226,0.11543124
194,8,-14.262884,0.11294616
195,8,-14.210542,0.11046108
196,8,-14.1582,0.107976
197,8,-14.13366613,0.083740258
198,8,-14.10913226,0.059504516
199,8,-14.08459839,0.035268774
200,8,-14.06006452,0.011033032258064512
201,8,-14.03553065,-0.01320271
202,8,-14.01099677,-0.037438452
203,8,-13.9864629,-0.061674194
204,8,-13.96192903,-0.085909935
205,8,-13.93739516,-0.110145677
206,8,-13.91286129,-0.134381419
207,8,-13.88832742,-0.158617161
208,8,-13.86379355,-0.182852903
209,8,-13.83925968,-0.207088645
210,8,-13.81472581,-0.231324387
211,8,-13.79019194,-0.255560129
212,8,-13.76565806,-0.279795871
213,8,-13.74112419,-0.304031613
214,8,-13.71659032,-0.328267355
215,8,-13.69205645,-0.352503097
216,8,-13.66752258,-0.376738839
217,8,-13.64298871,-0.400974581
218,8,-13.61845484,-0.425210323
219,8,-13.59392097,-0.449446065
220,8,-13.5693871,-0.473681806
221,8,-13.54485323,-0.497917548
222,8,-13.52031935,-0.52215329
223,8,-13.49578548,-0.546389032
224,8,-13.47125161,-0.570624774
225,8,-13.44671774,-0.594860516
226,8,-13.42218387,-0.619096258
227,8,-13.39765,-0.643332
228,8,-13.37311613,-0.667567742
229,8,-13.34858226,-0.691803484
230,8,-13.32404839,-0.716039226
231,8,-13.29951452,-0.740274968
232,8,-13.27498065,-0.76451071
233,8,-13.25044677,-0.788746452
234,8,-13.2259129,-0.812982194
235,8,-13.20137903,-0.837217935
236,8,-13.17684516,-0.861453677
237,8,-13.15231129,-0.885689419
238,8,-13.12777742,-0.909925161
239,8,-13.10324355,-0.934160903
240,8,-13.07870968,-0.958396645
241,8,-13.05417581,-0.982632387
242,8,-13.02964194,-1.006868129
243,8,-13.00510806,-1.031103871
244,8,-12.98057419,-1.055339613
245,8,-12.95604032,-1.079575355
246,8,-12.93150645,-1.103811097
247,8,-12.90697258,-1.128046839
248,8,-12.88243871,-1.152282581
249,8,-12.85790484,-1.176518323
250,8,-12.83337097,-1.200754065
251,8,-12.8088371,-1.224989806
252,8,-12.78430323,-1.249225548
253,8,-12.75976935,-1.27346129
254,8,-12.73523548,-1.297697032
255,8,-12.71070161,-1.321932774
256,8,-12.68616774,-1.346168516
257,8,-12.66163387,-1.370404258
258,8,-12.6371,-1.39464
259,8,-12.6227,-1.423239583
260,8,-12.6083,-1.451839167
261,8,-12.5939,-1.48043875
262,8,-12.5795,-1.509038333
263,8,-12.5651,-1.537637917
264,8,-12.5507,-1.5662375
265,8,-12.5363,-1.594837083
266,8,-12.5219,-1.623436667
267,8,-12.5075,-1.65203625
268,8,-12.4931,-1.680635833
269,8,-12.4787,-1.709235417
270,8,-12.4643,-1.737835
271,8,-12.4499,-1.766434583
272,8,-12.4355,-1.795034167
273,8,-12.4211,-1.82363375
274,8,-12.4067,-1.852233333
275,8,-12.3923,-1.880832917
276,8,-12.3779,-1.9094325
277,8,-12.3635,-1.938032083
278,8,-12.3491,-1.966631667
279,8,-12.3347,-1.99523125
280,8,-12.3203,-2.023830833
281,8,-12.3059,-2.052430417
282,8,-12.2915,-2.08103
283,8,-12.26180357,-2.105933929
284,8,-12.23210714,-2.130837857
285,8,-12.20241071,-2.155741786
286,8,-12.17271429,-2.180645714
287,8,-12.14301786,-2.205549643
288,8,-12.11332143,-2.230453571
289,8,-12.083625,-2.2553575
290,8,-12.05392857,-2.280261429
291,8,-12.02423214,-2.305165357
292,8,-11.99453571,-2.330069286
293,8,-11.96483929,-2.354973214
294,8,-11.93514286,-2.379877143
295,8,-11.90544643,-2.404781071
296,8,-11.87575,-2.429685
297,8,-11.84605357,-2.454588929
298,8,-11.81635714,-2.479492857
299,8,-11.78666071,-2.504396786
300,8,-11.75696429,-2.529300714
301,8,-11.72726786,-2.554204643
302,8,-11.69757143,-2.579108571
303,8,-11.667875,-2.6040125
304,8,-11.63817857,-2.628916429
305,8,-11.60848214,-2.653820357
306,8,-11.57878571,-2.678724286
307,8,-11.54908929,-2.703628214
308,8,-11.51939286,-2.728532143
309,8,-11.48969643,-2.753436071
310,8,-11.46,-2.77834
311,8,-11.42216024,-2.788487317
312,8,-11.38432049,-2.798634634
313,8,-11.34648073,-2.808781951
314,8,-11.30864098,-2.818929268
315,8,-11.27080122,-2.829076585
316,8,-11.23296146,-2.839223902
317,8,-11.19512171,-2.84937122
318,8,-11.15728195,-2.859518537
319,8,-11.1194422,-2.869665854
320,8,-11.08160244,-2.879813171
321,8,-11.04376268,-2.889960488
322,8,-11.00592293,-2.900107805
323,8,-10.96808317,-2.910255122
324,8,-10.93024341,-2.920402439
325,8,-10.89240366,-2.930549756
326,8,-10.8545639,-2.940697073
327,8,-10.81672415,-2.95084439
328,8,-10.77888439,-2.960991707
329,8,-10.74104463,-2.971139024
330,8,-10.70320488,-2.981286341
331,8,-10.66536512,-2.991433659
332,8,-10.62752537,-3.001580976
333,8,-10.58968561,-3.011728293
334,8,-10.55184585,-3.02187561
335,8,-10.5140061,-3.032022927
336,8,-10.47616634,-3.042170244
337,8,-10.43832659,-3.052317561
338,8,-10.40048683,-3.062464878
339,8,-10.36264707,-3.072612195
340,8,-10.32480732,-3.082759512
341,8,-10.28696756,-3.092906829
342,8,-10.2491278,-3.103054146
343,8,-10.21128805,-3.113201463
344,8,-10.17344829,-3.12334878
345,8,-10.13560854,-3.133496098
346,8,-10.09776878,-3.143643415
347,8,-10.05992902,-3.153790732
348,8,-10.02208927,-3.163938049
349,8,-9.984249512,-3.174085366
350,8,-9.946409756,-3.184232683
351,8,-9.90857,-3.19438
352,8,-9.869145161,-3.191079032
353,8,-9.829720323,-3.187778065
354,8,-9.790295484,-3.184477097
355,8,-9.750870645,-3.181176129
356,8,-9.711445806,-3.177875161
357,8,-9.672020968,-3.174574194
358,8,-9.632596129,-3.171273226
359,8,-9.59317129,-3.167972258
360,8,-9.553746452,-3.16467129
361,8,-9.514321613,-3.161370323
362,8,-9.474896774,-3.158069355
363,8,-9.435471935,-3.154768387
364,8,-9.396047097,-3.151467419
365,8,-9.356622258,-3.148166452
366,8,-9.317197419,-3.144865484
367,8,-9.277772581,-3.141564516
368,8,-9.238347742,-3.138263548
369,8,-9.198922903,-3.134962581
370,8,-9.159498065,-3.131661613
371,8,-9.120073226,-3.128360645
372,8,-9.080648387,-3.125059677
373,8,-9.041223548,-3.12175871
374,8,-9.00179871,-3.118457742
375,8,-8.962373871,-3.115156774
376,8,-8.922949032,-3.111855806
377,8,-8.883524194,-3.108554839
378,8,-8.844099355,-3.105253871
379,8,-8.804674516,-3.101952903
380,8,-8.765249677,-3.098651935
381,8,-8.725824839,-3.095350968
382,8,-8.6864,-3.09205
383,8,-8.654355357,-3.093425
384,8,-8.622310714,-3.0948
385,8,-8.590266071,-3.096175
386,8,-8.558221429,-3.09755
387,8,-8.526176786,-3.098925
388,8,-8.494132143,-3.1003
389,8,-8.4620875,-3.101675
390,8,-8.430042857,-3.10305
391,8,-8.397998214,-3.104425
392,8,-8.365953571,-3.1058
393,8,-8.333908929,-3.107175
394,8,-8.301864286,-3.10855
395,8,-8.269819643,-3.109925
396,8,-8.237775,-3.1113
397,8,-8.205730357,-3.112675
398,8,-8.173685714,-3.11405
399,8,-8.141641071,-3.115425
400,8,-8.109596429,-3.1168
401,8,-8.077551786,-3.118175
402,8,-8.045507143,-3.11955
403,8,-8.0134625,-3.120925
404,8,-7.981417857,-3.1223
405,8,-7.949373214,-3.123675
406,8,-7.917328571,-3.12505
407,8,-7.885283929,-3.126425
408,8,-7.853239286,-3.1278
409,8,-7.821194643,-3.129175
410,8,-7.78915,-3.13055
411,8,-7.754427458,-3.125830339
412,8,-7.719704915,-3.121110678
413,8,-7.684982373,-3.116391017
414,8,-7.650259831,-3.111671356
415,8,-7.615537288,-3.106951695
416,8,-7.580814746,-3.102232034
417,8,-7.546092203,-3.097512373
418,8,-7.511369661,-3.092792712
419,8,-7.476647119,-3.088073051
420,8,-7.441924576,-3.08335339
421,8,-7.407202034,-3.078633729
422,8,-7.372479492,-3.073914068
423,8,-7.337756949,-3.069194407
424,8,-7.303034407,-3.064474746
425,8,-7.268311864,-3.059755085
426,8,-7.233589322,-3.055035424
427,8,-7.19886678,-3.050315763
428,8,-7.164144237,-3.045596102
429,8,-7.129421695,-3.040876441
430,8,-7.094699153,-3.03615678
431,8,-7.05997661,-3.031437119
432,8,-7.025254068,-3.026717458
433,8,-6.990531525,-3.021997797
434,8,-6.955808983,-3.017278136
435,8,-6.921086441,-3.012558475
436,8,-6.886363898,-3.007838814
437,8,-6.851641356,-3.003119153
438,8,-6.816918814,-2.998399492
439,8,-6.782196271,-2.993679831
440,8,-6.747473729,-2.988960169
441,8,-6.712751186,-2.984240508
442,8,-6.678028644,-2.979520847
443,8,-6.643306102,-2.974801186
444,8,-6.608583559,-2.970081525
445,8,-6.573861017,-2.965361864
446,8,-6.539138475,-2.960642203
447,8,-6.504415932,-2.955922542
448,8,-6.46969339,-2.951202881
449,8,-6.434970847,-2.94648322
450,8,-6.400248305,-2.941763559
451,8,-6.365525763,-2.937043898
452,8,-6.33080322,-2.932324237
453,8,-6.296080678,-2.927604576
454,8,-6.261358136,-2.922884915
455,8,-6.226635593,-2.918165254
456,8,-6.191913051,-2.913445593
457,8,-6.157190508,-2.908725932
458,8,-6.122467966,-2.904006271
459,8,-6.087745424,-2.89928661
460,8,-6.053022881,-2.894566949
461,8,-6.018300339,-2.889847288
462,8,-5.983577797,-2.885127627
463,8,-5.948855254,-2.880407966
464,8,-5.914132712,-2.875688305
465,8,-5.879410169,-2.870968644
466,8,-5.844687627,-2.866248983
467,8,-5.809965085,-2.861529322
468,8,-5.775242542,-2.856809661
469,8,-5.74052,-2.85209
470,8,-5.713103878,-2.857804082
471,8,-5.685687755,-2.863518163
472,8,-5.658271633,-2.869232245
473,8,-5.63085551,-2.874946327
474,8,-5.603439388,-2.880660408
475,8,-5.576023265,-2.88637449
476,8,-5.548607143,-2.892088571
477,8,-5.52119102,-2.897802653
478,8,-5.493774898,-2.903516735
479,8,-5.466358776,-2.909230816
480,8,-5.438942653,-2.914944898
481,8,-5.411526531,-2.92065898
482,8,-5.384110408,-2.926373061
483,8,-5.356694286,-2.932087143
484,8,-5.329278163,-2.937801224
485,8,-5.301862041,-2.943515306
486,8,-5.274445918,-2.949229388
487,8,-5.247029796,-2.954943469
488,8,-5.219613673,-2.960657551
489,8,-5.192197551,-2.966371633
490,8,-5.164781429,-2.972085714
491,8,-5.137365306,-2.977799796
492,8,-5.109949184,-2.983513878
493,8,-5.082533061,-2.989227959
494,8,-5.055116939,-2.994942041
495,8,-5.027700816,-3.000656122
496,8,-5.000284694,-3.006370204
497,8,-4.972868571,-3.012084286
498,8,-4.945452449,-3.017798367
499,8,-4.918036327,-3.023512449
500,8,-4.890620204,-3.029226531
501,8,-4.863204082,-3.034940612
502,8,-4.835787959,-3.040654694
503,8,-4.808371837,-3.046368776
504,8,-4.780955714,-3.052082857
505,8,-4.753539592,-3.057796939
506,8,-4.726123469,-3.06351102
507,8,-4.698707347,-3.069225102
508,8,-4.671291224,-3.074939184
509,8,-4.643875102,-3.080653265
510,8,-4.61645898,-3.086367347
511,8,-4.589042857,-3.092081429
512,8,-4.561626735,-3.09779551
513,8,-4.534210612,-3.103509592
514,8,-4.50679449,-3.109223673
515,8,-4.479378367,-3.114937755
516,8,-4.451962245,-3.120651837
517,8,-4.424546122,-3.126365918
518,8,-4.39713,-3.13208
519,8,-4.363072727,-3.135187273
520,8,-4.329015455,-3.138294545
521,8,-4.294958182,-3.141401818
522,8,-4.260900909,-3.144509091
523,8,-4.226843636,-3.147616364
524,8,-4.192786364,-3.150723636
525,8,-4.158729091,-3.153830909
526,8,-4.124671818,-3.156938182
527,8,-4.090614545,-3.160045455
528,8,-4.056557273,-3.163152727
529,8,-4.0225,-3.16626
530,8,-3.988442727,-3.169367273
531,8,-3.954385455,-3.172474545
532,8,-3.920328182,-3.175581818
533,8,-3.886270909,-3.178689091
534,8,-3.852213636,-3.181796364
535,8,-3.818156364,-3.184903636
536,8,-3.784099091,-3.188010909
537,8,-3.750041818,-3.191118182
538,8,-3.715984545,-3.194225455
539,8,-3.681927273,-3.197332727
540,8,-3.64787,-3.20044
541,8,-3.619061613,-3.20247871
542,8,-3.590253226,-3.204517419
543,8,-3.561444839,-3.206556129
544,8,-3.532636452,-3.208594839
545,8,-3.503828065,-3.210633548
546,8,-3.475019677,-3.212672258
547,8,-3.44621129,-3.214710968
548,8,-3.417402903,-3.216749677
549,8,-3.388594516,-3.218788387
550,8,-3.359786129,-3.220827097
551,8,-3.330977742,-3.222865806
552,8,-3.302169355,-3.224904516
553,8,-3.273360968,-3.226943226
554,8,-3.244552581,-3.228981935
555,8,-3.215744194,-3.231020645
556,8,-3.186935806,-3.233059355
557,8,-3.158127419,-3.235098065
558,8,-3.129319032,-3.237136774
559,8,-3.100510645,-3.239175484
560,8,-3.071702258,-3.241214194
561,8,-3.042893871,-3.243252903
562,8,-3.014085484,-3.245291613
563,8,-2.985277097,-3.247330323
564,8,-2.95646871,-3.249369032
565,8,-2.927660323,-3.251407742
566,8,-2.898851935,-3.253446452
567,8,-2.870043548,-3.255485161
568,8,-2.841235161,-3.257523871
569,8,-2.812426774,-3.259562581
570,8,-2.783618387,-3.26160129
571,8,-2.75481,-3.26364
572,8,-2.730443929,-3.275886071
573,8,-2.706077857,-3.288132143
574,8,-2.681711786,-3.300378214
575,8,-2.657345714,-3.312624286
576,8,-2.632979643,-3.324870357
577,8,-2.608613571,-3.337116429
578,8,-2.5842475,-3.3493625
579,8,-2.559881429,-3.361608571
580,8,-2.535515357,-3.373854643
581,8,-2.511149286,-3.386100714
582,8,-2.486783214,-3.398346786
583,8,-2.462417143,-3.410592857
584,8,-2.438051071,-3.422838929
585,8,-2.413685,-3.435085
586,8,-2.389318929,-3.447331071
587,8,-2.364952857,-3.459577143
588,8,-2.340586786,-3.471823214
589,8,-2.316220714,-3.484069286
590,8,-2.291854643,-3.496315357
591,8,-2.267488571,-3.508561429
592,8,-2.2431225,-3.5208075
593,8,-2.218756429,-3.533053571
594,8,-2.194390357,-3.545299643
595,8,-2.170024286,-3.557545714
596,8,-2.145658214,-3.569791786
597,8,-2.121292143,-3.582037857
598,8,-2.096926071,-3.594283929
599,8,-2.07256,-3.60653
0,9,-22.0692,-0.652131
1,9,-22.03262568,-0.643077924
2,9,-21.99605135,-0.634024849
3,9,-21.95947703,-0.624971773
4,9,-21.9229027,-0.615918697
5,9,-21.88632838,-0.606865622
6,9,-21.84975405,-0.597812546
7,9,-21.81317973,-0.58875947
8,9,-21.77660541,-0.579706395
9,9,-21.74003108,-0.570653319
10,9,-21.70345676,-0.561600243
11,9,-21.66688243,-0.552547168
12,9,-21.63030811,-0.543494092
13,9,-21.59373378,-0.534441016
14,9,-21.55715946,-0.525387941
15,9,-21.52058514,-0.516334865
16,9,-21.48401081,-0.507281789
17,9,-21.44743649,-0.498228714
18,9,-21.41086216,-0.489175638
19,9,-21.37428784,-0.480122562
20,9,-21.33771351,-0.471069486
21,9,-21.30113919,-0.462016411
22,9,-21.26456486,-0.452963335
23,9,-21.22799054,-0.443910259
24,9,-21.19141622,-0.434857184
25,9,-21.15484189,-0.425804108
26,9,-21.11826757,-0.416751032
27,9,-21.08169324,-0.407697957
28,9,-21.04511892,-0.398644881
29,9,-21.00854459,-0.389591805
30,9,-20.97197027,-0.38053873
31,9,-20.93539595,-0.371485654
32,9,-20.89882162,-0.362432578
33,9,-20.8622473,-0.353379503
34,9,-20.82567297,-0.344326427
35,9,-20.78909865,-0.335273351
36,9,-20.75252432,-0.326220276
37,9,-20.71595,-0.3171672
38,9,-20.67937568,-0.308114124
39,9,-20.64280135,-0.299061049
40,9,-20.60622703,-0.290007973
41,9,-20.5696527,-0.280954897
42,9,-20.53307838,-0.271901822
43,9,-20.49650405,-0.262848746
44,9,-20.45992973,-0.25379567
45,9,-20.42335541,-0.244742595
46,9,-20.38678108,-0.235689519
47,9,-20.35020676,-0.226636443
48,9,-20.31363243,-0.217583368
49,9,-20.27705811,-0.208530292
50,9,-20.24048378,-0.199477216
51,9,-20.20390946,-0.190424141
52,9,-20.16733514,-0.181371065
53,9,-20.13076081,-0.172317989
54,9,-20.09418649,-0.163264914
55,9,-20.05761216,-0.154211838
56,9,-20.02103784,-0.145158762
57,9,-19.98446351,-0.136105686
58,9,-19.94788919,-0.127052611
59,9,-19.91131486,-0.117999535
60,9,-19.87474054,-0.108946459
61,9,-19.83816622,-0.099893384
62,9,-19.80159189,-0.090840308
63,9,-19.76501757,-0.081787232
64,9,-19.72844324,-0.072734157
65,9,-19.69186892,-0.063681081
66,9,-19.65529459,-0.054628005
67,9,-19.61872027,-0.04557493
68,9,-19.58214595,-0.036521854
69,9,-19.54557162,-0.027468778
70,9,-19.5089973,-0.018415703
71,9,-19.47242297,-0.009362627
72,9,-19.43584865,-0.000309551
73,9,-19.39927432,0.008743524
74,9,-19.3627,0.0177966
75,9,-19.33313718,0.014610476923076921
76,9,-19.30357436,0.011424353846153845
77,9,-19.27401154,0.008238231
78,9,-19.24444872,0.005052108
79,9,-19.2148859,0.001865985
80,9,-19.18532308,-0.001320138
81,9,-19.15576026,-0.004506262
82,9,-19.12619744,-0.007692385
83,9,-19.09663462,-0.010878508
84,9,-19.06707179,-0.014064631
85,9,-19.03750897,-0.017250754
86,9,-19.00794615,-0.020436877
87,9,-18.97838333,-0.023623
88,9,-18.94882051,-0.026809123
89,9,-18.91925769,-0.029995246
90,9,-18.88969487,-0.033181369
91,9,-18.86013205,-0.036367492
92,9,-18.83056923,-0.039553615
93,9,-18.80100641,-0.042739738
94,9,-18.77144359,-0.045925862
95,9,-18.74188077,-0.049111985
96,9,-18.71231795,-0.052298108
97,9,-18.68275513,-0.055484231
98,9,-18.65319231,-0.058670354
99,9,-18.62362949,-0.061856477
100,9,-18.59406667,-0.0650426
101,9,-18.56450385,-0.068228723
102,9,-18.53494103,-0.071414846
103,9,-18.50537821,-0.074600969
104,9,-18.47581538,-0.077787092
105,9,-18.44625256,-0.080973215
106,9,-18.41668974,-0.084159338
107,9,-18.38712692,-0.087345462
108,9,-18.3575641,-0.090531585
109,9,-18.32800128,-0.093717708
110,9,-18.29843846,-0.096903831
111,9,-18.26887564,-0.100089954
112,9,-18.23931282,-0.103276077
113,9,-18.20975,-0.1064622
114,9,-18.18018718,-0.109648323
115,9,-18.15062436,-0.112834446
116,9,-18.12106154,-0.116020569
117,9,-18.09149872,-0.119206692
118,9,-18.0619359,-0.122392815
119,9,-18.03237308,-0.125578938
120,9,-18.00281026,-0.128765062
121,9,-17.97324744,-0.131951185
122,9,-17.94368462,-0.135137308
123,9,-17.91412179,-0.138323431
124,9,-17.88455897,-0.141509554
125,9,-17.85499615,-0.144695677
126,9,-17.82543333,-0.1478818
127,9,-17.79587051,-0.151067923
128,9,-17.76630769,-0.154254046
129,9,-17.73674487,-0.157440169
130,9,-17.70718205,-0.160626292
131,9,-17.67761923,-0.163812415
132,9,-17.64805641,-0.166998538
133,9,-17.61849359,-0.170184662
134,9,-17.58893077,-0.173370785
135,9,-17.55936795,-0.176556908
136,9,-17.52980513,-0.179743031
137,9,-17.50024231,-0.182929154
138,9,-17.47067949,-0.186115277
139,9,-17.44111667,-0.1893014
140,9,-17.41155385,-0.192487523
141,9,-17.38199103,-0.195673646
142,9,-17.35242821,-0.198859769
143,9,-17.32286538,-0.202045892
144,9,-17.29330256,-0.205232015
145,9,-17.26373974,-0.208418138
146,9,-17.23417692,-0.211604262
147,9,-17.2046141,-0.214790385
148,9,-17.17505128,-0.217976508
149,9,-17.14548846,-0.221162631
150,9,-17.11592564,-0.224348754
151,9,-17.08636282,-0.227534877
152,9,-17.0568,-0.230721
153,9,-17.033,-0.258173975
154,9,-17.0092,-0.28562695
155,9,-16.9854,-0.313079925
156,9,-16.9616,-0.3405329
157,9,-16.9378,-0.367985875
158,9,-16.914,-0.39543885
159,9,-16.8902,-0.422891825
160,9,-16.8664,-0.4503448
161,9,-16.8426,-0.477797775
162,9,-16.8188,-0.50525075
163,9,-16.795,-0.532703725
164,9,-16.7712,-0.5601567
165,9,-16.7474,-0.587609675
166,9,-16.7236,-0.61506265
167,9,-16.6998,-0.642515625
168,9,-16.676,-0.6699686
169,9,-16.6522,-0.697421575
170,9,-16.6284,-0.72487455
171,9,-16.6046,-0.752327525
172,9,-16.5808,-0.7797805
173,9,-16.557,-0.807233475
174,9,-16.5332,-0.83468645
175,9,-16.5094,-0.862139425
176,9,-16.4856,-0.8895924
177,9,-16.4618,-0.917045375
178,9,-16.438,-0.94449835
179,9,-16.4142,-0.971951325
180,9,-16.3904,-0.9994043
181,9,-16.3666,-1.026857275
182,9,-16.3428,-1.05431025
183,9,-16.319,-1.081763225
184,9,-16.2952,-1.1092162
185,9,-16.2714,-1.136669175
186,9,-16.2476,-1.16412215
187,9,-16.2238,-1.191575125
188,9,-16.2,-1.2190281
189,9,-16.1762,-1.246481075
190,9,-16.1524,-1.27393405
191,9,-16.1286,-1.301387025
192,9,-16.1048,-1.32884
193,9,-16.08121064,-1.362449787
194,9,-16.05762128,-1.396059574
195,9,-16.03403191,-1.429669362
196,9,-16.01044255,-1.463279149
197,9,-15.98685319,-1.496888936
198,9,-15.96326383,-1.530498723
199,9,-15.93967447,-1.564108511
200,9,-15.91608511,-1.597718298
201,9,-15.89249574,-1.631328085
202,9,-15.86890638,-1.664937872
203,9,-15.84531702,-1.69854766
204,9,-15.82172766,-1.732157447
205,9,-15.7981383,-1.765767234
206,9,-15.77454894,-1.799377021
207,9,-15.75095957,-1.832986809
208,9,-15.72737021,-1.866596596
209,9,-15.70378085,-1.900206383
210,9,-15.68019149,-1.93381617
211,9,-15.65660213,-1.967425957
212,9,-15.63301277,-2.001035745
213,9,-15.6094234,-2.034645532
214,9,-15.58583404,-2.068255319
215,9,-15.56224468,-2.101865106
216,9,-15.53865532,-2.135474894
217,9,-15.51506596,-2.169084681
218,9,-15.4914766,-2.202694468
219,9,-15.46788723,-2.236304255
220,9,-15.44429787,-2.269914043
221,9,-15.42070851,-2.30352383
222,9,-15.39711915,-2.337133617
223,9,-15.37352979,-2.370743404
224,9,-15.34994043,-2.404353191
225,9,-15.32635106,-2.437962979
226,9,-15.3027617,-2.471572766
227,9,-15.27917234,-2.505182553
228,9,-15.25558298,-2.53879234
229,9,-15.23199362,-2.572402128
230,9,-15.20840426,-2.606011915
231,9,-15.18481489,-2.639621702
232,9,-15.16122553,-2.673231489
233,9,-15.13763617,-2.706841277
234,9,-15.11404681,-2.740451064
235,9,-15.09045745,-2.774060851
236,9,-15.06686809,-2.807670638
237,9,-15.04327872,-2.841280426
238,9,-15.01968936,-2.874890213
239,9,-14.9961,-2.9085
240,9,-14.94964839,-2.926486129
241,9,-14.90319677,-2.944472258
242,9,-14.85674516,-2.962458387
243,9,-14.81029355,-2.980444516
244,9,-14.76384194,-2.998430645
245,9,-14.71739032,-3.016416774
246,9,-14.67093871,-3.034402903
247,9,-14.6244871,-3.052389032
248,9,-14.57803548,-3.070375161
249,9,-14.53158387,-3.08836129
250,9,-14.48513226,-3.106347419
251,9,-14.43868065,-3.124333548
252,9,-14.39222903,-3.142319677
253,9,-14.34577742,-3.160305806
254,9,-14.29932581,-3.178291935
255,9,-14.25287419,-3.196278065
256,9,-14.20642258,-3.214264194
257,9,-14.15997097,-3.232250323
258,9,-14.11351935,-3.250236452
259,9,-14.06706774,-3.268222581
260,9,-14.02061613,-3.28620871
261,9,-13.97416452,-3.304194839
262,9,-13.9277129,-3.322180968
263,9,-13.88126129,-3.340167097
264,9,-13.83480968,-3.358153226
265,9,-13.78835806,-3.376139355
266,9,-13.74190645,-3.394125484
267,9,-13.69545484,-3.412111613
268,9,-13.64900323,-3.430097742
269,9,-13.60255161,-3.448083871
270,9,-13.5561,-3.46607
271,9,-13.5271625,-3.48253175
272,9,-13.498225,-3.4989935
273,9,-13.4692875,-3.51545525
274,9,-13.44035,-3.531917
275,9,-13.4114125,-3.54837875
276,9,-13.382475,-3.5648405
277,9,-13.3535375,-3.58130225
278,9,-13.3246,-3.597764
279,9,-13.2956625,-3.61422575
280,9,-13.266725,-3.6306875
281,9,-13.2377875,-3.64714925
282,9,-13.20885,-3.663611
283,9,-13.1799125,-3.68007275
284,9,-13.150975,-3.6965345
285,9,-13.1220375,-3.71299625
286,9,-13.0931,-3.729458
287,9,-13.0641625,-3.74591975
288,9,-13.035225,-3.7623815
289,9,-13.0062875,-3.77884325
290,9,-12.97735,-3.795305
291,9,-12.9484125,-3.81176675
292,9,-12.919475,-3.8282285
293,9,-12.8905375,-3.84469025
294,9,-12.8616,-3.861152
295,9,-12.8326625,-3.87761375
296,9,-12.803725,-3.8940755
297,9,-12.7747875,-3.91053725
298,9,-12.74585,-3.926999
299,9,-12.7169125,-3.94346075
300,9,-12.687975,-3.9599225
301,9,-12.6590375,-3.97638425
302,9,-12.6301,-3.992846
303,9,-12.6011625,-4.00930775
304,9,-12.572225,-4.0257695
305,9,-12.5432875,-4.04223125
306,9,-12.51435,-4.058693
307,9,-12.4854125,-4.07515475
308,9,-12.456475,-4.0916165
309,9,-12.4275375,-4.10807825
310,9,-12.3986,-4.12454
311,9,-12.35754318,-4.120761136
312,9,-12.31648636,-4.116982273
313,9,-12.27542955,-4.113203409
314,9,-12.23437273,-4.109424545
315,9,-12.19331591,-4.105645682
316,9,-12.15225909,-4.101866818
317,9,-12.11120227,-4.098087955
318,9,-12.07014545,-4.094309091
319,9,-12.02908864,-4.090530227
320,9,-11.98803182,-4.086751364
321,9,-11.946975,-4.0829725
322,9,-11.90591818,-4.079193636
323,9,-11.86486136,-4.075414773
324,9,-11.82380455,-4.071635909
325,9,-11.78274773,-4.067857045
326,9,-11.74169091,-4.064078182
327,9,-11.70063409,-4.060299318
328,9,-11.65957727,-4.056520455
329,9,-11.61852045,-4.052741591
330,9,-11.57746364,-4.048962727
331,9,-11.53640682,-4.045183864
332,9,-11.49535,-4.041405
333,9,-11.45429318,-4.037626136
334,9,-11.41323636,-4.033847273
335,9,-11.37217955,-4.030068409
336,9,-11.33112273,-4.026289545
337,9,-11.29006591,-4.022510682
338,9,-11.24900909,-4.018731818
339,9,-11.20795227,-4.014952955
340,9,-11.16689545,-4.011174091
341,9,-11.12583864,-4.007395227
342,9,-11.08478182,-4.003616364
343,9,-11.043725,-3.9998375
344,9,-11.00266818,-3.996058636
345,9,-10.96161136,-3.992279773
346,9,-10.92055455,-3.988500909
347,9,-10.87949773,-3.984722045
348,9,-10.83844091,-3.980943182
349,9,-10.79738409,-3.977164318
350,9,-10.75632727,-3.973385455
351,9,-10.71527045,-3.969606591
352,9,-10.67421364,-3.965827727
353,9,-10.63315682,-3.962048864
354,9,-10.5921,-3.95827
355,9,-10.56138457,-3.959109238
356,9,-10.53066914,-3.959948476
357,9,-10.49995371,-3.960787714
358,9,-10.46923829,-3.961626952
359,9,-10.43852286,-3.96246619
360,9,-10.40780743,-3.963305429
361,9,-10.377092,-3.964144667
362,9,-10.34637657,-3.964983905
363,9,-10.31566114,-3.965823143
364,9,-10.28494571,-3.966662381
365,9,-10.25423029,-3.967501619
366,9,-10.22351486,-3.968340857
367,9,-10.19279943,-3.969180095
368,9,-10.162084,-3.970019333
369,9,-10.13136857,-3.970858571
370,9,-10.10065314,-3.97169781
371,9,-10.06993771,-3.972537048
372,9,-10.03922229,-3.973376286
373,9,-10.00850686,-3.974215524
374,9,-9.977791429,-3.975054762
375,9,-9.947076,-3.975894
376,9,-9.916360571,-3.976733238
377,9,-9.885645143,-3.977572476
378,9,-9.854929714,-3.978411714
379,9,-9.824214286,-3.979250952
380,9,-9.793498857,-3.98009019
381,9,-9.762783429,-3.980929429
382,9,-9.732068,-3.981768667
383,9,-9.701352571,-3.982607905
384,9,-9.670637143,-3.983447143
385,9,-9.639921714,-3.984286381
386,9,-9.609206286,-3.985125619
387,9,-9.578490857,-3.985964857
388,9,-9.547775429,-3.986804095
389,9,-9.51706,-3.987643333
390,9,-9.486344571,-3.988482571
391,9,-9.455629143,-3.98932181
392,9,-9.424913714,-3.990161048
393,9,-9.394198286,-3.991000286
394,9,-9.363482857,-3.991839524
395,9,-9.332767429,-3.992678762
396,9,-9.302052,-3.993518
397,9,-9.271336571,-3.994357238
398,9,-9.240621143,-3.995196476
399,9,-9.209905714,-3.996035714
400,9,-9.179190286,-3.996874952
401,9,-9.148474857,-3.99771419
402,9,-9.117759429,-3.998553429
403,9,-9.087044,-3.999392667
404,9,-9.056328571,-4.000231905
405,9,-9.025613143,-4.001071143
406,9,-8.994897714,-4.001910381
407,9,-8.964182286,-4.002749619
408,9,-8.933466857,-4.003588857
409,9,-8.902751429,-4.004428095
410,9,-8.872036,-4.005267333
411,9,-8.841320571,-4.006106571
412,9,-8.810605143,-4.00694581
413,9,-8.779889714,-4.007785048
414,9,-8.749174286,-4.008624286
415,9,-8.718458857,-4.009463524
416,9,-8.687743429,-4.010302762
417,9,-8.657028,-4.011142
418,9,-8.626312571,-4.011981238
419,9,-8.595597143,-4.012820476
420,9,-8.564881714,-4.013659714
421,9,-8.534166286,-4.014498952
422,9,-8.503450857,-4.01533819
423,9,-8.472735429,-4.016177429
424,9,-8.44202,-4.017016667
425,9,-8.411304571,-4.017855905
426,9,-8.380589143,-4.018695143
427,9,-8.349873714,-4.019534381
428,9,-8.319158286,-4.020373619
429,9,-8.288442857,-4.021212857
430,9,-8.257727429,-4.022052095
431,9,-8.227012,-4.022891333
432,9,-8.196296571,-4.023730571
433,9,-8.165581143,-4.02456981
434,9,-8.134865714,-4.025409048
435,9,-8.104150286,-4.026248286
436,9,-8.073434857,-4.027087524
437,9,-8.042719429,-4.027926762
438,9,-8.012004,-4.028766
439,9,-7.981288571,-4.029605238
440,9,-7.950573143,-4.030444476
441,9,-7.919857714,-4.031283714
442,9,-7.889142286,-4.032122952
443,9,-7.858426857,-4.03296219
444,9,-7.827711429,-4.033801429
445,9,-7.796996,-4.034640667
446,9,-7.766280571,-4.035479905
447,9,-7.735565143,-4.036319143
448,9,-7.704849714,-4.037158381
449,9,-7.674134286,-4.037997619
450,9,-7.643418857,-4.038836857
451,9,-7.612703429,-4.039676095
452,9,-7.581988,-4.040515333
453,9,-7.551272571,-4.041354571
454,9,-7.520557143,-4.04219381
455,9,-7.489841714,-4.043033048
456,9,-7.459126286,-4.043872286
457,9,-7.428410857,-4.044711524
458,9,-7.397695429,-4.045550762
459,9,-7.36698,-4.04639
460,9,-7.33737,-4.047500851
461,9,-7.30776,-4.048611702
462,9,-7.27815,-4.049722553
463,9,-7.24854,-4.050833404
464,9,-7.21893,-4.051944255
465,9,-7.18932,-4.053055106
466,9,-7.15971,-4.054165957
467,9,-7.1301,-4.055276809
468,9,-7.10049,-4.05638766
469,9,-7.07088,-4.057498511
470,9,-7.04127,-4.058609362
471,9,-7.01166,-4.059720213
472,9,-6.98205,-4.060831064
473,9,-6.95244,-4.061941915
474,9,-6.92283,-4.063052766
475,9,-6.89322,-4.064163617
476,9,-6.86361,-4.065274468
477,9,-6.834,-4.066385319
478,9,-6.80439,-4.06749617
479,9,-6.77478,-4.068607021
480,9,-6.74517,-4.069717872
481,9,-6.71556,-4.070828723
482,9,-6.68595,-4.071939574
483,9,-6.65634,-4.073050426
484,9,-6.62673,-4.074161277
485,9,-6.59712,-4.075272128
486,9,-6.56751,-4.076382979
487,9,-6.5379,-4.07749383
488,9,-6.50829,-4.078604681
489,9,-6.47868,-4.079715532
490,9,-6.44907,-4.080826383
491,9,-6.41946,-4.081937234
492,9,-6.38985,-4.083048085
493,9,-6.36024,-4.084158936
494,9,-6.33063,-4.085269787
495,9,-6.30102,-4.086380638
496,9,-6.27141,-4.087491489
497,9,-6.2418,-4.08860234
498,9,-6.21219,-4.089713191
499,9,-6.18258,-4.090824043
500,9,-6.15297,-4.091934894
501,9,-6.12336,-4.093045745
502,9,-6.09375,-4.094156596
503,9,-6.06414,-4.095267447
504,9,-6.03453,-4.096378298
505,9,-6.00492,-4.097489149
506,9,-5.97531,-4.0986
507,9,-5.939654884,-4.09295907
508,9,-5.903999767,-4.08731814
509,9,-5.868344651,-4.081677209
510,9,-5.832689535,-4.076036279
511,9,-5.797034419,-4.070395349
512,9,-5.761379302,-4.064754419
513,9,-5.725724186,-4.059113488
514,9,-5.69006907,-4.053472558
515,9,-5.654413953,-4.047831628
516,9,-5.618758837,-4.042190698
517,9,-5.583103721,-4.036549767
518,9,-5.547448605,-4.030908837
519,9,-5.511793488,-4.025267907
520,9,-5.476138372,-4.019626977
521,9,-5.440483256,-4.013986047
522,9,-5.40482814,-4.008345116
523,9,-5.369173023,-4.002704186
524,9,-5.333517907,-3.997063256
525,9,-5.297862791,-3.991422326
526,9,-5.262207674,-3.985781395
527,9,-5.226552558,-3.980140465
528,9,-5.190897442,-3.974499535
529,9,-5.155242326,-3.968858605
530,9,-5.119587209,-3.963217674
531,9,-5.083932093,-3.957576744
532,9,-5.048276977,-3.951935814
533,9,-5.01262186,-3.946294884
534,9,-4.976966744,-3.940653953
535,9,-4.941311628,-3.935013023
536,9,-4.905656512,-3.929372093
537,9,-4.870001395,-3.923731163
538,9,-4.834346279,-3.918090233
539,9,-4.798691163,-3.912449302
540,9,-4.763036047,-3.906808372
541,9,-4.72738093,-3.901167442
542,9,-4.691725814,-3.895526512
543,9,-4.656070698,-3.889885581
544,9,-4.620415581,-3.884244651
545,9,-4.584760465,-3.878603721
546,9,-4.549105349,-3.872962791
547,9,-4.513450233,-3.86732186
548,9,-4.477795116,-3.86168093
549,9,-4.44214,-3.85604
550,9,-4.413042895,-3.859114474
551,9,-4.383945789,-3.862188947
552,9,-4.354848684,-3.865263421
553,9,-4.325751579,-3.868337895
554,9,-4.296654474,-3.871412368
555,9,-4.267557368,-3.874486842
556,9,-4.238460263,-3.877561316
557,9,-4.209363158,-3.880635789
558,9,-4.180266053,-3.883710263
559,9,-4.151168947,-3.886784737
560,9,-4.122071842,-3.889859211
561,9,-4.092974737,-3.892933684
562,9,-4.063877632,-3.896008158
563,9,-4.034780526,-3.899082632
564,9,-4.005683421,-3.902157105
565,9,-3.976586316,-3.905231579
566,9,-3.947489211,-3.908306053
567,9,-3.918392105,-3.911380526
568,9,-3.889295,-3.914455
569,9,-3.860197895,-3.917529474
570,9,-3.831100789,-3.920603947
571,9,-3.802003684,-3.923678421
572,9,-3.772906579,-3.926752895
573,9,-3.743809474,-3.929827368
574,9,-3.714712368,-3.932901842
575,9,-3.685615263,-3.935976316
576,9,-3.656518158,-3.939050789
577,9,-3.627421053,-3.942125263
578,9,-3.598323947,-3.945199737
579,9,-3.569226842,-3.948274211
580,9,-3.540129737,-3.951348684
581,9,-3.511032632,-3.954423158
582,9,-3.481935526,-3.957497632
583,9,-3.452838421,-3.960572105
584,9,-3.423741316,-3.963646579
585,9,-3.394644211,-3.966721053
586,9,-3.365547105,-3.969795526
587,9,-3.33645,-3.97287
588,9,-3.306865882,-3.973636471
589,9,-3.277281765,-3.974402941
590,9,-3.247697647,-3.975169412
591,9,-3.218113529,-3.975935882
592,9,-3.188529412,-3.976702353
593,9,-3.158945294,-3.977468824
594,9,-3.129361176,-3.978235294
595,9,-3.099777059,-3.979001765
596,9,-3.070192941,-3.979768235
597,9,-3.040608824,-3.980534706
598,9,-3.011024706,-3.981301176
599,9,-2.981440588,-3.982067647
600,9,-2.951856471,-3.982834118
601,9,-2.922272353,-3.983600588
602,9,-2.892688235,-3.984367059
603,9,-2.863104118,-3.985133529
604,9,-2.83352,-3.9859
605,9,-2.803935882,-3.986666471
606,9,-2.774351765,-3.987432941
607,9,-2.744767647,-3.988199412
608,9,-2.715183529,-3.988965882
609,9,-2.685599412,-3.989732353
610,9,-2.656015294,-3.990498824
611,9,-2.626431176,-3.991265294
612,9,-2.596847059,-3.992031765
613,9,-2.567262941,-3.992798235
614,9,-2.537678824,-3.993564706
615,9,-2.508094706,-3.994331176
616,9,-2.478510588,-3.995097647
617,9,-2.448926471,-3.995864118
618,9,-2.419342353,-3.996630588
619,9,-2.389758235,-3.997397059
620,9,-2.360174118,-3.998163529
621,9,-2.33059,-3.99893
0,10,-22.5012,-3.80351
1,10,-22.44278172,-3.79708914
2,10,-22.38436344,-3.79066828
3,10,-22.32594516,-3.784247419
4,10,-22.26752688,-3.777826559
5,10,-22.2091086,-3.771405699
6,10,-22.15069032,-3.764984839
7,10,-22.09227204,-3.758563978
8,10,-22.03385376,-3.752143118
9,10,-21.97543548,-3.745722258
10,10,-21.9170172,-3.739301398
11,10,-21.85859892,-3.732880538
12,10,-21.80018065,-3.726459677
13,10,-21.74176237,-3.720038817
14,10,-21.68334409,-3.713617957
15,10,-21.62492581,-3.707197097
16,10,-21.56650753,-3.700776237
17,10,-21.50808925,-3.694355376
18,10,-21.44967097,-3.687934516
19,10,-21.39125269,-3.681513656
20,10,-21.33283441,-3.675092796
21,10,-21.27441613,-3.668671935
22,10,-21.21599785,-3.662251075
23,10,-21.15757957,-3.655830215
24,10,-21.09916129,-3.649409355
25,10,-21.04074301,-3.642988495
26,10,-20.98232473,-3.636567634
27,10,-20.92390645,-3.630146774
28,10,-20.86548817,-3.623725914
29,10,-20.80706989,-3.617305054
30,10,-20.74865161,-3.610884194
31,10,-20.69023333,-3.604463333
32,10,-20.63181505,-3.598042473
33,10,-20.57339677,-3.591621613
34,10,-20.51497849,-3.585200753
35,10,-20.45656022,-3.578779892
36,10,-20.39814194,-3.572359032
37,10,-20.33972366,-3.565938172
38,10,-20.28130538,-3.559517312
39,10,-20.2228871,-3.553096452
40,10,-20.16446882,-3.546675591
41,10,-20.10605054,-3.540254731
42,10,-20.04763226,-3.533833871
43,10,-19.98921398,-3.527413011
44,10,-19.9307957,-3.520992151
45,10,-19.87237742,-3.51457129
46,10,-19.81395914,-3.50815043
47,10,-19.75554086,-3.50172957
48,10,-19.69712258,-3.49530871
49,10,-19.6387043,-3.488887849
50,10,-19.58028602,-3.482466989
51,10,-19.52186774,-3.476046129
52,10,-19.46344946,-3.469625269
53,10,-19.40503118,-3.463204409
54,10,-19.3466129,-3.456783548
55,10,-19.28819462,-3.450362688
56,10,-19.22977634,-3.443941828
57,10,-19.17135806,-3.437520968
58,10,-19.11293978,-3.431100108
59,10,-19.05452151,-3.424679247
60,10,-18.99610323,-3.418258387
61,10,-18.93768495,-3.411837527
62,10,-18.87926667,-3.405416667
63,10,-18.82084839,-3.398995806
64,10,-18.76243011,-3.392574946
65,10,-18.70401183,-3.386154086
66,10,-18.64559355,-3.379733226
67,10,-18.58717527,-3.373312366
68,10,-18.52875699,-3.366891505
69,10,-18.47033871,-3.360470645
70,10,-18.41192043,-3.354049785
71,10,-18.35350215,-3.347628925
72,10,-18.29508387,-3.341208065
73,10,-18.23666559,-3.334787204
74,10,-18.17824731,-3.328366344
75,10,-18.11982903,-3.321945484
76,10,-18.06141075,-3.315524624
77,10,-18.00299247,-3.309103763
78,10,-17.94457419,-3.302682903
79,10,-17.88615591,-3.296262043
80,10,-17.82773763,-3.289841183
81,10,-17.76931935,-3.283420323
82,10,-17.71090108,-3.276999462
83,10,-17.6524828,-3.270578602
84,10,-17.59406452,-3.264157742
85,10,-17.53564624,-3.257736882
86,10,-17.47722796,-3.251316022
87,10,-17.41880968,-3.244895161
88,10,-17.3603914,-3.238474301
89,10,-17.30197312,-3.232053441
90,10,-17.24355484,-3.225632581
91,10,-17.18513656,-3.21921172
92,10,-17.12671828,-3.21279086
93,10,-17.0683,-3.20637
94,10,-17.02139839,-3.204013065
95,10,-16.97449677,-3.201656129
96,10,-16.92759516,-3.199299194
97,10,-16.88069355,-3.196942258
98,10,-16.83379194,-3.194585323
99,10,-16.78689032,-3.192228387
100,10,-16.73998871,-3.189871452
101,10,-16.6930871,-3.187514516
102,10,-16.64618548,-3.185157581
103,10,-16.59928387,-3.182800645
104,10,-16.55238226,-3.18044371
105,10,-16.50548065,-3.178086774
106,10,-16.45857903,-3.175729839
107,10,-16.41167742,-3.173372903
108,10,-16.36477581,-3.171015968
109,10,-16.31787419,-3.168659032
110,10,-16.27097258,-3.166302097
111,10,-16.22407097,-3.163945161
112,10,-16.17716935,-3.161588226
113,10,-16.13026774,-3.15923129
114,10,-16.08336613,-3.156874355
115,10,-16.03646452,-3.154517419
116,10,-15.9895629,-3.152160484
117,10,-15.94266129,-3.149803548
118,10,-15.89575968,-3.147446613
119,10,-15.84885806,-3.145089677
120,10,-15.80195645,-3.142732742
121,10,-15.75505484,-3.140375806
122,10,-15.70815323,-3.138018871
123,10,-15.66125161,-3.135661935
124,10,-15.61435,-3.133305
125,10,-15.56744839,-3.130948065
126,10,-15.52054677,-3.128591129
127,10,-15.47364516,-3.126234194
128,10,-15.42674355,-3.123877258
129,10,-15.37984194,-3.121520323
130,10,-15.33294032,-3.119163387
131,10,-15.28603871,-3.116806452
132,10,-15.2391371,-3.114449516
133,10,-15.19223548,-3.112092581
134,10,-15.14533387,-3.109735645
135,10,-15.09843226,-3.10737871
136,10,-15.05153065,-3.105021774
137,10,-15.00462903,-3.102664839
138,10,-14.95772742,-3.100307903
139,10,-14.91082581,-3.097950968
140,10,-14.86392419,-3.095594032
141,10,-14.81702258,-3.093237097
142,10,-14.77012097,-3.090880161
143,10,-14.72321935,-3.088523226
144,10,-14.67631774,-3.08616629
145,10,-14.62941613,-3.083809355
146,10,-14.58251452,-3.081452419
147,10,-14.5356129,-3.079095484
148,10,-14.48871129,-3.076738548
149,10,-14.44180968,-3.074381613
150,10,-14.39490806,-3.072024677
151,10,-14.34800645,-3.069667742
152,10,-14.30110484,-3.067310806
153,10,-14.25420323,-3.064953871
154,10,-14.20730161,-3.062596935
155,10,-14.1604,-3.06024
156,10,-14.11385441,-3.060772059
157,10,-14.06730882,-3.061304118
158,10,-14.02076324,-3.061836176
159,10,-13.97421765,-3.062368235
160,10,-13.92767206,-3.062900294
161,10,-13.88112647,-3.063432353
162,10,-13.83458088,-3.063964412
163,10,-13.78803529,-3.064496471
164,10,-13.74148971,-3.065028529
165,10,-13.69494412,-3.065560588
166,10,-13.64839853,-3.066092647
167,10,-13.60185294,-3.066624706
168,10,-13.55530735,-3.067156765
169,10,-13.50876176,-3.067688824
170,10,-13.46221618,-3.068220882
171,10,-13.41567059,-3.068752941
172,10,-13.369125,-3.069285
173,10,-13.32257941,-3.069817059
174,10,-13.27603382,-3.070349118
175,10,-13.22948824,-3.070881176
176,10,-13.18294265,-3.071413235
177,10,-13.13639706,-3.071945294
178,10,-13.08985147,-3.072477353
179,10,-13.04330588,-3.073009412
180,10,-12.99676029,-3.073541471
181,10,-12.95021471,-3.074073529
182,10,-12.90366912,-3.074605588
183,10,-12.85712353,-3.075137647
184,10,-12.81057794,-3.075669706
185,10,-12.76403235,-3.076201765
186,10,-12.71748676,-3.076733824
187,10,-12.67094118,-3.077265882
188,10,-12.62439559,-3.077797941
189,10,-12.57785,-3.07833
190,10,-12.53130441,-3.078862059
191,10,-12.48475882,-3.079394118
192,10,-12.43821324,-3.079926176
193,10,-12.39166765,-3.080458235
194,10,-12.34512206,-3.080990294
195,10,-12.29857647,-3.081522353
196,10,-12.25203088,-3.082054412
197,10,-12.20548529,-3.082586471
198,10,-12.15893971,-3.083118529
199,10,-12.11239412,-3.083650588
200,10,-12.06584853,-3.084182647
201,10,-12.01930294,-3.084714706
202,10,-11.97275735,-3.085246765
203,10,-11.92621176,-3.085778824
204,10,-11.87966618,-3.086310882
205,10,-11.83312059,-3.086842941
206,10,-11.786575,-3.087375
207,10,-11.74002941,-3.087907059
208,10,-11.69348382,-3.088439118
209,10,-11.64693824,-3.088971176
210,10,-11.60039265,-3.089503235
211,10,-11.55384706,-3.090035294
212,10,-11.50730147,-3.090567353
213,10,-11.46075588,-3.091099412
214,10,-11.41421029,-3.091631471
215,10,-11.36766471,-3.092163529
216,10,-11.32111912,-3.092695588
217,10,-11.27457353,-3.093227647
218,10,-11.22802794,-3.093759706
219,10,-11.18148235,-3.094291765
220,10,-11.13493676,-3.094823824
221,10,-11.08839118,-3.095355882
222,10,-11.04184559,-3.095887941
223,10,-10.9953,-3.09642
224,10,-10.95721392,-3.099152474
225,10,-10.91912784,-3.101884948
226,10,-10.88104175,-3.104617423
227,10,-10.84295567,-3.107349897
228,10,-10.80486959,-3.110082371
229,10,-10.76678351,-3.112814845
230,10,-10.72869742,-3.11554732
231,10,-10.69061134,-3.118279794
232,10,-10.65252526,-3.121012268
233,10,-10.61443918,-3.123744742
234,10,-10.57635309,-3.126477216
235,10,-10.53826701,-3.129209691
236,10,-10.50018093,-3.131942165
237,10,-10.46209485,-3.134674639
238,10,-10.42400876,-3.137407113
239,10,-10.38592268,-3.140139588
240,10,-10.3478366,-3.142872062
241,10,-10.30975052,-3.145604536
242,10,-10.27166443,-3.14833701
243,10,-10.23357835,-3.151069485
244,10,-10.19549227,-3.153801959
245,10,-10.15740619,-3.156534433
246,10,-10.1193201,-3.159266907
247,10,-10.08123402,-3.161999381
248,10,-10.04314794,-3.164731856
249,10,-10.00506186,-3.16746433
250,10,-9.966975773,-3.170196804
251,10,-9.928889691,-3.172929278
252,10,-9.890803608,-3.175661753
253,10,-9.852717526,-3.178394227
254,10,-9.814631443,-3.181126701
255,10,-9.776545361,-3.183859175
256,10,-9.738459278,-3.186591649
257,10,-9.700373196,-3.189324124
258,10,-9.662287113,-3.192056598
259,10,-9.624201031,-3.194789072
260,10,-9.586114948,-3.197521546
261,10,-9.548028866,-3.200254021
262,10,-9.509942784,-3.202986495
263,10,-9.471856701,-3.205718969
264,10,-9.433770619,-3.208451443
265,10,-9.395684536,-3.211183918
266,10,-9.357598454,-3.213916392
267,10,-9.319512371,-3.216648866
268,10,-9.281426289,-3.21938134
269,10,-9.243340206,-3.222113814
270,10,-9.205254124,-3.224846289
271,10,-9.167168041,-3.227578763
272,10,-9.129081959,-3.230311237
273,10,-9.090995876,-3.233043711
274,10,-9.052909794,-3.235776186
275,10,-9.014823711,-3.23850866
276,10,-8.976737629,-3.241241134
277,10,-8.938651546,-3.243973608
278,10,-8.900565464,-3.246706082
279,10,-8.862479381,-3.249438557
280,10,-8.824393299,-3.252171031
281,10,-8.786307216,-3.254903505
282,10,-8.748221134,-3.257635979
283,10,-8.710135052,-3.260368454
284,10,-8.672048969,-3.263100928
285,10,-8.633962887,-3.265833402
286,10,-8.595876804,-3.268565876
287,10,-8.557790722,-3.271298351
288,10,-8.519704639,-3.274030825
289,10,-8.481618557,-3.276763299
290,10,-8.443532474,-3.279495773
291,10,-8.405446392,-3.282228247
292,10,-8.367360309,-3.284960722
293,10,-8.329274227,-3.287693196
294,10,-8.291188144,-3.29042567
295,10,-8.253102062,-3.293158144
296,10,-8.215015979,-3.295890619
297,10,-8.176929897,-3.298623093
298,10,-8.138843814,-3.301355567
299,10,-8.100757732,-3.304088041
300,10,-8.062671649,-3.306820515
301,10,-8.024585567,-3.30955299
302,10,-7.986499485,-3.312285464
303,10,-7.948413402,-3.315017938
304,10,-7.91032732,-3.317750412
305,10,-7.872241237,-3.320482887
306,10,-7.834155155,-3.323215361
307,10,-7.796069072,-3.325947835
308,10,-7.75798299,-3.328680309
309,10,-7.719896907,-3.331412784
310,10,-7.681810825,-3.334145258
311,10,-7.643724742,-3.336877732
312,10,-7.60563866,-3.339610206
313,10,-7.567552577,-3.34234268
314,10,-7.529466495,-3.345075155
315,10,-7.491380412,-3.347807629
316,10,-7.45329433,-3.350540103
317,10,-7.415208247,-3.353272577
318,10,-7.377122165,-3.356005052
319,10,-7.339036082,-3.358737526
320,10,-7.30095,-3.36147
321,10,-7.26438587,-3.361152174
322,10,-7.227821739,-3.360834348
323,10,-7.191257609,-3.360516522
324,10,-7.154693478,-3.360198696
325,10,-7.118129348,-3.35988087
326,10,-7.081565217,-3.359563043
327,10,-7.045001087,-3.359245217
328,10,-7.008436957,-3.358927391
329,10,-6.971872826,-3.358609565
330,10,-6.935308696,-3.358291739
331,10,-6.898744565,-3.357973913
332,10,-6.862180435,-3.357656087
333,10,-6.825616304,-3.357338261
334,10,-6.789052174,-3.357020435
335,10,-6.752488043,-3.356702609
336,10,-6.715923913,-3.356384783
337,10,-6.679359783,-3.356066957
338,10,-6.642795652,-3.35574913
339,10,-6.606231522,-3.355431304
340,10,-6.569667391,-3.355113478
341,10,-6.533103261,-3.354795652
342,10,-6.49653913,-3.354477826
343,10,-6.459975,-3.35416
344,10,-6.42341087,-3.353842174
345,10,-6.386846739,-3.353524348
346,10,-6.350282609,-3.353206522
347,10,-6.313718478,-3.352888696
348,10,-6.277154348,-3.35257087
349,10,-6.240590217,-3.352253043
350,10,-6.204026087,-3.351935217
351,10,-6.167461957,-3.351617391
352,10,-6.130897826,-3.351299565
353,10,-6.094333696,-3.350981739
354,10,-6.057769565,-3.350663913
355,10,-6.021205435,-3.350346087
356,10,-5.984641304,-3.350028261
357,10,-5.948077174,-3.349710435
358,10,-5.911513043,-3.349392609
359,10,-5.874948913,-3.349074783
360,10,-5.838384783,-3.348756957
361,10,-5.801820652,-3.34843913
362,10,-5.765256522,-3.348121304
363,10,-5.728692391,-3.347803478
364,10,-5.692128261,-3.347485652
365,10,-5.65556413,-3.347167826
366,10,-5.619,-3.34685
367,10,-5.584626585,-3.351098293
368,10,-5.550253171,-3.355346585
369,10,-5.515879756,-3.359594878
370,10,-5.481506341,-3.363843171
371,10,-5.447132927,-3.368091463
372,10,-5.412759512,-3.372339756
373,10,-5.378386098,-3.376588049
374,10,-5.344012683,-3.380836341
375,10,-5.309639268,-3.385084634
376,10,-5.275265854,-3.389332927
377,10,-5.240892439,-3.39358122
378,10,-5.206519024,-3.397829512
379,10,-5.17214561,-3.402077805
380,10,-5.137772195,-3.406326098
381,10,-5.10339878,-3.41057439
382,10,-5.069025366,-3.414822683
383,10,-5.034651951,-3.419070976
384,10,-5.000278537,-3.423319268
385,10,-4.965905122,-3.427567561
386,10,-4.931531707,-3.431815854
387,10,-4.897158293,-3.436064146
388,10,-4.862784878,-3.440312439
389,10,-4.828411463,-3.444560732
390,10,-4.794038049,-3.448809024
391,10,-4.759664634,-3.453057317
392,10,-4.72529122,-3.45730561
393,10,-4.690917805,-3.461553902
394,10,-4.65654439,-3.465802195
395,10,-4.622170976,-3.470050488
396,10,-4.587797561,-3.47429878
397,10,-4.553424146,-3.478547073
398,10,-4.519050732,-3.482795366
399,10,-4.484677317,-3.487043659
400,10,-4.450303902,-3.491291951
401,10,-4.415930488,-3.495540244
402,10,-4.381557073,-3.499788537
403,10,-4.347183659,-3.504036829
404,10,-4.312810244,-3.508285122
405,10,-4.278436829,-3.512533415
406,10,-4.244063415,-3.516781707
407,10,-4.20969,-3.52103
408,10,-4.176496765,-3.526495294
409,10,-4.143303529,-3.531960588
410,10,-4.110110294,-3.537425882
411,10,-4.076917059,-3.542891176
412,10,-4.043723824,-3.548356471
413,10,-4.010530588,-3.553821765
414,10,-3.977337353,-3.559287059
415,10,-3.944144118,-3.564752353
416,10,-3.910950882,-3.570217647
417,10,-3.877757647,-3.575682941
418,10,-3.844564412,-3.581148235
419,10,-3.811371176,-3.586613529
420,10,-3.778177941,-3.592078824
421,10,-3.744984706,-3.597544118
422,10,-3.711791471,-3.603009412
423,10,-3.678598235,-3.608474706
424,10,-3.645405,-3.61394
425,10,-3.612211765,-3.619405294
426,10,-3.579018529,-3.624870588
427,10,-3.545825294,-3.630335882
428,10,-3.512632059,-3.635801176
429,10,-3.479438824,-3.641266471
430,10,-3.446245588,-3.646731765
431,10,-3.413052353,-3.652197059
432,10,-3.379859118,-3.657662353
433,10,-3.346665882,-3.663127647
434,10,-3.313472647,-3.668592941
435,10,-3.280279412,-3.674058235
436,10,-3.247086176,-3.679523529
437,10,-3.213892941,-3.684988824
438,10,-3.180699706,-3.690454118
439,10,-3.147506471,-3.695919412
440,10,-3.114313235,-3.701384706
441,10,-3.08112,-3.70685
442,10,-3.04433,-3.718071429
443,10,-3.00754,-3.729292857
444,10,-2.97075,-3.740514286
445,10,-2.93396,-3.751735714
446,10,-2.89717,-3.762957143
447,10,-2.86038,-3.774178571
448,10,-2.82359,-3.7854
449,10,-2.7868,-3.796621429
450,10,-2.75001,-3.807842857
451,10,-2.71322,-3.819064286
452,10,-2.67643,-3.830285714
453,10,-2.63964,-3.841507143
454,10,-2.60285,-3.852728571
455,10,-2.56606,-3.86395
456,10,-2.52927,-3.875171429
457,10,-2.49248,-3.886392857
458,10,-2.45569,-3.897614286
459,10,-2.4189,-3.908835714
460,10,-2.38211,-3.920057143
461,10,-2.34532,-3.931278571
462,10,-2.30853,-3.9425
0,11,-22.9454,-2.84563
1,11,-22.88980923,-2.838353692
2,11,-22.83421846,-2.831077385
3,11,-22.77862769,-2.823801077
4,11,-22.72303692,-2.816524769
5,11,-22.66744615,-2.809248462
6,11,-22.61185538,-2.801972154
7,11,-22.55626462,-2.794695846
8,11,-22.50067385,-2.787419538
9,11,-22.44508308,-2.780143231
10,11,-22.38949231,-2.772866923
11,11,-22.33390154,-2.765590615
12,11,-22.27831077,-2.758314308
13,11,-22.22272,-2.751038
14,11,-22.16712923,-2.743761692
15,11,-22.11153846,-2.736485385
16,11,-22.05594769,-2.729209077
17,11,-22.00035692,-2.721932769
18,11,-21.94476615,-2.714656462
19,11,-21.88917538,-2.707380154
20,11,-21.83358462,-2.700103846
21,11,-21.77799385,-2.692827538
22,11,-21.72240308,-2.685551231
23,11,-21.66681231,-2.678274923
24,11,-21.61122154,-2.670998615
25,11,-21.55563077,-2.663722308
26,11,-21.50004,-2.656446
27,11,-21.44444923,-2.649169692
28,11,-21.38885846,-2.641893385
29,11,-21.33326769,-2.634617077
30,11,-21.27767692,-2.627340769
31,11,-21.22208615,-2.620064462
32,11,-21.16649538,-2.612788154
33,11,-21.11090462,-2.605511846
34,11,-21.05531385,-2.598235538
35,11,-20.99972308,-2.590959231
36,11,-20.94413231,-2.583682923
37,11,-20.88854154,-2.576406615
38,11,-20.83295077,-2.569130308
39,11,-20.77736,-2.561854
40,11,-20.72176923,-2.554577692
41,11,-20.66617846,-2.547301385
42,11,-20.61058769,-2.540025077
43,11,-20.55499692,-2.532748769
44,11,-20.49940615,-2.525472462
45,11,-20.44381538,-2.518196154
46,11,-20.38822462,-2.510919846
47,11,-20.33263385,-2.503643538
48,11,-20.27704308,-2.496367231
49,11,-20.22145231,-2.489090923
50,11,-20.16586154,-2.481814615
51,11,-20.11027077,-2.474538308
52,11,-20.05468,-2.467262
53,11,-19.99908923,-2.459985692
54,11,-19.94349846,-2.452709385
55,11,-19.88790769,-2.445433077
56,11,-19.83231692,-2.438156769
57,11,-19.77672615,-2.430880462
58,11,-19.72113538,-2.423604154
59,11,-19.66554462,-2.416327846
60,11,-19.60995385,-2.409051538
61,11,-19.55436308,-2.401775231
62,11,-19.49877231,-2.394498923
63,11,-19.44318154,-2.387222615
64,11,-19.38759077,-2.379946308
65,11,-19.332,-2.37267
66,11,-19.26693784,-2.379032162
67,11,-19.20187568,-2.385394324
68,11,-19.13681351,-2.391756486
69,11,-19.07175135,-2.398118649
70,11,-19.00668919,-2.404480811
71,11,-18.94162703,-2.410842973
72,11,-18.87656486,-2.417205135
73,11,-18.8115027,-2.423567297
74,11,-18.74644054,-2.429929459
75,11,-18.68137838,-2.436291622
76,11,-18.61631622,-2.442653784
77,11,-18.55125405,-2.449015946
78,11,-18.48619189,-2.455378108
79,11,-18.42112973,-2.46174027
80,11,-18.35606757,-2.468102432
81,11,-18.29100541,-2.474464595
82,11,-18.22594324,-2.480826757
83,11,-18.16088108,-2.487188919
84,11,-18.09581892,-2.493551081
85,11,-18.03075676,-2.499913243
86,11,-17.96569459,-2.506275405
87,11,-17.90063243,-2.512637568
88,11,-17.83557027,-2.51899973
89,11,-17.77050811,-2.525361892
90,11,-17.70544595,-2.531724054
91,11,-17.64038378,-2.538086216
92,11,-17.57532162,-2.544448378
93,11,-17.51025946,-2.550810541
94,11,-17.4451973,-2.557172703
95,11,-17.38013514,-2.563534865
96,11,-17.31507297,-2.569897027
97,11,-17.25001081,-2.576259189
98,11,-17.18494865,-2.582621351
99,11,-17.11988649,-2.588983514
100,11,-17.05482432,-2.595345676
101,11,-16.98976216,-2.601707838
102,11,-16.9247,-2.60807
103,11,-16.86462979,-2.605618511
104,11,-16.80455957,-2.603167021
105,11,-16.74448936,-2.600715532
106,11,-16.68441915,-2.598264043
107,11,-16.62434894,-2.595812553
108,11,-16.56427872,-2.593361064
109,11,-16.50420851,-2.590909574
110,11,-16.4441383,-2.588458085
111,11,-16.38406809,-2.586006596
112,11,-16.32399787,-2.583555106
113,11,-16.26392766,-2.581103617
114,11,-16.20385745,-2.578652128
115,11,-16.14378723,-2.576200638
116,11,-16.08371702,-2.573749149
117,11,-16.02364681,-2.57129766
118,11,-15.9635766,-2.56884617
119,11,-15.90350638,-2.566394681
120,11,-15.84343617,-2.563943191
121,11,-15.78336596,-2.561491702
122,11,-15.72329574,-2.559040213
123,11,-15.66322553,-2.556588723
124,11,-15.60315532,-2.554137234
125,11,-15.54308511,-2.551685745
126,11,-15.48301489,-2.549234255
127,11,-15.42294468,-2.546782766
128,11,-15.36287447,-2.544331277
129,11,-15.30280426,-2.541879787
130,11,-15.24273404,-2.539428298
131,11,-15.18266383,-2.536976809
132,11,-15.12259362,-2.534525319
133,11,-15.0625234,-2.53207383
134,11,-15.00245319,-2.52962234
135,11,-14.94238298,-2.527170851
136,11,-14.88231277,-2.524719362
137,11,-14.82224255,-2.522267872
138,11,-14.76217234,-2.519816383
139,11,-14.70210213,-2.517364894
140,11,-14.64203191,-2.514913404
141,11,-14.5819617,-2.512461915
142,11,-14.52189149,-2.510010426
143,11,-14.46182128,-2.507558936
144,11,-14.40175106,-2.505107447
145,11,-14.34168085,-2.502655957
146,11,-14.28161064,-2.500204468
147,11,-14.22154043,-2.497752979
148,11,-14.16147021,-2.495301489
149,11,-14.1014,-2.49285
150,11,-14.07371364,-2.501066364
151,11,-14.04602727,-2.509282727
152,11,-14.01834091,-2.517499091
153,11,-13.99065455,-2.525715455
154,11,-13.96296818,-2.533931818
155,11,-13.93528182,-2.542148182
156,11,-13.90759545,-2.550364545
157,11,-13.87990909,-2.558580909
158,11,-13.85222273,-2.566797273
159,11,-13.82453636,-2.575013636
160,11,-13.79685,-2.58323
161,11,-13.76916364,-2.591446364
162,11,-13.74147727,-2.599662727
163,11,-13.71379091,-2.607879091
164,11,-13.68610455,-2.616095455
165,11,-13.65841818,-2.624311818
166,11,-13.63073182,-2.632528182
167,11,-13.60304545,-2.640744545
168,11,-13.57535909,-2.648960909
169,11,-13.54767273,-2.657177273
170,11,-13.51998636,-2.665393636
171,11,-13.4923,-2.67361
172,11,-13.44630882,-2.670632941
173,11,-13.40031765,-2.667655882
174,11,-13.35432647,-2.664678824
175,11,-13.30833529,-2.661701765
176,11,-13.26234412,-2.658724706
177,11,-13.21635294,-2.655747647
178,11,-13.17036176,-2.652770588
179,11,-13.12437059,-2.649793529
180,11,-13.07837941,-2.646816471
181,11,-13.03238824,-2.643839412
182,11,-12.98639706,-2.640862353
183,11,-12.94040588,-2.637885294
184,11,-12.89441471,-2.634908235
185,11,-12.84842353,-2.631931176
186,11,-12.80243235,-2.628954118
187,11,-12.75644118,-2.625977059
188,11,-12.71045,-2.623
189,11,-12.66445882,-2.620022941
190,11,-12.61846765,-2.617045882
191,11,-12.57247647,-2.614068824
192,11,-12.52648529,-2.611091765
193,11,-12.48049412,-2.608114706
194,11,-12.43450294,-2.605137647
195,11,-12.38851176,-2.602160588
196,11,-12.34252059,-2.599183529
197,11,-12.29652941,-2.596206471
198,11,-12.25053824,-2.593229412
199,11,-12.20454706,-2.590252353
200,11,-12.15855588,-2.587275294
201,11,-12.11256471,-2.584298235
202,11,-12.06657353,-2.581321176
203,11,-12.02058235,-2.578344118
204,11,-11.97459118,-2.575367059
205,11,-11.9286,-2.57239
206,11,-11.9039129,-2.581903871
207,11,-11.87922581,-2.591417742
208,11,-11.85453871,-2.600931613
209,11,-11.82985161,-2.610445484
210,11,-11.80516452,-2.619959355
211,11,-11.78047742,-2.629473226
212,11,-11.75579032,-2.638987097
213,11,-11.73110323,-2.648500968
214,11,-11.70641613,-2.658014839
215,11,-11.68172903,-2.66752871
216,11,-11.65704194,-2.677042581
217,11,-11.63235484,-2.686556452
218,11,-11.60766774,-2.696070323
219,11,-11.58298065,-2.705584194
220,11,-11.55829355,-2.715098065
221,11,-11.53360645,-2.724611935
222,11,-11.50891935,-2.734125806
223,11,-11.48423226,-2.743639677
224,11,-11.45954516,-2.753153548
225,11,-11.43485806,-2.762667419
226,11,-11.41017097,-2.77218129
227,11,-11.38548387,-2.781695161
228,11,-11.36079677,-2.791209032
229,11,-11.33610968,-2.800722903
230,11,-11.31142258,-2.810236774
231,11,-11.28673548,-2.819750645
232,11,-11.26204839,-2.829264516
233,11,-11.23736129,-2.838778387
234,11,-11.21267419,-2.848292258
235,11,-11.1879871,-2.857806129
236,11,-11.1633,-2.86732
237,11,-11.118183,-2.86242625
238,11,-11.073066,-2.8575325
239,11,-11.027949,-2.85263875
240,11,-10.982832,-2.847745
241,11,-10.937715,-2.84285125
242,11,-10.892598,-2.8379575
243,11,-10.847481,-2.83306375
244,11,-10.802364,-2.82817
245,11,-10.757247,-2.82327625
246,11,-10.71213,-2.8183825
247,11,-10.667013,-2.81348875
248,11,-10.621896,-2.808595
249,11,-10.576779,-2.80370125
250,11,-10.531662,-2.7988075
251,11,-10.486545,-2.79391375
252,11,-10.441428,-2.78902
253,11,-10.396311,-2.78412625
254,11,-10.351194,-2.7792325
255,11,-10.306077,-2.77433875
256,11,-10.26096,-2.769445
257,11,-10.215843,-2.76455125
258,11,-10.170726,-2.7596575
259,11,-10.125609,-2.75476375
260,11,-10.080492,-2.74987
261,11,-10.035375,-2.74497625
262,11,-9.990258,-2.7400825
263,11,-9.945141,-2.73518875
264,11,-9.900024,-2.730295
265,11,-9.854907,-2.72540125
266,11,-9.80979,-2.7205075
267,11,-9.764673,-2.71561375
268,11,-9.719556,-2.71072
269,11,-9.674439,-2.70582625
270,11,-9.629322,-2.7009325
271,11,-9.584205,-2.69603875
272,11,-9.539088,-2.691145
273,11,-9.493971,-2.68625125
274,11,-9.448854,-2.6813575
275,11,-9.403737,-2.67646375
276,11,-9.35862,-2.67157
277,11,-9.318153243,-2.664471892
278,11,-9.277686486,-2.657373784
279,11,-9.23721973,-2.650275676
280,11,-9.196752973,-2.643177568
281,11,-9.156286216,-2.636079459
282,11,-9.115819459,-2.628981351
283,11,-9.075352703,-2.621883243
284,11,-9.034885946,-2.614785135
285,11,-8.994419189,-2.607687027
286,11,-8.953952432,-2.600588919
287,11,-8.913485676,-2.593490811
288,11,-8.873018919,-2.586392703
289,11,-8.832552162,-2.579294595
290,11,-8.792085405,-2.572196486
291,11,-8.751618649,-2.565098378
292,11,-8.711151892,-2.55800027
293,11,-8.670685135,-2.550902162
294,11,-8.630218378,-2.543804054
295,11,-8.589751622,-2.536705946
296,11,-8.549284865,-2.529607838
297,11,-8.508818108,-2.52250973
298,11,-8.468351351,-2.515411622
299,11,-8.427884595,-2.508313514
300,11,-8.387417838,-2.501215405
301,11,-8.346951081,-2.494117297
302,11,-8.306484324,-2.487019189
303,11,-8.266017568,-2.479921081
304,11,-8.225550811,-2.472822973
305,11,-8.185084054,-2.465724865
306,11,-8.144617297,-2.458626757
307,11,-8.104150541,-2.451528649
308,11,-8.063683784,-2.444430541
309,11,-8.023217027,-2.437332432
310,11,-7.98275027,-2.430234324
311,11,-7.942283514,-2.423136216
312,11,-7.901816757,-2.416038108
313,11,-7.86135,-2.40894
314,11,-7.816363429,-2.409722
315,11,-7.771376857,-2.410504
316,11,-7.726390286,-2.411286
317,11,-7.681403714,-2.412068
318,11,-7.636417143,-2.41285
319,11,-7.591430571,-2.413632
320,11,-7.546444,-2.414414
321,11,-7.501457429,-2.415196
322,11,-7.456470857,-2.415978
323,11,-7.411484286,-2.41676
324,11,-7.366497714,-2.417542
325,11,-7.321511143,-2.418324
326,11,-7.276524571,-2.419106
327,11,-7.231538,-2.419888
328,11,-7.186551429,-2.42067
329,11,-7.141564857,-2.421452
330,11,-7.096578286,-2.422234
331,11,-7.051591714,-2.423016
332,11,-7.006605143,-2.423798
333,11,-6.961618571,-2.42458
334,11,-6.916632,-2.425362
335,11,-6.871645429,-2.426144
336,11,-6.826658857,-2.426926
337,11,-6.781672286,-2.427708
338,11,-6.736685714,-2.42849
339,11,-6.691699143,-2.429272
340,11,-6.646712571,-2.430054
341,11,-6.601726,-2.430836
342,11,-6.556739429,-2.431618
343,11,-6.511752857,-2.4324
344,11,-6.466766286,-2.433182
345,11,-6.421779714,-2.433964
346,11,-6.376793143,-2.434746
347,11,-6.331806571,-2.435528
348,11,-6.28682,-2.43631
349,11,-6.239651429,-2.451081786
350,11,-6.192482857,-2.465853571
351,11,-6.145314286,-2.480625357
352,11,-6.098145714,-2.495397143
353,11,-6.050977143,-2.510168929
354,11,-6.003808571,-2.524940714
355,11,-5.95664,-2.5397125
356,11,-5.909471429,-2.554484286
357,11,-5.862302857,-2.569256071
358,11,-5.815134286,-2.584027857
359,11,-5.767965714,-2.598799643
360,11,-5.720797143,-2.613571429
361,11,-5.673628571,-2.628343214
362,11,-5.62646,-2.643115
363,11,-5.579291429,-2.657886786
364,11,-5.532122857,-2.672658571
365,11,-5.484954286,-2.687430357
366,11,-5.437785714,-2.702202143
367,11,-5.390617143,-2.716973929
368,11,-5.343448571,-2.731745714
369,11,-5.29628,-2.7465175
370,11,-5.249111429,-2.761289286
371,11,-5.201942857,-2.776061071
372,11,-5.154774286,-2.790832857
373,11,-5.107605714,-2.805604643
374,11,-5.060437143,-2.820376429
375,11,-5.013268571,-2.835148214
376,11,-4.9661,-2.84992
377,11,-4.926309583,-2.848143333
378,11,-4.886519167,-2.846366667
379,11,-4.84672875,-2.84459
380,11,-4.806938333,-2.842813333
381,11,-4.767147917,-2.841036667
382,11,-4.7273575,-2.83926
383,11,-4.687567083,-2.837483333
384,11,-4.647776667,-2.835706667
385,11,-4.60798625,-2.83393
386,11,-4.568195833,-2.832153333
387,11,-4.528405417,-2.830376667
388,11,-4.488615,-2.8286
389,11,-4.448824583,-2.826823333
390,11,-4.409034167,-2.825046667
391,11,-4.36924375,-2.82327
392,11,-4.329453333,-2.821493333
393,11,-4.289662917,-2.819716667
394,11,-4.2498725,-2.81794
395,11,-4.210082083,-2.816163333
396,11,-4.170291667,-2.814386667
397,11,-4.13050125,-2.81261
398,11,-4.090710833,-2.810833333
399,11,-4.050920417,-2.809056667
400,11,-4.01113,-2.80728
401,11,-3.979758421,-2.812000789
402,11,-3.948386842,-2.816721579
403,11,-3.917015263,-2.821442368
404,11,-3.885643684,-2.826163158
405,11,-3.854272105,-2.830883947
406,11,-3.822900526,-2.835604737
407,11,-3.791528947,-2.840325526
408,11,-3.760157368,-2.845046316
409,11,-3.728785789,-2.849767105
410,11,-3.697414211,-2.854487895
411,11,-3.666042632,-2.859208684
412,11,-3.634671053,-2.863929474
413,11,-3.603299474,-2.868650263
414,11,-3.571927895,-2.873371053
415,11,-3.540556316,-2.878091842
416,11,-3.509184737,-2.882812632
417,11,-3.477813158,-2.887533421
418,11,-3.446441579,-2.892254211
419,11,-3.41507,-2.896975
420,11,-3.383698421,-2.901695789
421,11,-3.352326842,-2.906416579
422,11,-3.320955263,-2.911137368
423,11,-3.289583684,-2.915858158
424,11,-3.258212105,-2.920578947
425,11,-3.226840526,-2.925299737
426,11,-3.195468947,-2.930020526
427,11,-3.164097368,-2.934741316
428,11,-3.132725789,-2.939462105
429,11,-3.101354211,-2.944182895
430,11,-3.069982632,-2.948903684
431,11,-3.038611053,-2.953624474
432,11,-3.007239474,-2.958345263
433,11,-2.975867895,-2.963066053
434,11,-2.944496316,-2.967786842
435,11,-2.913124737,-2.972507632
436,11,-2.881753158,-2.977228421
437,11,-2.850381579,-2.981949211
438,11,-2.81901,-2.98667
0,12,-19.48,-3.81591
1,12,-19.44145763,-3.819080678
2,12,-19.40291525,-3.822251356
3,12,-19.36437288,-3.825422034
4,12,-19.32583051,-3.828592712
5,12,-19.28728814,-3.83176339
6,12,-19.24874576,-3.834934068
7,12,-19.21020339,-3.838104746
8,12,-19.17166102,-3.841275424
9,12,-19.13311864,-3.844446102
10,12,-19.09457627,-3.84761678
11,12,-19.0560339,-3.850787458
12,12,-19.01749153,-3.853958136
13,12,-18.97894915,-3.857128814
14,12,-18.94040678,-3.860299492
15,12,-18.90186441,-3.863470169
16,12,-18.86332203,-3.866640847
17,12,-18.82477966,-3.869811525
18,12,-18.78623729,-3.872982203
19,12,-18.74769492,-3.876152881
20,12,-18.70915254,-3.879323559
21,12,-18.67061017,-3.882494237
22,12,-18.6320678,-3.885664915
23,12,-18.59352542,-3.888835593
24,12,-18.55498305,-3.892006271
25,12,-18.51644068,-3.895176949
26,12,-18.47789831,-3.898347627
27,12,-18.43935593,-3.901518305
28,12,-18.40081356,-3.904688983
29,12,-18.36227119,-3.907859661
30,12,-18.32372881,-3.911030339
31,12,-18.28518644,-3.914201017
32,12,-18.24664407,-3.917371695
33,12,-18.20810169,-3.920542373
34,12,-18.16955932,-3.923713051
35,12,-18.13101695,-3.926883729
36,12,-18.09247458,-3.930054407
37,12,-18.0539322,-3.933225085
38,12,-18.01538983,-3.936395763
39,12,-17.97684746,-3.939566441
40,12,-17.93830508,-3.942737119
41,12,-17.89976271,-3.945907797
42,12,-17.86122034,-3.949078475
43,12,-17.82267797,-3.952249153
44,12,-17.78413559,-3.955419831
45,12,-17.74559322,-3.958590508
46,12,-17.70705085,-3.961761186
47,12,-17.66850847,-3.964931864
48,12,-17.6299661,-3.968102542
49,12,-17.59142373,-3.97127322
50,12,-17.55288136,-3.974443898
51,12,-17.51433898,-3.977614576
52,12,-17.47579661,-3.980785254
53,12,-17.43725424,-3.983955932
54,12,-17.39871186,-3.98712661
55,12,-17.36016949,-3.990297288
56,12,-17.32162712,-3.993467966
57,12,-17.28308475,-3.996638644
58,12,-17.24454237,-3.999809322
59,12,-17.206,-4.00298
60,12,-17.16311698,-4.013318491
61,12,-17.12023396,-4.023656981
62,12,-17.07735094,-4.033995472
63,12,-17.03446792,-4.044333962
64,12,-16.99158491,-4.054672453
65,12,-16.94870189,-4.065010943
66,12,-16.90581887,-4.075349434
67,12,-16.86293585,-4.085687925
68,12,-16.82005283,-4.096026415
69,12,-16.77716981,-4.106364906
70,12,-16.73428679,-4.116703396
71,12,-16.69140377,-4.127041887
72,12,-16.64852075,-4.137380377
73,12,-16.60563774,-4.147718868
74,12,-16.56275472,-4.158057358
75,12,-16.5198717,-4.168395849
76,12,-16.47698868,-4.17873434
77,12,-16.43410566,-4.18907283
78,12,-16.39122264,-4.199411321
79,12,-16.34833962,-4.209749811
80,12,-16.3054566,-4.220088302
81,12,-16.26257358,-4.230426792
82,12,-16.21969057,-4.240765283
83,12,-16.17680755,-4.251103774
84,12,-16.13392453,-4.261442264
85,12,-16.09104151,-4.271780755
86,12,-16.04815849,-4.282119245
87,12,-16.00527547,-4.292457736
88,12,-15.96239245,-4.302796226
89,12,-15.91950943,-4.313134717
90,12,-15.87662642,-4.323473208
91,12,-15.8337434,-4.333811698
92,12,-15.79086038,-4.344150189
93,12,-15.74797736,-4.354488679
94,12,-15.70509434,-4.36482717
95,12,-15.66221132,-4.37516566
96,12,-15.6193283,-4.385504151
97,12,-15.57644528,-4.395842642
98,12,-15.53356226,-4.406181132
99,12,-15.49067925,-4.416519623
100,12,-15.44779623,-4.426858113
101,12,-15.40491321,-4.437196604
102,12,-15.36203019,-4.447535094
103,12,-15.31914717,-4.457873585
104,12,-15.27626415,-4.468212075
105,12,-15.23338113,-4.478550566
106,12,-15.19049811,-4.488889057
107,12,-15.14761509,-4.499227547
108,12,-15.10473208,-4.509566038
109,12,-15.06184906,-4.519904528
110,12,-15.01896604,-4.530243019
111,12,-14.97608302,-4.540581509
112,12,-14.9332,-4.55092
113,12,-14.88192391,-4.552676522
114,12,-14.83064783,-4.554433043
115,12,-14.77937174,-4.556189565
116,12,-14.72809565,-4.557946087
117,12,-14.67681957,-4.559702609
118,12,-14.62554348,-4.56145913
119,12,-14.57426739,-4.563215652
120,12,-14.5229913,-4.564972174
121,12,-14.47171522,-4.566728696
122,12,-14.42043913,-4.568485217
123,12,-14.36916304,-4.570241739
124,12,-14.31788696,-4.571998261
125,12,-14.26661087,-4.573754783
126,12,-14.21533478,-4.575511304
127,12,-14.1640587,-4.577267826
128,12,-14.11278261,-4.579024348
129,12,-14.06150652,-4.58078087
130,12,-14.01023043,-4.582537391
131,12,-13.95895435,-4.584293913
132,12,-13.90767826,-4.586050435
133,12,-13.85640217,-4.587806957
134,12,-13.80512609,-4.589563478
135,12,-13.75385,-4.59132
136,12,-13.70257391,-4.593076522
137,12,-13.65129783,-4.594833043
138,12,-13.60002174,-4.596589565
139,12,-13.54874565,-4.598346087
140,12,-13.49746957,-4.600102609
141,12,-13.44619348,-4.60185913
142,12,-13.39491739,-4.603615652
143,12,-13.3436413,-4.605372174
144,12,-13.29236522,-4.607128696
145,12,-13.24108913,-4.608885217
146,12,-13.18981304,-4.610641739
147,12,-13.13853696,-4.612398261
148,12,-13.08726087,-4.614154783
149,12,-13.03598478,-4.615911304
150,12,-12.9847087,-4.617667826
151,12,-12.93343261,-4.619424348
152,12,-12.88215652,-4.62118087
153,12,-12.83088043,-4.622937391
154,12,-12.77960435,-4.624693913
155,12,-12.72832826,-4.626450435
156,12,-12.67705217,-4.628206957
157,12,-12.62577609,-4.629963478
158,12,-12.5745,-4.63172
159,12,-12.52965611,-4.633291806
160,12,-12.48481222,-4.634863611
161,12,-12.43996833,-4.636435417
162,12,-12.39512444,-4.638007222
163,12,-12.35028056,-4.639579028
164,12,-12.30543667,-4.641150833
165,12,-12.26059278,-4.642722639
166,12,-12.21574889,-4.644294444
167,12,-12.170905,-4.64586625
168,12,-12.12606111,-4.647438056
169,12,-12.08121722,-4.649009861
170,12,-12.03637333,-4.650581667
171,12,-11.99152944,-4.652153472
172,12,-11.94668556,-4.653725278
173,12,-11.90184167,-4.655297083
174,12,-11.85699778,-4.656868889
175,12,-11.81215389,-4.658440694
176,12,-11.76731,-4.6600125
177,12,-11.72246611,-4.661584306
178,12,-11.67762222,-4.663156111
179,12,-11.63277833,-4.664727917
180,12,-11.58793444,-4.666299722
181,12,-11.54309056,-4.667871528
182,12,-11.49824667,-4.669443333
183,12,-11.45340278,-4.671015139
184,12,-11.40855889,-4.672586944
185,12,-11.363715,-4.67415875
186,12,-11.31887111,-4.675730556
187,12,-11.27402722,-4.677302361
188,12,-11.22918333,-4.678874167
189,12,-11.18433944,-4.680445972
190,12,-11.13949556,-4.682017778
191,12,-11.09465167,-4.683589583
192,12,-11.04980778,-4.685161389
193,12,-11.00496389,-4.686733194
194,12,-10.96012,-4.688305
195,12,-10.91527611,-4.689876806
196,12,-10.87043222,-4.691448611
197,12,-10.82558833,-4.693020417
198,12,-10.78074444,-4.694592222
199,12,-10.73590056,-4.696164028
200,12,-10.69105667,-4.697735833
201,12,-10.64621278,-4.699307639
202,12,-10.60136889,-4.700879444
203,12,-10.556525,-4.70245125
204,12,-10.51168111,-4.704023056
205,12,-10.46683722,-4.705594861
206,12,-10.42199333,-4.707166667
207,12,-10.37714944,-4.708738472
208,12,-10.33230556,-4.710310278
209,12,-10.28746167,-4.711882083
210,12,-10.24261778,-4.713453889
211,12,-10.19777389,-4.715025694
212,12,-10.15293,-4.7165975
213,12,-10.10808611,-4.718169306
214,12,-10.06324222,-4.719741111
215,12,-10.01839833,-4.721312917
216,12,-9.973554444,-4.722884722
217,12,-9.928710556,-4.724456528
218,12,-9.883866667,-4.726028333
219,12,-9.839022778,-4.727600139
220,12,-9.794178889,-4.729171944
221,12,-9.749335,-4.73074375
222,12,-9.704491111,-4.732315556
223,12,-9.659647222,-4.733887361
224,12,-9.614803333,-4.735459167
225,12,-9.569959444,-4.737030972
226,12,-9.525115556,-4.738602778
227,12,-9.480271667,-4.740174583
228,12,-9.435427778,-4.741746389
229,12,-9.390583889,-4.743318194
230,12,-9.34574,-4.74489
231,12,-9.313467679,-4.750231786
232,12,-9.281195357,-4.755573571
233,12,-9.248923036,-4.760915357
234,12,-9.216650714,-4.766257143
235,12,-9.184378393,-4.771598929
236,12,-9.152106071,-4.776940714
237,12,-9.11983375,-4.7822825
238,12,-9.087561429,-4.787624286
239,12,-9.055289107,-4.792966071
240,12,-9.023016786,-4.798307857
241,12,-8.990744464,-4.803649643
242,12,-8.958472143,-4.808991429
243,12,-8.926199821,-4.814333214
244,12,-8.8939275,-4.819675
245,12,-8.861655179,-4.825016786
246,12,-8.829382857,-4.830358571
247,12,-8.797110536,-4.835700357
248,12,-8.764838214,-4.841042143
249,12,-8.732565893,-4.846383929
250,12,-8.700293571,-4.851725714
251,12,-8.66802125,-4.8570675
252,12,-8.635748929,-4.862409286
253,12,-8.603476607,-4.867751071
254,12,-8.571204286,-4.873092857
255,12,-8.538931964,-4.878434643
256,12,-8.506659643,-4.883776429
257,12,-8.474387321,-4.889118214
258,12,-8.442115,-4.89446
259,12,-8.409842679,-4.899801786
260,12,-8.377570357,-4.905143571
261,12,-8.345298036,-4.910485357
262,12,-8.313025714,-4.915827143
263,12,-8.280753393,-4.921168929
264,12,-8.248481071,-4.926510714
265,12,-8.21620875,-4.9318525
266,12,-8.183936429,-4.937194286
267,12,-8.151664107,-4.942536071
268,12,-8.119391786,-4.947877857
269,12,-8.087119464,-4.953219643
270,12,-8.054847143,-4.958561429
271,12,-8.022574821,-4.963903214
272,12,-7.9903025,-4.969245
273,12,-7.958030179,-4.974586786
274,12,-7.925757857,-4.979928571
275,12,-7.893485536,-4.985270357
276,12,-7.861213214,-4.990612143
277,12,-7.828940893,-4.995953929
278,12,-7.796668571,-5.001295714
279,12,-7.76439625,-5.0066375
280,12,-7.732123929,-5.011979286
281,12,-7.699851607,-5.017321071
282,12,-7.667579286,-5.022662857
283,12,-7.635306964,-5.028004643
284,12,-7.603034643,-5.033346429
285,12,-7.570762321,-5.038688214
286,12,-7.53849,-5.04403
287,12,-7.500975714,-5.054799592
288,12,-7.463461429,-5.065569184
289,12,-7.425947143,-5.076338776
290,12,-7.388432857,-5.087108367
291,12,-7.350918571,-5.097877959
292,12,-7.313404286,-5.108647551
293,12,-7.27589,-5.119417143
294,12,-7.238375714,-5.130186735
295,12,-7.200861429,-5.140956327
296,12,-7.163347143,-5.151725918
297,12,-7.125832857,-5.16249551
298,12,-7.088318571,-5.173265102
299,12,-7.050804286,-5.184034694
300,12,-7.01329,-5.194804286
301,12,-6.975775714,-5.205573878
302,12,-6.938261429,-5.216343469
303,12,-6.900747143,-5.227113061
304,12,-6.863232857,-5.237882653
305,12,-6.825718571,-5.248652245
306,12,-6.788204286,-5.259421837
307,12,-6.75069,-5.270191429
308,12,-6.713175714,-5.28096102
309,12,-6.675661429,-5.291730612
310,12,-6.638147143,-5.302500204
311,12,-6.600632857,-5.313269796
312,12,-6.563118571,-5.324039388
313,12,-6.525604286,-5.33480898
314,12,-6.48809,-5.345578571
315,12,-6.450575714,-5.356348163
316,12,-6.413061429,-5.367117755
317,12,-6.375547143,-5.377887347
318,12,-6.338032857,-5.388656939
319,12,-6.300518571,-5.399426531
320,12,-6.263004286,-5.410196122
321,12,-6.22549,-5.420965714
322,12,-6.187975714,-5.431735306
323,12,-6.150461429,-5.442504898
324,12,-6.112947143,-5.45327449
325,12,-6.075432857,-5.464044082
326,12,-6.037918571,-5.474813673
327,12,-6.000404286,-5.485583265
328,12,-5.96289,-5.496352857
329,12,-5.925375714,-5.507122449
330,12,-5.887861429,-5.517892041
331,12,-5.850347143,-5.528661633
332,12,-5.812832857,-5.539431224
333,12,-5.775318571,-5.550200816
334,12,-5.737804286,-5.560970408
335,12,-5.70029,-5.57174
336,12,-5.663555135,-5.577632432
337,12,-5.62682027,-5.583524865
338,12,-5.590085405,-5.589417297
339,12,-5.553350541,-5.59530973
340,12,-5.516615676,-5.601202162
341,12,-5.479880811,-5.607094595
342,12,-5.443145946,-5.612987027
343,12,-5.406411081,-5.618879459
344,12,-5.369676216,-5.624771892
345,12,-5.332941351,-5.630664324
346,12,-5.296206486,-5.636556757
347,12,-5.259471622,-5.642449189
348,12,-5.222736757,-5.648341622
349,12,-5.186001892,-5.654234054
350,12,-5.149267027,-5.660126486
351,12,-5.112532162,-5.666018919
352,12,-5.075797297,-5.671911351
353,12,-5.039062432,-5.677803784
354,12,-5.002327568,-5.683696216
355,12,-4.965592703,-5.689588649
356,12,-4.928857838,-5.695481081
357,12,-4.892122973,-5.701373514
358,12,-4.855388108,-5.707265946
359,12,-4.818653243,-5.713158378
360,12,-4.781918378,-5.719050811
361,12,-4.745183514,-5.724943243
362,12,-4.708448649,-5.730835676
363,12,-4.671713784,-5.736728108
364,12,-4.634978919,-5.742620541
365,12,-4.598244054,-5.748512973
366,12,-4.561509189,-5.754405405
367,12,-4.524774324,-5.760297838
368,12,-4.488039459,-5.76619027
369,12,-4.451304595,-5.772082703
370,12,-4.41456973,-5.777975135
371,12,-4.377834865,-5.783867568
372,12,-4.3411,-5.78976
0,13,-23.6968,-4.90576
1,13,-23.640892,-4.8964374
2,13,-23.584984,-4.8871148
3,13,-23.529076,-4.8777922
4,13,-23.473168,-4.8684696
5,13,-23.41726,-4.859147
6,13,-23.361352,-4.8498244
7,13,-23.305444,-4.8405018
8,13,-23.249536,-4.8311792
9,13,-23.193628,-4.8218566
10,13,-23.13772,-4.812534
11,13,-23.081812,-4.8032114
12,13,-23.025904,-4.7938888
13,13,-22.969996,-4.7845662
14,13,-22.914088,-4.7752436
15,13,-22.85818,-4.765921
16,13,-22.802272,-4.7565984
17,13,-22.746364,-4.7472758
18,13,-22.690456,-4.7379532
19,13,-22.634548,-4.7286306
20,13,-22.57864,-4.719308
21,13,-22.522732,-4.7099854
22,13,-22.466824,-4.7006628
23,13,-22.410916,-4.6913402
24,13,-22.355008,-4.6820176
25,13,-22.2991,-4.672695
26,13,-22.243192,-4.6633724
27,13,-22.187284,-4.6540498
28,13,-22.131376,-4.6447272
29,13,-22.075468,-4.6354046
30,13,-22.01956,-4.626082
31,13,-21.963652,-4.6167594
32,13,-21.907744,-4.6074368
33,13,-21.851836,-4.5981142
34,13,-21.795928,-4.5887916
35,13,-21.74002,-4.579469
36,13,-21.684112,-4.5701464
37,13,-21.628204,-4.5608238
38,13,-21.572296,-4.5515012
39,13,-21.516388,-4.5421786
40,13,-21.46048,-4.532856
41,13,-21.404572,-4.5235334
42,13,-21.348664,-4.5142108
43,13,-21.292756,-4.5048882
44,13,-21.236848,-4.4955656
45,13,-21.18094,-4.486243
46,13,-21.125032,-4.4769204
47,13,-21.069124,-4.4675978
48,13,-21.013216,-4.4582752
49,13,-20.957308,-4.4489526
50,13,-20.9014,-4.43963
51,13,-20.84921186,-4.430539322
52,13,-20.79702373,-4.421448644
53,13,-20.74483559,-4.412357966
54,13,-20.69264746,-4.403267288
55,13,-20.64045932,-4.39417661
56,13,-20.58827119,-4.385085932
57,13,-20.53608305,-4.375995254
58,13,-20.48389492,-4.366904576
59,13,-20.43170678,-4.357813898
60,13,-20.37951864,-4.34872322
61,13,-20.32733051,-4.339632542
62,13,-20.27514237,-4.330541864
63,13,-20.22295424,-4.321451186
64,13,-20.1707661,-4.312360508
65,13,-20.11857797,-4.303269831
66,13,-20.06638983,-4.294179153
67,13,-20.01420169,-4.285088475
68,13,-19.96201356,-4.275997797
69,13,-19.90982542,-4.266907119
70,13,-19.85763729,-4.257816441
71,13,-19.80544915,-4.248725763
72,13,-19.75326102,-4.239635085
73,13,-19.70107288,-4.230544407
74,13,-19.64888475,-4.221453729
75,13,-19.59669661,-4.212363051
76,13,-19.54450847,-4.203272373
77,13,-19.49232034,-4.194181695
78,13,-19.4401322,-4.185091017
79,13,-19.38794407,-4.176000339
80,13,-19.33575593,-4.166909661
81,13,-19.2835678,-4.157818983
82,13,-19.23137966,-4.148728305
83,13,-19.17919153,-4.139637627
84,13,-19.12700339,-4.130546949
85,13,-19.07481525,-4.121456271
86,13,-19.02262712,-4.112365593
87,13,-18.97043898,-4.103274915
88,13,-18.91825085,-4.094184237
89,13,-18.86606271,-4.085093559
90,13,-18.81387458,-4.076002881
91,13,-18.76168644,-4.066912203
92,13,-18.70949831,-4.057821525
93,13,-18.65731017,-4.048730847
94,13,-18.60512203,-4.039640169
95,13,-18.5529339,-4.030549492
96,13,-18.50074576,-4.021458814
97,13,-18.44855763,-4.012368136
98,13,-18.39636949,-4.003277458
99,13,-18.34418136,-3.99418678
100,13,-18.29199322,-3.985096102
101,13,-18.23980508,-3.976005424
102,13,-18.18761695,-3.966914746
103,13,-18.13542881,-3.957824068
104,13,-18.08324068,-3.94873339
105,13,-18.03105254,-3.939642712
106,13,-17.97886441,-3.930552034
107,13,-17.92667627,-3.921461356
108,13,-17.87448814,-3.912370678
109,13,-17.8223,-3.90328
110,13,-17.76815581,-3.905079535
111,13,-17.71401163,-3.90687907
112,13,-17.65986744,-3.908678605
113,13,-17.60572326,-3.91047814
114,13,-17.55157907,-3.912277674
115,13,-17.49743488,-3.914077209
116,13,-17.4432907,-3.915876744
117,13,-17.38914651,-3.917676279
118,13,-17.33500233,-3.919475814
119,13,-17.28085814,-3.921275349
120,13,-17.22671395,-3.923074884
121,13,-17.17256977,-3.924874419
122,13,-17.11842558,-3.926673953
123,13,-17.0642814,-3.928473488
124,13,-17.01013721,-3.930273023
125,13,-16.95599302,-3.932072558
126,13,-16.90184884,-3.933872093
127,13,-16.84770465,-3.935671628
128,13,-16.79356047,-3.937471163
129,13,-16.73941628,-3.939270698
130,13,-16.68527209,-3.941070233
131,13,-16.63112791,-3.942869767
132,13,-16.57698372,-3.944669302
133,13,-16.52283953,-3.946468837
134,13,-16.46869535,-3.948268372
135,13,-16.41455116,-3.950067907
136,13,-16.36040698,-3.951867442
137,13,-16.30626279,-3.953666977
138,13,-16.2521186,-3.955466512
139,13,-16.19797442,-3.957266047
140,13,-16.14383023,-3.959065581
141,13,-16.08968605,-3.960865116
142,13,-16.03554186,-3.962664651
143,13,-15.98139767,-3.964464186
144,13,-15.92725349,-3.966263721
145,13,-15.8731093,-3.968063256
146,13,-15.81896512,-3.969862791
147,13,-15.76482093,-3.971662326
148,13,-15.71067674,-3.97346186
149,13,-15.65653256,-3.975261395
150,13,-15.60238837,-3.97706093
151,13,-15.54824419,-3.978860465
152,13,-15.4941,-3.98066
153,13,-15.45727742,-3.986370323
154,13,-15.42045484,-3.992080645
155,13,-15.38363226,-3.997790968
156,13,-15.34680968,-4.00350129
157,13,-15.3099871,-4.009211613
158,13,-15.27316452,-4.014921935
159,13,-15.23634194,-4.020632258
160,13,-15.19951935,-4.026342581
161,13,-15.16269677,-4.032052903
162,13,-15.12587419,-4.037763226
163,13,-15.08905161,-4.043473548
164,13,-15.05222903,-4.049183871
165,13,-15.01540645,-4.054894194
166,13,-14.97858387,-4.060604516
167,13,-14.94176129,-4.066314839
168,13,-14.90493871,-4.072025161
169,13,-14.86811613,-4.077735484
170,13,-14.83129355,-4.083445806
171,13,-14.79447097,-4.089156129
172,13,-14.75764839,-4.094866452
173,13,-14.72082581,-4.100576774
174,13,-14.68400323,-4.106287097
175,13,-14.64718065,-4.111997419
176,13,-14.61035806,-4.117707742
177,13,-14.57353548,-4.123418065
178,13,-14.5367129,-4.129128387
179,13,-14.49989032,-4.13483871
180,13,-14.46306774,-4.140549032
181,13,-14.42624516,-4.146259355
182,13,-14.38942258,-4.151969677
183,13,-14.3526,-4.15768
184,13,-14.32728182,-4.160201136
185,13,-14.30196364,-4.162722273
186,13,-14.27664545,-4.165243409
187,13,-14.25132727,-4.167764545
188,13,-14.22600909,-4.170285682
189,13,-14.20069091,-4.172806818
190,13,-14.17537273,-4.175327955
191,13,-14.15005455,-4.177849091
192,13,-14.12473636,-4.180370227
193,13,-14.09941818,-4.182891364
194,13,-14.0741,-4.1854125
195,13,-14.04878182,-4.187933636
196,13,-14.02346364,-4.190454773
197,13,-13.99814545,-4.192975909
198,13,-13.97282727,-4.195497045
199,13,-13.94750909,-4.198018182
200,13,-13.92219091,-4.200539318
201,13,-13.89687273,-4.203060455
202,13,-13.87155455,-4.205581591
203,13,-13.84623636,-4.208102727
204,13,-13.82091818,-4.210623864
205,13,-13.7956,-4.213145
206,13,-13.77028182,-4.215666136
207,13,-13.74496364,-4.218187273
208,13,-13.71964545,-4.220708409
209,13,-13.69432727,-4.223229545
210,13,-13.66900909,-4.225750682
211,13,-13.64369091,-4.228271818
212,13,-13.61837273,-4.230792955
213,13,-13.59305455,-4.233314091
214,13,-13.56773636,-4.235835227
215,13,-13.54241818,-4.238356364
216,13,-13.5171,-4.2408775
217,13,-13.49178182,-4.243398636
218,13,-13.46646364,-4.245919773
219,13,-13.44114545,-4.248440909
220,13,-13.41582727,-4.250962045
221,13,-13.39050909,-4.253483182
222,13,-13.36519091,-4.256004318
223,13,-13.33987273,-4.258525455
224,13,-13.31455455,-4.261046591
225,13,-13.28923636,-4.263567727
226,13,-13.26391818,-4.266088864
227,13,-13.2386,-4.26861
228,13,-13.21011395,-4.263300698
229,13,-13.18162791,-4.257991395
230,13,-13.15314186,-4.252682093
231,13,-13.12465581,-4.247372791
232,13,-13.09616977,-4.242063488
233,13,-13.06768372,-4.236754186
234,13,-13.03919767,-4.231444884
235,13,-13.01071163,-4.226135581
236,13,-12.98222558,-4.220826279
237,13,-12.95373953,-4.215516977
238,13,-12.92525349,-4.210207674
239,13,-12.89676744,-4.204898372
240,13,-12.8682814,-4.19958907
241,13,-12.83979535,-4.194279767
242,13,-12.8113093,-4.188970465
243,13,-12.78282326,-4.183661163
244,13,-12.75433721,-4.17835186
245,13,-12.72585116,-4.173042558
246,13,-12.69736512,-4.167733256
247,13,-12.66887907,-4.162423953
248,13,-12.64039302,-4.157114651
249,13,-12.61190698,-4.151805349
250,13,-12.58342093,-4.146496047
251,13,-12.55493488,-4.141186744
252,13,-12.52644884,-4.135877442
253,13,-12.49796279,-4.13056814
254,13,-12.46947674,-4.125258837
255,13,-12.4409907,-4.119949535
256,13,-12.41250465,-4.114640233
257,13,-12.3840186,-4.10933093
258,13,-12.35553256,-4.104021628
259,13,-12.32704651,-4.098712326
260,13,-12.29856047,-4.093403023
261,13,-12.27007442,-4.088093721
262,13,-12.24158837,-4.082784419
263,13,-12.21310233,-4.077475116
264,13,-12.18461628,-4.072165814
265,13,-12.15613023,-4.066856512
266,13,-12.12764419,-4.061547209
267,13,-12.09915814,-4.056237907
268,13,-12.07067209,-4.050928605
269,13,-12.04218605,-4.045619302
270,13,-12.0137,-4.04031
271,13,-11.98661186,-4.041219153
272,13,-11.95952373,-4.042128305
273,13,-11.93243559,-4.043037458
274,13,-11.90534746,-4.04394661
275,13,-11.87825932,-4.044855763
276,13,-11.85117119,-4.045764915
277,13,-11.82408305,-4.046674068
278,13,-11.79699492,-4.04758322
279,13,-11.76990678,-4.048492373
280,13,-11.74281864,-4.049401525
281,13,-11.71573051,-4.050310678
282,13,-11.68864237,-4.051219831
283,13,-11.66155424,-4.052128983
284,13,-11.6344661,-4.053038136
285,13,-11.60737797,-4.053947288
286,13,-11.58028983,-4.054856441
287,13,-11.55320169,-4.055765593
288,13,-11.52611356,-4.056674746
289,13,-11.49902542,-4.057583898
290,13,-11.47193729,-4.058493051
291,13,-11.44484915,-4.059402203
292,13,-11.41776102,-4.060311356
293,13,-11.39067288,-4.061220508
294,13,-11.36358475,-4.062129661
295,13,-11.33649661,-4.063038814
296,13,-11.30940847,-4.063947966
297,13,-11.28232034,-4.064857119
298,13,-11.2552322,-4.065766271
299,13,-11.22814407,-4.066675424
300,13,-11.20105593,-4.067584576
301,13,-11.1739678,-4.068493729
302,13,-11.14687966,-4.069402881
303,13,-11.11979153,-4.070312034
304,13,-11.09270339,-4.071221186
305,13,-11.06561525,-4.072130339
306,13,-11.03852712,-4.073039492
307,13,-11.01143898,-4.073948644
308,13,-10.98435085,-4.074857797
309,13,-10.95726271,-4.075766949
310,13,-10.93017458,-4.076676102
311,13,-10.90308644,-4.077585254
312,13,-10.87599831,-4.078494407
313,13,-10.84891017,-4.079403559
314,13,-10.82182203,-4.080312712
315,13,-10.7947339,-4.081221864
316,13,-10.76764576,-4.082131017
317,13,-10.74055763,-4.083040169
318,13,-10.71346949,-4.083949322
319,13,-10.68638136,-4.084858475
320,13,-10.65929322,-4.085767627
321,13,-10.63220508,-4.08667678
322,13,-10.60511695,-4.087585932
323,13,-10.57802881,-4.088495085
324,13,-10.55094068,-4.089404237
325,13,-10.52385254,-4.09031339
326,13,-10.49676441,-4.091222542
327,13,-10.46967627,-4.092131695
328,13,-10.44258814,-4.093040847
329,13,-10.4155,-4.09395
330,13,-10.3842788,-4.100176
331,13,-10.3530576,-4.106402
332,13,-10.3218364,-4.112628
333,13,-10.2906152,-4.118854
334,13,-10.259394,-4.12508
335,13,-10.2281728,-4.131306
336,13,-10.1969516,-4.137532
337,13,-10.1657304,-4.143758
338,13,-10.1345092,-4.149984
339,13,-10.103288,-4.15621
340,13,-10.0720668,-4.162436
341,13,-10.0408456,-4.168662
342,13,-10.0096244,-4.174888
343,13,-9.9784032,-4.181114
344,13,-9.947182,-4.18734
345,13,-9.9159608,-4.193566
346,13,-9.8847396,-4.199792
347,13,-9.8535184,-4.206018
348,13,-9.8222972,-4.212244
349,13,-9.791076,-4.21847
350,13,-9.7598548,-4.224696
351,13,-9.7286336,-4.230922
352,13,-9.6974124,-4.237148
353,13,-9.6661912,-4.243374
354,13,-9.63497,-4.2496
355,13,-9.594902326,-4.249947209
356,13,-9.554834651,-4.250294419
357,13,-9.514766977,-4.250641628
358,13,-9.474699302,-4.250988837
359,13,-9.434631628,-4.251336047
360,13,-9.394563953,-4.251683256
361,13,-9.354496279,-4.252030465
362,13,-9.314428605,-4.252377674
363,13,-9.27436093,-4.252724884
364,13,-9.234293256,-4.253072093
365,13,-9.194225581,-4.253419302
366,13,-9.154157907,-4.253766512
367,13,-9.114090233,-4.254113721
368,13,-9.074022558,-4.25446093
369,13,-9.033954884,-4.25480814
370,13,-8.993887209,-4.255155349
371,13,-8.953819535,-4.255502558
372,13,-8.91375186,-4.255849767
373,13,-8.873684186,-4.256196977
374,13,-8.833616512,-4.256544186
375,13,-8.793548837,-4.256891395
376,13,-8.753481163,-4.257238605
377,13,-8.713413488,-4.257585814
378,13,-8.673345814,-4.257933023
379,13,-8.63327814,-4.258280233
380,13,-8.593210465,-4.258627442
381,13,-8.553142791,-4.258974651
382,13,-8.513075116,-4.25932186
383,13,-8.473007442,-4.25966907
384,13,-8.432939767,-4.260016279
385,13,-8.392872093,-4.260363488
386,13,-8.352804419,-4.260710698
387,13,-8.312736744,-4.261057907
388,13,-8.27266907,-4.261405116
389,13,-8.232601395,-4.261752326
390,13,-8.192533721,-4.262099535
391,13,-8.152466047,-4.262446744
392,13,-8.112398372,-4.262793953
393,13,-8.072330698,-4.263141163
394,13,-8.032263023,-4.263488372
395,13,-7.992195349,-4.263835581
396,13,-7.952127674,-4.264182791
397,13,-7.91206,-4.26453
398,13,-7.882621,-4.268046
399,13,-7.853182,-4.271562
400,13,-7.823743,-4.275078
401,13,-7.794304,-4.278594
402,13,-7.764865,-4.28211
403,13,-7.735426,-4.285626
404,13,-7.705987,-4.289142
405,13,-7.676548,-4.292658
406,13,-7.647109,-4.296174
407,13,-7.61767,-4.29969
408,13,-7.588231,-4.303206
409,13,-7.558792,-4.306722
410,13,-7.529353,-4.310238
411,13,-7.499914,-4.313754
412,13,-7.470475,-4.31727
413,13,-7.441036,-4.320786
414,13,-7.411597,-4.324302
415,13,-7.382158,-4.327818
416,13,-7.352719,-4.331334
417,13,-7.32328,-4.33485
418,13,-7.293841,-4.338366
419,13,-7.264402,-4.341882
420,13,-7.234963,-4.345398
421,13,-7.205524,-4.348914
422,13,-7.176085,-4.35243
423,13,-7.146646,-4.355946
424,13,-7.117207,-4.359462
425,13,-7.087768,-4.362978
426,13,-7.058329,-4.366494
427,13,-7.02889,-4.37001
428,13,-6.999451,-4.373526
429,13,-6.970012,-4.377042
430,13,-6.940573,-4.380558
431,13,-6.911134,-4.384074
432,13,-6.881695,-4.38759
433,13,-6.852256,-4.391106
434,13,-6.822817,-4.394622
435,13,-6.793378,-4.398138
436,13,-6.763939,-4.401654
437,13,-6.7345,-4.40517
438,13,-6.705061,-4.408686
439,13,-6.675622,-4.412202
440,13,-6.646183,-4.415718
441,13,-6.616744,-4.419234
442,13,-6.587305,-4.42275
443,13,-6.557866,-4.426266
444,13,-6.528427,-4.429782
445,13,-6.498988,-4.433298
446,13,-6.469549,-4.436814
447,13,-6.44011,-4.44033
448,13,-6.419638636,-4.443110455
449,13,-6.399167273,-4.445890909
450,13,-6.378695909,-4.448671364
451,13,-6.358224545,-4.451451818
452,13,-6.337753182,-4.454232273
453,13,-6.317281818,-4.457012727
454,13,-6.296810455,-4.459793182
455,13,-6.276339091,-4.462573636
456,13,-6.255867727,-4.465354091
457,13,-6.235396364,-4.468134545
458,13,-6.214925,-4.470915
459,13,-6.194453636,-4.473695455
460,13,-6.173982273,-4.476475909
461,13,-6.153510909,-4.479256364
462,13,-6.133039545,-4.482036818
463,13,-6.112568182,-4.484817273
464,13,-6.092096818,-4.487597727
465,13,-6.071625455,-4.490378182
466,13,-6.051154091,-4.493158636
467,13,-6.030682727,-4.495939091
468,13,-6.010211364,-4.498719545
469,13,-5.98974,-4.5015
470,13,-5.95594,-4.494774286
471,13,-5.92214,-4.488048571
472,13,-5.88834,-4.481322857
473,13,-5.85454,-4.474597143
474,13,-5.82074,-4.467871429
475,13,-5.78694,-4.461145714
476,13,-5.75314,-4.45442
477,13,-5.71934,-4.447694286
478,13,-5.68554,-4.440968571
479,13,-5.65174,-4.434242857
480,13,-5.61794,-4.427517143
481,13,-5.58414,-4.420791429
482,13,-5.55034,-4.414065714
483,13,-5.51654,-4.40734
484,13,-5.48274,-4.400614286
485,13,-5.44894,-4.393888571
486,13,-5.41514,-4.387162857
487,13,-5.38134,-4.380437143
488,13,-5.34754,-4.373711429
489,13,-5.31374,-4.366985714
490,13,-5.27994,-4.36026
491,13,-5.253333947,-4.364546579
492,13,-5.226727895,-4.368833158
493,13,-5.200121842,-4.373119737
494,13,-5.173515789,-4.377406316
495,13,-5.146909737,-4.381692895
496,13,-5.120303684,-4.385979474
497,13,-5.093697632,-4.390266053
498,13,-5.067091579,-4.394552632
499,13,-5.040485526,-4.398839211
500,13,-5.013879474,-4.403125789
501,13,-4.987273421,-4.407412368
502,13,-4.960667368,-4.411698947
503,13,-4.934061316,-4.415985526
504,13,-4.907455263,-4.420272105
505,13,-4.880849211,-4.424558684
506,13,-4.854243158,-4.428845263
507,13,-4.827637105,-4.433131842
508,13,-4.801031053,-4.437418421
509,13,-4.774425,-4.441705
510,13,-4.747818947,-4.445991579
511,13,-4.721212895,-4.450278158
512,13,-4.694606842,-4.454564737
513,13,-4.668000789,-4.458851316
514,13,-4.641394737,-4.463137895
515,13,-4.614788684,-4.467424474
516,13,-4.588182632,-4.471711053
517,13,-4.561576579,-4.475997632
518,13,-4.534970526,-4.480284211
519,13,-4.508364474,-4.484570789
520,13,-4.481758421,-4.488857368
521,13,-4.455152368,-4.493143947
522,13,-4.428546316,-4.497430526
523,13,-4.401940263,-4.501717105
524,13,-4.375334211,-4.506003684
525,13,-4.348728158,-4.510290263
526,13,-4.322122105,-4.514576842
527,13,-4.295516053,-4.518863421
528,13,-4.26891,-4.52315
529,13,-4.236104583,-4.519705
530,13,-4.203299167,-4.51626
531,13,-4.17049375,-4.512815
532,13,-4.137688333,-4.50937
533,13,-4.104882917,-4.505925
534,13,-4.0720775,-4.50248
535,13,-4.039272083,-4.499035
536,13,-4.006466667,-4.49559
537,13,-3.97366125,-4.492145
538,13,-3.940855833,-4.4887
539,13,-3.908050417,-4.485255
540,13,-3.875245,-4.48181
541,13,-3.842439583,-4.478365
542,13,-3.809634167,-4.47492
543,13,-3.77682875,-4.471475
544,13,-3.744023333,-4.46803
545,13,-3.711217917,-4.464585
546,13,-3.6784125,-4.46114
547,13,-3.645607083,-4.457695
548,13,-3.612801667,-4.45425
549,13,-3.57999625,-4.450805
550,13,-3.547190833,-4.44736
551,13,-3.514385417,-4.443915
552,13,-3.48158,-4.44047
553,13,-3.447617273,-4.439764091
554,13,-3.413654545,-4.439058182
555,13,-3.379691818,-4.438352273
556,13,-3.345729091,-4.437646364
557,13,-3.311766364,-4.436940455
558,13,-3.277803636,-4.436234545
559,13,-3.243840909,-4.435528636
560,13,-3.209878182,-4.434822727
561,13,-3.175915455,-4.434116818
562,13,-3.141952727,-4.433410909
563,13,-3.10799,-4.432705
564,13,-3.074027273,-4.431999091
565,13,-3.040064545,-4.431293182
566,13,-3.006101818,-4.430587273
567,13,-2.972139091,-4.429881364
568,13,-2.938176364,-4.429175455
569,13,-2.904213636,-4.428469545
570,13,-2.870250909,-4.427763636
571,13,-2.836288182,-4.427057727
572,13,-2.802325455,-4.426351818
573,13,-2.768362727,-4.425645909
574,13,-2.7344,-4.42494
0,14,-24.2495,-5.48492
1,14,-24.20044324,-5.480902703
2,14,-24.15138649,-5.476885405
3,14,-24.10232973,-5.472868108
4,14,-24.05327297,-5.468850811
5,14,-24.00421622,-5.464833514
6,14,-23.95515946,-5.460816216
7,14,-23.9061027,-5.456798919
8,14,-23.85704595,-5.452781622
9,14,-23.80798919,-5.448764324
10,14,-23.75893243,-5.444747027
11,14,-23.70987568,-5.44072973
12,14,-23.66081892,-5.436712432
13,14,-23.61176216,-5.432695135
14,14,-23.56270541,-5.428677838
15,14,-23.51364865,-5.424660541
16,14,-23.46459189,-5.420643243
17,14,-23.41553514,-5.416625946
18,14,-23.36647838,-5.412608649
19,14,-23.31742162,-5.408591351
20,14,-23.26836486,-5.404574054
21,14,-23.21930811,-5.400556757
22,14,-23.17025135,-5.396539459
23,14,-23.12119459,-5.392522162
24,14,-23.07213784,-5.388504865
25,14,-23.02308108,-5.384487568
26,14,-22.97402432,-5.38047027
27,14,-22.92496757,-5.376452973
28,14,-22.87591081,-5.372435676
29,14,-22.82685405,-5.368418378
30,14,-22.7777973,-5.364401081
31,14,-22.72874054,-5.360383784
32,14,-22.67968378,-5.356366486
33,14,-22.63062703,-5.352349189
34,14,-22.58157027,-5.348331892
35,14,-22.53251351,-5.344314595
36,14,-22.48345676,-5.340297297
37,14,-22.4344,-5.33628
38,14,-22.38534324,-5.332262703
39,14,-22.33628649,-5.328245405
40,14,-22.28722973,-5.324228108
41,14,-22.23817297,-5.320210811
42,14,-22.18911622,-5.316193514
43,14,-22.14005946,-5.312176216
44,14,-22.0910027,-5.308158919
45,14,-22.04194595,-5.304141622
46,14,-21.99288919,-5.300124324
47,14,-21.94383243,-5.296107027
48,14,-21.89477568,-5.29208973
49,14,-21.84571892,-5.288072432
50,14,-21.79666216,-5.284055135
51,14,-21.74760541,-5.280037838
52,14,-21.69854865,-5.276020541
53,14,-21.64949189,-5.272003243
54,14,-21.60043514,-5.267985946
55,14,-21.55137838,-5.263968649
56,14,-21.50232162,-5.259951351
57,14,-21.45326486,-5.255934054
58,14,-21.40420811,-5.251916757
59,14,-21.35515135,-5.247899459
60,14,-21.30609459,-5.243882162
61,14,-21.25703784,-5.239864865
62,14,-21.20798108,-5.235847568
63,14,-21.15892432,-5.23183027
64,14,-21.10986757,-5.227812973
65,14,-21.06081081,-5.223795676
66,14,-21.01175405,-5.219778378
67,14,-20.9626973,-5.215761081
68,14,-20.91364054,-5.211743784
69,14,-20.86458378,-5.207726486
70,14,-20.81552703,-5.203709189
71,14,-20.76647027,-5.199691892
72,14,-20.71741351,-5.195674595
73,14,-20.66835676,-5.191657297
74,14,-20.6193,-5.18764
75,14,-20.55776026,-5.180484744
76,14,-20.49622051,-5.173329487
77,14,-20.43468077,-5.166174231
78,14,-20.37314103,-5.159018974
79,14,-20.31160128,-5.151863718
80,14,-20.25006154,-5.144708462
81,14,-20.18852179,-5.137553205
82,14,-20.12698205,-5.130397949
83,14,-20.06544231,-5.123242692
84,14,-20.00390256,-5.116087436
85,14,-19.94236282,-5.108932179
86,14,-19.88082308,-5.101776923
87,14,-19.81928333,-5.094621667
88,14,-19.75774359,-5.08746641
89,14,-19.69620385,-5.080311154
90,14,-19.6346641,-5.073155897
91,14,-19.57312436,-5.066000641
92,14,-19.51158462,-5.058845385
93,14,-19.45004487,-5.051690128
94,14,-19.38850513,-5.044534872
95,14,-19.32696538,-5.037379615
96,14,-19.26542564,-5.030224359
97,14,-19.2038859,-5.023069103
98,14,-19.14234615,-5.015913846
99,14,-19.08080641,-5.00875859
100,14,-19.01926667,-5.001603333
101,14,-18.95772692,-4.994448077
102,14,-18.89618718,-4.987292821
103,14,-18.83464744,-4.980137564
104,14,-18.77310769,-4.972982308
105,14,-18.71156795,-4.965827051
106,14,-18.65002821,-4.958671795
107,14,-18.58848846,-4.951516538
108,14,-18.52694872,-4.944361282
109,14,-18.46540897,-4.937206026
110,14,-18.40386923,-4.930050769
111,14,-18.34232949,-4.922895513
112,14,-18.28078974,-4.915740256
113,14,-18.21925,-4.908585
114,14,-18.15771026,-4.901429744
115,14,-18.09617051,-4.894274487
116,14,-18.03463077,-4.887119231
117,14,-17.97309103,-4.879963974
118,14,-17.91155128,-4.872808718
119,14,-17.85001154,-4.865653462
120,14,-17.78847179,-4.858498205
121,14,-17.72693205,-4.851342949
122,14,-17.66539231,-4.844187692
123,14,-17.60385256,-4.837032436
124,14,-17.54231282,-4.829877179
125,14,-17.48077308,-4.822721923
126,14,-17.41923333,-4.815566667
127,14,-17.35769359,-4.80841141
128,14,-17.29615385,-4.801256154
129,14,-17.2346141,-4.794100897
130,14,-17.17307436,-4.786945641
131,14,-17.11153462,-4.779790385
132,14,-17.04999487,-4.772635128
133,14,-16.98845513,-4.765479872
134,14,-16.92691538,-4.758324615
135,14,-16.86537564,-4.751169359
136,14,-16.8038359,-4.744014103
137,14,-16.74229615,-4.736858846
138,14,-16.68075641,-4.72970359
139,14,-16.61921667,-4.722548333
140,14,-16.55767692,-4.715393077
141,14,-16.49613718,-4.708237821
142,14,-16.43459744,-4.701082564
143,14,-16.37305769,-4.693927308
144,14,-16.31151795,-4.686772051
145,14,-16.24997821,-4.679616795
146,14,-16.18843846,-4.672461538
147,14,-16.12689872,-4.665306282
148,14,-16.06535897,-4.658151026
149,14,-16.00381923,-4.650995769
150,14,-15.94227949,-4.643840513
151,14,-15.88073974,-4.636685256
152,14,-15.8192,-4.62953
153,14,-15.788616,-4.632064267
154,14,-15.758032,-4.634598533
155,14,-15.727448,-4.6371328
156,14,-15.696864,-4.639667067
157,14,-15.66628,-4.642201333
158,14,-15.635696,-4.6447356
159,14,-15.605112,-4.647269867
160,14,-15.574528,-4.649804133
161,14,-15.543944,-4.6523384
162,14,-15.51336,-4.654872667
163,14,-15.482776,-4.657406933
164,14,-15.452192,-4.6599412
165,14,-15.421608,-4.662475467
166,14,-15.391024,-4.665009733
167,14,-15.36044,-4.667544
168,14,-15.329856,-4.670078267
169,14,-15.299272,-4.672612533
170,14,-15.268688,-4.6751468
171,14,-15.238104,-4.677681067
172,14,-15.20752,-4.680215333
173,14,-15.176936,-4.6827496
174,14,-15.146352,-4.685283867
175,14,-15.115768,-4.687818133
176,14,-15.085184,-4.6903524
177,14,-15.0546,-4.692886667
178,14,-15.024016,-4.695420933
179,14,-14.993432,-4.6979552
180,14,-14.962848,-4.700489467
181,14,-14.932264,-4.703023733
182,14,-14.90168,-4.705558
183,14,-14.871096,-4.708092267
184,14,-14.840512,-4.710626533
185,14,-14.809928,-4.7131608
186,14,-14.779344,-4.715695067
187,14,-14.74876,-4.718229333
188,14,-14.718176,-4.7207636
189,14,-14.687592,-4.723297867
190,14,-14.657008,-4.725832133
191,14,-14.626424,-4.7283664
192,14,-14.59584,-4.730900667
193,14,-14.565256,-4.733434933
194,14,-14.534672,-4.7359692
195,14,-14.504088,-4.738503467
196,14,-14.473504,-4.741037733
197,14,-14.44292,-4.743572
198,14,-14.412336,-4.746106267
199,14,-14.381752,-4.748640533
200,14,-14.351168,-4.7511748
201,14,-14.320584,-4.753709067
202,14,-14.29,-4.756243333
203,14,-14.259416,-4.7587776
204,14,-14.228832,-4.761311867
205,14,-14.198248,-4.763846133
206,14,-14.167664,-4.7663804
207,14,-14.13708,-4.768914667
208,14,-14.106496,-4.771448933
209,14,-14.075912,-4.7739832
210,14,-14.045328,-4.776517467
211,14,-14.014744,-4.779051733
212,14,-13.98416,-4.781586
213,14,-13.953576,-4.784120267
214,14,-13.922992,-4.786654533
215,14,-13.892408,-4.7891888
216,14,-13.861824,-4.791723067
217,14,-13.83124,-4.794257333
218,14,-13.800656,-4.7967916
219,14,-13.770072,-4.799325867
220,14,-13.739488,-4.801860133
221,14,-13.708904,-4.8043944
222,14,-13.67832,-4.806928667
223,14,-13.647736,-4.809462933
224,14,-13.617152,-4.8119972
225,14,-13.586568,-4.814531467
226,14,-13.555984,-4.817065733
227,14,-13.5254,-4.8196
228,14,-13.50139038,-4.818744038
229,14,-13.47738077,-4.817888077
230,14,-13.45337115,-4.817032115
231,14,-13.42936154,-4.816176154
232,14,-13.40535192,-4.815320192
233,14,-13.38134231,-4.814464231
234,14,-13.35733269,-4.813608269
235,14,-13.33332308,-4.812752308
236,14,-13.30931346,-4.811896346
237,14,-13.28530385,-4.811040385
238,14,-13.26129423,-4.810184423
239,14,-13.23728462,-4.809328462
240,14,-13.213275,-4.8084725
241,14,-13.18926538,-4.807616538
242,14,-13.16525577,-4.806760577
243,14,-13.14124615,-4.805904615
244,14,-13.11723654,-4.805048654
245,14,-13.09322692,-4.804192692
246,14,-13.06921731,-4.803336731
247,14,-13.04520769,-4.802480769
248,14,-13.02119808,-4.801624808
249,14,-12.99718846,-4.800768846
250,14,-12.97317885,-4.799912885
251,14,-12.94916923,-4.799056923
252,14,-12.92515962,-4.798200962
253,14,-12.90115,-4.797345
254,14,-12.87714038,-4.796489038
255,14,-12.85313077,-4.795633077
256,14,-12.82912115,-4.794777115
257,14,-12.80511154,-4.793921154
258,14,-12.78110192,-4.793065192
259,14,-12.75709231,-4.792209231
260,14,-12.73308269,-4.791353269
261,14,-12.70907308,-4.790497308
262,14,-12.68506346,-4.789641346
263,14,-12.66105385,-4.788785385
264,14,-12.63704423,-4.787929423
265,14,-12.61303462,-4.787073462
266,14,-12.589025,-4.7862175
267,14,-12.56501538,-4.785361538
268,14,-12.54100577,-4.784505577
269,14,-12.51699615,-4.783649615
270,14,-12.49298654,-4.782793654
271,14,-12.46897692,-4.781937692
272,14,-12.44496731,-4.781081731
273,14,-12.42095769,-4.780225769
274,14,-12.39694808,-4.779369808
275,14,-12.37293846,-4.778513846
276,14,-12.34892885,-4.777657885
277,14,-12.32491923,-4.776801923
278,14,-12.30090962,-4.775945962
279,14,-12.2769,-4.77509
280,14,-12.24416792,-4.770973396
281,14,-12.21143585,-4.766856792
282,14,-12.17870377,-4.762740189
283,14,-12.1459717,-4.758623585
284,14,-12.11323962,-4.754506981
285,14,-12.08050755,-4.750390377
286,14,-12.04777547,-4.746273774
287,14,-12.0150434,-4.74215717
288,14,-11.98231132,-4.738040566
289,14,-11.94957925,-4.733923962
290,14,-11.91684717,-4.729807358
291,14,-11.88411509,-4.725690755
292,14,-11.85138302,-4.721574151
293,14,-11.81865094,-4.717457547
294,14,-11.78591887,-4.713340943
295,14,-11.75318679,-4.70922434
296,14,-11.72045472,-4.705107736
297,14,-11.68772264,-4.700991132
298,14,-11.65499057,-4.696874528
299,14,-11.62225849,-4.692757925
300,14,-11.58952642,-4.688641321
301,14,-11.55679434,-4.684524717
302,14,-11.52406226,-4.680408113
303,14,-11.49133019,-4.676291509
304,14,-11.45859811,-4.672174906
305,14,-11.42586604,-4.668058302
306,14,-11.39313396,-4.663941698
307,14,-11.36040189,-4.659825094
308,14,-11.32766981,-4.655708491
309,14,-11.29493774,-4.651591887
310,14,-11.26220566,-4.647475283
311,14,-11.22947358,-4.643358679
312,14,-11.19674151,-4.639242075
313,14,-11.16400943,-4.635125472
314,14,-11.13127736,-4.631008868
315,14,-11.09854528,-4.626892264
316,14,-11.06581321,-4.62277566
317,14,-11.03308113,-4.618659057
318,14,-11.00034906,-4.614542453
319,14,-10.96761698,-4.610425849
320,14,-10.93488491,-4.606309245
321,14,-10.90215283,-4.602192642
322,14,-10.86942075,-4.598076038
323,14,-10.83668868,-4.593959434
324,14,-10.8039566,-4.58984283
325,14,-10.77122453,-4.585726226
326,14,-10.73849245,-4.581609623
327,14,-10.70576038,-4.577493019
328,14,-10.6730283,-4.573376415
329,14,-10.64029623,-4.569259811
330,14,-10.60756415,-4.565143208
331,14,-10.57483208,-4.561026604
332,14,-10.5421,-4.55691
333,14,-10.5068808,-4.5608056
334,14,-10.4716616,-4.5647012
335,14,-10.4364424,-4.5685968
336,14,-10.4012232,-4.5724924
337,14,-10.366004,-4.576388
338,14,-10.3307848,-4.5802836
339,14,-10.2955656,-4.5841792
340,14,-10.2603464,-4.5880748
341,14,-10.2251272,-4.5919704
342,14,-10.189908,-4.595866
343,14,-10.1546888,-4.5997616
344,14,-10.1194696,-4.6036572
345,14,-10.0842504,-4.6075528
346,14,-10.0490312,-4.6114484
347,14,-10.013812,-4.615344
348,14,-9.9785928,-4.6192396
349,14,-9.9433736,-4.6231352
350,14,-9.9081544,-4.6270308
351,14,-9.8729352,-4.6309264
352,14,-9.837716,-4.634822
353,14,-9.8024968,-4.6387176
354,14,-9.7672776,-4.6426132
355,14,-9.7320584,-4.6465088
356,14,-9.6968392,-4.6504044
357,14,-9.66162,-4.6543
358,14,-9.6264008,-4.6581956
359,14,-9.5911816,-4.6620912
360,14,-9.5559624,-4.6659868
361,14,-9.5207432,-4.6698824
362,14,-9.485524,-4.673778
363,14,-9.4503048,-4.6776736
364,14,-9.4150856,-4.6815692
365,14,-9.3798664,-4.6854648
366,14,-9.3446472,-4.6893604
367,14,-9.309428,-4.693256
368,14,-9.2742088,-4.6971516
369,14,-9.2389896,-4.7010472
370,14,-9.2037704,-4.7049428
371,14,-9.1685512,-4.7088384
372,14,-9.133332,-4.712734
373,14,-9.0981128,-4.7166296
374,14,-9.0628936,-4.7205252
375,14,-9.0276744,-4.7244208
376,14,-8.9924552,-4.7283164
377,14,-8.957236,-4.732212
378,14,-8.9220168,-4.7361076
379,14,-8.8867976,-4.7400032
380,14,-8.8515784,-4.7438988
381,14,-8.8163592,-4.7477944
382,14,-8.78114,-4.75169
383,14,-8.746390154,-4.753256462
384,14,-8.711640308,-4.754822923
385,14,-8.676890462,-4.756389385
386,14,-8.642140615,-4.757955846
387,14,-8.607390769,-4.759522308
388,14,-8.572640923,-4.761088769
389,14,-8.537891077,-4.762655231
390,14,-8.503141231,-4.764221692
391,14,-8.468391385,-4.765788154
392,14,-8.433641538,-4.767354615
393,14,-8.398891692,-4.768921077
394,14,-8.364141846,-4.770487538
395,14,-8.329392,-4.772054
396,14,-8.294642154,-4.773620462
397,14,-8.259892308,-4.775186923
398,14,-8.225142462,-4.776753385
399,14,-8.190392615,-4.778319846
400,14,-8.155642769,-4.779886308
401,14,-8.120892923,-4.781452769
402,14,-8.086143077,-4.783019231
403,14,-8.051393231,-4.784585692
404,14,-8.016643385,-4.786152154
405,14,-7.981893538,-4.787718615
406,14,-7.947143692,-4.789285077
407,14,-7.912393846,-4.790851538
408,14,-7.877644,-4.792418
409,14,-7.842894154,-4.793984462
410,14,-7.808144308,-4.795550923
411,14,-7.773394462,-4.797117385
412,14,-7.738644615,-4.798683846
413,14,-7.703894769,-4.800250308
414,14,-7.669144923,-4.801816769
415,14,-7.634395077,-4.803383231
416,14,-7.599645231,-4.804949692
417,14,-7.564895385,-4.806516154
418,14,-7.530145538,-4.808082615
419,14,-7.495395692,-4.809649077
420,14,-7.460645846,-4.811215538
421,14,-7.425896,-4.812782
422,14,-7.391146154,-4.814348462
423,14,-7.356396308,-4.815914923
424,14,-7.321646462,-4.817481385
425,14,-7.286896615,-4.819047846
426,14,-7.252146769,-4.820614308
427,14,-7.217396923,-4.822180769
428,14,-7.182647077,-4.823747231
429,14,-7.147897231,-4.825313692
430,14,-7.113147385,-4.826880154
431,14,-7.078397538,-4.828446615
432,14,-7.043647692,-4.830013077
433,14,-7.008897846,-4.831579538
434,14,-6.974148,-4.833146
435,14,-6.939398154,-4.834712462
436,14,-6.904648308,-4.836278923
437,14,-6.869898462,-4.837845385
438,14,-6.835148615,-4.839411846
439,14,-6.800398769,-4.840978308
440,14,-6.765648923,-4.842544769
441,14,-6.730899077,-4.844111231
442,14,-6.696149231,-4.845677692
443,14,-6.661399385,-4.847244154
444,14,-6.626649538,-4.848810615
445,14,-6.591899692,-4.850377077
446,14,-6.557149846,-4.851943538
447,14,-6.5224,-4.85351
448,14,-6.495846441,-4.855367458
449,14,-6.469292881,-4.857224915
450,14,-6.442739322,-4.859082373
451,14,-6.416185763,-4.860939831
452,14,-6.389632203,-4.862797288
453,14,-6.363078644,-4.864654746
454,14,-6.336525085,-4.866512203
455,14,-6.309971525,-4.868369661
456,14,-6.283417966,-4.870227119
457,14,-6.256864407,-4.872084576
458,14,-6.230310847,-4.873942034
459,14,-6.203757288,-4.875799492
460,14,-6.177203729,-4.877656949
461,14,-6.150650169,-4.879514407
462,14,-6.12409661,-4.881371864
463,14,-6.097543051,-4.883229322
464,14,-6.070989492,-4.88508678
465,14,-6.044435932,-4.886944237
466,14,-6.017882373,-4.888801695
467,14,-5.991328814,-4.890659153
468,14,-5.964775254,-4.89251661
469,14,-5.938221695,-4.894374068
470,14,-5.911668136,-4.896231525
471,14,-5.885114576,-4.898088983
472,14,-5.858561017,-4.899946441
473,14,-5.832007458,-4.901803898
474,14,-5.805453898,-4.903661356
475,14,-5.778900339,-4.905518814
476,14,-5.75234678,-4.907376271
477,14,-5.72579322,-4.909233729
478,14,-5.699239661,-4.911091186
479,14,-5.672686102,-4.912948644
480,14,-5.646132542,-4.914806102
481,14,-5.619578983,-4.916663559
482,14,-5.593025424,-4.918521017
483,14,-5.566471864,-4.920378475
484,14,-5.539918305,-4.922235932
485,14,-5.513364746,-4.92409339
486,14,-5.486811186,-4.925950847
487,14,-5.460257627,-4.927808305
488,14,-5.433704068,-4.929665763
489,14,-5.407150508,-4.93152322
490,14,-5.380596949,-4.933380678
491,14,-5.35404339,-4.935238136
492,14,-5.327489831,-4.937095593
493,14,-5.300936271,-4.938953051
494,14,-5.274382712,-4.940810508
495,14,-5.247829153,-4.942667966
496,14,-5.221275593,-4.944525424
497,14,-5.194722034,-4.946382881
498,14,-5.168168475,-4.948240339
499,14,-5.141614915,-4.950097797
500,14,-5.115061356,-4.951955254
501,14,-5.088507797,-4.953812712
502,14,-5.061954237,-4.955670169
503,14,-5.035400678,-4.957527627
504,14,-5.008847119,-4.959385085
505,14,-4.982293559,-4.961242542
506,14,-4.95574,-4.9631
507,14,-4.924258108,-4.962301892
508,14,-4.892776216,-4.961503784
509,14,-4.861294324,-4.960705676
510,14,-4.829812432,-4.959907568
511,14,-4.798330541,-4.959109459
512,14,-4.766848649,-4.958311351
513,14,-4.735366757,-4.957513243
514,14,-4.703884865,-4.956715135
515,14,-4.672402973,-4.955917027
516,14,-4.640921081,-4.955118919
517,14,-4.609439189,-4.954320811
518,14,-4.577957297,-4.953522703
519,14,-4.546475405,-4.952724595
520,14,-4.514993514,-4.951926486
521,14,-4.483511622,-4.951128378
522,14,-4.45202973,-4.95033027
523,14,-4.420547838,-4.949532162
524,14,-4.389065946,-4.948734054
525,14,-4.357584054,-4.947935946
526,14,-4.326102162,-4.947137838
527,14,-4.29462027,-4.94633973
528,14,-4.263138378,-4.945541622
529,14,-4.231656486,-4.944743514
530,14,-4.200174595,-4.943945405
531,14,-4.168692703,-4.943147297
532,14,-4.137210811,-4.942349189
533,14,-4.105728919,-4.941551081
534,14,-4.074247027,-4.940752973
535,14,-4.042765135,-4.939954865
536,14,-4.011283243,-4.939156757
537,14,-3.979801351,-4.938358649
538,14,-3.948319459,-4.937560541
539,14,-3.916837568,-4.936762432
540,14,-3.885355676,-4.935964324
541,14,-3.853873784,-4.935166216
542,14,-3.822391892,-4.934368108
543,14,-3.79091,-4.93357
544,14,-3.759016316,-4.933702105
545,14,-3.727122632,-4.933834211
546,14,-3.695228947,-4.933966316
547,14,-3.663335263,-4.934098421
548,14,-3.631441579,-4.934230526
549,14,-3.599547895,-4.934362632
550,14,-3.567654211,-4.934494737
551,14,-3.535760526,-4.934626842
552,14,-3.503866842,-4.934758947
553,14,-3.471973158,-4.934891053
554,14,-3.440079474,-4.935023158
555,14,-3.408185789,-4.935155263
556,14,-3.376292105,-4.935287368
557,14,-3.344398421,-4.935419474
558,14,-3.312504737,-4.935551579
559,14,-3.280611053,-4.935683684
560,14,-3.248717368,-4.935815789
561,14,-3.216823684,-4.935947895
562,14,-3.18493,-4.93608
0,15,-30.2221,-3.45707
1,15,-30.16211071,-3.453542589
2,15,-30.10212143,-3.450015179
3,15,-30.04213214,-3.446487768
4,15,-29.98214286,-3.442960357
5,15,-29.92215357,-3.439432946
6,15,-29.86216429,-3.435905536
7,15,-29.802175,-3.432378125
8,15,-29.74218571,-3.428850714
9,15,-29.68219643,-3.425323304
10,15,-29.62220714,-3.421795893
11,15,-29.56221786,-3.418268482
12,15,-29.50222857,-3.414741071
13,15,-29.44223929,-3.411213661
14,15,-29.38225,-3.40768625
15,15,-29.32226071,-3.404158839
16,15,-29.26227143,-3.400631429
17,15,-29.20228214,-3.397104018
18,15,-29.14229286,-3.393576607
19,15,-29.08230357,-3.390049196
20,15,-29.02231429,-3.386521786
21,15,-28.962325,-3.382994375
22,15,-28.90233571,-3.379466964
23,15,-28.84234643,-3.375939554
24,15,-28.78235714,-3.372412143
25,15,-28.72236786,-3.368884732
26,15,-28.66237857,-3.365357321
27,15,-28.60238929,-3.361829911
28,15,-28.5424,-3.3583025
29,15,-28.48241071,-3.354775089
30,15,-28.42242143,-3.351247679
31,15,-28.36243214,-3.347720268
32,15,-28.30244286,-3.344192857
33,15,-28.24245357,-3.340665446
34,15,-28.18246429,-3.337138036
35,15,-28.122475,-3.333610625
36,15,-28.06248571,-3.330083214
37,15,-28.00249643,-3.326555804
38,15,-27.94250714,-3.323028393
39,15,-27.88251786,-3.319500982
40,15,-27.82252857,-3.315973571
41,15,-27.76253929,-3.312446161
42,15,-27.70255,-3.30891875
43,15,-27.64256071,-3.305391339
44,15,-27.58257143,-3.301863929
45,15,-27.52258214,-3.298336518
46,15,-27.46259286,-3.294809107
47,15,-27.40260357,-3.291281696
48,15,-27.34261429,-3.287754286
49,15,-27.282625,-3.284226875
50,15,-27.22263571,-3.280699464
51,15,-27.16264643,-3.277172054
52,15,-27.10265714,-3.273644643
53,15,-27.04266786,-3.270117232
54,15,-26.98267857,-3.266589821
55,15,-26.92268929,-3.263062411
56,15,-26.8627,-3.259535
57,15,-26.80271071,-3.256007589
58,15,-26.74272143,-3.252480179
59,15,-26.68273214,-3.248952768
60,15,-26.62274286,-3.245425357
61,15,-26.56275357,-3.241897946
62,15,-26.50276429,-3.238370536
63,15,-26.442775,-3.234843125
64,15,-26.38278571,-3.231315714
65,15,-26.32279643,-3.227788304
66,15,-26.26280714,-3.224260893
67,15,-26.20281786,-3.220733482
68,15,-26.14282857,-3.217206071
69,15,-26.08283929,-3.213678661
70,15,-26.02285,-3.21015125
71,15,-25.96286071,-3.206623839
72,15,-25.90287143,-3.203096429
73,15,-25.84288214,-3.199569018
74,15,-25.78289286,-3.196041607
75,15,-25.72290357,-3.192514196
76,15,-25.66291429,-3.188986786
77,15,-25.602925,-3.185459375
78,15,-25.54293571,-3.181931964
79,15,-25.48294643,-3.178404554
80,15,-25.42295714,-3.174877143
81,15,-25.36296786,-3.171349732
82,15,-25.30297857,-3.167822321
83,15,-25.24298929,-3.164294911
84,15,-25.183,-3.1607675
85,15,-25.12301071,-3.157240089
86,15,-25.06302143,-3.153712679
87,15,-25.00303214,-3.150185268
88,15,-24.94304286,-3.146657857
89,15,-24.88305357,-3.143130446
90,15,-24.82306429,-3.139603036
91,15,-24.763075,-3.136075625
92,15,-24.70308571,-3.132548214
93,15,-24.64309643,-3.129020804
94,15,-24.58310714,-3.125493393
95,15,-24.52311786,-3.121965982
96,15,-24.46312857,-3.118438571
97,15,-24.40313929,-3.114911161
98,15,-24.34315,-3.11138375
99,15,-24.28316071,-3.107856339
100,15,-24.22317143,-3.104328929
101,15,-24.16318214,-3.100801518
102,15,-24.10319286,-3.097274107
103,15,-24.04320357,-3.093746696
104,15,-23.98321429,-3.090219286
105,15,-23.923225,-3.086691875
106,15,-23.86323571,-3.083164464
107,15,-23.80324643,-3.079637054
108,15,-23.74325714,-3.076109643
109,15,-23.68326786,-3.072582232
110,15,-23.62327857,-3.069054821
111,15,-23.56328929,-3.065527411
112,15,-23.5033,-3.062
113,15,-23.45785844,-3.06591013
114,15,-23.41241688,-3.06982026
115,15,-23.36697532,-3.07373039
116,15,-23.32153377,-3.077640519
117,15,-23.27609221,-3.081550649
118,15,-23.23065065,-3.085460779
119,15,-23.18520909,-3.089370909
120,15,-23.13976753,-3.093281039
121,15,-23.09432597,-3.097191169
122,15,-23.04888442,-3.101101299
123,15,-23.00344286,-3.105011429
124,15,-22.9580013,-3.108921558
125,15,-22.91255974,-3.112831688
126,15,-22.86711818,-3.116741818
127,15,-22.82167662,-3.120651948
128,15,-22.77623506,-3.124562078
129,15,-22.73079351,-3.128472208
130,15,-22.68535195,-3.132382338
131,15,-22.63991039,-3.136292468
132,15,-22.59446883,-3.140202597
133,15,-22.54902727,-3.144112727
134,15,-22.50358571,-3.148022857
135,15,-22.45814416,-3.151932987
136,15,-22.4127026,-3.155843117
137,15,-22.36726104,-3.159753247
138,15,-22.32181948,-3.163663377
139,15,-22.27637792,-3.167573506
140,15,-22.23093636,-3.171483636
141,15,-22.18549481,-3.175393766
142,15,-22.14005325,-3.179303896
143,15,-22.09461169,-3.183214026
144,15,-22.04917013,-3.187124156
145,15,-22.00372857,-3.191034286
146,15,-21.95828701,-3.194944416
147,15,-21.91284545,-3.198854545
148,15,-21.8674039,-3.202764675
149,15,-21.82196234,-3.206674805
150,15,-21.77652078,-3.210584935
151,15,-21.73107922,-3.214495065
152,15,-21.68563766,-3.218405195
153,15,-21.6401961,-3.222315325
154,15,-21.59475455,-3.226225455
155,15,-21.54931299,-3.230135584
156,15,-21.50387143,-3.234045714
157,15,-21.45842987,-3.237955844
158,15,-21.41298831,-3.241865974
159,15,-21.36754675,-3.245776104
160,15,-21.32210519,-3.249686234
161,15,-21.27666364,-3.253596364
162,15,-21.23122208,-3.257506494
163,15,-21.18578052,-3.261416623
164,15,-21.14033896,-3.265326753
165,15,-21.0948974,-3.269236883
166,15,-21.04945584,-3.273147013
167,15,-21.00401429,-3.277057143
168,15,-20.95857273,-3.280967273
169,15,-20.91313117,-3.284877403
170,15,-20.86768961,-3.288787532
171,15,-20.82224805,-3.292697662
172,15,-20.77680649,-3.296607792
173,15,-20.73136494,-3.300517922
174,15,-20.68592338,-3.304428052
175,15,-20.64048182,-3.308338182
176,15,-20.59504026,-3.312248312
177,15,-20.5495987,-3.316158442
178,15,-20.50415714,-3.320068571
179,15,-20.45871558,-3.323978701
180,15,-20.41327403,-3.327888831
181,15,-20.36783247,-3.331798961
182,15,-20.32239091,-3.335709091
183,15,-20.27694935,-3.339619221
184,15,-20.23150779,-3.343529351
185,15,-20.18606623,-3.347439481
186,15,-20.14062468,-3.35134961
187,15,-20.09518312,-3.35525974
188,15,-20.04974156,-3.35916987
189,15,-20.0043,-3.36308
190,15,-19.96349744,-3.365066282
191,15,-19.92269487,-3.367052564
192,15,-19.88189231,-3.369038846
193,15,-19.84108974,-3.371025128
194,15,-19.80028718,-3.37301141
195,15,-19.75948462,-3.374997692
196,15,-19.71868205,-3.376983974
197,15,-19.67787949,-3.378970256
198,15,-19.63707692,-3.380956538
199,15,-19.59627436,-3.382942821
200,15,-19.55547179,-3.384929103
201,15,-19.51466923,-3.386915385
202,15,-19.47386667,-3.388901667
203,15,-19.4330641,-3.390887949
204,15,-19.39226154,-3.392874231
205,15,-19.35145897,-3.394860513
206,15,-19.31065641,-3.396846795
207,15,-19.26985385,-3.398833077
208,15,-19.22905128,-3.400819359
209,15,-19.18824872,-3.402805641
210,15,-19.14744615,-3.404791923
211,15,-19.10664359,-3.406778205
212,15,-19.06584103,-3.408764487
213,15,-19.02503846,-3.410750769
214,15,-18.9842359,-3.412737051
215,15,-18.94343333,-3.414723333
216,15,-18.90263077,-3.416709615
217,15,-18.86182821,-3.418695897
218,15,-18.82102564,-3.420682179
219,15,-18.78022308,-3.422668462
220,15,-18.73942051,-3.424654744
221,15,-18.69861795,-3.426641026
222,15,-18.65781538,-3.428627308
223,15,-18.61701282,-3.43061359
224,15,-18.57621026,-3.432599872
225,15,-18.53540769,-3.434586154
226,15,-18.49460513,-3.436572436
227,15,-18.45380256,-3.438558718
228,15,-18.413,-3.440545
229,15,-18.37219744,-3.442531282
230,15,-18.33139487,-3.444517564
231,15,-18.29059231,-3.446503846
232,15,-18.24978974,-3.448490128
233,15,-18.20898718,-3.45047641
234,15,-18.16818462,-3.452462692
235,15,-18.12738205,-3.454448974
236,15,-18.08657949,-3.456435256
237,15,-18.04577692,-3.458421538
238,15,-18.00497436,-3.460407821
239,15,-17.96417179,-3.462394103
240,15,-17.92336923,-3.464380385
241,15,-17.88256667,-3.466366667
242,15,-17.8417641,-3.468352949
243,15,-17.80096154,-3.470339231
244,15,-17.76015897,-3.472325513
245,15,-17.71935641,-3.474311795
246,15,-17.67855385,-3.476298077
247,15,-17.63775128,-3.478284359
248,15,-17.59694872,-3.480270641
249,15,-17.55614615,-3.482256923
250,15,-17.51534359,-3.484243205
251,15,-17.47454103,-3.486229487
252,15,-17.43373846,-3.488215769
253,15,-17.3929359,-3.490202051
254,15,-17.35213333,-3.492188333
255,15,-17.31133077,-3.494174615
256,15,-17.27052821,-3.496160897
257,15,-17.22972564,-3.498147179
258,15,-17.18892308,-3.500133462
259,15,-17.14812051,-3.502119744
260,15,-17.10731795,-3.504106026
261,15,-17.06651538,-3.506092308
262,15,-17.02571282,-3.50807859
263,15,-16.98491026,-3.510064872
264,15,-16.94410769,-3.512051154
265,15,-16.90330513,-3.514037436
266,15,-16.86250256,-3.516023718
267,15,-16.8217,-3.51801
268,15,-16.78057071,-3.516983939
269,15,-16.73944141,-3.515957879
270,15,-16.69831212,-3.514931818
271,15,-16.65718283,-3.513905758
272,15,-16.61605354,-3.512879697
273,15,-16.57492424,-3.511853636
274,15,-16.53379495,-3.510827576
275,15,-16.49266566,-3.509801515
276,15,-16.45153636,-3.508775455
277,15,-16.41040707,-3.507749394
278,15,-16.36927778,-3.506723333
279,15,-16.32814848,-3.505697273
280,15,-16.28701919,-3.504671212
281,15,-16.2458899,-3.503645152
282,15,-16.20476061,-3.502619091
283,15,-16.16363131,-3.50159303
284,15,-16.12250202,-3.50056697
285,15,-16.08137273,-3.499540909
286,15,-16.04024343,-3.498514848
287,15,-15.99911414,-3.497488788
288,15,-15.95798485,-3.496462727
289,15,-15.91685556,-3.495436667
290,15,-15.87572626,-3.494410606
291,15,-15.83459697,-3.493384545
292,15,-15.79346768,-3.492358485
293,15,-15.75233838,-3.491332424
294,15,-15.71120909,-3.490306364
295,15,-15.6700798,-3.489280303
296,15,-15.62895051,-3.488254242
297,15,-15.58782121,-3.487228182
298,15,-15.54669192,-3.486202121
299,15,-15.50556263,-3.485176061
300,15,-15.46443333,-3.48415
301,15,-15.42330404,-3.483123939
302,15,-15.38217475,-3.482097879
303,15,-15.34104545,-3.481071818
304,15,-15.29991616,-3.480045758
305,15,-15.25878687,-3.479019697
306,15,-15.21765758,-3.477993636
307,15,-15.17652828,-3.476967576
308,15,-15.13539899,-3.475941515
309,15,-15.0942697,-3.474915455
310,15,-15.0531404,-3.473889394
311,15,-15.01201111,-3.472863333
312,15,-14.97088182,-3.471837273
313,15,-14.92975253,-3.470811212
314,15,-14.88862323,-3.469785152
315,15,-14.84749394,-3.468759091
316,15,-14.80636465,-3.46773303
317,15,-14.76523535,-3.46670697
318,15,-14.72410606,-3.465680909
319,15,-14.68297677,-3.464654848
320,15,-14.64184747,-3.463628788
321,15,-14.60071818,-3.462602727
322,15,-14.55958889,-3.461576667
323,15,-14.5184596,-3.460550606
324,15,-14.4773303,-3.459524545
325,15,-14.43620101,-3.458498485
326,15,-14.39507172,-3.457472424
327,15,-14.35394242,-3.456446364
328,15,-14.31281313,-3.455420303
329,15,-14.27168384,-3.454394242
330,15,-14.23055455,-3.453368182
331,15,-14.18942525,-3.452342121
332,15,-14.14829596,-3.451316061
333,15,-14.10716667,-3.45029
334,15,-14.06603737,-3.449263939
335,15,-14.02490808,-3.448237879
336,15,-13.98377879,-3.447211818
337,15,-13.94264949,-3.446185758
338,15,-13.9015202,-3.445159697
339,15,-13.86039091,-3.444133636
340,15,-13.81926162,-3.443107576
341,15,-13.77813232,-3.442081515
342,15,-13.73700303,-3.441055455
343,15,-13.69587374,-3.440029394
344,15,-13.65474444,-3.439003333
345,15,-13.61361515,-3.437977273
346,15,-13.57248586,-3.436951212
347,15,-13.53135657,-3.435925152
348,15,-13.49022727,-3.434899091
349,15,-13.44909798,-3.43387303
350,15,-13.40796869,-3.43284697
351,15,-13.36683939,-3.431820909
352,15,-13.3257101,-3.430794848
353,15,-13.28458081,-3.429768788
354,15,-13.24345152,-3.428742727
355,15,-13.20232222,-3.427716667
356,15,-13.16119293,-3.426690606
357,15,-13.12006364,-3.425664545
358,15,-13.07893434,-3.424638485
359,15,-13.03780505,-3.423612424
360,15,-12.99667576,-3.422586364
361,15,-12.95554646,-3.421560303
362,15,-12.91441717,-3.420534242
363,15,-12.87328788,-3.419508182
364,15,-12.83215859,-3.418482121
365,15,-12.79102929,-3.417456061
366,15,-12.7499,-3.41643
367,15,-12.71599722,-3.415154861
368,15,-12.68209444,-3.413879722
369,15,-12.64819167,-3.412604583
370,15,-12.61428889,-3.411329444
371,15,-12.58038611,-3.410054306
372,15,-12.54648333,-3.408779167
373,15,-12.51258056,-3.407504028
374,15,-12.47867778,-3.406228889
375,15,-12.444775,-3.40495375
376,15,-12.41087222,-3.403678611
377,15,-12.37696944,-3.402403472
378,15,-12.34306667,-3.401128333
379,15,-12.30916389,-3.399853194
380,15,-12.27526111,-3.398578056
381,15,-12.24135833,-3.397302917
382,15,-12.20745556,-3.396027778
383,15,-12.17355278,-3.394752639
384,15,-12.13965,-3.3934775
385,15,-12.10574722,-3.392202361
386,15,-12.07184444,-3.390927222
387,15,-12.03794167,-3.389652083
388,15,-12.00403889,-3.388376944
389,15,-11.97013611,-3.387101806
390,15,-11.93623333,-3.385826667
391,15,-11.90233056,-3.384551528
392,15,-11.86842778,-3.383276389
393,15,-11.834525,-3.38200125
394,15,-11.80062222,-3.380726111
395,15,-11.76671944,-3.379450972
396,15,-11.73281667,-3.378175833
397,15,-11.69891389,-3.376900694
398,15,-11.66501111,-3.375625556
399,15,-11.63110833,-3.374350417
400,15,-11.59720556,-3.373075278
401,15,-11.56330278,-3.371800139
402,15,-11.5294,-3.370525
403,15,-11.49549722,-3.369249861
404,15,-11.46159444,-3.367974722
405,15,-11.42769167,-3.366699583
406,15,-11.39378889,-3.365424444
407,15,-11.35988611,-3.364149306
408,15,-11.32598333,-3.362874167
409,15,-11.29208056,-3.361599028
410,15,-11.25817778,-3.360323889
411,15,-11.224275,-3.35904875
412,15,-11.19037222,-3.357773611
413,15,-11.15646944,-3.356498472
414,15,-11.12256667,-3.355223333
415,15,-11.08866389,-3.353948194
416,15,-11.05476111,-3.352673056
417,15,-11.02085833,-3.351397917
418,15,-10.98695556,-3.350122778
419,15,-10.95305278,-3.348847639
420,15,-10.91915,-3.3475725
421,15,-10.88524722,-3.346297361
422,15,-10.85134444,-3.345022222
423,15,-10.81744167,-3.343747083
424,15,-10.78353889,-3.342471944
425,15,-10.74963611,-3.341196806
426,15,-10.71573333,-3.339921667
427,15,-10.68183056,-3.338646528
428,15,-10.64792778,-3.337371389
429,15,-10.614025,-3.33609625
430,15,-10.58012222,-3.334821111
431,15,-10.54621944,-3.333545972
432,15,-10.51231667,-3.332270833
433,15,-10.47841389,-3.330995694
434,15,-10.44451111,-3.329720556
435,15,-10.41060833,-3.328445417
436,15,-10.37670556,-3.327170278
437,15,-10.34280278,-3.325895139
438,15,-10.3089,-3.32462
439,15,-10.27589769,-3.327628462
440,15,-10.24289538,-3.330636923
441,15,-10.20989308,-3.333645385
442,15,-10.17689077,-3.336653846
443,15,-10.14388846,-3.339662308
444,15,-10.11088615,-3.342670769
445,15,-10.07788385,-3.345679231
446,15,-10.04488154,-3.348687692
447,15,-10.01187923,-3.351696154
448,15,-9.978876923,-3.354704615
449,15,-9.945874615,-3.357713077
450,15,-9.912872308,-3.360721538
451,15,-9.87987,-3.36373
452,15,-9.846867692,-3.366738462
453,15,-9.813865385,-3.369746923
454,15,-9.780863077,-3.372755385
455,15,-9.747860769,-3.375763846
456,15,-9.714858462,-3.378772308
457,15,-9.681856154,-3.381780769
458,15,-9.648853846,-3.384789231
459,15,-9.615851538,-3.387797692
460,15,-9.582849231,-3.390806154
461,15,-9.549846923,-3.393814615
462,15,-9.516844615,-3.396823077
463,15,-9.483842308,-3.399831538
464,15,-9.45084,-3.40284
465,15,-9.417837692,-3.405848462
466,15,-9.384835385,-3.408856923
467,15,-9.351833077,-3.411865385
468,15,-9.318830769,-3.414873846
469,15,-9.285828462,-3.417882308
470,15,-9.252826154,-3.420890769
471,15,-9.219823846,-3.423899231
472,15,-9.186821538,-3.426907692
473,15,-9.153819231,-3.429916154
474,15,-9.120816923,-3.432924615
475,15,-9.087814615,-3.435933077
476,15,-9.054812308,-3.438941538
477,15,-9.02181,-3.44195
478,15,-8.988807692,-3.444958462
479,15,-8.955805385,-3.447966923
480,15,-8.922803077,-3.450975385
481,15,-8.889800769,-3.453983846
482,15,-8.856798462,-3.456992308
483,15,-8.823796154,-3.460000769
484,15,-8.790793846,-3.463009231
485,15,-8.757791538,-3.466017692
486,15,-8.724789231,-3.469026154
487,15,-8.691786923,-3.472034615
488,15,-8.658784615,-3.475043077
489,15,-8.625782308,-3.478051538
490,15,-8.59278,-3.48106
491,15,-8.557463788,-3.480990758
492,15,-8.522147576,-3.480921515
493,15,-8.486831364,-3.480852273
494,15,-8.451515152,-3.48078303
495,15,-8.416198939,-3.480713788
496,15,-8.380882727,-3.480644545
497,15,-8.345566515,-3.480575303
498,15,-8.310250303,-3.480506061
499,15,-8.274934091,-3.480436818
500,15,-8.239617879,-3.480367576
501,15,-8.204301667,-3.480298333
502,15,-8.168985455,-3.480229091
503,15,-8.133669242,-3.480159848
504,15,-8.09835303,-3.480090606
505,15,-8.063036818,-3.480021364
506,15,-8.027720606,-3.479952121
507,15,-7.992404394,-3.479882879
508,15,-7.957088182,-3.479813636
509,15,-7.92177197,-3.479744394
510,15,-7.886455758,-3.479675152
511,15,-7.851139545,-3.479605909
512,15,-7.815823333,-3.479536667
513,15,-7.780507121,-3.479467424
514,15,-7.745190909,-3.479398182
515,15,-7.709874697,-3.479328939
516,15,-7.674558485,-3.479259697
517,15,-7.639242273,-3.479190455
518,15,-7.603926061,-3.479121212
519,15,-7.568609848,-3.47905197
520,15,-7.533293636,-3.478982727
521,15,-7.497977424,-3.478913485
522,15,-7.462661212,-3.478844242
523,15,-7.427345,-3.478775
524,15,-7.392028788,-3.478705758
525,15,-7.356712576,-3.478636515
526,15,-7.321396364,-3.478567273
527,15,-7.286080152,-3.47849803
528,15,-7.250763939,-3.478428788
529,15,-7.215447727,-3.478359545
530,15,-7.180131515,-3.478290303
531,15,-7.144815303,-3.478221061
532,15,-7.109499091,-3.478151818
533,15,-7.074182879,-3.478082576
534,15,-7.038866667,-3.478013333
535,15,-7.003550455,-3.477944091
536,15,-6.968234242,-3.477874848
537,15,-6.93291803,-3.477805606
538,15,-6.897601818,-3.477736364
539,15,-6.862285606,-3.477667121
540,15,-6.826969394,-3.477597879
541,15,-6.791653182,-3.477528636
542,15,-6.75633697,-3.477459394
543,15,-6.721020758,-3.477390152
544,15,-6.685704545,-3.477320909
545,15,-6.650388333,-3.477251667
546,15,-6.615072121,-3.477182424
547,15,-6.579755909,-3.477113182
548,15,-6.544439697,-3.477043939
549,15,-6.509123485,-3.476974697
550,15,-6.473807273,-3.476905455
551,15,-6.438491061,-3.476836212
552,15,-6.403174848,-3.47676697
553,15,-6.367858636,-3.476697727
554,15,-6.332542424,-3.476628485
555,15,-6.297226212,-3.476559242
556,15,-6.26191,-3.47649
557,15,-6.232681077,-3.474543846
558,15,-6.203452154,-3.472597692
559,15,-6.174223231,-3.470651538
560,15,-6.144994308,-3.468705385
561,15,-6.115765385,-3.466759231
562,15,-6.086536462,-3.464813077
563,15,-6.057307538,-3.462866923
564,15,-6.028078615,-3.460920769
565,15,-5.998849692,-3.458974615
566,15,-5.969620769,-3.457028462
567,15,-5.940391846,-3.455082308
568,15,-5.911162923,-3.453136154
569,15,-5.881934,-3.45119
570,15,-5.852705077,-3.449243846
571,15,-5.823476154,-3.447297692
572,15,-5.794247231,-3.445351538
573,15,-5.765018308,-3.443405385
574,15,-5.735789385,-3.441459231
575,15,-5.706560462,-3.439513077
576,15,-5.677331538,-3.437566923
577,15,-5.648102615,-3.435620769
578,15,-5.618873692,-3.433674615
579,15,-5.589644769,-3.431728462
580,15,-5.560415846,-3.429782308
581,15,-5.531186923,-3.427836154
582,15,-5.501958,-3.42589
583,15,-5.472729077,-3.423943846
584,15,-5.443500154,-3.421997692
585,15,-5.414271231,-3.420051538
586,15,-5.385042308,-3.418105385
587,15,-5.355813385,-3.416159231
588,15,-5.326584462,-3.414213077
589,15,-5.297355538,-3.412266923
590,15,-5.268126615,-3.410320769
591,15,-5.238897692,-3.408374615
592,15,-5.209668769,-3.406428462
593,15,-5.180439846,-3.404482308
594,15,-5.151210923,-3.402536154
595,15,-5.121982,-3.40059
596,15,-5.092753077,-3.398643846
597,15,-5.063524154,-3.396697692
598,15,-5.034295231,-3.394751538
599,15,-5.005066308,-3.392805385
600,15,-4.975837385,-3.390859231
601,15,-4.946608462,-3.388913077
602,15,-4.917379538,-3.386966923
603,15,-4.888150615,-3.385020769
604,15,-4.858921692,-3.383074615
605,15,-4.829692769,-3.381128462
606,15,-4.800463846,-3.379182308
607,15,-4.771234923,-3.377236154
608,15,-4.742006,-3.37529
609,15,-4.712777077,-3.373343846
610,15,-4.683548154,-3.371397692
611,15,-4.654319231,-3.369451538
612,15,-4.625090308,-3.367505385
613,15,-4.595861385,-3.365559231
614,15,-4.566632462,-3.363613077
615,15,-4.537403538,-3.361666923
616,15,-4.508174615,-3.359720769
617,15,-4.478945692,-3.357774615
618,15,-4.449716769,-3.355828462
619,15,-4.420487846,-3.353882308
620,15,-4.391258923,-3.351936154
621,15,-4.36203,-3.34999
622,15,-4.329858378,-3.349414054
623,15,-4.297686757,-3.348838108
624,15,-4.265515135,-3.348262162
625,15,-4.233343514,-3.347686216
626,15,-4.201171892,-3.34711027
627,15,-4.16900027,-3.346534324
628,15,-4.136828649,-3.345958378
629,15,-4.104657027,-3.345382432
630,15,-4.072485405,-3.344806486
631,15,-4.040313784,-3.344230541
632,15,-4.008142162,-3.343654595
633,15,-3.975970541,-3.343078649
634,15,-3.943798919,-3.342502703
635,15,-3.911627297,-3.341926757
636,15,-3.879455676,-3.341350811
637,15,-3.847284054,-3.340774865
638,15,-3.815112432,-3.340198919
639,15,-3.782940811,-3.339622973
640,15,-3.750769189,-3.339047027
641,15,-3.718597568,-3.338471081
642,15,-3.686425946,-3.337895135
643,15,-3.654254324,-3.337319189
644,15,-3.622082703,-3.336743243
645,15,-3.589911081,-3.336167297
646,15,-3.557739459,-3.335591351
647,15,-3.525567838,-3.335015405
648,15,-3.493396216,-3.334439459
649,15,-3.461224595,-3.333863514
650,15,-3.429052973,-3.333287568
651,15,-3.396881351,-3.332711622
652,15,-3.36470973,-3.332135676
653,15,-3.332538108,-3.33155973
654,15,-3.300366486,-3.330983784
655,15,-3.268194865,-3.330407838
656,15,-3.236023243,-3.329831892
657,15,-3.203851622,-3.329255946
658,15,-3.17168,-3.32868
659,15,-3.144804118,-3.333521765
660,15,-3.117928235,-3.338363529
661,15,-3.091052353,-3.343205294
662,15,-3.064176471,-3.348047059
663,15,-3.037300588,-3.352888824
664,15,-3.010424706,-3.357730588
665,15,-2.983548824,-3.362572353
666,15,-2.956672941,-3.367414118
667,15,-2.929797059,-3.372255882
668,15,-2.902921176,-3.377097647
669,15,-2.876045294,-3.381939412
670,15,-2.849169412,-3.386781176
671,15,-2.822293529,-3.391622941
672,15,-2.795417647,-3.396464706
673,15,-2.768541765,-3.401306471
674,15,-2.741665882,-3.406148235
675,15,-2.71479,-3.41099
676,15,-2.687914118,-3.415831765
677,15,-2.661038235,-3.420673529
678,15,-2.634162353,-3.425515294
679,15,-2.607286471,-3.430357059
680,15,-2.580410588,-3.435198824
681,15,-2.553534706,-3.440040588
682,15,-2.526658824,-3.444882353
683,15,-2.499782941,-3.449724118
684,15,-2.472907059,-3.454565882
685,15,-2.446031176,-3.459407647
686,15,-2.419155294,-3.464249412
687,15,-2.392279412,-3.469091176
688,15,-2.365403529,-3.473932941
689,15,-2.338527647,-3.478774706
690,15,-2.311651765,-3.483616471
691,15,-2.284775882,-3.488458235
692,15,-2.2579,-3.4933
0,16,-28.591,-4.36256
1,16,-28.53496351,-4.358249595
2,16,-28.47892703,-4.353939189
3,16,-28.42289054,-4.349628784
4,16,-28.36685405,-4.345318378
5,16,-28.31081757,-4.341007973
6,16,-28.25478108,-4.336697568
7,16,-28.19874459,-4.332387162
8,16,-28.14270811,-4.328076757
9,16,-28.08667162,-4.323766351
10,16,-28.03063514,-4.319455946
11,16,-27.97459865,-4.315145541
12,16,-27.91856216,-4.310835135
13,16,-27.86252568,-4.30652473
14,16,-27.80648919,-4.302214324
15,16,-27.7504527,-4.297903919
16,16,-27.69441622,-4.293593514
17,16,-27.63837973,-4.289283108
18,16,-27.58234324,-4.284972703
19,16,-27.52630676,-4.280662297
20,16,-27.47027027,-4.276351892
21,16,-27.41423378,-4.272041486
22,16,-27.3581973,-4.267731081
23,16,-27.30216081,-4.263420676
24,16,-27.24612432,-4.25911027
25,16,-27.19008784,-4.254799865
26,16,-27.13405135,-4.250489459
27,16,-27.07801486,-4.246179054
28,16,-27.02197838,-4.241868649
29,16,-26.96594189,-4.237558243
30,16,-26.90990541,-4.233247838
31,16,-26.85386892,-4.228937432
32,16,-26.79783243,-4.224627027
33,16,-26.74179595,-4.220316622
34,16,-26.68575946,-4.216006216
35,16,-26.62972297,-4.211695811
36,16,-26.57368649,-4.207385405
37,16,-26.51765,-4.203075
38,16,-26.46161351,-4.198764595
39,16,-26.40557703,-4.194454189
40,16,-26.34954054,-4.190143784
41,16,-26.29350405,-4.185833378
42,16,-26.23746757,-4.181522973
43,16,-26.18143108,-4.177212568
44,16,-26.12539459,-4.172902162
45,16,-26.06935811,-4.168591757
46,16,-26.01332162,-4.164281351
47,16,-25.95728514,-4.159970946
48,16,-25.90124865,-4.155660541
49,16,-25.84521216,-4.151350135
50,16,-25.78917568,-4.14703973
51,16,-25.73313919,-4.142729324
52,16,-25.6771027,-4.138418919
53,16,-25.62106622,-4.134108514
54,16,-25.56502973,-4.129798108
55,16,-25.50899324,-4.125487703
56,16,-25.45295676,-4.121177297
57,16,-25.39692027,-4.116866892
58,16,-25.34088378,-4.112556486
59,16,-25.2848473,-4.108246081
60,16,-25.22881081,-4.103935676
61,16,-25.17277432,-4.09962527
62,16,-25.11673784,-4.095314865
63,16,-25.06070135,-4.091004459
64,16,-25.00466486,-4.086694054
65,16,-24.94862838,-4.082383649
66,16,-24.89259189,-4.078073243
67,16,-24.83655541,-4.073762838
68,16,-24.78051892,-4.069452432
69,16,-24.72448243,-4.065142027
70,16,-24.66844595,-4.060831622
71,16,-24.61240946,-4.056521216
72,16,-24.55637297,-4.052210811
73,16,-24.50033649,-4.047900405
74,16,-24.4443,-4.04359
75,16,-24.38849195,-4.03730908
76,16,-24.33268391,-4.031028161
77,16,-24.27687586,-4.024747241
78,16,-24.22106782,-4.018466322
79,16,-24.16525977,-4.012185402
80,16,-24.10945172,-4.005904483
81,16,-24.05364368,-3.999623563
82,16,-23.99783563,-3.993342644
83,16,-23.94202759,-3.987061724
84,16,-23.88621954,-3.980780805
85,16,-23.83041149,-3.974499885
86,16,-23.77460345,-3.968218966
87,16,-23.7187954,-3.961938046
88,16,-23.66298736,-3.955657126
89,16,-23.60717931,-3.949376207
90,16,-23.55137126,-3.943095287
91,16,-23.49556322,-3.936814368
92,16,-23.43975517,-3.930533448
93,16,-23.38394713,-3.924252529
94,16,-23.32813908,-3.917971609
95,16,-23.27233103,-3.91169069
96,16,-23.21652299,-3.90540977
97,16,-23.16071494,-3.899128851
98,16,-23.1049069,-3.892847931
99,16,-23.04909885,-3.886567011
100,16,-22.9932908,-3.880286092
101,16,-22.93748276,-3.874005172
102,16,-22.88167471,-3.867724253
103,16,-22.82586667,-3.861443333
104,16,-22.77005862,-3.855162414
105,16,-22.71425057,-3.848881494
106,16,-22.65844253,-3.842600575
107,16,-22.60263448,-3.836319655
108,16,-22.54682644,-3.830038736
109,16,-22.49101839,-3.823757816
110,16,-22.43521034,-3.817476897
111,16,-22.3794023,-3.811195977
112,16,-22.32359425,-3.804915057
113,16,-22.26778621,-3.798634138
114,16,-22.21197816,-3.792353218
115,16,-22.15617011,-3.786072299
116,16,-22.10036207,-3.779791379
117,16,-22.04455402,-3.77351046
118,16,-21.98874598,-3.76722954
119,16,-21.93293793,-3.760948621
120,16,-21.87712989,-3.754667701
121,16,-21.82132184,-3.748386782
122,16,-21.76551379,-3.742105862
123,16,-21.70970575,-3.735824943
124,16,-21.6538977,-3.729544023
125,16,-21.59808966,-3.723263103
126,16,-21.54228161,-3.716982184
127,16,-21.48647356,-3.710701264
128,16,-21.43066552,-3.704420345
129,16,-21.37485747,-3.698139425
130,16,-21.31904943,-3.691858506
131,16,-21.26324138,-3.685577586
132,16,-21.20743333,-3.679296667
133,16,-21.15162529,-3.673015747
134,16,-21.09581724,-3.666734828
135,16,-21.0400092,-3.660453908
136,16,-20.98420115,-3.654172989
137,16,-20.9283931,-3.647892069
138,16,-20.87258506,-3.641611149
139,16,-20.81677701,-3.63533023
140,16,-20.76096897,-3.62904931
141,16,-20.70516092,-3.622768391
142,16,-20.64935287,-3.616487471
143,16,-20.59354483,-3.610206552
144,16,-20.53773678,-3.603925632
145,16,-20.48192874,-3.597644713
146,16,-20.42612069,-3.591363793
147,16,-20.37031264,-3.585082874
148,16,-20.3145046,-3.578801954
149,16,-20.25869655,-3.572521034
150,16,-20.20288851,-3.566240115
151,16,-20.14708046,-3.559959195
152,16,-20.09127241,-3.553678276
153,16,-20.03546437,-3.547397356
154,16,-19.97965632,-3.541116437
155,16,-19.92384828,-3.534835517
156,16,-19.86804023,-3.528554598
157,16,-19.81223218,-3.522273678
158,16,-19.75642414,-3.515992759
159,16,-19.70061609,-3.509711839
160,16,-19.64480805,-3.50343092
161,16,-19.589,-3.49715
162,16,-19.54134536,-3.492898969
163,16,-19.49369072,-3.488647938
164,16,-19.44603608,-3.484396907
165,16,-19.39838144,-3.480145876
166,16,-19.3507268,-3.475894845
167,16,-19.30307216,-3.471643814
168,16,-19.25541753,-3.467392784
169,16,-19.20776289,-3.463141753
170,16,-19.16010825,-3.458890722
171,16,-19.11245361,-3.454639691
172,16,-19.06479897,-3.45038866
173,16,-19.01714433,-3.446137629
174,16,-18.96948969,-3.441886598
175,16,-18.92183505,-3.437635567
176,16,-18.87418041,-3.433384536
177,16,-18.82652577,-3.429133505
178,16,-18.77887113,-3.424882474
179,16,-18.73121649,-3.420631443
180,16,-18.68356186,-3.416380412
181,16,-18.63590722,-3.412129381
182,16,-18.58825258,-3.407878351
183,16,-18.54059794,-3.40362732
184,16,-18.4929433,-3.399376289
185,16,-18.44528866,-3.395125258
186,16,-18.39763402,-3.390874227
187,16,-18.34997938,-3.386623196
188,16,-18.30232474,-3.382372165
189,16,-18.2546701,-3.378121134
190,16,-18.20701546,-3.373870103
191,16,-18.15936082,-3.369619072
192,16,-18.11170619,-3.365368041
193,16,-18.06405155,-3.36111701
194,16,-18.01639691,-3.356865979
195,16,-17.96874227,-3.352614948
196,16,-17.92108763,-3.348363918
197,16,-17.87343299,-3.344112887
198,16,-17.82577835,-3.339861856
199,16,-17.77812371,-3.335610825
200,16,-17.73046907,-3.331359794
201,16,-17.68281443,-3.327108763
202,16,-17.63515979,-3.322857732
203,16,-17.58750515,-3.318606701
204,16,-17.53985052,-3.31435567
205,16,-17.49219588,-3.310104639
206,16,-17.44454124,-3.305853608
207,16,-17.3968866,-3.301602577
208,16,-17.34923196,-3.297351546
209,16,-17.30157732,-3.293100515
210,16,-17.25392268,-3.288849485
211,16,-17.20626804,-3.284598454
212,16,-17.1586134,-3.280347423
213,16,-17.11095876,-3.276096392
214,16,-17.06330412,-3.271845361
215,16,-17.01564948,-3.26759433
216,16,-16.96799485,-3.263343299
217,16,-16.92034021,-3.259092268
218,16,-16.87268557,-3.254841237
219,16,-16.82503093,-3.250590206
220,16,-16.77737629,-3.246339175
221,16,-16.72972165,-3.242088144
222,16,-16.68206701,-3.237837113
223,16,-16.63441237,-3.233586082
224,16,-16.58675773,-3.229335052
225,16,-16.53910309,-3.225084021
226,16,-16.49144845,-3.22083299
227,16,-16.44379381,-3.216581959
228,16,-16.39613918,-3.212330928
229,16,-16.34848454,-3.208079897
230,16,-16.3008299,-3.203828866
231,16,-16.25317526,-3.199577835
232,16,-16.20552062,-3.195326804
233,16,-16.15786598,-3.191075773
234,16,-16.11021134,-3.186824742
235,16,-16.0625567,-3.182573711
236,16,-16.01490206,-3.17832268
237,16,-15.96724742,-3.174071649
238,16,-15.91959278,-3.169820619
239,16,-15.87193814,-3.165569588
240,16,-15.82428351,-3.161318557
241,16,-15.77662887,-3.157067526
242,16,-15.72897423,-3.152816495
243,16,-15.68131959,-3.148565464
244,16,-15.63366495,-3.144314433
245,16,-15.58601031,-3.140063402
246,16,-15.53835567,-3.135812371
247,16,-15.49070103,-3.13156134
248,16,-15.44304639,-3.127310309
249,16,-15.39539175,-3.123059278
250,16,-15.34773711,-3.118808247
251,16,-15.30008247,-3.114557216
252,16,-15.25242784,-3.110306186
253,16,-15.2047732,-3.106055155
254,16,-15.15711856,-3.101804124
255,16,-15.10946392,-3.097553093
256,16,-15.06180928,-3.093302062
257,16,-15.01415464,-3.089051031
258,16,-14.9665,-3.0848
259,16,-14.92755455,-3.086079481
260,16,-14.88860909,-3.087358961
261,16,-14.84966364,-3.088638442
262,16,-14.81071818,-3.089917922
263,16,-14.77177273,-3.091197403
264,16,-14.73282727,-3.092476883
265,16,-14.69388182,-3.093756364
266,16,-14.65493636,-3.095035844
267,16,-14.61599091,-3.096315325
268,16,-14.57704545,-3.097594805
269,16,-14.5381,-3.098874286
270,16,-14.49915455,-3.100153766
271,16,-14.46020909,-3.101433247
272,16,-14.42126364,-3.102712727
273,16,-14.38231818,-3.103992208
274,16,-14.34337273,-3.105271688
275,16,-14.30442727,-3.106551169
276,16,-14.26548182,-3.107830649
277,16,-14.22653636,-3.10911013
278,16,-14.18759091,-3.11038961
279,16,-14.14864545,-3.111669091
280,16,-14.1097,-3.112948571
281,16,-14.07075455,-3.114228052
282,16,-14.03180909,-3.115507532
283,16,-13.99286364,-3.116787013
284,16,-13.95391818,-3.118066494
285,16,-13.91497273,-3.119345974
286,16,-13.87602727,-3.120625455
287,16,-13.83708182,-3.121904935
288,16,-13.79813636,-3.123184416
289,16,-13.75919091,-3.124463896
290,16,-13.72024545,-3.125743377
291,16,-13.6813,-3.127022857
292,16,-13.64235455,-3.128302338
293,16,-13.60340909,-3.129581818
294,16,-13.56446364,-3.130861299
295,16,-13.52551818,-3.132140779
296,16,-13.48657273,-3.13342026
297,16,-13.44762727,-3.13469974
298,16,-13.40868182,-3.135979221
299,16,-13.36973636,-3.137258701
300,16,-13.33079091,-3.138538182
301,16,-13.29184545,-3.139817662
302,16,-13.2529,-3.141097143
303,16,-13.21395455,-3.142376623
304,16,-13.17500909,-3.143656104
305,16,-13.13606364,-3.144935584
306,16,-13.09711818,-3.146215065
307,16,-13.05817273,-3.147494545
308,16,-13.01922727,-3.148774026
309,16,-12.98028182,-3.150053506
310,16,-12.94133636,-3.151332987
311,16,-12.90239091,-3.152612468
312,16,-12.86344545,-3.153891948
313,16,-12.8245,-3.155171429
314,16,-12.78555455,-3.156450909
315,16,-12.74660909,-3.15773039
316,16,-12.70766364,-3.15900987
317,16,-12.66871818,-3.160289351
318,16,-12.62977273,-3.161568831
319,16,-12.59082727,-3.162848312
320,16,-12.55188182,-3.164127792
321,16,-12.51293636,-3.165407273
322,16,-12.47399091,-3.166686753
323,16,-12.43504545,-3.167966234
324,16,-12.3961,-3.169245714
325,16,-12.35715455,-3.170525195
326,16,-12.31820909,-3.171804675
327,16,-12.27926364,-3.173084156
328,16,-12.24031818,-3.174363636
329,16,-12.20137273,-3.175643117
330,16,-12.16242727,-3.176922597
331,16,-12.12348182,-3.178202078
332,16,-12.08453636,-3.179481558
333,16,-12.04559091,-3.180761039
334,16,-12.00664545,-3.182040519
335,16,-11.9677,-3.18332
336,16,-11.9332992,-3.1795248
337,16,-11.8988984,-3.1757296
338,16,-11.8644976,-3.1719344
339,16,-11.8300968,-3.1681392
340,16,-11.795696,-3.164344
341,16,-11.7612952,-3.1605488
342,16,-11.7268944,-3.1567536
343,16,-11.6924936,-3.1529584
344,16,-11.6580928,-3.1491632
345,16,-11.623692,-3.145368
346,16,-11.5892912,-3.1415728
347,16,-11.5548904,-3.1377776
348,16,-11.5204896,-3.1339824
349,16,-11.4860888,-3.1301872
350,16,-11.451688,-3.126392
351,16,-11.4172872,-3.1225968
352,16,-11.3828864,-3.1188016
353,16,-11.3484856,-3.1150064
354,16,-11.3140848,-3.1112112
355,16,-11.279684,-3.107416
356,16,-11.2452832,-3.1036208
357,16,-11.2108824,-3.0998256
358,16,-11.1764816,-3.0960304
359,16,-11.1420808,-3.0922352
360,16,-11.10768,-3.08844
361,16,-11.0732792,-3.0846448
362,16,-11.0388784,-3.0808496
363,16,-11.0044776,-3.0770544
364,16,-10.9700768,-3.0732592
365,16,-10.935676,-3.069464
366,16,-10.9012752,-3.0656688
367,16,-10.8668744,-3.0618736
368,16,-10.8324736,-3.0580784
369,16,-10.7980728,-3.0542832
370,16,-10.763672,-3.050488
371,16,-10.7292712,-3.0466928
372,16,-10.6948704,-3.0428976
373,16,-10.6604696,-3.0391024
374,16,-10.6260688,-3.0353072
375,16,-10.591668,-3.031512
376,16,-10.5572672,-3.0277168
377,16,-10.5228664,-3.0239216
378,16,-10.4884656,-3.0201264
379,16,-10.4540648,-3.0163312
380,16,-10.419664,-3.012536
381,16,-10.3852632,-3.0087408
382,16,-10.3508624,-3.0049456
383,16,-10.3164616,-3.0011504
384,16,-10.2820608,-2.9973552
385,16,-10.24766,-2.99356
386,16,-10.2132592,-2.9897648
387,16,-10.1788584,-2.9859696
388,16,-10.1444576,-2.9821744
389,16,-10.1100568,-2.9783792
390,16,-10.075656,-2.974584
391,16,-10.0412552,-2.9707888
392,16,-10.0068544,-2.9669936
393,16,-9.9724536,-2.9631984
394,16,-9.9380528,-2.9594032
395,16,-9.903652,-2.955608
396,16,-9.8692512,-2.9518128
397,16,-9.8348504,-2.9480176
398,16,-9.8004496,-2.9442224
399,16,-9.7660488,-2.9404272
400,16,-9.731648,-2.936632
401,16,-9.6972472,-2.9328368
402,16,-9.6628464,-2.9290416
403,16,-9.6284456,-2.9252464
404,16,-9.5940448,-2.9214512
405,16,-9.559644,-2.917656
406,16,-9.5252432,-2.9138608
407,16,-9.4908424,-2.9100656
408,16,-9.4564416,-2.9062704
409,16,-9.4220408,-2.9024752
410,16,-9.38764,-2.89868
411,16,-9.35582253,-2.89719494
412,16,-9.32400506,-2.89570988
413,16,-9.29218759,-2.894224819
414,16,-9.26037012,-2.892739759
415,16,-9.228552651,-2.891254699
416,16,-9.196735181,-2.889769639
417,16,-9.164917711,-2.888284578
418,16,-9.133100241,-2.886799518
419,16,-9.101282771,-2.885314458
420,16,-9.069465301,-2.883829398
421,16,-9.037647831,-2.882344337
422,16,-9.005830361,-2.880859277
423,16,-8.974012892,-2.879374217
424,16,-8.942195422,-2.877889157
425,16,-8.910377952,-2.876404096
426,16,-8.878560482,-2.874919036
427,16,-8.846743012,-2.873433976
428,16,-8.814925542,-2.871948916
429,16,-8.783108072,-2.870463855
430,16,-8.751290602,-2.868978795
431,16,-8.719473133,-2.867493735
432,16,-8.687655663,-2.866008675
433,16,-8.655838193,-2.864523614
434,16,-8.624020723,-2.863038554
435,16,-8.592203253,-2.861553494
436,16,-8.560385783,-2.860068434
437,16,-8.528568313,-2.858583373
438,16,-8.496750843,-2.857098313
439,16,-8.464933373,-2.855613253
440,16,-8.433115904,-2.854128193
441,16,-8.401298434,-2.852643133
442,16,-8.369480964,-2.851158072
443,16,-8.337663494,-2.849673012
444,16,-8.305846024,-2.848187952
445,16,-8.274028554,-2.846702892
446,16,-8.242211084,-2.845217831
447,16,-8.210393614,-2.843732771
448,16,-8.178576145,-2.842247711
449,16,-8.146758675,-2.840762651
450,16,-8.114941205,-2.83927759
451,16,-8.083123735,-2.83779253
452,16,-8.051306265,-2.83630747
453,16,-8.019488795,-2.83482241
454,16,-7.987671325,-2.833337349
455,16,-7.955853855,-2.831852289
456,16,-7.924036386,-2.830367229
457,16,-7.892218916,-2.828882169
458,16,-7.860401446,-2.827397108
459,16,-7.828583976,-2.825912048
460,16,-7.796766506,-2.824426988
461,16,-7.764949036,-2.822941928
462,16,-7.733131566,-2.821456867
463,16,-7.701314096,-2.819971807
464,16,-7.669496627,-2.818486747
465,16,-7.637679157,-2.817001687
466,16,-7.605861687,-2.815516627
467,16,-7.574044217,-2.814031566
468,16,-7.542226747,-2.812546506
469,16,-7.510409277,-2.811061446
470,16,-7.478591807,-2.809576386
471,16,-7.446774337,-2.808091325
472,16,-7.414956867,-2.806606265
473,16,-7.383139398,-2.805121205
474,16,-7.351321928,-2.803636145
475,16,-7.319504458,-2.802151084
476,16,-7.287686988,-2.800666024
477,16,-7.255869518,-2.799180964
478,16,-7.224052048,-2.797695904
479,16,-7.192234578,-2.796210843
480,16,-7.160417108,-2.794725783
481,16,-7.128599639,-2.793240723
482,16,-7.096782169,-2.791755663
483,16,-7.064964699,-2.790270602
484,16,-7.033147229,-2.788785542
485,16,-7.001329759,-2.787300482
486,16,-6.969512289,-2.785815422
487,16,-6.937694819,-2.784330361
488,16,-6.905877349,-2.782845301
489,16,-6.87405988,-2.781360241
490,16,-6.84224241,-2.779875181
491,16,-6.81042494,-2.77839012
492,16,-6.77860747,-2.77690506
493,16,-6.74679,-2.77542
494,16,-6.715108571,-2.775369206
495,16,-6.683427143,-2.775318413
496,16,-6.651745714,-2.775267619
497,16,-6.620064286,-2.775216825
498,16,-6.588382857,-2.775166032
499,16,-6.556701429,-2.775115238
500,16,-6.52502,-2.775064444
501,16,-6.493338571,-2.775013651
502,16,-6.461657143,-2.774962857
503,16,-6.429975714,-2.774912063
504,16,-6.398294286,-2.77486127
505,16,-6.366612857,-2.774810476
506,16,-6.334931429,-2.774759683
507,16,-6.30325,-2.774708889
508,16,-6.271568571,-2.774658095
509,16,-6.239887143,-2.774607302
510,16,-6.208205714,-2.774556508
511,16,-6.176524286,-2.774505714
512,16,-6.144842857,-2.774454921
513,16,-6.113161429,-2.774404127
514,16,-6.08148,-2.774353333
515,16,-6.049798571,-2.77430254
516,16,-6.018117143,-2.774251746
517,16,-5.986435714,-2.774200952
518,16,-5.954754286,-2.774150159
519,16,-5.923072857,-2.774099365
520,16,-5.891391429,-2.774048571
521,16,-5.85971,-2.773997778
522,16,-5.828028571,-2.773946984
523,16,-5.796347143,-2.77389619
524,16,-5.764665714,-2.773845397
525,16,-5.732984286,-2.773794603
526,16,-5.701302857,-2.77374381
527,16,-5.669621429,-2.773693016
528,16,-5.63794,-2.773642222
529,16,-5.606258571,-2.773591429
530,16,-5.574577143,-2.773540635
531,16,-5.542895714,-2.773489841
532,16,-5.511214286,-2.773439048
533,16,-5.479532857,-2.773388254
534,16,-5.447851429,-2.77333746
535,16,-5.41617,-2.773286667
536,16,-5.384488571,-2.773235873
537,16,-5.352807143,-2.773185079
538,16,-5.321125714,-2.773134286
539,16,-5.289444286,-2.773083492
540,16,-5.257762857,-2.773032698
541,16,-5.226081429,-2.772981905
542,16,-5.1944,-2.772931111
543,16,-5.162718571,-2.772880317
544,16,-5.131037143,-2.772829524
545,16,-5.099355714,-2.77277873
546,16,-5.067674286,-2.772727937
547,16,-5.035992857,-2.772677143
548,16,-5.004311429,-2.772626349
549,16,-4.97263,-2.772575556
550,16,-4.940948571,-2.772524762
551,16,-4.909267143,-2.772473968
552,16,-4.877585714,-2.772423175
553,16,-4.845904286,-2.772372381
554,16,-4.814222857,-2.772321587
555,16,-4.782541429,-2.772270794
556,16,-4.75086,-2.77222
557,16,-4.721850816,-2.769092449
558,16,-4.692841633,-2.765964898
559,16,-4.663832449,-2.762837347
560,16,-4.634823265,-2.759709796
561,16,-4.605814082,-2.756582245
562,16,-4.576804898,-2.753454694
563,16,-4.547795714,-2.750327143
564,16,-4.518786531,-2.747199592
565,16,-4.489777347,-2.744072041
566,16,-4.460768163,-2.74094449
567,16,-4.43175898,-2.737816939
568,16,-4.402749796,-2.734689388
569,16,-4.373740612,-2.731561837
570,16,-4.344731429,-2.728434286
571,16,-4.315722245,-2.725306735
572,16,-4.286713061,-2.722179184
573,16,-4.257703878,-2.719051633
574,16,-4.228694694,-2.715924082
575,16,-4.19968551,-2.712796531
576,16,-4.170676327,-2.70966898
577,16,-4.141667143,-2.706541429
578,16,-4.112657959,-2.703413878
579,16,-4.083648776,-2.700286327
580,16,-4.054639592,-2.697158776
581,16,-4.025630408,-2.694031224
582,16,-3.996621224,-2.690903673
583,16,-3.967612041,-2.687776122
584,16,-3.938602857,-2.684648571
585,16,-3.909593673,-2.68152102
586,16,-3.88058449,-2.678393469
587,16,-3.851575306,-2.675265918
588,16,-3.822566122,-2.672138367
589,16,-3.793556939,-2.669010816
590,16,-3.764547755,-2.665883265
591,16,-3.735538571,-2.662755714
592,16,-3.706529388,-2.659628163
593,16,-3.677520204,-2.656500612
594,16,-3.64851102,-2.653373061
595,16,-3.619501837,-2.65024551
596,16,-3.590492653,-2.647117959
597,16,-3.561483469,-2.643990408
598,16,-3.532474286,-2.640862857
599,16,-3.503465102,-2.637735306
600,16,-3.474455918,-2.634607755
601,16,-3.445446735,-2.631480204
602,16,-3.416437551,-2.628352653
603,16,-3.387428367,-2.625225102
604,16,-3.358419184,-2.622097551
605,16,-3.32941,-2.61897
606,16,-3.2991284,-2.622782
607,16,-3.2688468,-2.626594
608,16,-3.2385652,-2.630406
609,16,-3.2082836,-2.634218
610,16,-3.178002,-2.63803
611,16,-3.1477204,-2.641842
612,16,-3.1174388,-2.645654
613,16,-3.0871572,-2.649466
614,16,-3.0568756,-2.653278
615,16,-3.026594,-2.65709
616,16,-2.9963124,-2.660902
617,16,-2.9660308,-2.664714
618,16,-2.9357492,-2.668526
619,16,-2.9054676,-2.672338
620,16,-2.875186,-2.67615
621,16,-2.8449044,-2.679962
622,16,-2.8146228,-2.683774
623,16,-2.7843412,-2.687586
624,16,-2.7540596,-2.691398
625,16,-2.723778,-2.69521
626,16,-2.6934964,-2.699022
627,16,-2.6632148,-2.702834
628,16,-2.6329332,-2.706646
629,16,-2.6026516,-2.710458
630,16,-2.57237,-2.71427
0,17,-28.4528,-5.09444
1,17,-28.39937042,-5.086398592
2,17,-28.34594085,-5.078357183
3,17,-28.29251127,-5.070315775
4,17,-28.23908169,-5.062274366
5,17,-28.18565211,-5.054232958
6,17,-28.13222254,-5.046191549
7,17,-28.07879296,-5.038150141
8,17,-28.02536338,-5.030108732
9,17,-27.9719338,-5.022067324
10,17,-27.91850423,-5.014025915
11,17,-27.86507465,-5.005984507
12,17,-27.81164507,-4.997943099
13,17,-27.75821549,-4.98990169
14,17,-27.70478592,-4.981860282
15,17,-27.65135634,-4.973818873
16,17,-27.59792676,-4.965777465
17,17,-27.54449718,-4.957736056
18,17,-27.49106761,-4.949694648
19,17,-27.43763803,-4.941653239
20,17,-27.38420845,-4.933611831
21,17,-27.33077887,-4.925570423
22,17,-27.2773493,-4.917529014
23,17,-27.22391972,-4.909487606
24,17,-27.17049014,-4.901446197
25,17,-27.11706056,-4.893404789
26,17,-27.06363099,-4.88536338
27,17,-27.01020141,-4.877321972
28,17,-26.95677183,-4.869280563
29,17,-26.90334225,-4.861239155
30,17,-26.84991268,-4.853197746
31,17,-26.7964831,-4.845156338
32,17,-26.74305352,-4.83711493
33,17,-26.68962394,-4.829073521
34,17,-26.63619437,-4.821032113
35,17,-26.58276479,-4.812990704
36,17,-26.52933521,-4.804949296
37,17,-26.47590563,-4.796907887
38,17,-26.42247606,-4.788866479
39,17,-26.36904648,-4.78082507
40,17,-26.3156169,-4.772783662
41,17,-26.26218732,-4.764742254
42,17,-26.20875775,-4.756700845
43,17,-26.15532817,-4.748659437
44,17,-26.10189859,-4.740618028
45,17,-26.04846901,-4.73257662
46,17,-25.99503944,-4.724535211
47,17,-25.94160986,-4.716493803
48,17,-25.88818028,-4.708452394
49,17,-25.8347507,-4.700410986
50,17,-25.78132113,-4.692369577
51,17,-25.72789155,-4.684328169
52,17,-25.67446197,-4.676286761
53,17,-25.62103239,-4.668245352
54,17,-25.56760282,-4.660203944
55,17,-25.51417324,-4.652162535
56,17,-25.46074366,-4.644121127
57,17,-25.40731408,-4.636079718
58,17,-25.35388451,-4.62803831
59,17,-25.30045493,-4.619996901
60,17,-25.24702535,-4.611955493
61,17,-25.19359577,-4.603914085
62,17,-25.1401662,-4.595872676
63,17,-25.08673662,-4.587831268
64,17,-25.03330704,-4.579789859
65,17,-24.97987746,-4.571748451
66,17,-24.92644789,-4.563707042
67,17,-24.87301831,-4.555665634
68,17,-24.81958873,-4.547624225
69,17,-24.76615915,-4.539582817
70,17,-24.71272958,-4.531541408
71,17,-24.6593,-4.5235
72,17,-24.60734297,-4.518177344
73,17,-24.55538594,-4.512854688
74,17,-24.50342891,-4.507532031
75,17,-24.45147188,-4.502209375
76,17,-24.39951484,-4.496886719
77,17,-24.34755781,-4.491564063
78,17,-24.29560078,-4.486241406
79,17,-24.24364375,-4.48091875
80,17,-24.19168672,-4.475596094
81,17,-24.13972969,-4.470273438
82,17,-24.08777266,-4.464950781
83,17,-24.03581563,-4.459628125
84,17,-23.98385859,-4.454305469
85,17,-23.93190156,-4.448982813
86,17,-23.87994453,-4.443660156
87,17,-23.8279875,-4.4383375
88,17,-23.77603047,-4.433014844
89,17,-23.72407344,-4.427692188
90,17,-23.67211641,-4.422369531
91,17,-23.62015938,-4.417046875
92,17,-23.56820234,-4.411724219
93,17,-23.51624531,-4.406401563
94,17,-23.46428828,-4.401078906
95,17,-23.41233125,-4.39575625
96,17,-23.36037422,-4.390433594
97,17,-23.30841719,-4.385110938
98,17,-23.25646016,-4.379788281
99,17,-23.20450313,-4.374465625
100,17,-23.15254609,-4.369142969
101,17,-23.10058906,-4.363820313
102,17,-23.04863203,-4.358497656
103,17,-22.996675,-4.353175
104,17,-22.94471797,-4.347852344
105,17,-22.89276094,-4.342529688
106,17,-22.84080391,-4.337207031
107,17,-22.78884688,-4.331884375
108,17,-22.73688984,-4.326561719
109,17,-22.68493281,-4.321239063
110,17,-22.63297578,-4.315916406
111,17,-22.58101875,-4.31059375
112,17,-22.52906172,-4.305271094
113,17,-22.47710469,-4.299948438
114,17,-22.42514766,-4.294625781
115,17,-22.37319063,-4.289303125
116,17,-22.32123359,-4.283980469
117,17,-22.26927656,-4.278657813
118,17,-22.21731953,-4.273335156
119,17,-22.1653625,-4.2680125
120,17,-22.11340547,-4.262689844
121,17,-22.06144844,-4.257367188
122,17,-22.00949141,-4.252044531
123,17,-21.95753438,-4.246721875
124,17,-21.90557734,-4.241399219
125,17,-21.85362031,-4.236076563
126,17,-21.80166328,-4.230753906
127,17,-21.74970625,-4.22543125
128,17,-21.69774922,-4.220108594
129,17,-21.64579219,-4.214785938
130,17,-21.59383516,-4.209463281
131,17,-21.54187813,-4.204140625
132,17,-21.48992109,-4.198817969
133,17,-21.43796406,-4.193495313
134,17,-21.38600703,-4.188172656
135,17,-21.33405,-4.18285
136,17,-21.28209297,-4.177527344
137,17,-21.23013594,-4.172204688
138,17,-21.17817891,-4.166882031
139,17,-21.12622188,-4.161559375
140,17,-21.07426484,-4.156236719
141,17,-21.02230781,-4.150914063
142,17,-20.97035078,-4.145591406
143,17,-20.91839375,-4.14026875
144,17,-20.86643672,-4.134946094
145,17,-20.81447969,-4.129623438
146,17,-20.76252266,-4.124300781
147,17,-20.71056563,-4.118978125
148,17,-20.65860859,-4.113655469
149,17,-20.60665156,-4.108332813
150,17,-20.55469453,-4.103010156
151,17,-20.5027375,-4.0976875
152,17,-20.45078047,-4.092364844
153,17,-20.39882344,-4.087042188
154,17,-20.34686641,-4.081719531
155,17,-20.29490938,-4.076396875
156,17,-20.24295234,-4.071074219
157,17,-20.19099531,-4.065751563
158,17,-20.13903828,-4.060428906
159,17,-20.08708125,-4.05510625
160,17,-20.03512422,-4.049783594
161,17,-19.98316719,-4.044460938
162,17,-19.93121016,-4.039138281
163,17,-19.87925313,-4.033815625
164,17,-19.82729609,-4.028492969
165,17,-19.77533906,-4.023170313
166,17,-19.72338203,-4.017847656
167,17,-19.671425,-4.012525
168,17,-19.61946797,-4.007202344
169,17,-19.56751094,-4.001879688
170,17,-19.51555391,-3.996557031
171,17,-19.46359688,-3.991234375
172,17,-19.41163984,-3.985911719
173,17,-19.35968281,-3.980589063
174,17,-19.30772578,-3.975266406
175,17,-19.25576875,-3.96994375
176,17,-19.20381172,-3.964621094
177,17,-19.15185469,-3.959298438
178,17,-19.09989766,-3.953975781
179,17,-19.04794063,-3.948653125
180,17,-18.99598359,-3.943330469
181,17,-18.94402656,-3.938007813
182,17,-18.89206953,-3.932685156
183,17,-18.8401125,-3.9273625
184,17,-18.78815547,-3.922039844
185,17,-18.73619844,-3.916717188
186,17,-18.68424141,-3.911394531
187,17,-18.63228438,-3.906071875
188,17,-18.58032734,-3.900749219
189,17,-18.52837031,-3.895426563
190,17,-18.47641328,-3.890103906
191,17,-18.42445625,-3.88478125
192,17,-18.37249922,-3.879458594
193,17,-18.32054219,-3.874135938
194,17,-18.26858516,-3.868813281
195,17,-18.21662813,-3.863490625
196,17,-18.16467109,-3.858167969
197,17,-18.11271406,-3.852845313
198,17,-18.06075703,-3.847522656
199,17,-18.0088,-3.8422
200,17,-17.96548871,-3.838510645
201,17,-17.92217742,-3.83482129
202,17,-17.87886613,-3.831131935
203,17,-17.83555484,-3.827442581
204,17,-17.79224355,-3.823753226
205,17,-17.74893226,-3.820063871
206,17,-17.70562097,-3.816374516
207,17,-17.66230968,-3.812685161
208,17,-17.61899839,-3.808995806
209,17,-17.5756871,-3.805306452
210,17,-17.53237581,-3.801617097
211,17,-17.48906452,-3.797927742
212,17,-17.44575323,-3.794238387
213,17,-17.40244194,-3.790549032
214,17,-17.35913065,-3.786859677
215,17,-17.31581935,-3.783170323
216,17,-17.27250806,-3.779480968
217,17,-17.22919677,-3.775791613
218,17,-17.18588548,-3.772102258
219,17,-17.14257419,-3.768412903
220,17,-17.0992629,-3.764723548
221,17,-17.05595161,-3.761034194
222,17,-17.01264032,-3.757344839
223,17,-16.96932903,-3.753655484
224,17,-16.92601774,-3.749966129
225,17,-16.88270645,-3.746276774
226,17,-16.83939516,-3.742587419
227,17,-16.79608387,-3.738898065
228,17,-16.75277258,-3.73520871
229,17,-16.70946129,-3.731519355
230,17,-16.66615,-3.72783
231,17,-16.62283871,-3.724140645
232,17,-16.57952742,-3.72045129
233,17,-16.53621613,-3.716761935
234,17,-16.49290484,-3.713072581
235,17,-16.44959355,-3.709383226
236,17,-16.40628226,-3.705693871
237,17,-16.36297097,-3.702004516
238,17,-16.31965968,-3.698315161
239,17,-16.27634839,-3.694625806
240,17,-16.2330371,-3.690936452
241,17,-16.18972581,-3.687247097
242,17,-16.14641452,-3.683557742
243,17,-16.10310323,-3.679868387
244,17,-16.05979194,-3.676179032
245,17,-16.01648065,-3.672489677
246,17,-15.97316935,-3.668800323
247,17,-15.92985806,-3.665110968
248,17,-15.88654677,-3.661421613
249,17,-15.84323548,-3.657732258
250,17,-15.79992419,-3.654042903
251,17,-15.7566129,-3.650353548
252,17,-15.71330161,-3.646664194
253,17,-15.66999032,-3.642974839
254,17,-15.62667903,-3.639285484
255,17,-15.58336774,-3.635596129
256,17,-15.54005645,-3.631906774
257,17,-15.49674516,-3.628217419
258,17,-15.45343387,-3.624528065
259,17,-15.41012258,-3.62083871
260,17,-15.36681129,-3.617149355
261,17,-15.3235,-3.61346
262,17,-15.27499286,-3.612213214
263,17,-15.22648571,-3.610966429
264,17,-15.17797857,-3.609719643
265,17,-15.12947143,-3.608472857
266,17,-15.08096429,-3.607226071
267,17,-15.03245714,-3.605979286
268,17,-14.98395,-3.6047325
269,17,-14.93544286,-3.603485714
270,17,-14.88693571,-3.602238929
271,17,-14.83842857,-3.600992143
272,17,-14.78992143,-3.599745357
273,17,-14.74141429,-3.598498571
274,17,-14.69290714,-3.597251786
275,17,-14.6444,-3.596005
276,17,-14.59589286,-3.594758214
277,17,-14.54738571,-3.593511429
278,17,-14.49887857,-3.592264643
279,17,-14.45037143,-3.591017857
280,17,-14.40186429,-3.589771071
281,17,-14.35335714,-3.588524286
282,17,-14.30485,-3.5872775
283,17,-14.25634286,-3.586030714
284,17,-14.20783571,-3.584783929
285,17,-14.15932857,-3.583537143
286,17,-14.11082143,-3.582290357
287,17,-14.06231429,-3.581043571
288,17,-14.01380714,-3.579796786
289,17,-13.9653,-3.57855
290,17,-13.93289492,-3.579559153
291,17,-13.90048983,-3.580568305
292,17,-13.86808475,-3.581577458
293,17,-13.83567966,-3.58258661
294,17,-13.80327458,-3.583595763
295,17,-13.77086949,-3.584604915
296,17,-13.73846441,-3.585614068
297,17,-13.70605932,-3.58662322
298,17,-13.67365424,-3.587632373
299,17,-13.64124915,-3.588641525
300,17,-13.60884407,-3.589650678
301,17,-13.57643898,-3.590659831
302,17,-13.5440339,-3.591668983
303,17,-13.51162881,-3.592678136
304,17,-13.47922373,-3.593687288
305,17,-13.44681864,-3.594696441
306,17,-13.41441356,-3.595705593
307,17,-13.38200847,-3.596714746
308,17,-13.34960339,-3.597723898
309,17,-13.31719831,-3.598733051
310,17,-13.28479322,-3.599742203
311,17,-13.25238814,-3.600751356
312,17,-13.21998305,-3.601760508
313,17,-13.18757797,-3.602769661
314,17,-13.15517288,-3.603778814
315,17,-13.1227678,-3.604787966
316,17,-13.09036271,-3.605797119
317,17,-13.05795763,-3.606806271
318,17,-13.02555254,-3.607815424
319,17,-12.99314746,-3.608824576
320,17,-12.96074237,-3.609833729
321,17,-12.92833729,-3.610842881
322,17,-12.8959322,-3.611852034
323,17,-12.86352712,-3.612861186
324,17,-12.83112203,-3.613870339
325,17,-12.79871695,-3.614879492
326,17,-12.76631186,-3.615888644
327,17,-12.73390678,-3.616897797
328,17,-12.70150169,-3.617906949
329,17,-12.66909661,-3.618916102
330,17,-12.63669153,-3.619925254
331,17,-12.60428644,-3.620934407
332,17,-12.57188136,-3.621943559
333,17,-12.53947627,-3.622952712
334,17,-12.50707119,-3.623961864
335,17,-12.4746661,-3.624971017
336,17,-12.44226102,-3.625980169
337,17,-12.40985593,-3.626989322
338,17,-12.37745085,-3.627998475
339,17,-12.34504576,-3.629007627
340,17,-12.31264068,-3.63001678
341,17,-12.28023559,-3.631025932
342,17,-12.24783051,-3.632035085
343,17,-12.21542542,-3.633044237
344,17,-12.18302034,-3.63405339
345,17,-12.15061525,-3.635062542
346,17,-12.11821017,-3.636071695
347,17,-12.08580508,-3.637080847
348,17,-12.0534,-3.63809
349,17,-12.01870511,-3.633995444
350,17,-11.98401022,-3.629900889
351,17,-11.94931533,-3.625806333
352,17,-11.91462044,-3.621711778
353,17,-11.87992556,-3.617617222
354,17,-11.84523067,-3.613522667
355,17,-11.81053578,-3.609428111
356,17,-11.77584089,-3.605333556
357,17,-11.741146,-3.601239
358,17,-11.70645111,-3.597144444
359,17,-11.67175622,-3.593049889
360,17,-11.63706133,-3.588955333
361,17,-11.60236644,-3.584860778
362,17,-11.56767156,-3.580766222
363,17,-11.53297667,-3.576671667
364,17,-11.49828178,-3.572577111
365,17,-11.46358689,-3.568482556
366,17,-11.428892,-3.564388
367,17,-11.39419711,-3.560293444
368,17,-11.35950222,-3.556198889
369,17,-11.32480733,-3.552104333
370,17,-11.29011244,-3.548009778
371,17,-11.25541756,-3.543915222
372,17,-11.22072267,-3.539820667
373,17,-11.18602778,-3.535726111
374,17,-11.15133289,-3.531631556
375,17,-11.116638,-3.527537
376,17,-11.08194311,-3.523442444
377,17,-11.04724822,-3.519347889
378,17,-11.01255333,-3.515253333
379,17,-10.97785844,-3.511158778
380,17,-10.94316356,-3.507064222
381,17,-10.90846867,-3.502969667
382,17,-10.87377378,-3.498875111
383,17,-10.83907889,-3.494780556
384,17,-10.804384,-3.490686
385,17,-10.76968911,-3.486591444
386,17,-10.73499422,-3.482496889
387,17,-10.70029933,-3.478402333
388,17,-10.66560444,-3.474307778
389,17,-10.63090956,-3.470213222
390,17,-10.59621467,-3.466118667
391,17,-10.56151978,-3.462024111
392,17,-10.52682489,-3.457929556
393,17,-10.49213,-3.453835
394,17,-10.45743511,-3.449740444
395,17,-10.42274022,-3.445645889
396,17,-10.38804533,-3.441551333
397,17,-10.35335044,-3.437456778
398,17,-10.31865556,-3.433362222
399,17,-10.28396067,-3.429267667
400,17,-10.24926578,-3.425173111
401,17,-10.21457089,-3.421078556
402,17,-10.179876,-3.416984
403,17,-10.14518111,-3.412889444
404,17,-10.11048622,-3.408794889
405,17,-10.07579133,-3.404700333
406,17,-10.04109644,-3.400605778
407,17,-10.00640156,-3.396511222
408,17,-9.971706667,-3.392416667
409,17,-9.937011778,-3.388322111
410,17,-9.902316889,-3.384227556
411,17,-9.867622,-3.380133
412,17,-9.832927111,-3.376038444
413,17,-9.798232222,-3.371943889
414,17,-9.763537333,-3.367849333
415,17,-9.728842444,-3.363754778
416,17,-9.694147556,-3.359660222
417,17,-9.659452667,-3.355565667
418,17,-9.624757778,-3.351471111
419,17,-9.590062889,-3.347376556
420,17,-9.555368,-3.343282
421,17,-9.520673111,-3.339187444
422,17,-9.485978222,-3.335092889
423,17,-9.451283333,-3.330998333
424,17,-9.416588444,-3.326903778
425,17,-9.381893556,-3.322809222
426,17,-9.347198667,-3.318714667
427,17,-9.312503778,-3.314620111
428,17,-9.277808889,-3.310525556
429,17,-9.243114,-3.306431
430,17,-9.208419111,-3.302336444
431,17,-9.173724222,-3.298241889
432,17,-9.139029333,-3.294147333
433,17,-9.104334444,-3.290052778
434,17,-9.069639556,-3.285958222
435,17,-9.034944667,-3.281863667
436,17,-9.000249778,-3.277769111
437,17,-8.965554889,-3.273674556
438,17,-8.93086,-3.26958
439,17,-8.894117458,-3.267969831
440,17,-8.857374915,-3.266359661
441,17,-8.820632373,-3.264749492
442,17,-8.783889831,-3.263139322
443,17,-8.747147288,-3.261529153
444,17,-8.710404746,-3.259918983
445,17,-8.673662203,-3.258308814
446,17,-8.636919661,-3.256698644
447,17,-8.600177119,-3.255088475
448,17,-8.563434576,-3.253478305
449,17,-8.526692034,-3.251868136
450,17,-8.489949492,-3.250257966
451,17,-8.453206949,-3.248647797
452,17,-8.416464407,-3.247037627
453,17,-8.379721864,-3.245427458
454,17,-8.342979322,-3.243817288
455,17,-8.30623678,-3.242207119
456,17,-8.269494237,-3.240596949
457,17,-8.232751695,-3.23898678
458,17,-8.196009153,-3.23737661
459,17,-8.15926661,-3.235766441
460,17,-8.122524068,-3.234156271
461,17,-8.085781525,-3.232546102
462,17,-8.049038983,-3.230935932
463,17,-8.012296441,-3.229325763
464,17,-7.975553898,-3.227715593
465,17,-7.938811356,-3.226105424
466,17,-7.902068814,-3.224495254
467,17,-7.865326271,-3.222885085
468,17,-7.828583729,-3.221274915
469,17,-7.791841186,-3.219664746
470,17,-7.755098644,-3.218054576
471,17,-7.718356102,-3.216444407
472,17,-7.681613559,-3.214834237
473,17,-7.644871017,-3.213224068
474,17,-7.608128475,-3.211613898
475,17,-7.571385932,-3.210003729
476,17,-7.53464339,-3.208393559
477,17,-7.497900847,-3.20678339
478,17,-7.461158305,-3.20517322
479,17,-7.424415763,-3.203563051
480,17,-7.38767322,-3.201952881
481,17,-7.350930678,-3.200342712
482,17,-7.314188136,-3.198732542
483,17,-7.277445593,-3.197122373
484,17,-7.240703051,-3.195512203
485,17,-7.203960508,-3.193902034
486,17,-7.167217966,-3.192291864
487,17,-7.130475424,-3.190681695
488,17,-7.093732881,-3.189071525
489,17,-7.056990339,-3.187461356
490,17,-7.020247797,-3.185851186
491,17,-6.983505254,-3.184241017
492,17,-6.946762712,-3.182630847
493,17,-6.910020169,-3.181020678
494,17,-6.873277627,-3.179410508
495,17,-6.836535085,-3.177800339
496,17,-6.799792542,-3.176190169
497,17,-6.76305,-3.17458
498,17,-6.731486279,-3.174146279
499,17,-6.699922558,-3.173712558
500,17,-6.668358837,-3.173278837
501,17,-6.636795116,-3.172845116
502,17,-6.605231395,-3.172411395
503,17,-6.573667674,-3.171977674
504,17,-6.542103953,-3.171543953
505,17,-6.510540233,-3.171110233
506,17,-6.478976512,-3.170676512
507,17,-6.447412791,-3.170242791
508,17,-6.41584907,-3.16980907
509,17,-6.384285349,-3.169375349
510,17,-6.352721628,-3.168941628
511,17,-6.321157907,-3.168507907
512,17,-6.289594186,-3.168074186
513,17,-6.258030465,-3.167640465
514,17,-6.226466744,-3.167206744
515,17,-6.194903023,-3.166773023
516,17,-6.163339302,-3.166339302
517,17,-6.131775581,-3.165905581
518,17,-6.10021186,-3.16547186
519,17,-6.06864814,-3.16503814
520,17,-6.037084419,-3.164604419
521,17,-6.005520698,-3.164170698
522,17,-5.973956977,-3.163736977
523,17,-5.942393256,-3.163303256
524,17,-5.910829535,-3.162869535
525,17,-5.879265814,-3.162435814
526,17,-5.847702093,-3.162002093
527,17,-5.816138372,-3.161568372
528,17,-5.784574651,-3.161134651
529,17,-5.75301093,-3.16070093
530,17,-5.721447209,-3.160267209
531,17,-5.689883488,-3.159833488
532,17,-5.658319767,-3.159399767
533,17,-5.626756047,-3.158966047
534,17,-5.595192326,-3.158532326
535,17,-5.563628605,-3.158098605
536,17,-5.532064884,-3.157664884
537,17,-5.500501163,-3.157231163
538,17,-5.468937442,-3.156797442
539,17,-5.437373721,-3.156363721
540,17,-5.40581,-3.15593
541,17,-5.375647647,-3.154353235
542,17,-5.345485294,-3.152776471
543,17,-5.315322941,-3.151199706
544,17,-5.285160588,-3.149622941
545,17,-5.254998235,-3.148046176
546,17,-5.224835882,-3.146469412
547,17,-5.194673529,-3.144892647
548,17,-5.164511176,-3.143315882
549,17,-5.134348824,-3.141739118
550,17,-5.104186471,-3.140162353
551,17,-5.074024118,-3.138585588
552,17,-5.043861765,-3.137008824
553,17,-5.013699412,-3.135432059
554,17,-4.983537059,-3.133855294
555,17,-4.953374706,-3.132278529
556,17,-4.923212353,-3.130701765
557,17,-4.89305,-3.129125
558,17,-4.862887647,-3.127548235
559,17,-4.832725294,-3.125971471
560,17,-4.802562941,-3.124394706
561,17,-4.772400588,-3.122817941
562,17,-4.742238235,-3.121241176
563,17,-4.712075882,-3.119664412
564,17,-4.681913529,-3.118087647
565,17,-4.651751176,-3.116510882
566,17,-4.621588824,-3.114934118
567,17,-4.591426471,-3.113357353
568,17,-4.561264118,-3.111780588
569,17,-4.531101765,-3.110203824
570,17,-4.500939412,-3.108627059
571,17,-4.470777059,-3.107050294
572,17,-4.440614706,-3.105473529
573,17,-4.410452353,-3.103896765
574,17,-4.38029,-3.10232
575,17,-4.350177045,-3.103951364
576,17,-4.320064091,-3.105582727
577,17,-4.289951136,-3.107214091
578,17,-4.259838182,-3.108845455
579,17,-4.229725227,-3.110476818
580,17,-4.199612273,-3.112108182
581,17,-4.169499318,-3.113739545
582,17,-4.139386364,-3.115370909
583,17,-4.109273409,-3.117002273
584,17,-4.079160455,-3.118633636
585,17,-4.0490475,-3.120265
586,17,-4.018934545,-3.121896364
587,17,-3.988821591,-3.123527727
588,17,-3.958708636,-3.125159091
589,17,-3.928595682,-3.126790455
590,17,-3.898482727,-3.128421818
591,17,-3.868369773,-3.130053182
592,17,-3.838256818,-3.131684545
593,17,-3.808143864,-3.133315909
594,17,-3.778030909,-3.134947273
595,17,-3.747917955,-3.136578636
596,17,-3.717805,-3.13821
597,17,-3.687692045,-3.139841364
598,17,-3.657579091,-3.141472727
599,17,-3.627466136,-3.143104091
600,17,-3.597353182,-3.144735455
601,17,-3.567240227,-3.146366818
602,17,-3.537127273,-3.147998182
603,17,-3.507014318,-3.149629545
604,17,-3.476901364,-3.151260909
605,17,-3.446788409,-3.152892273
606,17,-3.416675455,-3.154523636
607,17,-3.3865625,-3.156155
608,17,-3.356449545,-3.157786364
609,17,-3.326336591,-3.159417727
610,17,-3.296223636,-3.161049091
611,17,-3.266110682,-3.162680455
612,17,-3.235997727,-3.164311818
613,17,-3.205884773,-3.165943182
614,17,-3.175771818,-3.167574545
615,17,-3.145658864,-3.169205909
616,17,-3.115545909,-3.170837273
617,17,-3.085432955,-3.172468636
618,17,-3.05532,-3.1741
619,17,-3.026869583,-3.1801
620,17,-2.998419167,-3.1861
621,17,-2.96996875,-3.1921
622,17,-2.941518333,-3.1981
623,17,-2.913067917,-3.2041
624,17,-2.8846175,-3.2101
625,17,-2.856167083,-3.2161
626,17,-2.827716667,-3.2221
627,17,-2.79926625,-3.2281
628,17,-2.770815833,-3.2341
629,17,-2.742365417,-3.2401
630,17,-2.713915,-3.2461
631,17,-2.685464583,-3.2521
632,17,-2.657014167,-3.2581
633,17,-2.62856375,-3.2641
634,17,-2.600113333,-3.2701
635,17,-2.571662917,-3.2761
636,17,-2.5432125,-3.2821
637,17,-2.514762083,-3.2881
638,17,-2.486311667,-3.2941
639,17,-2.45786125,-3.3001
640,17,-2.429410833,-3.3061
641,17,-2.400960417,-3.3121
642,17,-2.37251,-3.3181
0,18,-28.5682,-5.5576
1,18,-28.50323692,-5.550994462
2,18,-28.43827385,-5.544388923
3,18,-28.37331077,-5.537783385
4,18,-28.30834769,-5.531177846
5,18,-28.24338462,-5.524572308
6,18,-28.17842154,-5.517966769
7,18,-28.11345846,-5.511361231
8,18,-28.04849538,-5.504755692
9,18,-27.98353231,-5.498150154
10,18,-27.91856923,-5.491544615
11,18,-27.85360615,-5.484939077
12,18,-27.78864308,-5.478333538
13,18,-27.72368,-5.471728
14,18,-27.65871692,-5.465122462
15,18,-27.59375385,-5.458516923
16,18,-27.52879077,-5.451911385
17,18,-27.46382769,-5.445305846
18,18,-27.39886462,-5.438700308
19,18,-27.33390154,-5.432094769
20,18,-27.26893846,-5.425489231
21,18,-27.20397538,-5.418883692
22,18,-27.13901231,-5.412278154
23,18,-27.07404923,-5.405672615
24,18,-27.00908615,-5.399067077
25,18,-26.94412308,-5.392461538
26,18,-26.87916,-5.385856
27,18,-26.81419692,-5.379250462
28,18,-26.74923385,-5.372644923
29,18,-26.68427077,-5.366039385
30,18,-26.61930769,-5.359433846
31,18,-26.55434462,-5.352828308
32,18,-26.48938154,-5.346222769
33,18,-26.42441846,-5.339617231
34,18,-26.35945538,-5.333011692
35,18,-26.29449231,-5.326406154
36,18,-26.22952923,-5.319800615
37,18,-26.16456615,-5.313195077
38,18,-26.09960308,-5.306589538
39,18,-26.03464,-5.299984
40,18,-25.96967692,-5.293378462
41,18,-25.90471385,-5.286772923
42,18,-25.83975077,-5.280167385
43,18,-25.77478769,-5.273561846
44,18,-25.70982462,-5.266956308
45,18,-25.64486154,-5.260350769
46,18,-25.57989846,-5.253745231
47,18,-25.51493538,-5.247139692
48,18,-25.44997231,-5.240534154
49,18,-25.38500923,-5.233928615
50,18,-25.32004615,-5.227323077
51,18,-25.25508308,-5.220717538
52,18,-25.19012,-5.214112
53,18,-25.12515692,-5.207506462
54,18,-25.06019385,-5.200900923
55,18,-24.99523077,-5.194295385
56,18,-24.93026769,-5.187689846
57,18,-24.86530462,-5.181084308
58,18,-24.80034154,-5.174478769
59,18,-24.73537846,-5.167873231
60,18,-24.67041538,-5.161267692
61,18,-24.60545231,-5.154662154
62,18,-24.54048923,-5.148056615
63,18,-24.47552615,-5.141451077
64,18,-24.41056308,-5.134845538
65,18,-24.3456,-5.12824
66,18,-24.29489697,-5.122568081
67,18,-24.24419394,-5.116896162
68,18,-24.19349091,-5.111224242
69,18,-24.14278788,-5.105552323
70,18,-24.09208485,-5.099880404
71,18,-24.04138182,-5.094208485
72,18,-23.99067879,-5.088536566
73,18,-23.93997576,-5.082864646
74,18,-23.88927273,-5.077192727
75,18,-23.8385697,-5.071520808
76,18,-23.78786667,-5.065848889
77,18,-23.73716364,-5.06017697
78,18,-23.68646061,-5.054505051
79,18,-23.63575758,-5.048833131
80,18,-23.58505455,-5.043161212
81,18,-23.53435152,-5.037489293
82,18,-23.48364848,-5.031817374
83,18,-23.43294545,-5.026145455
84,18,-23.38224242,-5.020473535
85,18,-23.33153939,-5.014801616
86,18,-23.28083636,-5.009129697
87,18,-23.23013333,-5.003457778
88,18,-23.1794303,-4.997785859
89,18,-23.12872727,-4.992113939
90,18,-23.07802424,-4.98644202
91,18,-23.02732121,-4.980770101
92,18,-22.97661818,-4.975098182
93,18,-22.92591515,-4.969426263
94,18,-22.87521212,-4.963754343
95,18,-22.82450909,-4.958082424
96,18,-22.77380606,-4.952410505
97,18,-22.72310303,-4.946738586
98,18,-22.6724,-4.941066667
99,18,-22.62169697,-4.935394747
100,18,-22.57099394,-4.929722828
101,18,-22.52029091,-4.924050909
102,18,-22.46958788,-4.91837899
103,18,-22.41888485,-4.912707071
104,18,-22.36818182,-4.907035152
105,18,-22.31747879,-4.901363232
106,18,-22.26677576,-4.895691313
107,18,-22.21607273,-4.890019394
108,18,-22.1653697,-4.884347475
109,18,-22.11466667,-4.878675556
110,18,-22.06396364,-4.873003636
111,18,-22.01326061,-4.867331717
112,18,-21.96255758,-4.861659798
113,18,-21.91185455,-4.855987879
114,18,-21.86115152,-4.85031596
115,18,-21.81044848,-4.84464404
116,18,-21.75974545,-4.838972121
117,18,-21.70904242,-4.833300202
118,18,-21.65833939,-4.827628283
119,18,-21.60763636,-4.821956364
120,18,-21.55693333,-4.816284444
121,18,-21.5062303,-4.810612525
122,18,-21.45552727,-4.804940606
123,18,-21.40482424,-4.799268687
124,18,-21.35412121,-4.793596768
125,18,-21.30341818,-4.787924848
126,18,-21.25271515,-4.782252929
127,18,-21.20201212,-4.77658101
128,18,-21.15130909,-4.770909091
129,18,-21.10060606,-4.765237172
130,18,-21.04990303,-4.759565253
131,18,-20.9992,-4.753893333
132,18,-20.94849697,-4.748221414
133,18,-20.89779394,-4.742549495
134,18,-20.84709091,-4.736877576
135,18,-20.79638788,-4.731205657
136,18,-20.74568485,-4.725533737
137,18,-20.69498182,-4.719861818
138,18,-20.64427879,-4.714189899
139,18,-20.59357576,-4.70851798
140,18,-20.54287273,-4.702846061
141,18,-20.4921697,-4.697174141
142,18,-20.44146667,-4.691502222
143,18,-20.39076364,-4.685830303
144,18,-20.34006061,-4.680158384
145,18,-20.28935758,-4.674486465
146,18,-20.23865455,-4.668814545
147,18,-20.18795152,-4.663142626
148,18,-20.13724848,-4.657470707
149,18,-20.08654545,-4.651798788
150,18,-20.03584242,-4.646126869
151,18,-19.98513939,-4.640454949
152,18,-19.93443636,-4.63478303
153,18,-19.88373333,-4.629111111
154,18,-19.8330303,-4.623439192
155,18,-19.78232727,-4.617767273
156,18,-19.73162424,-4.612095354
157,18,-19.68092121,-4.606423434
158,18,-19.63021818,-4.600751515
159,18,-19.57951515,-4.595079596
160,18,-19.52881212,-4.589407677
161,18,-19.47810909,-4.583735758
162,18,-19.42740606,-4.578063838
163,18,-19.37670303,-4.572391919
164,18,-19.326,-4.56672
165,18,-19.2797679,-4.559947407
166,18,-19.2335358,-4.553174815
167,18,-19.1873037,-4.546402222
168,18,-19.1410716,-4.53962963
169,18,-19.09483951,-4.532857037
170,18,-19.04860741,-4.526084444
171,18,-19.00237531,-4.519311852
172,18,-18.95614321,-4.512539259
173,18,-18.90991111,-4.505766667
174,18,-18.86367901,-4.498994074
175,18,-18.81744691,-4.492221481
176,18,-18.77121481,-4.485448889
177,18,-18.72498272,-4.478676296
178,18,-18.67875062,-4.471903704
179,18,-18.63251852,-4.465131111
180,18,-18.58628642,-4.458358519
181,18,-18.54005432,-4.451585926
182,18,-18.49382222,-4.444813333
183,18,-18.44759012,-4.438040741
184,18,-18.40135802,-4.431268148
185,18,-18.35512593,-4.424495556
186,18,-18.30889383,-4.417722963
187,18,-18.26266173,-4.41095037
188,18,-18.21642963,-4.404177778
189,18,-18.17019753,-4.397405185
190,18,-18.12396543,-4.390632593
191,18,-18.07773333,-4.38386
192,18,-18.03150123,-4.377087407
193,18,-17.98526914,-4.370314815
194,18,-17.93903704,-4.363542222
195,18,-17.89280494,-4.35676963
196,18,-17.84657284,-4.349997037
197,18,-17.80034074,-4.343224444
198,18,-17.75410864,-4.336451852
199,18,-17.70787654,-4.329679259
200,18,-17.66164444,-4.322906667
201,18,-17.61541235,-4.316134074
202,18,-17.56918025,-4.309361481
203,18,-17.52294815,-4.302588889
204,18,-17.47671605,-4.295816296
205,18,-17.43048395,-4.289043704
206,18,-17.38425185,-4.282271111
207,18,-17.33801975,-4.275498519
208,18,-17.29178765,-4.268725926
209,18,-17.24555556,-4.261953333
210,18,-17.19932346,-4.255180741
211,18,-17.15309136,-4.248408148
212,18,-17.10685926,-4.241635556
213,18,-17.06062716,-4.234862963
214,18,-17.01439506,-4.22809037
215,18,-16.96816296,-4.221317778
216,18,-16.92193086,-4.214545185
217,18,-16.87569877,-4.207772593
218,18,-16.82946667,-4.201
219,18,-16.78323457,-4.194227407
220,18,-16.73700247,-4.187454815
221,18,-16.69077037,-4.180682222
222,18,-16.64453827,-4.17390963
223,18,-16.59830617,-4.167137037
224,18,-16.55207407,-4.160364444
225,18,-16.50584198,-4.153591852
226,18,-16.45960988,-4.146819259
227,18,-16.41337778,-4.140046667
228,18,-16.36714568,-4.133274074
229,18,-16.32091358,-4.126501481
230,18,-16.27468148,-4.119728889
231,18,-16.22844938,-4.112956296
232,18,-16.18221728,-4.106183704
233,18,-16.13598519,-4.099411111
234,18,-16.08975309,-4.092638519
235,18,-16.04352099,-4.085865926
236,18,-15.99728889,-4.079093333
237,18,-15.95105679,-4.072320741
238,18,-15.90482469,-4.065548148
239,18,-15.85859259,-4.058775556
240,18,-15.81236049,-4.052002963
241,18,-15.7661284,-4.04523037
242,18,-15.7198963,-4.038457778
243,18,-15.6736642,-4.031685185
244,18,-15.6274321,-4.024912593
245,18,-15.5812,-4.01814
246,18,-15.54641786,-4.018040179
247,18,-15.51163571,-4.017940357
248,18,-15.47685357,-4.017840536
249,18,-15.44207143,-4.017740714
250,18,-15.40728929,-4.017640893
251,18,-15.37250714,-4.017541071
252,18,-15.337725,-4.01744125
253,18,-15.30294286,-4.017341429
254,18,-15.26816071,-4.017241607
255,18,-15.23337857,-4.017141786
256,18,-15.19859643,-4.017041964
257,18,-15.16381429,-4.016942143
258,18,-15.12903214,-4.016842321
259,18,-15.09425,-4.0167425
260,18,-15.05946786,-4.016642679
261,18,-15.02468571,-4.016542857
262,18,-14.98990357,-4.016443036
263,18,-14.95512143,-4.016343214
264,18,-14.92033929,-4.016243393
265,18,-14.88555714,-4.016143571
266,18,-14.850775,-4.01604375
267,18,-14.81599286,-4.015943929
268,18,-14.78121071,-4.015844107
269,18,-14.74642857,-4.015744286
270,18,-14.71164643,-4.015644464
271,18,-14.67686429,-4.015544643
272,18,-14.64208214,-4.015444821
273,18,-14.6073,-4.015345
274,18,-14.57251786,-4.015245179
275,18,-14.53773571,-4.015145357
276,18,-14.50295357,-4.015045536
277,18,-14.46817143,-4.014945714
278,18,-14.43338929,-4.014845893
279,18,-14.39860714,-4.014746071
280,18,-14.363825,-4.01464625
281,18,-14.32904286,-4.014546429
282,18,-14.29426071,-4.014446607
283,18,-14.25947857,-4.014346786
284,18,-14.22469643,-4.014246964
285,18,-14.18991429,-4.014147143
286,18,-14.15513214,-4.014047321
287,18,-14.12035,-4.0139475
288,18,-14.08556786,-4.013847679
289,18,-14.05078571,-4.013747857
290,18,-14.01600357,-4.013648036
291,18,-13.98122143,-4.013548214
292,18,-13.94643929,-4.013448393
293,18,-13.91165714,-4.013348571
294,18,-13.876875,-4.01324875
295,18,-13.84209286,-4.013148929
296,18,-13.80731071,-4.013049107
297,18,-13.77252857,-4.012949286
298,18,-13.73774643,-4.012849464
299,18,-13.70296429,-4.012749643
300,18,-13.66818214,-4.012649821
301,18,-13.6334,-4.01255
302,18,-13.59848571,-4.01074375
303,18,-13.56357143,-4.0089375
304,18,-13.52865714,-4.00713125
305,18,-13.49374286,-4.005325
306,18,-13.45882857,-4.00351875
307,18,-13.42391429,-4.0017125
308,18,-13.389,-3.99990625
309,18,-13.35408571,-3.9981
310,18,-13.31917143,-3.99629375
311,18,-13.28425714,-3.9944875
312,18,-13.24934286,-3.99268125
313,18,-13.21442857,-3.990875
314,18,-13.17951429,-3.98906875
315,18,-13.1446,-3.9872625
316,18,-13.10968571,-3.98545625
317,18,-13.07477143,-3.98365
318,18,-13.03985714,-3.98184375
319,18,-13.00494286,-3.9800375
320,18,-12.97002857,-3.97823125
321,18,-12.93511429,-3.976425
322,18,-12.9002,-3.97461875
323,18,-12.86528571,-3.9728125
324,18,-12.83037143,-3.97100625
325,18,-12.79545714,-3.9692
326,18,-12.76054286,-3.96739375
327,18,-12.72562857,-3.9655875
328,18,-12.69071429,-3.96378125
329,18,-12.6558,-3.961975
330,18,-12.62088571,-3.96016875
331,18,-12.58597143,-3.9583625
332,18,-12.55105714,-3.95655625
333,18,-12.51614286,-3.95475
334,18,-12.48122857,-3.95294375
335,18,-12.44631429,-3.9511375
336,18,-12.4114,-3.94933125
337,18,-12.37648571,-3.947525
338,18,-12.34157143,-3.94571875
339,18,-12.30665714,-3.9439125
340,18,-12.27174286,-3.94210625
341,18,-12.23682857,-3.9403
342,18,-12.20191429,-3.93849375
343,18,-12.167,-3.9366875
344,18,-12.13208571,-3.93488125
345,18,-12.09717143,-3.933075
346,18,-12.06225714,-3.93126875
347,18,-12.02734286,-3.9294625
348,18,-11.99242857,-3.92765625
349,18,-11.95751429,-3.92585
350,18,-11.9226,-3.92404375
351,18,-11.88768571,-3.9222375
352,18,-11.85277143,-3.92043125
353,18,-11.81785714,-3.918625
354,18,-11.78294286,-3.91681875
355,18,-11.74802857,-3.9150125
356,18,-11.71311429,-3.91320625
357,18,-11.6782,-3.9114
358,18,-11.64540431,-3.911000462
359,18,-11.61260862,-3.910600923
360,18,-11.57981292,-3.910201385
361,18,-11.54701723,-3.909801846
362,18,-11.51422154,-3.909402308
363,18,-11.48142585,-3.909002769
364,18,-11.44863015,-3.908603231
365,18,-11.41583446,-3.908203692
366,18,-11.38303877,-3.907804154
367,18,-11.35024308,-3.907404615
368,18,-11.31744738,-3.907005077
369,18,-11.28465169,-3.906605538
370,18,-11.251856,-3.906206
371,18,-11.21906031,-3.905806462
372,18,-11.18626462,-3.905406923
373,18,-11.15346892,-3.905007385
374,18,-11.12067323,-3.904607846
375,18,-11.08787754,-3.904208308
376,18,-11.05508185,-3.903808769
377,18,-11.02228615,-3.903409231
378,18,-10.98949046,-3.903009692
379,18,-10.95669477,-3.902610154
380,18,-10.92389908,-3.902210615
381,18,-10.89110338,-3.901811077
382,18,-10.85830769,-3.901411538
383,18,-10.825512,-3.901012
384,18,-10.79271631,-3.900612462
385,18,-10.75992062,-3.900212923
386,18,-10.72712492,-3.899813385
387,18,-10.69432923,-3.899413846
388,18,-10.66153354,-3.899014308
389,18,-10.62873785,-3.898614769
390,18,-10.59594215,-3.898215231
391,18,-10.56314646,-3.897815692
392,18,-10.53035077,-3.897416154
393,18,-10.49755508,-3.897016615
394,18,-10.46475938,-3.896617077
395,18,-10.43196369,-3.896217538
396,18,-10.399168,-3.895818
397,18,-10.36637231,-3.895418462
398,18,-10.33357662,-3.895018923
399,18,-10.30078092,-3.894619385
400,18,-10.26798523,-3.894219846
401,18,-10.23518954,-3.893820308
402,18,-10.20239385,-3.893420769
403,18,-10.16959815,-3.893021231
404,18,-10.13680246,-3.892621692
405,18,-10.10400677,-3.892222154
406,18,-10.07121108,-3.891822615
407,18,-10.03841538,-3.891423077
408,18,-10.00561969,-3.891023538
409,18,-9.972824,-3.890624
410,18,-9.940028308,-3.890224462
411,18,-9.907232615,-3.889824923
412,18,-9.874436923,-3.889425385
413,18,-9.841641231,-3.889025846
414,18,-9.808845538,-3.888626308
415,18,-9.776049846,-3.888226769
416,18,-9.743254154,-3.887827231
417,18,-9.710458462,-3.887427692
418,18,-9.677662769,-3.887028154
419,18,-9.644867077,-3.886628615
420,18,-9.612071385,-3.886229077
421,18,-9.579275692,-3.885829538
422,18,-9.54648,-3.88543
423,18,-9.515224194,-3.885094839
424,18,-9.483968387,-3.884759677
425,18,-9.452712581,-3.884424516
426,18,-9.421456774,-3.884089355
427,18,-9.390200968,-3.883754194
428,18,-9.358945161,-3.883419032
429,18,-9.327689355,-3.883083871
430,18,-9.296433548,-3.88274871
431,18,-9.265177742,-3.882413548
432,18,-9.233921935,-3.882078387
433,18,-9.202666129,-3.881743226
434,18,-9.171410323,-3.881408065
435,18,-9.140154516,-3.881072903
436,18,-9.10889871,-3.880737742
437,18,-9.077642903,-3.880402581
438,18,-9.046387097,-3.880067419
439,18,-9.01513129,-3.879732258
440,18,-8.983875484,-3.879397097
441,18,-8.952619677,-3.879061935
442,18,-8.921363871,-3.878726774
443,18,-8.890108065,-3.878391613
444,18,-8.858852258,-3.878056452
445,18,-8.827596452,-3.87772129
446,18,-8.796340645,-3.877386129
447,18,-8.765084839,-3.877050968
448,18,-8.733829032,-3.876715806
449,18,-8.702573226,-3.876380645
450,18,-8.671317419,-3.876045484
451,18,-8.640061613,-3.875710323
452,18,-8.608805806,-3.875375161
453,18,-8.57755,-3.87504
454,18,-8.546294194,-3.874704839
455,18,-8.515038387,-3.874369677
456,18,-8.483782581,-3.874034516
457,18,-8.452526774,-3.873699355
458,18,-8.421270968,-3.873364194
459,18,-8.390015161,-3.873029032
460,18,-8.358759355,-3.872693871
461,18,-8.327503548,-3.87235871
462,18,-8.296247742,-3.872023548
463,18,-8.264991935,-3.871688387
464,18,-8.233736129,-3.871353226
465,18,-8.202480323,-3.871018065
466,18,-8.171224516,-3.870682903
467,18,-8.13996871,-3.870347742
468,18,-8.108712903,-3.870012581
469,18,-8.077457097,-3.869677419
470,18,-8.04620129,-3.869342258
471,18,-8.014945484,-3.869007097
472,18,-7.983689677,-3.868671935
473,18,-7.952433871,-3.868336774
474,18,-7.921178065,-3.868001613
475,18,-7.889922258,-3.867666452
476,18,-7.858666452,-3.86733129
477,18,-7.827410645,-3.866996129
478,18,-7.796154839,-3.866660968
479,18,-7.764899032,-3.866325806
480,18,-7.733643226,-3.865990645
481,18,-7.702387419,-3.865655484
482,18,-7.671131613,-3.865320323
483,18,-7.639875806,-3.864985161
484,18,-7.60862,-3.86465
485,18,-7.57257,-3.861291698
486,18,-7.53652,-3.857933396
487,18,-7.50047,-3.854575094
488,18,-7.46442,-3.851216792
489,18,-7.42837,-3.847858491
490,18,-7.39232,-3.844500189
491,18,-7.35627,-3.841141887
492,18,-7.32022,-3.837783585
493,18,-7.28417,-3.834425283
494,18,-7.24812,-3.831066981
495,18,-7.21207,-3.827708679
496,18,-7.17602,-3.824350377
497,18,-7.13997,-3.820992075
498,18,-7.10392,-3.817633774
499,18,-7.06787,-3.814275472
500,18,-7.03182,-3.81091717
501,18,-6.99577,-3.807558868
502,18,-6.95972,-3.804200566
503,18,-6.92367,-3.800842264
504,18,-6.88762,-3.797483962
505,18,-6.85157,-3.79412566
506,18,-6.81552,-3.790767358
507,18,-6.77947,-3.787409057
508,18,-6.74342,-3.784050755
509,18,-6.70737,-3.780692453
510,18,-6.67132,-3.777334151
511,18,-6.63527,-3.773975849
512,18,-6.59922,-3.770617547
513,18,-6.56317,-3.767259245
514,18,-6.52712,-3.763900943
515,18,-6.49107,-3.760542642
516,18,-6.45502,-3.75718434
517,18,-6.41897,-3.753826038
518,18,-6.38292,-3.750467736
519,18,-6.34687,-3.747109434
520,18,-6.31082,-3.743751132
521,18,-6.27477,-3.74039283
522,18,-6.23872,-3.737034528
523,18,-6.20267,-3.733676226
524,18,-6.16662,-3.730317925
525,18,-6.13057,-3.726959623
526,18,-6.09452,-3.723601321
527,18,-6.05847,-3.720243019
528,18,-6.02242,-3.716884717
529,18,-5.98637,-3.713526415
530,18,-5.95032,-3.710168113
531,18,-5.91427,-3.706809811
532,18,-5.87822,-3.703451509
533,18,-5.84217,-3.700093208
534,18,-5.80612,-3.696734906
535,18,-5.77007,-3.693376604
536,18,-5.73402,-3.690018302
537,18,-5.69797,-3.68666
538,18,-5.668284595,-3.686527027
539,18,-5.638599189,-3.686394054
540,18,-5.608913784,-3.686261081
541,18,-5.579228378,-3.686128108
542,18,-5.549542973,-3.685995135
543,18,-5.519857568,-3.685862162
544,18,-5.490172162,-3.685729189
545,18,-5.460486757,-3.685596216
546,18,-5.430801351,-3.685463243
547,18,-5.401115946,-3.68533027
548,18,-5.371430541,-3.685197297
549,18,-5.341745135,-3.685064324
550,18,-5.31205973,-3.684931351
551,18,-5.282374324,-3.684798378
552,18,-5.252688919,-3.684665405
553,18,-5.223003514,-3.684532432
554,18,-5.193318108,-3.684399459
555,18,-5.163632703,-3.684266486
556,18,-5.133947297,-3.684133514
557,18,-5.104261892,-3.684000541
558,18,-5.074576486,-3.683867568
559,18,-5.044891081,-3.683734595
560,18,-5.015205676,-3.683601622
561,18,-4.98552027,-3.683468649
562,18,-4.955834865,-3.683335676
563,18,-4.926149459,-3.683202703
564,18,-4.896464054,-3.68306973
565,18,-4.866778649,-3.682936757
566,18,-4.837093243,-3.682803784
567,18,-4.807407838,-3.682670811
568,18,-4.777722432,-3.682537838
569,18,-4.748037027,-3.682404865
570,18,-4.718351622,-3.682271892
571,18,-4.688666216,-3.682138919
572,18,-4.658980811,-3.682005946
573,18,-4.629295405,-3.681872973
574,18,-4.59961,-3.68174
575,18,-4.566536765,-3.678188235
576,18,-4.533463529,-3.674636471
577,18,-4.500390294,-3.671084706
578,18,-4.467317059,-3.667532941
579,18,-4.434243824,-3.663981176
580,18,-4.401170588,-3.660429412
581,18,-4.368097353,-3.656877647
582,18,-4.335024118,-3.653325882
583,18,-4.301950882,-3.649774118
584,18,-4.268877647,-3.646222353
585,18,-4.235804412,-3.642670588
586,18,-4.202731176,-3.639118824
587,18,-4.169657941,-3.635567059
588,18,-4.136584706,-3.632015294
589,18,-4.103511471,-3.628463529
590,18,-4.070438235,-3.624911765
591,18,-4.037365,-3.62136
592,18,-4.004291765,-3.617808235
593,18,-3.971218529,-3.614256471
594,18,-3.938145294,-3.610704706
595,18,-3.905072059,-3.607152941
596,18,-3.871998824,-3.603601176
597,18,-3.838925588,-3.600049412
598,18,-3.805852353,-3.596497647
599,18,-3.772779118,-3.592945882
600,18,-3.739705882,-3.589394118
601,18,-3.706632647,-3.585842353
602,18,-3.673559412,-3.582290588
603,18,-3.640486176,-3.578738824
604,18,-3.607412941,-3.575187059
605,18,-3.574339706,-3.571635294
606,18,-3.541266471,-3.568083529
607,18,-3.508193235,-3.564531765
608,18,-3.47512,-3.56098
609,18,-3.449111935,-3.565905161
610,18,-3.423103871,-3.570830323
611,18,-3.397095806,-3.575755484
612,18,-3.371087742,-3.580680645
613,18,-3.345079677,-3.585605806
614,18,-3.319071613,-3.590530968
615,18,-3.293063548,-3.595456129
616,18,-3.267055484,-3.60038129
617,18,-3.241047419,-3.605306452
618,18,-3.215039355,-3.610231613
619,18,-3.18903129,-3.615156774
620,18,-3.163023226,-3.620081935
621,18,-3.137015161,-3.625007097
622,18,-3.111007097,-3.629932258
623,18,-3.084999032,-3.634857419
624,18,-3.058990968,-3.639782581
625,18,-3.032982903,-3.644707742
626,18,-3.006974839,-3.649632903
627,18,-2.980966774,-3.654558065
628,18,-2.95495871,-3.659483226
629,18,-2.928950645,-3.664408387
630,18,-2.902942581,-3.669333548
631,18,-2.876934516,-3.67425871
632,18,-2.850926452,-3.679183871
633,18,-2.824918387,-3.684109032
634,18,-2.798910323,-3.689034194
635,18,-2.772902258,-3.693959355
636,18,-2.746894194,-3.698884516
637,18,-2.720886129,-3.703809677
638,18,-2.694878065,-3.708734839
639,18,-2.66887,-3.71366
640,18,-2.627397,-3.722624
641,18,-2.585924,-3.731588
642,18,-2.544451,-3.740552
643,18,-2.502978,-3.749516
644,18,-2.461505,-3.75848
645,18,-2.420032,-3.767444
646,18,-2.378559,-3.776408
647,18,-2.337086,-3.785372
648,18,-2.295613,-3.794336
649,18,-2.25414,-3.8033
0,19,-30.1043,-7.02607
1,19,-30.03667821,-7.014107308
2,19,-29.96905641,-7.002144615
3,19,-29.90143462,-6.990181923
4,19,-29.83381282,-6.978219231
5,19,-29.76619103,-6.966256538
6,19,-29.69856923,-6.954293846
7,19,-29.63094744,-6.942331154
8,19,-29.56332564,-6.930368462
9,19,-29.49570385,-6.918405769
10,19,-29.42808205,-6.906443077
11,19,-29.36046026,-6.894480385
12,19,-29.29283846,-6.882517692
13,19,-29.22521667,-6.870555
14,19,-29.15759487,-6.858592308
15,19,-29.08997308,-6.846629615
16,19,-29.02235128,-6.834666923
17,19,-28.95472949,-6.822704231
18,19,-28.88710769,-6.810741538
19,19,-28.8194859,-6.798778846
20,19,-28.7518641,-6.786816154
21,19,-28.68424231,-6.774853462
22,19,-28.61662051,-6.762890769
23,19,-28.54899872,-6.750928077
24,19,-28.48137692,-6.738965385
25,19,-28.41375513,-6.727002692
26,19,-28.34613333,-6.71504
27,19,-28.27851154,-6.703077308
28,19,-28.21088974,-6.691114615
29,19,-28.14326795,-6.679151923
30,19,-28.07564615,-6.667189231
31,19,-28.00802436,-6.655226538
32,19,-27.94040256,-6.643263846
33,19,-27.87278077,-6.631301154
34,19,-27.80515897,-6.619338462
35,19,-27.73753718,-6.607375769
36,19,-27.66991538,-6.595413077
37,19,-27.60229359,-6.583450385
38,19,-27.53467179,-6.571487692
39,19,-27.46705,-6.559525
40,19,-27.39942821,-6.547562308
41,19,-27.33180641,-6.535599615
42,19,-27.26418462,-6.523636923
43,19,-27.19656282,-6.511674231
44,19,-27.12894103,-6.499711538
45,19,-27.06131923,-6.487748846
46,19,-26.99369744,-6.475786154
47,19,-26.92607564,-6.463823462
48,19,-26.85845385,-6.451860769
49,19,-26.79083205,-6.439898077
50,19,-26.72321026,-6.427935385
51,19,-26.65558846,-6.415972692
52,19,-26.58796667,-6.40401
53,19,-26.52034487,-6.392047308
54,19,-26.45272308,-6.380084615
55,19,-26.38510128,-6.368121923
56,19,-26.31747949,-6.356159231
57,19,-26.24985769,-6.344196538
58,19,-26.1822359,-6.332233846
59,19,-26.1146141,-6.320271154
60,19,-26.04699231,-6.308308462
61,19,-25.97937051,-6.296345769
62,19,-25.91174872,-6.284383077
63,19,-25.84412692,-6.272420385
64,19,-25.77650513,-6.260457692
65,19,-25.70888333,-6.248495
66,19,-25.64126154,-6.236532308
67,19,-25.57363974,-6.224569615
68,19,-25.50601795,-6.212606923
69,19,-25.43839615,-6.200644231
70,19,-25.37077436,-6.188681538
71,19,-25.30315256,-6.176718846
72,19,-25.23553077,-6.164756154
73,19,-25.16790897,-6.152793462
74,19,-25.10028718,-6.140830769
75,19,-25.03266538,-6.128868077
76,19,-24.96504359,-6.116905385
77,19,-24.89742179,-6.104942692
78,19,-24.8298,-6.09298
79,19,-24.7687,-6.081743529
80,19,-24.7076,-6.070507059
81,19,-24.6465,-6.059270588
82,19,-24.5854,-6.048034118
83,19,-24.5243,-6.036797647
84,19,-24.4632,-6.025561176
85,19,-24.4021,-6.014324706
86,19,-24.341,-6.003088235
87,19,-24.2799,-5.991851765
88,19,-24.2188,-5.980615294
89,19,-24.1577,-5.969378824
90,19,-24.0966,-5.958142353
91,19,-24.0355,-5.946905882
92,19,-23.9744,-5.935669412
93,19,-23.9133,-5.924432941
94,19,-23.8522,-5.913196471
95,19,-23.7911,-5.90196
96,19,-23.73,-5.890723529
97,19,-23.6689,-5.879487059
98,19,-23.6078,-5.868250588
99,19,-23.5467,-5.857014118
100,19,-23.4856,-5.845777647
101,19,-23.4245,-5.834541176
102,19,-23.3634,-5.823304706
103,19,-23.3023,-5.812068235
104,19,-23.2412,-5.800831765
105,19,-23.1801,-5.789595294
106,19,-23.119,-5.778358824
107,19,-23.0579,-5.767122353
108,19,-22.9968,-5.755885882
109,19,-22.9357,-5.744649412
110,19,-22.8746,-5.733412941
111,19,-22.8135,-5.722176471
112,19,-22.7524,-5.71094
113,19,-22.6913,-5.699703529
114,19,-22.6302,-5.688467059
115,19,-22.5691,-5.677230588
116,19,-22.508,-5.665994118
117,19,-22.4469,-5.654757647
118,19,-22.3858,-5.643521176
119,19,-22.3247,-5.632284706
120,19,-22.2636,-5.621048235
121,19,-22.2025,-5.609811765
122,19,-22.1414,-5.598575294
123,19,-22.0803,-5.587338824
124,19,-22.0192,-5.576102353
125,19,-21.9581,-5.564865882
126,19,-21.897,-5.553629412
127,19,-21.8359,-5.542392941
128,19,-21.7748,-5.531156471
129,19,-21.7137,-5.51992
130,19,-21.6526,-5.508683529
131,19,-21.5915,-5.497447059
132,19,-21.5304,-5.486210588
133,19,-21.4693,-5.474974118
134,19,-21.4082,-5.463737647
135,19,-21.3471,-5.452501176
136,19,-21.286,-5.441264706
137,19,-21.2249,-5.430028235
138,19,-21.1638,-5.418791765
139,19,-21.1027,-5.407555294
140,19,-21.0416,-5.396318824
141,19,-20.9805,-5.385082353
142,19,-20.9194,-5.373845882
143,19,-20.8583,-5.362609412
144,19,-20.7972,-5.351372941
145,19,-20.7361,-5.340136471
146,19,-20.675,-5.3289
147,19,-20.62147966,-5.319874237
148,19,-20.56795932,-5.310848475
149,19,-20.51443898,-5.301822712
150,19,-20.46091864,-5.292796949
151,19,-20.40739831,-5.283771186
152,19,-20.35387797,-5.274745424
153,19,-20.30035763,-5.265719661
154,19,-20.24683729,-5.256693898
155,19,-20.19331695,-5.247668136
156,19,-20.13979661,-5.238642373
157,19,-20.08627627,-5.22961661
158,19,-20.03275593,-5.220590847
159,19,-19.97923559,-5.211565085
160,19,-19.92571525,-5.202539322
161,19,-19.87219492,-5.193513559
162,19,-19.81867458,-5.184487797
163,19,-19.76515424,-5.175462034
164,19,-19.7116339,-5.166436271
165,19,-19.65811356,-5.157410508
166,19,-19.60459322,-5.148384746
167,19,-19.55107288,-5.139358983
168,19,-19.49755254,-5.13033322
169,19,-19.4440322,-5.121307458
170,19,-19.39051186,-5.112281695
171,19,-19.33699153,-5.103255932
172,19,-19.28347119,-5.094230169
173,19,-19.22995085,-5.085204407
174,19,-19.17643051,-5.076178644
175,19,-19.12291017,-5.067152881
176,19,-19.06938983,-5.058127119
177,19,-19.01586949,-5.049101356
178,19,-18.96234915,-5.040075593
179,19,-18.90882881,-5.031049831
180,19,-18.85530847,-5.022024068
181,19,-18.80178814,-5.012998305
182,19,-18.7482678,-5.003972542
183,19,-18.69474746,-4.99494678
184,19,-18.64122712,-4.985921017
185,19,-18.58770678,-4.976895254
186,19,-18.53418644,-4.967869492
187,19,-18.4806661,-4.958843729
188,19,-18.42714576,-4.949817966
189,19,-18.37362542,-4.940792203
190,19,-18.32010508,-4.931766441
191,19,-18.26658475,-4.922740678
192,19,-18.21306441,-4.913714915
193,19,-18.15954407,-4.904689153
194,19,-18.10602373,-4.89566339
195,19,-18.05250339,-4.886637627
196,19,-17.99898305,-4.877611864
197,19,-17.94546271,-4.868586102
198,19,-17.89194237,-4.859560339
199,19,-17.83842203,-4.850534576
200,19,-17.78490169,-4.841508814
201,19,-17.73138136,-4.832483051
202,19,-17.67786102,-4.823457288
203,19,-17.62434068,-4.814431525
204,19,-17.57082034,-4.805405763
205,19,-17.5173,-4.79638
206,19,-17.47856338,-4.791826338
207,19,-17.43982676,-4.787272676
208,19,-17.40109014,-4.782719014
209,19,-17.36235352,-4.778165352
210,19,-17.3236169,-4.77361169
211,19,-17.28488028,-4.769058028
212,19,-17.24614366,-4.764504366
213,19,-17.20740704,-4.759950704
214,19,-17.16867042,-4.755397042
215,19,-17.1299338,-4.75084338
216,19,-17.09119718,-4.746289718
217,19,-17.05246056,-4.741736056
218,19,-17.01372394,-4.737182394
219,19,-16.97498732,-4.732628732
220,19,-16.9362507,-4.72807507
221,19,-16.89751408,-4.723521408
222,19,-16.85877746,-4.718967746
223,19,-16.82004085,-4.714414085
224,19,-16.78130423,-4.709860423
225,19,-16.74256761,-4.705306761
226,19,-16.70383099,-4.700753099
227,19,-16.66509437,-4.696199437
228,19,-16.62635775,-4.691645775
229,19,-16.58762113,-4.687092113
230,19,-16.54888451,-4.682538451
231,19,-16.51014789,-4.677984789
232,19,-16.47141127,-4.673431127
233,19,-16.43267465,-4.668877465
234,19,-16.39393803,-4.664323803
235,19,-16.35520141,-4.659770141
236,19,-16.31646479,-4.655216479
237,19,-16.27772817,-4.650662817
238,19,-16.23899155,-4.646109155
239,19,-16.20025493,-4.641555493
240,19,-16.16151831,-4.637001831
241,19,-16.12278169,-4.632448169
242,19,-16.08404507,-4.627894507
243,19,-16.04530845,-4.623340845
244,19,-16.00657183,-4.618787183
245,19,-15.96783521,-4.614233521
246,19,-15.92909859,-4.609679859
247,19,-15.89036197,-4.605126197
248,19,-15.85162535,-4.600572535
249,19,-15.81288873,-4.596018873
250,19,-15.77415211,-4.591465211
251,19,-15.73541549,-4.586911549
252,19,-15.69667887,-4.582357887
253,19,-15.65794225,-4.577804225
254,19,-15.61920563,-4.573250563
255,19,-15.58046901,-4.568696901
256,19,-15.54173239,-4.564143239
257,19,-15.50299577,-4.559589577
258,19,-15.46425915,-4.555035915
259,19,-15.42552254,-4.550482254
260,19,-15.38678592,-4.545928592
261,19,-15.3480493,-4.54137493
262,19,-15.30931268,-4.536821268
263,19,-15.27057606,-4.532267606
264,19,-15.23183944,-4.527713944
265,19,-15.19310282,-4.523160282
266,19,-15.1543662,-4.51860662
267,19,-15.11562958,-4.514052958
268,19,-15.07689296,-4.509499296
269,19,-15.03815634,-4.504945634
270,19,-14.99941972,-4.500391972
271,19,-14.9606831,-4.49583831
272,19,-14.92194648,-4.491284648
273,19,-14.88320986,-4.486730986
274,19,-14.84447324,-4.482177324
275,19,-14.80573662,-4.477623662
276,19,-14.767,-4.47307
277,19,-14.731384,-4.4730266
278,19,-14.695768,-4.4729832
279,19,-14.660152,-4.4729398
280,19,-14.624536,-4.4728964
281,19,-14.58892,-4.472853
282,19,-14.553304,-4.4728096
283,19,-14.517688,-4.4727662
284,19,-14.482072,-4.4727228
285,19,-14.446456,-4.4726794
286,19,-14.41084,-4.472636
287,19,-14.375224,-4.4725926
288,19,-14.339608,-4.4725492
289,19,-14.303992,-4.4725058
290,19,-14.268376,-4.4724624
291,19,-14.23276,-4.472419
292,19,-14.197144,-4.4723756
293,19,-14.161528,-4.4723322
294,19,-14.125912,-4.4722888
295,19,-14.090296,-4.4722454
296,19,-14.05468,-4.472202
297,19,-14.019064,-4.4721586
298,19,-13.983448,-4.4721152
299,19,-13.947832,-4.4720718
300,19,-13.912216,-4.4720284
301,19,-13.8766,-4.471985
302,19,-13.840984,-4.4719416
303,19,-13.805368,-4.4718982
304,19,-13.769752,-4.4718548
305,19,-13.734136,-4.4718114
306,19,-13.69852,-4.471768
307,19,-13.662904,-4.4717246
308,19,-13.627288,-4.4716812
309,19,-13.591672,-4.4716378
310,19,-13.556056,-4.4715944
311,19,-13.52044,-4.471551
312,19,-13.484824,-4.4715076
313,19,-13.449208,-4.4714642
314,19,-13.413592,-4.4714208
315,19,-13.377976,-4.4713774
316,19,-13.34236,-4.471334
317,19,-13.306744,-4.4712906
318,19,-13.271128,-4.4712472
319,19,-13.235512,-4.4712038
320,19,-13.199896,-4.4711604
321,19,-13.16428,-4.471117
322,19,-13.128664,-4.4710736
323,19,-13.093048,-4.4710302
324,19,-13.057432,-4.4709868
325,19,-13.021816,-4.4709434
326,19,-12.9862,-4.4709
327,19,-12.95415685,-4.471154167
328,19,-12.9221137,-4.471408333
329,19,-12.89007056,-4.4716625
330,19,-12.85802741,-4.471916667
331,19,-12.82598426,-4.472170833
332,19,-12.79394111,-4.472425
333,19,-12.76189796,-4.472679167
334,19,-12.72985481,-4.472933333
335,19,-12.69781167,-4.4731875
336,19,-12.66576852,-4.473441667
337,19,-12.63372537,-4.473695833
338,19,-12.60168222,-4.47395
339,19,-12.56963907,-4.474204167
340,19,-12.53759593,-4.474458333
341,19,-12.50555278,-4.4747125
342,19,-12.47350963,-4.474966667
343,19,-12.44146648,-4.475220833
344,19,-12.40942333,-4.475475
345,19,-12.37738019,-4.475729167
346,19,-12.34533704,-4.475983333
347,19,-12.31329389,-4.4762375
348,19,-12.28125074,-4.476491667
349,19,-12.24920759,-4.476745833
350,19,-12.21716444,-4.477
351,19,-12.1851213,-4.477254167
352,19,-12.15307815,-4.477508333
353,19,-12.121035,-4.4777625
354,19,-12.08899185,-4.478016667
355,19,-12.0569487,-4.478270833
356,19,-12.02490556,-4.478525
357,19,-11.99286241,-4.478779167
358,19,-11.96081926,-4.479033333
359,19,-11.92877611,-4.4792875
360,19,-11.89673296,-4.479541667
361,19,-11.86468981,-4.479795833
362,19,-11.83264667,-4.48005
363,19,-11.80060352,-4.480304167
364,19,-11.76856037,-4.480558333
365,19,-11.73651722,-4.4808125
366,19,-11.70447407,-4.481066667
367,19,-11.67243093,-4.481320833
368,19,-11.64038778,-4.481575
369,19,-11.60834463,-4.481829167
370,19,-11.57630148,-4.482083333
371,19,-11.54425833,-4.4823375
372,19,-11.51221519,-4.482591667
373,19,-11.48017204,-4.482845833
374,19,-11.44812889,-4.4831
375,19,-11.41608574,-4.483354167
376,19,-11.38404259,-4.483608333
377,19,-11.35199944,-4.4838625
378,19,-11.3199563,-4.484116667
379,19,-11.28791315,-4.484370833
380,19,-11.25587,-4.484625
381,19,-11.22382685,-4.484879167
382,19,-11.1917837,-4.485133333
383,19,-11.15974056,-4.4853875
384,19,-11.12769741,-4.485641667
385,19,-11.09565426,-4.485895833
386,19,-11.06361111,-4.48615
387,19,-11.03156796,-4.486404167
388,19,-10.99952481,-4.486658333
389,19,-10.96748167,-4.4869125
390,19,-10.93543852,-4.487166667
391,19,-10.90339537,-4.487420833
392,19,-10.87135222,-4.487675
393,19,-10.83930907,-4.487929167
394,19,-10.80726593,-4.488183333
395,19,-10.77522278,-4.4884375
396,19,-10.74317963,-4.488691667
397,19,-10.71113648,-4.488945833
398,19,-10.67909333,-4.4892
399,19,-10.64705019,-4.489454167
400,19,-10.61500704,-4.489708333
401,19,-10.58296389,-4.4899625
402,19,-10.55092074,-4.490216667
403,19,-10.51887759,-4.490470833
404,19,-10.48683444,-4.490725
405,19,-10.4547913,-4.490979167
406,19,-10.42274815,-4.491233333
407,19,-10.390705,-4.4914875
408,19,-10.35866185,-4.491741667
409,19,-10.3266187,-4.491995833
410,19,-10.29457556,-4.49225
411,19,-10.26253241,-4.492504167
412,19,-10.23048926,-4.492758333
413,19,-10.19844611,-4.4930125
414,19,-10.16640296,-4.493266667
415,19,-10.13435981,-4.493520833
416,19,-10.10231667,-4.493775
417,19,-10.07027352,-4.494029167
418,19,-10.03823037,-4.494283333
419,19,-10.00618722,-4.4945375
420,19,-9.974144074,-4.494791667
421,19,-9.942100926,-4.495045833
422,19,-9.910057778,-4.4953
423,19,-9.87801463,-4.495554167
424,19,-9.845971481,-4.495808333
425,19,-9.813928333,-4.4960625
426,19,-9.781885185,-4.496316667
427,19,-9.749842037,-4.496570833
428,19,-9.717798889,-4.496825
429,19,-9.685755741,-4.497079167
430,19,-9.653712593,-4.497333333
431,19,-9.621669444,-4.4975875
432,19,-9.589626296,-4.497841667
433,19,-9.557583148,-4.498095833
434,19,-9.52554,-4.49835
435,19,-9.488315385,-4.495233077
436,19,-9.451090769,-4.492116154
437,19,-9.413866154,-4.488999231
438,19,-9.376641538,-4.485882308
439,19,-9.339416923,-4.482765385
440,19,-9.302192308,-4.479648462
441,19,-9.264967692,-4.476531538
442,19,-9.227743077,-4.473414615
443,19,-9.190518462,-4.470297692
444,19,-9.153293846,-4.467180769
445,19,-9.116069231,-4.464063846
446,19,-9.078844615,-4.460946923
447,19,-9.04162,-4.45783
448,19,-9.004395385,-4.454713077
449,19,-8.967170769,-4.451596154
450,19,-8.929946154,-4.448479231
451,19,-8.892721538,-4.445362308
452,19,-8.855496923,-4.442245385
453,19,-8.818272308,-4.439128462
454,19,-8.781047692,-4.436011538
455,19,-8.743823077,-4.432894615
456,19,-8.706598462,-4.429777692
457,19,-8.669373846,-4.426660769
458,19,-8.632149231,-4.423543846
459,19,-8.594924615,-4.420426923
460,19,-8.5577,-4.41731
461,19,-8.520475385,-4.414193077
462,19,-8.483250769,-4.411076154
463,19,-8.446026154,-4.407959231
464,19,-8.408801538,-4.404842308
465,19,-8.371576923,-4.401725385
466,19,-8.334352308,-4.398608462
467,19,-8.297127692,-4.395491538
468,19,-8.259903077,-4.392374615
469,19,-8.222678462,-4.389257692
470,19,-8.185453846,-4.386140769
471,19,-8.148229231,-4.383023846
472,19,-8.111004615,-4.379906923
473,19,-8.07378,-4.37679
474,19,-8.036555385,-4.373673077
475,19,-7.999330769,-4.370556154
476,19,-7.962106154,-4.367439231
477,19,-7.924881538,-4.364322308
478,19,-7.887656923,-4.361205385
479,19,-7.850432308,-4.358088462
480,19,-7.813207692,-4.354971538
481,19,-7.775983077,-4.351854615
482,19,-7.738758462,-4.348737692
483,19,-7.701533846,-4.345620769
484,19,-7.664309231,-4.342503846
485,19,-7.627084615,-4.339386923
486,19,-7.58986,-4.33627
487,19,-7.552635385,-4.333153077
488,19,-7.515410769,-4.330036154
489,19,-7.478186154,-4.326919231
490,19,-7.440961538,-4.323802308
491,19,-7.403736923,-4.320685385
492,19,-7.366512308,-4.317568462
493,19,-7.329287692,-4.314451538
494,19,-7.292063077,-4.311334615
495,19,-7.254838462,-4.308217692
496,19,-7.217613846,-4.305100769
497,19,-7.180389231,-4.301983846
498,19,-7.143164615,-4.298866923
499,19,-7.10594,-4.29575
500,19,-7.068715385,-4.292633077
501,19,-7.031490769,-4.289516154
502,19,-6.994266154,-4.286399231
503,19,-6.957041538,-4.283282308
504,19,-6.919816923,-4.280165385
505,19,-6.882592308,-4.277048462
506,19,-6.845367692,-4.273931538
507,19,-6.808143077,-4.270814615
508,19,-6.770918462,-4.267697692
509,19,-6.733693846,-4.264580769
510,19,-6.696469231,-4.261463846
511,19,-6.659244615,-4.258346923
512,19,-6.62202,-4.25523
513,19,-6.592249322,-4.255281695
514,19,-6.562478644,-4.25533339
515,19,-6.532707966,-4.255385085
516,19,-6.502937288,-4.25543678
517,19,-6.47316661,-4.255488475
518,19,-6.443395932,-4.255540169
519,19,-6.413625254,-4.255591864
520,19,-6.383854576,-4.255643559
521,19,-6.354083898,-4.255695254
522,19,-6.32431322,-4.255746949
523,19,-6.294542542,-4.255798644
524,19,-6.264771864,-4.255850339
525,19,-6.235001186,-4.255902034
526,19,-6.205230508,-4.255953729
527,19,-6.175459831,-4.256005424
528,19,-6.145689153,-4.256057119
529,19,-6.115918475,-4.256108814
530,19,-6.086147797,-4.256160508
531,19,-6.056377119,-4.256212203
532,19,-6.026606441,-4.256263898
533,19,-5.996835763,-4.256315593
534,19,-5.967065085,-4.256367288
535,19,-5.937294407,-4.256418983
536,19,-5.907523729,-4.256470678
537,19,-5.877753051,-4.256522373
538,19,-5.847982373,-4.256574068
539,19,-5.818211695,-4.256625763
540,19,-5.788441017,-4.256677458
541,19,-5.758670339,-4.256729153
542,19,-5.728899661,-4.256780847
543,19,-5.699128983,-4.256832542
544,19,-5.669358305,-4.256884237
545,19,-5.639587627,-4.256935932
546,19,-5.609816949,-4.256987627
547,19,-5.580046271,-4.257039322
548,19,-5.550275593,-4.257091017
549,19,-5.520504915,-4.257142712
550,19,-5.490734237,-4.257194407
551,19,-5.460963559,-4.257246102
552,19,-5.431192881,-4.257297797
553,19,-5.401422203,-4.257349492
554,19,-5.371651525,-4.257401186
555,19,-5.341880847,-4.257452881
556,19,-5.312110169,-4.257504576
557,19,-5.282339492,-4.257556271
558,19,-5.252568814,-4.257607966
559,19,-5.222798136,-4.257659661
560,19,-5.193027458,-4.257711356
561,19,-5.16325678,-4.257763051
562,19,-5.133486102,-4.257814746
563,19,-5.103715424,-4.257866441
564,19,-5.073944746,-4.257918136
565,19,-5.044174068,-4.257969831
566,19,-5.01440339,-4.258021525
567,19,-4.984632712,-4.25807322
568,19,-4.954862034,-4.258124915
569,19,-4.925091356,-4.25817661
570,19,-4.895320678,-4.258228305
571,19,-4.86555,-4.25828
572,19,-4.8326816,-4.2559984
573,19,-4.7998132,-4.2537168
574,19,-4.7669448,-4.2514352
575,19,-4.7340764,-4.2491536
576,19,-4.701208,-4.246872
577,19,-4.6683396,-4.2445904
578,19,-4.6354712,-4.2423088
579,19,-4.6026028,-4.2400272
580,19,-4.5697344,-4.2377456
581,19,-4.536866,-4.235464
582,19,-4.5039976,-4.2331824
583,19,-4.4711292,-4.2309008
584,19,-4.4382608,-4.2286192
585,19,-4.4053924,-4.2263376
586,19,-4.372524,-4.224056
587,19,-4.3396556,-4.2217744
588,19,-4.3067872,-4.2194928
589,19,-4.2739188,-4.2172112
590,19,-4.2410504,-4.2149296
591,19,-4.208182,-4.212648
592,19,-4.1753136,-4.2103664
593,19,-4.1424452,-4.2080848
594,19,-4.1095768,-4.2058032
595,19,-4.0767084,-4.2035216
596,19,-4.04384,-4.20124
597,19,-4.0109716,-4.1989584
598,19,-3.9781032,-4.1966768
599,19,-3.9452348,-4.1943952
600,19,-3.9123664,-4.1921136
601,19,-3.879498,-4.189832
602,19,-3.8466296,-4.1875504
603,19,-3.8137612,-4.1852688
604,19,-3.7808928,-4.1829872
605,19,-3.7480244,-4.1807056
606,19,-3.715156,-4.178424
607,19,-3.6822876,-4.1761424
608,19,-3.6494192,-4.1738608
609,19,-3.6165508,-4.1715792
610,19,-3.5836824,-4.1692976
611,19,-3.550814,-4.167016
612,19,-3.5179456,-4.1647344
613,19,-3.4850772,-4.1624528
614,19,-3.4522088,-4.1601712
615,19,-3.4193404,-4.1578896
616,19,-3.386472,-4.155608
617,19,-3.3536036,-4.1533264
618,19,-3.3207352,-4.1510448
619,19,-3.2878668,-4.1487632
620,19,-3.2549984,-4.1464816
621,19,-3.22213,-4.1442
622,19,-3.1931805,-4.145743
623,19,-3.164231,-4.147286
624,19,-3.1352815,-4.148829
625,19,-3.106332,-4.150372
626,19,-3.0773825,-4.151915
627,19,-3.048433,-4.153458
628,19,-3.0194835,-4.155001
629,19,-2.990534,-4.156544
630,19,-2.9615845,-4.158087
631,19,-2.932635,-4.15963
632,19,-2.9036855,-4.161173
633,19,-2.874736,-4.162716
634,19,-2.8457865,-4.164259
635,19,-2.816837,-4.165802
636,19,-2.7878875,-4.167345
637,19,-2.758938,-4.168888
638,19,-2.7299885,-4.170431
639,19,-2.701039,-4.171974
640,19,-2.6720895,-4.173517
641,19,-2.64314,-4.17506
0,20,-31.9209,-6.8063
1,20,-31.87074848,-6.808468485
2,20,-31.82059697,-6.81063697
3,20,-31.77044545,-6.812805455
4,20,-31.72029394,-6.814973939
5,20,-31.67014242,-6.817142424
6,20,-31.61999091,-6.819310909
7,20,-31.56983939,-6.821479394
8,20,-31.51968788,-6.823647879
9,20,-31.46953636,-6.825816364
10,20,-31.41938485,-6.827984848
11,20,-31.36923333,-6.830153333
12,20,-31.31908182,-6.832321818
13,20,-31.2689303,-6.834490303
14,20,-31.21877879,-6.836658788
15,20,-31.16862727,-6.838827273
16,20,-31.11847576,-6.840995758
17,20,-31.06832424,-6.843164242
18,20,-31.01817273,-6.845332727
19,20,-30.96802121,-6.847501212
20,20,-30.9178697,-6.849669697
21,20,-30.86771818,-6.851838182
22,20,-30.81756667,-6.854006667
23,20,-30.76741515,-6.856175152
24,20,-30.71726364,-6.858343636
25,20,-30.66711212,-6.860512121
26,20,-30.61696061,-6.862680606
27,20,-30.56680909,-6.864849091
28,20,-30.51665758,-6.867017576
29,20,-30.46650606,-6.869186061
30,20,-30.41635455,-6.871354545
31,20,-30.36620303,-6.87352303
32,20,-30.31605152,-6.875691515
33,20,-30.2659,-6.87786
34,20,-30.21574848,-6.880028485
35,20,-30.16559697,-6.88219697
36,20,-30.11544545,-6.884365455
37,20,-30.06529394,-6.886533939
38,20,-30.01514242,-6.888702424
39,20,-29.96499091,-6.890870909
40,20,-29.91483939,-6.893039394
41,20,-29.86468788,-6.895207879
42,20,-29.81453636,-6.897376364
43,20,-29.76438485,-6.899544848
44,20,-29.71423333,-6.901713333
45,20,-29.66408182,-6.903881818
46,20,-29.6139303,-6.906050303
47,20,-29.56377879,-6.908218788
48,20,-29.51362727,-6.910387273
49,20,-29.46347576,-6.912555758
50,20,-29.41332424,-6.914724242
51,20,-29.36317273,-6.916892727
52,20,-29.31302121,-6.919061212
53,20,-29.2628697,-6.921229697
54,20,-29.21271818,-6.923398182
55,20,-29.16256667,-6.925566667
56,20,-29.11241515,-6.927735152
57,20,-29.06226364,-6.929903636
58,20,-29.01211212,-6.932072121
59,20,-28.96196061,-6.934240606
60,20,-28.91180909,-6.936409091
61,20,-28.86165758,-6.938577576
62,20,-28.81150606,-6.940746061
63,20,-28.76135455,-6.942914545
64,20,-28.71120303,-6.94508303
65,20,-28.66105152,-6.947251515
66,20,-28.6109,-6.94942
67,20,-28.56074848,-6.951588485
68,20,-28.51059697,-6.95375697
69,20,-28.46044545,-6.955925455
70,20,-28.41029394,-6.958093939
71,20,-28.36014242,-6.960262424
72,20,-28.30999091,-6.962430909
73,20,-28.25983939,-6.964599394
74,20,-28.20968788,-6.966767879
75,20,-28.15953636,-6.968936364
76,20,-28.10938485,-6.971104848
77,20,-28.05923333,-6.973273333
78,20,-28.00908182,-6.975441818
79,20,-27.9589303,-6.977610303
80,20,-27.90877879,-6.979778788
81,20,-27.85862727,-6.981947273
82,20,-27.80847576,-6.984115758
83,20,-27.75832424,-6.986284242
84,20,-27.70817273,-6.988452727
85,20,-27.65802121,-6.990621212
86,20,-27.6078697,-6.992789697
87,20,-27.55771818,-6.994958182
88,20,-27.50756667,-6.997126667
89,20,-27.45741515,-6.999295152
90,20,-27.40726364,-7.001463636
91,20,-27.35711212,-7.003632121
92,20,-27.30696061,-7.005800606
93,20,-27.25680909,-7.007969091
94,20,-27.20665758,-7.010137576
95,20,-27.15650606,-7.012306061
96,20,-27.10635455,-7.014474545
97,20,-27.05620303,-7.01664303
98,20,-27.00605152,-7.018811515
99,20,-26.9559,-7.02098
100,20,-26.89735862,-7.015668966
101,20,-26.83881724,-7.010357931
102,20,-26.78027586,-7.005046897
103,20,-26.72173448,-6.999735862
104,20,-26.6631931,-6.994424828
105,20,-26.60465172,-6.989113793
106,20,-26.54611034,-6.983802759
107,20,-26.48756897,-6.978491724
108,20,-26.42902759,-6.97318069
109,20,-26.37048621,-6.967869655
110,20,-26.31194483,-6.962558621
111,20,-26.25340345,-6.957247586
112,20,-26.19486207,-6.951936552
113,20,-26.13632069,-6.946625517
114,20,-26.07777931,-6.941314483
115,20,-26.01923793,-6.936003448
116,20,-25.96069655,-6.930692414
117,20,-25.90215517,-6.925381379
118,20,-25.84361379,-6.920070345
119,20,-25.78507241,-6.91475931
120,20,-25.72653103,-6.909448276
121,20,-25.66798966,-6.904137241
122,20,-25.60944828,-6.898826207
123,20,-25.5509069,-6.893515172
124,20,-25.49236552,-6.888204138
125,20,-25.43382414,-6.882893103
126,20,-25.37528276,-6.877582069
127,20,-25.31674138,-6.872271034
128,20,-25.2582,-6.86696
129,20,-25.19965862,-6.861648966
130,20,-25.14111724,-6.856337931
131,20,-25.08257586,-6.851026897
132,20,-25.02403448,-6.845715862
133,20,-24.9654931,-6.840404828
134,20,-24.90695172,-6.835093793
135,20,-24.84841034,-6.829782759
136,20,-24.78986897,-6.824471724
137,20,-24.73132759,-6.81916069
138,20,-24.67278621,-6.813849655
139,20,-24.61424483,-6.808538621
140,20,-24.55570345,-6.803227586
141,20,-24.49716207,-6.797916552
142,20,-24.43862069,-6.792605517
143,20,-24.38007931,-6.787294483
144,20,-24.32153793,-6.781983448
145,20,-24.26299655,-6.776672414
146,20,-24.20445517,-6.771361379
147,20,-24.14591379,-6.766050345
148,20,-24.08737241,-6.76073931
149,20,-24.02883103,-6.755428276
150,20,-23.97028966,-6.750117241
151,20,-23.91174828,-6.744806207
152,20,-23.8532069,-6.739495172
153,20,-23.79466552,-6.734184138
154,20,-23.73612414,-6.728873103
155,20,-23.67758276,-6.723562069
156,20,-23.61904138,-6.718251034
157,20,-23.5605,-6.71294
158,20,-23.50195862,-6.707628966
159,20,-23.44341724,-6.702317931
160,20,-23.38487586,-6.697006897
161,20,-23.32633448,-6.691695862
162,20,-23.2677931,-6.686384828
163,20,-23.20925172,-6.681073793
164,20,-23.15071034,-6.675762759
165,20,-23.09216897,-6.670451724
166,20,-23.03362759,-6.66514069
167,20,-22.97508621,-6.659829655
168,20,-22.91654483,-6.654518621
169,20,-22.85800345,-6.649207586
170,20,-22.79946207,-6.643896552
171,20,-22.74092069,-6.638585517
172,20,-22.68237931,-6.633274483
173,20,-22.62383793,-6.627963448
174,20,-22.56529655,-6.622652414
175,20,-22.50675517,-6.617341379
176,20,-22.44821379,-6.612030345
177,20,-22.38967241,-6.60671931
178,20,-22.33113103,-6.601408276
179,20,-22.27258966,-6.596097241
180,20,-22.21404828,-6.590786207
181,20,-22.1555069,-6.585475172
182,20,-22.09696552,-6.580164138
183,20,-22.03842414,-6.574853103
184,20,-21.97988276,-6.569542069
185,20,-21.92134138,-6.564231034
186,20,-21.8628,-6.55892
187,20,-21.80627458,-6.548000339
188,20,-21.74974915,-6.537080678
189,20,-21.69322373,-6.526161017
190,20,-21.63669831,-6.515241356
191,20,-21.58017288,-6.504321695
192,20,-21.52364746,-6.493402034
193,20,-21.46712203,-6.482482373
194,20,-21.41059661,-6.471562712
195,20,-21.35407119,-6.460643051
196,20,-21.29754576,-6.44972339
197,20,-21.24102034,-6.438803729
198,20,-21.18449492,-6.427884068
199,20,-21.12796949,-6.416964407
200,20,-21.07144407,-6.406044746
201,20,-21.01491864,-6.395125085
202,20,-20.95839322,-6.384205424
203,20,-20.9018678,-6.373285763
204,20,-20.84534237,-6.362366102
205,20,-20.78881695,-6.351446441
206,20,-20.73229153,-6.34052678
207,20,-20.6757661,-6.329607119
208,20,-20.61924068,-6.318687458
209,20,-20.56271525,-6.307767797
210,20,-20.50618983,-6.296848136
211,20,-20.44966441,-6.285928475
212,20,-20.39313898,-6.275008814
213,20,-20.33661356,-6.264089153
214,20,-20.28008814,-6.253169492
215,20,-20.22356271,-6.242249831
216,20,-20.16703729,-6.231330169
217,20,-20.11051186,-6.220410508
218,20,-20.05398644,-6.209490847
219,20,-19.99746102,-6.198571186
220,20,-19.94093559,-6.187651525
221,20,-19.88441017,-6.176731864
222,20,-19.82788475,-6.165812203
223,20,-19.77135932,-6.154892542
224,20,-19.7148339,-6.143972881
225,20,-19.65830847,-6.13305322
226,20,-19.60178305,-6.122133559
227,20,-19.54525763,-6.111213898
228,20,-19.4887322,-6.100294237
229,20,-19.43220678,-6.089374576
230,20,-19.37568136,-6.078454915
231,20,-19.31915593,-6.067535254
232,20,-19.26263051,-6.056615593
233,20,-19.20610508,-6.045695932
234,20,-19.14957966,-6.034776271
235,20,-19.09305424,-6.02385661
236,20,-19.03652881,-6.012936949
237,20,-18.98000339,-6.002017288
238,20,-18.92347797,-5.991097627
239,20,-18.86695254,-5.980177966
240,20,-18.81042712,-5.969258305
241,20,-18.75390169,-5.958338644
242,20,-18.69737627,-5.947418983
243,20,-18.64085085,-5.936499322
244,20,-18.58432542,-5.925579661
245,20,-18.5278,-5.91466
246,20,-18.5408321,-5.908505679
247,20,-18.5538642,-5.902351358
248,20,-18.5668963,-5.896197037
249,20,-18.5799284,-5.890042716
250,20,-18.59296049,-5.883888395
251,20,-18.60599259,-5.877734074
252,20,-18.61902469,-5.871579753
253,20,-18.63205679,-5.865425432
254,20,-18.64508889,-5.859271111
255,20,-18.65812099,-5.85311679
256,20,-18.67115309,-5.846962469
257,20,-18.68418519,-5.840808148
258,20,-18.69721728,-5.834653827
259,20,-18.71024938,-5.828499506
260,20,-18.72328148,-5.822345185
261,20,-18.73631358,-5.816190864
262,20,-18.74934568,-5.810036543
263,20,-18.76237778,-5.803882222
264,20,-18.77540988,-5.797727901
265,20,-18.78844198,-5.79157358
266,20,-18.80147407,-5.785419259
267,20,-18.81450617,-5.779264938
268,20,-18.82753827,-5.773110617
269,20,-18.84057037,-5.766956296
270,20,-18.85360247,-5.760801975
271,20,-18.86663457,-5.754647654
272,20,-18.87966667,-5.748493333
273,20,-18.89269877,-5.742339012
274,20,-18.90573086,-5.736184691
275,20,-18.91876296,-5.73003037
276,20,-18.93179506,-5.723876049
277,20,-18.94482716,-5.717721728
278,20,-18.95785926,-5.711567407
279,20,-18.97089136,-5.705413086
280,20,-18.98392346,-5.699258765
281,20,-18.99695556,-5.693104444
282,20,-19.00998765,-5.686950123
283,20,-19.02301975,-5.680795802
284,20,-19.03605185,-5.674641481
285,20,-19.04908395,-5.66848716
286,20,-19.06211605,-5.66233284
287,20,-19.07514815,-5.656178519
288,20,-19.08818025,-5.650024198
289,20,-19.10121235,-5.643869877
290,20,-19.11424444,-5.637715556
291,20,-19.12727654,-5.631561235
292,20,-19.14030864,-5.625406914
293,20,-19.15334074,-5.619252593
294,20,-19.16637284,-5.613098272
295,20,-19.17940494,-5.606943951
296,20,-19.19243704,-5.60078963
297,20,-19.20546914,-5.594635309
298,20,-19.21850123,-5.588480988
299,20,-19.23153333,-5.582326667
300,20,-19.24456543,-5.576172346
301,20,-19.25759753,-5.570018025
302,20,-19.27062963,-5.563863704
303,20,-19.28366173,-5.557709383
304,20,-19.29669383,-5.551555062
305,20,-19.30972593,-5.545400741
306,20,-19.32275802,-5.53924642
307,20,-19.33579012,-5.533092099
308,20,-19.34882222,-5.526937778
309,20,-19.36185432,-5.520783457
310,20,-19.37488642,-5.514629136
311,20,-19.38791852,-5.508474815
312,20,-19.40095062,-5.502320494
313,20,-19.41398272,-5.496166173
314,20,-19.42701481,-5.490011852
315,20,-19.44004691,-5.483857531
316,20,-19.45307901,-5.47770321
317,20,-19.46611111,-5.471548889
318,20,-19.47914321,-5.465394568
319,20,-19.49217531,-5.459240247
320,20,-19.50520741,-5.453085926
321,20,-19.51823951,-5.446931605
322,20,-19.5312716,-5.440777284
323,20,-19.5443037,-5.434622963
324,20,-19.5573358,-5.428468642
325,20,-19.5703679,-5.422314321
326,20,-19.5834,-5.41616
327,20,-19.59517419,-5.395626129
328,20,-19.60694839,-5.375092258
329,20,-19.61872258,-5.354558387
330,20,-19.63049677,-5.334024516
331,20,-19.64227097,-5.313490645
332,20,-19.65404516,-5.292956774
333,20,-19.66581935,-5.272422903
334,20,-19.67759355,-5.251889032
335,20,-19.68936774,-5.231355161
336,20,-19.70114194,-5.21082129
337,20,-19.71291613,-5.190287419
338,20,-19.72469032,-5.169753548
339,20,-19.73646452,-5.149219677
340,20,-19.74823871,-5.128685806
341,20,-19.7600129,-5.108151935
342,20,-19.7717871,-5.087618065
343,20,-19.78356129,-5.067084194
344,20,-19.79533548,-5.046550323
345,20,-19.80710968,-5.026016452
346,20,-19.81888387,-5.005482581
347,20,-19.83065806,-4.98494871
348,20,-19.84243226,-4.964414839
349,20,-19.85420645,-4.943880968
350,20,-19.86598065,-4.923347097
351,20,-19.87775484,-4.902813226
352,20,-19.88952903,-4.882279355
353,20,-19.90130323,-4.861745484
354,20,-19.91307742,-4.841211613
355,20,-19.92485161,-4.820677742
356,20,-19.93662581,-4.800143871
357,20,-19.9484,-4.77961
358,20,-19.93999,-4.7608625
359,20,-19.93158,-4.742115
360,20,-19.92317,-4.7233675
361,20,-19.91476,-4.70462
362,20,-19.90635,-4.6858725
363,20,-19.89794,-4.667125
364,20,-19.88953,-4.6483775
365,20,-19.88112,-4.62963
366,20,-19.87271,-4.6108825
367,20,-19.8643,-4.592135
368,20,-19.85589,-4.5733875
369,20,-19.84748,-4.55464
370,20,-19.83907,-4.5358925
371,20,-19.83066,-4.517145
372,20,-19.82225,-4.4983975
373,20,-19.81384,-4.47965
374,20,-19.80543,-4.4609025
375,20,-19.79702,-4.442155
376,20,-19.78861,-4.4234075
377,20,-19.7802,-4.40466
378,20,-19.77179,-4.3859125
379,20,-19.76338,-4.367165
380,20,-19.75497,-4.3484175
381,20,-19.74656,-4.32967
382,20,-19.73815,-4.3109225
383,20,-19.72974,-4.292175
384,20,-19.72133,-4.2734275
385,20,-19.71292,-4.25468
386,20,-19.70451,-4.2359325
387,20,-19.6961,-4.217185
388,20,-19.68769,-4.1984375
389,20,-19.67928,-4.17969
390,20,-19.67087,-4.1609425
391,20,-19.66246,-4.142195
392,20,-19.65405,-4.1234475
393,20,-19.64564,-4.1047
394,20,-19.63723,-4.0859525
395,20,-19.62882,-4.067205
396,20,-19.62041,-4.0484575
397,20,-19.612,-4.02971
398,20,-19.53134516,-3.981151613
399,20,-19.45069032,-3.932593226
400,20,-19.37003548,-3.884034839
401,20,-19.28938065,-3.835476452
402,20,-19.20872581,-3.786918065
403,20,-19.12807097,-3.738359677
404,20,-19.04741613,-3.68980129
405,20,-18.96676129,-3.641242903
406,20,-18.88610645,-3.592684516
407,20,-18.80545161,-3.544126129
408,20,-18.72479677,-3.495567742
409,20,-18.64414194,-3.447009355
410,20,-18.5634871,-3.398450968
411,20,-18.48283226,-3.349892581
412,20,-18.40217742,-3.301334194
413,20,-18.32152258,-3.252775806
414,20,-18.24086774,-3.204217419
415,20,-18.1602129,-3.155659032
416,20,-18.07955806,-3.107100645
417,20,-17.99890323,-3.058542258
418,20,-17.91824839,-3.009983871
419,20,-17.83759355,-2.961425484
420,20,-17.75693871,-2.912867097
421,20,-17.67628387,-2.86430871
422,20,-17.59562903,-2.815750323
423,20,-17.51497419,-2.767191935
424,20,-17.43431935,-2.718633548
425,20,-17.35366452,-2.670075161
426,20,-17.27300968,-2.621516774
427,20,-17.19235484,-2.572958387
428,20,-17.1117,-2.5244
429,20,-17.06654032,-2.519415645
430,20,-17.02138065,-2.51443129
431,20,-16.97622097,-2.509446935
432,20,-16.93106129,-2.504462581
433,20,-16.88590161,-2.499478226
434,20,-16.84074194,-2.494493871
435,20,-16.79558226,-2.489509516
436,20,-16.75042258,-2.484525161
437,20,-16.7052629,-2.479540806
438,20,-16.66010323,-2.474556452
439,20,-16.61494355,-2.469572097
440,20,-16.56978387,-2.464587742
441,20,-16.52462419,-2.459603387
442,20,-16.47946452,-2.454619032
443,20,-16.43430484,-2.449634677
444,20,-16.38914516,-2.444650323
445,20,-16.34398548,-2.439665968
446,20,-16.29882581,-2.434681613
447,20,-16.25366613,-2.429697258
448,20,-16.20850645,-2.424712903
449,20,-16.16334677,-2.419728548
450,20,-16.1181871,-2.414744194
451,20,-16.07302742,-2.409759839
452,20,-16.02786774,-2.404775484
453,20,-15.98270806,-2.399791129
454,20,-15.93754839,-2.394806774
455,20,-15.89238871,-2.389822419
456,20,-15.84722903,-2.384838065
457,20,-15.80206935,-2.37985371
458,20,-15.75690968,-2.374869355
459,20,-15.71175,-2.369885
460,20,-15.66659032,-2.364900645
461,20,-15.62143065,-2.35991629
462,20,-15.57627097,-2.354931935
463,20,-15.53111129,-2.349947581
464,20,-15.48595161,-2.344963226
465,20,-15.44079194,-2.339978871
466,20,-15.39563226,-2.334994516
467,20,-15.35047258,-2.330010161
468,20,-15.3053129,-2.325025806
469,20,-15.26015323,-2.320041452
470,20,-15.21499355,-2.315057097
471,20,-15.16983387,-2.310072742
472,20,-15.12467419,-2.305088387
473,20,-15.07951452,-2.300104032
474,20,-15.03435484,-2.295119677
475,20,-14.98919516,-2.290135323
476,20,-14.94403548,-2.285150968
477,20,-14.89887581,-2.280166613
478,20,-14.85371613,-2.275182258
479,20,-14.80855645,-2.270197903
480,20,-14.76339677,-2.265213548
481,20,-14.7182371,-2.260229194
482,20,-14.67307742,-2.255244839
483,20,-14.62791774,-2.250260484
484,20,-14.58275806,-2.245276129
485,20,-14.53759839,-2.240291774
486,20,-14.49243871,-2.235307419
487,20,-14.44727903,-2.230323065
488,20,-14.40211935,-2.22533871
489,20,-14.35695968,-2.220354355
490,20,-14.3118,-2.21537
491,20,-14.263486,-2.2255726
492,20,-14.215172,-2.2357752
493,20,-14.166858,-2.2459778
494,20,-14.118544,-2.2561804
495,20,-14.07023,-2.266383
496,20,-14.021916,-2.2765856
497,20,-13.973602,-2.2867882
498,20,-13.925288,-2.2969908
499,20,-13.876974,-2.3071934
500,20,-13.82866,-2.317396
501,20,-13.780346,-2.3275986
502,20,-13.732032,-2.3378012
503,20,-13.683718,-2.3480038
504,20,-13.635404,-2.3582064
505,20,-13.58709,-2.368409
506,20,-13.538776,-2.3786116
507,20,-13.490462,-2.3888142
508,20,-13.442148,-2.3990168
509,20,-13.393834,-2.4092194
510,20,-13.34552,-2.419422
511,20,-13.297206,-2.4296246
512,20,-13.248892,-2.4398272
513,20,-13.200578,-2.4500298
514,20,-13.152264,-2.4602324
515,20,-13.10395,-2.470435
516,20,-13.055636,-2.4806376
517,20,-13.007322,-2.4908402
518,20,-12.959008,-2.5010428
519,20,-12.910694,-2.5112454
520,20,-12.86238,-2.521448
521,20,-12.814066,-2.5316506
522,20,-12.765752,-2.5418532
523,20,-12.717438,-2.5520558
524,20,-12.669124,-2.5622584
525,20,-12.62081,-2.572461
526,20,-12.572496,-2.5826636
527,20,-12.524182,-2.5928662
528,20,-12.475868,-2.6030688
529,20,-12.427554,-2.6132714
530,20,-12.37924,-2.623474
531,20,-12.330926,-2.6336766
532,20,-12.282612,-2.6438792
533,20,-12.234298,-2.6540818
534,20,-12.185984,-2.6642844
535,20,-12.13767,-2.674487
536,20,-12.089356,-2.6846896
537,20,-12.041042,-2.6948922
538,20,-11.992728,-2.7050948
539,20,-11.944414,-2.7152974
540,20,-11.8961,-2.7255
541,20,-11.84895806,-2.748958065
542,20,-11.80181613,-2.772416129
543,20,-11.75467419,-2.795874194
544,20,-11.70753226,-2.819332258
545,20,-11.66039032,-2.842790323
546,20,-11.61324839,-2.866248387
547,20,-11.56610645,-2.889706452
548,20,-11.51896452,-2.913164516
549,20,-11.47182258,-2.936622581
550,20,-11.42468065,-2.960080645
551,20,-11.37753871,-2.98353871
552,20,-11.33039677,-3.006996774
553,20,-11.28325484,-3.030454839
554,20,-11.2361129,-3.053912903
555,20,-11.18897097,-3.077370968
556,20,-11.14182903,-3.100829032
557,20,-11.0946871,-3.124287097
558,20,-11.04754516,-3.147745161
559,20,-11.00040323,-3.171203226
560,20,-10.95326129,-3.19466129
561,20,-10.90611935,-3.218119355
562,20,-10.85897742,-3.241577419
563,20,-10.81183548,-3.265035484
564,20,-10.76469355,-3.288493548
565,20,-10.71755161,-3.311951613
566,20,-10.67040968,-3.335409677
567,20,-10.62326774,-3.358867742
568,20,-10.57612581,-3.382325806
569,20,-10.52898387,-3.405783871
570,20,-10.48184194,-3.429241935
571,20,-10.4347,-3.4527
572,20,-10.3975675,-3.477014
573,20,-10.360435,-3.501328
574,20,-10.3233025,-3.525642
575,20,-10.28617,-3.549956
576,20,-10.2490375,-3.57427
577,20,-10.211905,-3.598584
578,20,-10.1747725,-3.622898
579,20,-10.13764,-3.647212
580,20,-10.1005075,-3.671526
581,20,-10.063375,-3.69584
582,20,-10.0262425,-3.720154
583,20,-9.98911,-3.744468
584,20,-9.9519775,-3.768782
585,20,-9.914845,-3.793096
586,20,-9.8777125,-3.81741
587,20,-9.84058,-3.841724
588,20,-9.8034475,-3.866038
589,20,-9.766315,-3.890352
590,20,-9.7291825,-3.914666
591,20,-9.69205,-3.93898
592,20,-9.6549175,-3.963294
593,20,-9.617785,-3.987608
594,20,-9.5806525,-4.011922
595,20,-9.54352,-4.036236
596,20,-9.5063875,-4.06055
597,20,-9.469255,-4.084864
598,20,-9.4321225,-4.109178
599,20,-9.39499,-4.133492
600,20,-9.3578575,-4.157806
601,20,-9.320725,-4.18212
602,20,-9.2835925,-4.206434
603,20,-9.24646,-4.230748
604,20,-9.2093275,-4.255062
605,20,-9.172195,-4.279376
606,20,-9.1350625,-4.30369
607,20,-9.09793,-4.328004
608,20,-9.0607975,-4.352318
609,20,-9.023665,-4.376632
610,20,-8.9865325,-4.400946
611,20,-8.9494,-4.42526
612,20,-8.908705,-4.439951786
613,20,-8.86801,-4.454643571
614,20,-8.827315,-4.469335357
615,20,-8.78662,-4.484027143
616,20,-8.745925,-4.498718929
617,20,-8.70523,-4.513410714
618,20,-8.664535,-4.5281025
619,20,-8.62384,-4.542794286
620,20,-8.583145,-4.557486071
621,20,-8.54245,-4.572177857
622,20,-8.501755,-4.586869643
623,20,-8.46106,-4.601561429
624,20,-8.420365,-4.616253214
625,20,-8.37967,-4.630945
626,20,-8.338975,-4.645636786
627,20,-8.29828,-4.660328571
628,20,-8.257585,-4.675020357
629,20,-8.21689,-4.689712143
630,20,-8.176195,-4.704403929
631,20,-8.1355,-4.719095714
632,20,-8.094805,-4.7337875
633,20,-8.05411,-4.748479286
634,20,-8.013415,-4.763171071
635,20,-7.97272,-4.777862857
636,20,-7.932025,-4.792554643
637,20,-7.89133,-4.807246429
638,20,-7.850635,-4.821938214
639,20,-7.80994,-4.83663
640,20,-7.758982553,-4.842575319
641,20,-7.708025106,-4.848520638
642,20,-7.65706766,-4.854465957
643,20,-7.606110213,-4.860411277
644,20,-7.555152766,-4.866356596
645,20,-7.504195319,-4.872301915
646,20,-7.453237872,-4.878247234
647,20,-7.402280426,-4.884192553
648,20,-7.351322979,-4.890137872
649,20,-7.300365532,-4.896083191
650,20,-7.249408085,-4.902028511
651,20,-7.198450638,-4.90797383
652,20,-7.147493191,-4.913919149
653,20,-7.096535745,-4.919864468
654,20,-7.045578298,-4.925809787
655,20,-6.994620851,-4.931755106
656,20,-6.943663404,-4.937700426
657,20,-6.892705957,-4.943645745
658,20,-6.841748511,-4.949591064
659,20,-6.790791064,-4.955536383
660,20,-6.739833617,-4.961481702
661,20,-6.68887617,-4.967427021
662,20,-6.637918723,-4.97337234
663,20,-6.586961277,-4.97931766
664,20,-6.53600383,-4.985262979
665,20,-6.485046383,-4.991208298
666,20,-6.434088936,-4.997153617
667,20,-6.383131489,-5.003098936
668,20,-6.332174043,-5.009044255
669,20,-6.281216596,-5.014989574
670,20,-6.230259149,-5.020934894
671,20,-6.179301702,-5.026880213
672,20,-6.128344255,-5.032825532
673,20,-6.077386809,-5.038770851
674,20,-6.026429362,-5.04471617
675,20,-5.975471915,-5.050661489
676,20,-5.924514468,-5.056606809
677,20,-5.873557021,-5.062552128
678,20,-5.822599574,-5.068497447
679,20,-5.771642128,-5.074442766
680,20,-5.720684681,-5.080388085
681,20,-5.669727234,-5.086333404
682,20,-5.618769787,-5.092278723
683,20,-5.56781234,-5.098224043
684,20,-5.516854894,-5.104169362
685,20,-5.465897447,-5.110114681
686,20,-5.41494,-5.11606
687,20,-5.378779118,-5.123755
688,20,-5.342618235,-5.13145
689,20,-5.306457353,-5.139145
690,20,-5.270296471,-5.14684
691,20,-5.234135588,-5.154535
692,20,-5.197974706,-5.16223
693,20,-5.161813824,-5.169925
694,20,-5.125652941,-5.17762
695,20,-5.089492059,-5.185315
696,20,-5.053331176,-5.19301
697,20,-5.017170294,-5.200705
698,20,-4.981009412,-5.2084
699,20,-4.944848529,-5.216095
700,20,-4.908687647,-5.22379
701,20,-4.872526765,-5.231485
702,20,-4.836365882,-5.23918
703,20,-4.800205,-5.246875
704,20,-4.764044118,-5.25457
705,20,-4.727883235,-5.262265
706,20,-4.691722353,-5.26996
707,20,-4.655561471,-5.277655
708,20,-4.619400588,-5.28535
709,20,-4.583239706,-5.293045
710,20,-4.547078824,-5.30074
711,20,-4.510917941,-5.308435
712,20,-4.474757059,-5.31613
713,20,-4.438596176,-5.323825
714,20,-4.402435294,-5.33152
715,20,-4.366274412,-5.339215
716,20,-4.330113529,-5.34691
717,20,-4.293952647,-5.354605
718,20,-4.257791765,-5.3623
719,20,-4.221630882,-5.369995
720,20,-4.18547,-5.37769
721,20,-4.148488462,-5.380373077
722,20,-4.111506923,-5.383056154
723,20,-4.074525385,-5.385739231
724,20,-4.037543846,-5.388422308
725,20,-4.000562308,-5.391105385
726,20,-3.963580769,-5.393788462
727,20,-3.926599231,-5.396471538
728,20,-3.889617692,-5.399154615
729,20,-3.852636154,-5.401837692
730,20,-3.815654615,-5.404520769
731,20,-3.778673077,-5.407203846
732,20,-3.741691538,-5.409886923
733,20,-3.70471,-5.41257
25,21,-34.7712,-6.41614
26,21,-34.65167333,-6.392377333
27,21,-34.53214667,-6.368614667
28,21,-34.41262,-6.344852
29,21,-34.29309333,-6.321089333
30,21,-34.17356667,-6.297326667
31,21,-34.05404,-6.273564
32,21,-33.93451333,-6.249801333
33,21,-33.81498667,-6.226038667
34,21,-33.69546,-6.202276
35,21,-33.57593333,-6.178513333
36,21,-33.45640667,-6.154750667
37,21,-33.33688,-6.130988
38,21,-33.21735333,-6.107225333
39,21,-33.09782667,-6.083462667
40,21,-32.9783,-6.0597
41,21,-32.93143729,-6.063128814
42,21,-32.88457458,-6.066557627
43,21,-32.83771186,-6.069986441
44,21,-32.79084915,-6.073415254
45,21,-32.74398644,-6.076844068
46,21,-32.69712373,-6.080272881
47,21,-32.65026102,-6.083701695
48,21,-32.60339831,-6.087130508
49,21,-32.55653559,-6.090559322
50,21,-32.50967288,-6.093988136
51,21,-32.46281017,-6.097416949
52,21,-32.41594746,-6.100845763
53,21,-32.36908475,-6.104274576
54,21,-32.32222203,-6.10770339
55,21,-32.27535932,-6.111132203
56,21,-32.22849661,-6.114561017
57,21,-32.1816339,-6.117989831
58,21,-32.13477119,-6.121418644
59,21,-32.08790847,-6.124847458
60,21,-32.04104576,-6.128276271
61,21,-31.99418305,-6.131705085
62,21,-31.94732034,-6.135133898
63,21,-31.90045763,-6.138562712
64,21,-31.85359492,-6.141991525
65,21,-31.8067322,-6.145420339
66,21,-31.75986949,-6.148849153
67,21,-31.71300678,-6.152277966
68,21,-31.66614407,-6.15570678
69,21,-31.61928136,-6.159135593
70,21,-31.57241864,-6.162564407
71,21,-31.52555593,-6.16599322
72,21,-31.47869322,-6.169422034
73,21,-31.43183051,-6.172850847
74,21,-31.3849678,-6.176279661
75,21,-31.33810508,-6.179708475
76,21,-31.29124237,-6.183137288
77,21,-31.24437966,-6.186566102
78,21,-31.19751695,-6.189994915
79,21,-31.15065424,-6.193423729
80,21,-31.10379153,-6.196852542
81,21,-31.05692881,-6.200281356
82,21,-31.0100661,-6.203710169
83,21,-30.96320339,-6.207138983
84,21,-30.91634068,-6.210567797
85,21,-30.86947797,-6.21399661
86,21,-30.82261525,-6.217425424
87,21,-30.77575254,-6.220854237
88,21,-30.72888983,-6.224283051
89,21,-30.68202712,-6.227711864
90,21,-30.63516441,-6.231140678
91,21,-30.58830169,-6.234569492
92,21,-30.54143898,-6.237998305
93,21,-30.49457627,-6.241427119
94,21,-30.44771356,-6.244855932
95,21,-30.40085085,-6.248284746
96,21,-30.35398814,-6.251713559
97,21,-30.30712542,-6.255142373
98,21,-30.26026271,-6.258571186
99,21,-30.2134,-6.262
100,21,-30.13630923,-6.260990154
101,21,-30.05921846,-6.259980308
102,21,-29.98212769,-6.258970462
103,21,-29.90503692,-6.257960615
104,21,-29.82794615,-6.256950769
105,21,-29.75085538,-6.255940923
106,21,-29.67376462,-6.254931077
107,21,-29.59667385,-6.253921231
108,21,-29.51958308,-6.252911385
109,21,-29.44249231,-6.251901538
110,21,-29.36540154,-6.250891692
111,21,-29.28831077,-6.249881846
112,21,-29.21122,-6.248872
113,21,-29.13412923,-6.247862154
114,21,-29.05703846,-6.246852308
115,21,-28.97994769,-6.245842462
116,21,-28.90285692,-6.244832615
117,21,-28.82576615,-6.243822769
118,21,-28.74867538,-6.242812923
119,21,-28.67158462,-6.241803077
120,21,-28.59449385,-6.240793231
121,21,-28.51740308,-6.239783385
122,21,-28.44031231,-6.238773538
123,21,-28.36322154,-6.237763692
124,21,-28.28613077,-6.236753846
125,21,-28.20904,-6.235744
126,21,-28.13194923,-6.234734154
127,21,-28.05485846,-6.233724308
128,21,-27.97776769,-6.232714462
129,21,-27.90067692,-6.231704615
130,21,-27.82358615,-6.230694769
131,21,-27.74649538,-6.229684923
132,21,-27.66940462,-6.228675077
133,21,-27.59231385,-6.227665231
134,21,-27.51522308,-6.226655385
135,21,-27.43813231,-6.225645538
136,21,-27.36104154,-6.224635692
137,21,-27.28395077,-6.223625846
138,21,-27.20686,-6.222616
139,21,-27.12976923,-6.221606154
140,21,-27.05267846,-6.220596308
141,21,-26.97558769,-6.219586462
142,21,-26.89849692,-6.218576615
143,21,-26.82140615,-6.217566769
144,21,-26.74431538,-6.216556923
145,21,-26.66722462,-6.215547077
146,21,-26.59013385,-6.214537231
147,21,-26.51304308,-6.213527385
148,21,-26.43595231,-6.212517538
149,21,-26.35886154,-6.211507692
150,21,-26.28177077,-6.210497846
151,21,-26.20468,-6.209488
152,21,-26.12758923,-6.208478154
153,21,-26.05049846,-6.207468308
154,21,-25.97340769,-6.206458462
155,21,-25.89631692,-6.205448615
156,21,-25.81922615,-6.204438769
157,21,-25.74213538,-6.203428923
158,21,-25.66504462,-6.202419077
159,21,-25.58795385,-6.201409231
160,21,-25.51086308,-6.200399385
161,21,-25.43377231,-6.199389538
162,21,-25.35668154,-6.198379692
163,21,-25.27959077,-6.197369846
164,21,-25.2025,-6.19636
165,21,-25.168284,-6.1994102
166,21,-25.134068,-6.2024604
167,21,-25.099852,-6.2055106
168,21,-25.065636,-6.2085608
169,21,-25.03142,-6.211611
170,21,-24.997204,-6.2146612
171,21,-24.962988,-6.2177114
172,21,-24.928772,-6.2207616
173,21,-24.894556,-6.2238118
174,21,-24.86034,-6.226862
175,21,-24.826124,-6.2299122
176,21,-24.791908,-6.2329624
177,21,-24.757692,-6.2360126
178,21,-24.723476,-6.2390628
179,21,-24.68926,-6.242113
180,21,-24.655044,-6.2451632
181,21,-24.620828,-6.2482134
182,21,-24.586612,-6.2512636
183,21,-24.552396,-6.2543138
184,21,-24.51818,-6.257364
185,21,-24.483964,-6.2604142
186,21,-24.449748,-6.2634644
187,21,-24.415532,-6.2665146
188,21,-24.381316,-6.2695648
189,21,-24.3471,-6.272615
190,21,-24.312884,-6.2756652
191,21,-24.278668,-6.2787154
192,21,-24.244452,-6.2817656
193,21,-24.210236,-6.2848158
194,21,-24.17602,-6.287866
195,21,-24.141804,-6.2909162
196,21,-24.107588,-6.2939664
197,21,-24.073372,-6.2970166
198,21,-24.039156,-6.3000668
199,21,-24.00494,-6.303117
200,21,-23.970724,-6.3061672
201,21,-23.936508,-6.3092174
202,21,-23.902292,-6.3122676
203,21,-23.868076,-6.3153178
204,21,-23.83386,-6.318368
205,21,-23.799644,-6.3214182
206,21,-23.765428,-6.3244684
207,21,-23.731212,-6.3275186
208,21,-23.696996,-6.3305688
209,21,-23.66278,-6.333619
210,21,-23.628564,-6.3366692
211,21,-23.594348,-6.3397194
212,21,-23.560132,-6.3427696
213,21,-23.525916,-6.3458198
214,21,-23.4917,-6.34887
215,21,-23.51041136,-6.327536364
216,21,-23.52912273,-6.306202727
217,21,-23.54783409,-6.284869091
218,21,-23.56654545,-6.263535455
219,21,-23.58525682,-6.242201818
220,21,-23.60396818,-6.220868182
221,21,-23.62267955,-6.199534545
222,21,-23.64139091,-6.178200909
223,21,-23.66010227,-6.156867273
224,21,-23.67881364,-6.135533636
225,21,-23.697525,-6.1142
226,21,-23.71623636,-6.092866364
227,21,-23.73494773,-6.071532727
228,21,-23.75365909,-6.050199091
229,21,-23.77237045,-6.028865455
230,21,-23.79108182,-6.007531818
231,21,-23.80979318,-5.986198182
232,21,-23.82850455,-5.964864545
233,21,-23.84721591,-5.943530909
234,21,-23.86592727,-5.922197273
235,21,-23.88463864,-5.900863636
236,21,-23.90335,-5.87953
237,21,-23.92206136,-5.858196364
238,21,-23.94077273,-5.836862727
239,21,-23.95948409,-5.815529091
240,21,-23.97819545,-5.794195455
241,21,-23.99690682,-5.772861818
242,21,-24.01561818,-5.751528182
243,21,-24.03432955,-5.730194545
244,21,-24.05304091,-5.708860909
245,21,-24.07175227,-5.687527273
246,21,-24.09046364,-5.666193636
247,21,-24.109175,-5.64486
248,21,-24.12788636,-5.623526364
249,21,-24.14659773,-5.602192727
250,21,-24.16530909,-5.580859091
251,21,-24.18402045,-5.559525455
252,21,-24.20273182,-5.538191818
253,21,-24.22144318,-5.516858182
254,21,-24.24015455,-5.495524545
255,21,-24.25886591,-5.474190909
256,21,-24.27757727,-5.452857273
257,21,-24.29628864,-5.431523636
258,21,-24.315,-5.41019
259,21,-24.32439643,-5.399477143
260,21,-24.33379286,-5.388764286
261,21,-24.34318929,-5.378051429
262,21,-24.35258571,-5.367338571
263,21,-24.36198214,-5.356625714
264,21,-24.37137857,-5.345912857
265,21,-24.380775,-5.3352
266,21,-24.39017143,-5.324487143
267,21,-24.39956786,-5.313774286
268,21,-24.40896429,-5.303061429
269,21,-24.41836071,-5.292348571
270,21,-24.42775714,-5.281635714
271,21,-24.43715357,-5.270922857
272,21,-24.44655,-5.26021
273,21,-24.45594643,-5.249497143
274,21,-24.46534286,-5.238784286
275,21,-24.47473929,-5.228071429
276,21,-24.48413571,-5.217358571
277,21,-24.49353214,-5.206645714
278,21,-24.50292857,-5.195932857
279,21,-24.512325,-5.18522
280,21,-24.52172143,-5.174507143
281,21,-24.53111786,-5.163794286
282,21,-24.54051429,-5.153081429
283,21,-24.54991071,-5.142368571
284,21,-24.55930714,-5.131655714
285,21,-24.56870357,-5.120942857
286,21,-24.5781,-5.11023
287,21,-24.52928462,-5.108170769
288,21,-24.48046923,-5.106111538
289,21,-24.43165385,-5.104052308
290,21,-24.38283846,-5.101993077
291,21,-24.33402308,-5.099933846
292,21,-24.28520769,-5.097874615
293,21,-24.23639231,-5.095815385
294,21,-24.18757692,-5.093756154
295,21,-24.13876154,-5.091696923
296,21,-24.08994615,-5.089637692
297,21,-24.04113077,-5.087578462
298,21,-23.99231538,-5.085519231
299,21,-23.9435,-5.08346
300,21,-23.89468462,-5.081400769
301,21,-23.84586923,-5.079341538
302,21,-23.79705385,-5.077282308
303,21,-23.74823846,-5.075223077
304,21,-23.69942308,-5.073163846
305,21,-23.65060769,-5.071104615
306,21,-23.60179231,-5.069045385
307,21,-23.55297692,-5.066986154
308,21,-23.50416154,-5.064926923
309,21,-23.45534615,-5.062867692
310,21,-23.40653077,-5.060808462
311,21,-23.35771538,-5.058749231
312,21,-23.3089,-5.05669
313,21,-23.26008462,-5.054630769
314,21,-23.21126923,-5.052571538
315,21,-23.16245385,-5.050512308
316,21,-23.11363846,-5.048453077
317,21,-23.06482308,-5.046393846
318,21,-23.01600769,-5.044334615
319,21,-22.96719231,-5.042275385
320,21,-22.91837692,-5.040216154
321,21,-22.86956154,-5.038156923
322,21,-22.82074615,-5.036097692
323,21,-22.77193077,-5.034038462
324,21,-22.72311538,-5.031979231
325,21,-22.6743,-5.02992
326,21,-22.62548462,-5.027860769
327,21,-22.57666923,-5.025801538
328,21,-22.52785385,-5.023742308
329,21,-22.47903846,-5.021683077
330,21,-22.43022308,-5.019623846
331,21,-22.38140769,-5.017564615
332,21,-22.33259231,-5.015505385
333,21,-22.28377692,-5.013446154
334,21,-22.23496154,-5.011386923
335,21,-22.18614615,-5.009327692
336,21,-22.13733077,-5.007268462
337,21,-22.08851538,-5.005209231
338,21,-22.0397,-5.00315
339,21,-21.9754,-4.982656429
340,21,-21.9111,-4.962162857
341,21,-21.8468,-4.941669286
342,21,-21.7825,-4.921175714
343,21,-21.7182,-4.900682143
344,21,-21.6539,-4.880188571
345,21,-21.5896,-4.859695
346,21,-21.5253,-4.839201429
347,21,-21.461,-4.818707857
348,21,-21.3967,-4.798214286
349,21,-21.3324,-4.777720714
350,21,-21.2681,-4.757227143
351,21,-21.2038,-4.736733571
352,21,-21.1395,-4.71624
353,21,-21.0752,-4.695746429
354,21,-21.0109,-4.675252857
355,21,-20.9466,-4.654759286
356,21,-20.8823,-4.634265714
357,21,-20.818,-4.613772143
358,21,-20.7537,-4.593278571
359,21,-20.6894,-4.572785
360,21,-20.6251,-4.552291429
361,21,-20.5608,-4.531797857
362,21,-20.4965,-4.511304286
363,21,-20.4322,-4.490810714
364,21,-20.3679,-4.470317143
365,21,-20.3036,-4.449823571
366,21,-20.2393,-4.42933
367,21,-20.22819355,-4.405325484
368,21,-20.2170871,-4.381320968
369,21,-20.20598065,-4.357316452
370,21,-20.19487419,-4.333311935
371,21,-20.18376774,-4.309307419
372,21,-20.17266129,-4.285302903
373,21,-20.16155484,-4.261298387
374,21,-20.15044839,-4.237293871
375,21,-20.13934194,-4.213289355
376,21,-20.12823548,-4.189284839
377,21,-20.11712903,-4.165280323
378,21,-20.10602258,-4.141275806
379,21,-20.09491613,-4.11727129
380,21,-20.08380968,-4.093266774
381,21,-20.07270323,-4.069262258
382,21,-20.06159677,-4.045257742
383,21,-20.05049032,-4.021253226
384,21,-20.03938387,-3.99724871
385,21,-20.02827742,-3.973244194
386,21,-20.01717097,-3.949239677
387,21,-20.00606452,-3.925235161
388,21,-19.99495806,-3.901230645
389,21,-19.98385161,-3.877226129
390,21,-19.97274516,-3.853221613
391,21,-19.96163871,-3.829217097
392,21,-19.95053226,-3.805212581
393,21,-19.93942581,-3.781208065
394,21,-19.92831935,-3.757203548
395,21,-19.9172129,-3.733199032
396,21,-19.90610645,-3.709194516
397,21,-19.895,-3.68519
398,21,-19.8512871,-3.691528065
399,21,-19.80757419,-3.697866129
400,21,-19.76386129,-3.704204194
401,21,-19.72014839,-3.710542258
402,21,-19.67643548,-3.716880323
403,21,-19.63272258,-3.723218387
404,21,-19.58900968,-3.729556452
405,21,-19.54529677,-3.735894516
406,21,-19.50158387,-3.742232581
407,21,-19.45787097,-3.748570645
408,21,-19.41415806,-3.75490871
409,21,-19.37044516,-3.761246774
410,21,-19.32673226,-3.767584839
411,21,-19.28301935,-3.773922903
412,21,-19.23930645,-3.780260968
413,21,-19.19559355,-3.786599032
414,21,-19.15188065,-3.792937097
415,21,-19.10816774,-3.799275161
416,21,-19.06445484,-3.805613226
417,21,-19.02074194,-3.81195129
418,21,-18.97702903,-3.818289355
419,21,-18.93331613,-3.824627419
420,21,-18.88960323,-3.830965484
421,21,-18.84589032,-3.837303548
422,21,-18.80217742,-3.843641613
423,21,-18.75846452,-3.849979677
424,21,-18.71475161,-3.856317742
425,21,-18.67103871,-3.862655806
426,21,-18.62732581,-3.868993871
427,21,-18.5836129,-3.875331935
428,21,-18.5399,-3.88167
429,21,-18.46832857,-3.882452857
430,21,-18.39675714,-3.883235714
431,21,-18.32518571,-3.884018571
432,21,-18.25361429,-3.884801429
433,21,-18.18204286,-3.885584286
434,21,-18.11047143,-3.886367143
435,21,-18.0389,-3.88715
436,21,-17.96732857,-3.887932857
437,21,-17.89575714,-3.888715714
438,21,-17.82418571,-3.889498571
439,21,-17.75261429,-3.890281429
440,21,-17.68104286,-3.891064286
441,21,-17.60947143,-3.891847143
442,21,-17.5379,-3.89263
443,21,-17.46632857,-3.893412857
444,21,-17.39475714,-3.894195714
445,21,-17.32318571,-3.894978571
446,21,-17.25161429,-3.895761429
447,21,-17.18004286,-3.896544286
448,21,-17.10847143,-3.897327143
449,21,-17.0369,-3.89811
450,21,-16.96532857,-3.898892857
451,21,-16.89375714,-3.899675714
452,21,-16.82218571,-3.900458571
453,21,-16.75061429,-3.901241429
454,21,-16.67904286,-3.902024286
455,21,-16.60747143,-3.902807143
456,21,-16.5359,-3.90359
457,21,-16.46432857,-3.904372857
458,21,-16.39275714,-3.905155714
459,21,-16.32118571,-3.905938571
460,21,-16.24961429,-3.906721429
461,21,-16.17804286,-3.907504286
462,21,-16.10647143,-3.908287143
463,21,-16.0349,-3.90907
464,21,-15.96332857,-3.909852857
465,21,-15.89175714,-3.910635714
466,21,-15.82018571,-3.911418571
467,21,-15.74861429,-3.912201429
468,21,-15.67704286,-3.912984286
469,21,-15.60547143,-3.913767143
470,21,-15.5339,-3.91455
471,21,-15.46232857,-3.915332857
472,21,-15.39075714,-3.916115714
473,21,-15.31918571,-3.916898571
474,21,-15.24761429,-3.917681429
475,21,-15.17604286,-3.918464286
476,21,-15.10447143,-3.919247143
477,21,-15.0329,-3.92003
478,21,-14.96132857,-3.920812857
479,21,-14.88975714,-3.921595714
480,21,-14.81818571,-3.922378571
481,21,-14.74661429,-3.923161429
482,21,-14.67504286,-3.923944286
483,21,-14.60347143,-3.924727143
484,21,-14.5319,-3.92551
485,21,-14.473372,-3.924913
486,21,-14.414844,-3.924316
487,21,-14.356316,-3.923719
488,21,-14.297788,-3.923122
489,21,-14.23926,-3.922525
490,21,-14.180732,-3.921928
491,21,-14.122204,-3.921331
492,21,-14.063676,-3.920734
493,21,-14.005148,-3.920137
494,21,-13.94662,-3.91954
495,21,-13.888092,-3.918943
496,21,-13.829564,-3.918346
497,21,-13.771036,-3.917749
498,21,-13.712508,-3.917152
499,21,-13.65398,-3.916555
500,21,-13.595452,-3.915958
501,21,-13.536924,-3.915361
502,21,-13.478396,-3.914764
503,21,-13.419868,-3.914167
504,21,-13.36134,-3.91357
505,21,-13.302812,-3.912973
506,21,-13.244284,-3.912376
507,21,-13.185756,-3.911779
508,21,-13.127228,-3.911182
509,21,-13.0687,-3.910585
510,21,-13.010172,-3.909988
511,21,-12.951644,-3.909391
512,21,-12.893116,-3.908794
513,21,-12.834588,-3.908197
514,21,-12.77606,-3.9076
515,21,-12.717532,-3.907003
516,21,-12.659004,-3.906406
517,21,-12.600476,-3.905809
518,21,-12.541948,-3.905212
519,21,-12.48342,-3.904615
520,21,-12.424892,-3.904018
521,21,-12.366364,-3.903421
522,21,-12.307836,-3.902824
523,21,-12.249308,-3.902227
524,21,-12.19078,-3.90163
525,21,-12.132252,-3.901033
526,21,-12.073724,-3.900436
527,21,-12.015196,-3.899839
528,21,-11.956668,-3.899242
529,21,-11.89814,-3.898645
530,21,-11.839612,-3.898048
531,21,-11.781084,-3.897451
532,21,-11.722556,-3.896854
533,21,-11.664028,-3.896257
534,21,-11.6055,-3.89566
535,21,-11.54872189,-3.89694027
536,21,-11.49194378,-3.898220541
537,21,-11.43516568,-3.899500811
538,21,-11.37838757,-3.900781081
539,21,-11.32160946,-3.902061351
540,21,-11.26483135,-3.903341622
541,21,-11.20805324,-3.904621892
542,21,-11.15127514,-3.905902162
543,21,-11.09449703,-3.907182432
544,21,-11.03771892,-3.908462703
545,21,-10.98094081,-3.909742973
546,21,-10.9241627,-3.911023243
547,21,-10.86738459,-3.912303514
548,21,-10.81060649,-3.913583784
549,21,-10.75382838,-3.914864054
550,21,-10.69705027,-3.916144324
551,21,-10.64027216,-3.917424595
552,21,-10.58349405,-3.918704865
553,21,-10.52671595,-3.919985135
554,21,-10.46993784,-3.921265405
555,21,-10.41315973,-3.922545676
556,21,-10.35638162,-3.923825946
557,21,-10.29960351,-3.925106216
558,21,-10.24282541,-3.926386486
559,21,-10.1860473,-3.927666757
560,21,-10.12926919,-3.928947027
561,21,-10.07249108,-3.930227297
562,21,-10.01571297,-3.931507568
563,21,-9.958934865,-3.932787838
564,21,-9.902156757,-3.934068108
565,21,-9.845378649,-3.935348378
566,21,-9.788600541,-3.936628649
567,21,-9.731822432,-3.937908919
568,21,-9.675044324,-3.939189189
569,21,-9.618266216,-3.940469459
570,21,-9.561488108,-3.94174973
571,21,-9.50471,-3.94303
572,21,-9.460950588,-3.948157647
573,21,-9.417191176,-3.953285294
574,21,-9.373431765,-3.958412941
575,21,-9.329672353,-3.963540588
576,21,-9.285912941,-3.968668235
577,21,-9.242153529,-3.973795882
578,21,-9.198394118,-3.978923529
579,21,-9.154634706,-3.984051176
580,21,-9.110875294,-3.989178824
581,21,-9.067115882,-3.994306471
582,21,-9.023356471,-3.999434118
583,21,-8.979597059,-4.004561765
584,21,-8.935837647,-4.009689412
585,21,-8.892078235,-4.014817059
586,21,-8.848318824,-4.019944706
587,21,-8.804559412,-4.025072353
588,21,-8.7608,-4.0302
589,21,-8.717040588,-4.035327647
590,21,-8.673281176,-4.040455294
591,21,-8.629521765,-4.045582941
592,21,-8.585762353,-4.050710588
593,21,-8.542002941,-4.055838235
594,21,-8.498243529,-4.060965882
595,21,-8.454484118,-4.066093529
596,21,-8.410724706,-4.071221176
597,21,-8.366965294,-4.076348824
598,21,-8.323205882,-4.081476471
599,21,-8.279446471,-4.086604118
600,21,-8.235687059,-4.091731765
601,21,-8.191927647,-4.096859412
602,21,-8.148168235,-4.101987059
603,21,-8.104408824,-4.107114706
604,21,-8.060649412,-4.112242353
605,21,-8.01689,-4.11737
606,21,-7.974012128,-4.12214766
607,21,-7.931134255,-4.126925319
608,21,-7.888256383,-4.131702979
609,21,-7.845378511,-4.136480638
610,21,-7.802500638,-4.141258298
611,21,-7.759622766,-4.146035957
612,21,-7.716744894,-4.150813617
613,21,-7.673867021,-4.155591277
614,21,-7.630989149,-4.160368936
615,21,-7.588111277,-4.165146596
616,21,-7.545233404,-4.169924255
617,21,-7.502355532,-4.174701915
618,21,-7.45947766,-4.179479574
619,21,-7.416599787,-4.184257234
620,21,-7.373721915,-4.189034894
621,21,-7.330844043,-4.193812553
622,21,-7.28796617,-4.198590213
623,21,-7.245088298,-4.203367872
624,21,-7.202210426,-4.208145532
625,21,-7.159332553,-4.212923191
626,21,-7.116454681,-4.217700851
627,21,-7.073576809,-4.222478511
628,21,-7.030698936,-4.22725617
629,21,-6.987821064,-4.23203383
630,21,-6.944943191,-4.236811489
631,21,-6.902065319,-4.241589149
632,21,-6.859187447,-4.246366809
633,21,-6.816309574,-4.251144468
634,21,-6.773431702,-4.255922128
635,21,-6.73055383,-4.260699787
636,21,-6.687675957,-4.265477447
637,21,-6.644798085,-4.270255106
638,21,-6.601920213,-4.275032766
639,21,-6.55904234,-4.279810426
640,21,-6.516164468,-4.284588085
641,21,-6.473286596,-4.289365745
642,21,-6.430408723,-4.294143404
643,21,-6.387530851,-4.298921064
644,21,-6.344652979,-4.303698723
645,21,-6.301775106,-4.308476383
646,21,-6.258897234,-4.313254043
647,21,-6.216019362,-4.318031702
648,21,-6.173141489,-4.322809362
649,21,-6.130263617,-4.327587021
650,21,-6.087385745,-4.332364681
651,21,-6.044507872,-4.33714234
652,21,-6.00163,-4.34192
653,21,-5.963933571,-4.348822321
654,21,-5.926237143,-4.355724643
655,21,-5.888540714,-4.362626964
656,21,-5.850844286,-4.369529286
657,21,-5.813147857,-4.376431607
658,21,-5.775451429,-4.383333929
659,21,-5.737755,-4.39023625
660,21,-5.700058571,-4.397138571
661,21,-5.662362143,-4.404040893
662,21,-5.624665714,-4.410943214
663,21,-5.586969286,-4.417845536
664,21,-5.549272857,-4.424747857
665,21,-5.511576429,-4.431650179
666,21,-5.47388,-4.4385525
667,21,-5.436183571,-4.445454821
668,21,-5.398487143,-4.452357143
669,21,-5.360790714,-4.459259464
670,21,-5.323094286,-4.466161786
671,21,-5.285397857,-4.473064107
672,21,-5.247701429,-4.479966429
673,21,-5.210005,-4.48686875
674,21,-5.172308571,-4.493771071
675,21,-5.134612143,-4.500673393
676,21,-5.096915714,-4.507575714
677,21,-5.059219286,-4.514478036
678,21,-5.021522857,-4.521380357
679,21,-4.983826429,-4.528282679
680,21,-4.94613,-4.535185
681,21,-4.908433571,-4.542087321
682,21,-4.870737143,-4.548989643
683,21,-4.833040714,-4.555891964
684,21,-4.795344286,-4.562794286
685,21,-4.757647857,-4.569696607
686,21,-4.719951429,-4.576598929
687,21,-4.682255,-4.58350125
688,21,-4.644558571,-4.590403571
689,21,-4.606862143,-4.597305893
690,21,-4.569165714,-4.604208214
691,21,-4.531469286,-4.611110536
692,21,-4.493772857,-4.618012857
693,21,-4.456076429,-4.624915179
694,21,-4.41838,-4.6318175
695,21,-4.380683571,-4.638719821
696,21,-4.342987143,-4.645622143
697,21,-4.305290714,-4.652524464
698,21,-4.267594286,-4.659426786
699,21,-4.229897857,-4.666329107
700,21,-4.192201429,-4.673231429
701,21,-4.154505,-4.68013375
702,21,-4.116808571,-4.687036071
703,21,-4.079112143,-4.693938393
704,21,-4.041415714,-4.700840714
705,21,-4.003719286,-4.707743036
706,21,-3.966022857,-4.714645357
707,21,-3.928326429,-4.721547679
708,21,-3.89063,-4.72845
709,21,-3.860044643,-4.728712143
710,21,-3.829459286,-4.728974286
711,21,-3.798873929,-4.729236429
712,21,-3.768288571,-4.729498571
713,21,-3.737703214,-4.729760714
714,21,-3.707117857,-4.730022857
715,21,-3.6765325,-4.730285
716,21,-3.645947143,-4.730547143
717,21,-3.615361786,-4.730809286
718,21,-3.584776429,-4.731071429
719,21,-3.554191071,-4.731333571
720,21,-3.523605714,-4.731595714
721,21,-3.493020357,-4.731857857
722,21,-3.462435,-4.73212
723,21,-3.431849643,-4.732382143
724,21,-3.401264286,-4.732644286
725,21,-3.370678929,-4.732906429
726,21,-3.340093571,-4.733168571
727,21,-3.309508214,-4.733430714
728,21,-3.278922857,-4.733692857
729,21,-3.2483375,-4.733955
730,21,-3.217752143,-4.734217143
731,21,-3.187166786,-4.734479286
732,21,-3.156581429,-4.734741429
733,21,-3.125996071,-4.735003571
734,21,-3.095410714,-4.735265714
735,21,-3.064825357,-4.735527857
736,21,-3.03424,-4.73579
0,22,-35.2107,-5.59251
1,22,-35.20374361,-5.591273985
2,22,-35.19678722,-5.59003797
3,22,-35.18983083,-5.588801955
4,22,-35.18287444,-5.58756594
5,22,-35.17591805,-5.586329925
6,22,-35.16896165,-5.58509391
7,22,-35.16200526,-5.583857895
8,22,-35.15504887,-5.58262188
9,22,-35.14809248,-5.581385865
10,22,-35.14113609,-5.58014985
11,22,-35.1341797,-5.578913835
12,22,-35.12722331,-5.57767782
13,22,-35.12026692,-5.576441805
14,22,-35.11331053,-5.575205789
15,22,-35.10635414,-5.573969774
16,22,-35.09939774,-5.572733759
17,22,-35.09244135,-5.571497744
18,22,-35.08548496,-5.570261729
19,22,-35.07852857,-5.569025714
20,22,-35.07157218,-5.567789699
21,22,-35.06461579,-5.566553684
22,22,-35.0576594,-5.565317669
23,22,-35.05070301,-5.564081654
24,22,-35.04374662,-5.562845639
25,22,-35.03679023,-5.561609624
26,22,-35.02983383,-5.560373609
27,22,-35.02287744,-5.559137594
28,22,-35.01592105,-5.557901579
29,22,-35.00896466,-5.556665564
30,22,-35.00200827,-5.555429549
31,22,-34.99505188,-5.554193534
32,22,-34.98809549,-5.552957519
33,22,-34.9811391,-5.551721504
34,22,-34.97418271,-5.550485489
35,22,-34.96722632,-5.549249474
36,22,-34.96026992,-5.548013459
37,22,-34.95331353,-5.546777444
38,22,-34.94635714,-5.545541429
39,22,-34.93940075,-5.544305414
40,22,-34.93244436,-5.543069398
41,22,-34.92548797,-5.541833383
42,22,-34.91853158,-5.540597368
43,22,-34.91157519,-5.539361353
44,22,-34.9046188,-5.538125338
45,22,-34.89766241,-5.536889323
46,22,-34.89070602,-5.535653308
47,22,-34.88374962,-5.534417293
48,22,-34.87679323,-5.533181278
49,22,-34.86983684,-5.531945263
50,22,-34.86288045,-5.530709248
51,22,-34.85592406,-5.529473233
52,22,-34.84896767,-5.528237218
53,22,-34.84201128,-5.527001203
54,22,-34.83505489,-5.525765188
55,22,-34.8280985,-5.524529173
56,22,-34.82114211,-5.523293158
57,22,-34.81418571,-5.522057143
58,22,-34.80722932,-5.520821128
59,22,-34.80027293,-5.519585113
60,22,-34.79331654,-5.518349098
61,22,-34.78636015,-5.517113083
62,22,-34.77940376,-5.515877068
63,22,-34.77244737,-5.514641053
64,22,-34.76549098,-5.513405038
65,22,-34.75853459,-5.512169023
66,22,-34.7515782,-5.510933008
67,22,-34.7446218,-5.509696992
68,22,-34.73766541,-5.508460977
69,22,-34.73070902,-5.507224962
70,22,-34.72375263,-5.505988947
71,22,-34.71679624,-5.504752932
72,22,-34.70983985,-5.503516917
73,22,-34.70288346,-5.502280902
74,22,-34.69592707,-5.501044887
75,22,-34.68897068,-5.499808872
76,22,-34.68201429,-5.498572857
77,22,-34.67505789,-5.497336842
78,22,-34.6681015,-5.496100827
79,22,-34.66114511,-5.494864812
80,22,-34.65418872,-5.493628797
81,22,-34.64723233,-5.492392782
82,22,-34.64027594,-5.491156767
83,22,-34.63331955,-5.489920752
84,22,-34.62636316,-5.488684737
85,22,-34.61940677,-5.487448722
86,22,-34.61245038,-5.486212707
87,22,-34.60549398,-5.484976692
88,22,-34.59853759,-5.483740677
89,22,-34.5915812,-5.482504662
90,22,-34.58462481,-5.481268647
91,22,-34.57766842,-5.480032632
92,22,-34.57071203,-5.478796617
93,22,-34.56375564,-5.477560602
94,22,-34.55679925,-5.476324586
95,22,-34.54984286,-5.475088571
96,22,-34.54288647,-5.473852556
97,22,-34.53593008,-5.472616541
98,22,-34.52897368,-5.471380526
99,22,-34.52201729,-5.470144511
100,22,-34.5150609,-5.468908496
101,22,-34.50810451,-5.467672481
102,22,-34.50114812,-5.466436466
103,22,-34.49419173,-5.465200451
104,22,-34.48723534,-5.463964436
105,22,-34.48027895,-5.462728421
106,22,-34.47332256,-5.461492406
107,22,-34.46636617,-5.460256391
108,22,-34.45940977,-5.459020376
109,22,-34.45245338,-5.457784361
110,22,-34.44549699,-5.456548346
111,22,-34.4385406,-5.455312331
112,22,-34.43158421,-5.454076316
113,22,-34.42462782,-5.452840301
114,22,-34.41767143,-5.451604286
115,22,-34.41071504,-5.450368271
116,22,-34.40375865,-5.449132256
117,22,-34.39680226,-5.447896241
118,22,-34.38984586,-5.446660226
119,22,-34.38288947,-5.445424211
120,22,-34.37593308,-5.444188195
121,22,-34.36897669,-5.44295218
122,22,-34.3620203,-5.441716165
123,22,-34.35506391,-5.44048015
124,22,-34.34810752,-5.439244135
125,22,-34.34115113,-5.43800812
126,22,-34.33419474,-5.436772105
127,22,-34.32723835,-5.43553609
128,22,-34.32028195,-5.434300075
129,22,-34.31332556,-5.43306406
130,22,-34.30636917,-5.431828045
131,22,-34.29941278,-5.43059203
132,22,-34.29245639,-5.429356015
133,22,-34.2855,-5.42812
134,22,-34.26750893,-5.433857679
135,22,-34.24951786,-5.439595357
136,22,-34.23152679,-5.445333036
137,22,-34.21353571,-5.451070714
138,22,-34.19554464,-5.456808393
139,22,-34.17755357,-5.462546071
140,22,-34.1595625,-5.46828375
141,22,-34.14157143,-5.474021429
142,22,-34.12358036,-5.479759107
143,22,-34.10558929,-5.485496786
144,22,-34.08759821,-5.491234464
145,22,-34.06960714,-5.496972143
146,22,-34.05161607,-5.502709821
147,22,-34.033625,-5.5084475
148,22,-34.01563393,-5.514185179
149,22,-33.99764286,-5.519922857
150,22,-33.97965179,-5.525660536
151,22,-33.96166071,-5.531398214
152,22,-33.94366964,-5.537135893
153,22,-33.92567857,-5.542873571
154,22,-33.9076875,-5.54861125
155,22,-33.88969643,-5.554348929
156,22,-33.87170536,-5.560086607
157,22,-33.85371429,-5.565824286
158,22,-33.83572321,-5.571561964
159,22,-33.81773214,-5.577299643
160,22,-33.79974107,-5.583037321
161,22,-33.78175,-5.588775
162,22,-33.76375893,-5.594512679
163,22,-33.74576786,-5.600250357
164,22,-33.72777679,-5.605988036
165,22,-33.70978571,-5.611725714
166,22,-33.69179464,-5.617463393
167,22,-33.67380357,-5.623201071
168,22,-33.6558125,-5.62893875
169,22,-33.63782143,-5.634676429
170,22,-33.61983036,-5.640414107
171,22,-33.60183929,-5.646151786
172,22,-33.58384821,-5.651889464
173,22,-33.56585714,-5.657627143
174,22,-33.54786607,-5.663364821
175,22,-33.529875,-5.6691025
176,22,-33.51188393,-5.674840179
177,22,-33.49389286,-5.680577857
178,22,-33.47590179,-5.686315536
179,22,-33.45791071,-5.692053214
180,22,-33.43991964,-5.697790893
181,22,-33.42192857,-5.703528571
182,22,-33.4039375,-5.70926625
183,22,-33.38594643,-5.715003929
184,22,-33.36795536,-5.720741607
185,22,-33.34996429,-5.726479286
186,22,-33.33197321,-5.732216964
187,22,-33.31398214,-5.737954643
188,22,-33.29599107,-5.743692321
189,22,-33.278,-5.74943
190,22,-33.19199538,-5.739010154
191,22,-33.10599077,-5.728590308
192,22,-33.01998615,-5.718170462
193,22,-32.93398154,-5.707750615
194,22,-32.84797692,-5.697330769
195,22,-32.76197231,-5.686910923
196,22,-32.67596769,-5.676491077
197,22,-32.58996308,-5.666071231
198,22,-32.50395846,-5.655651385
199,22,-32.41795385,-5.645231538
200,22,-32.33194923,-5.634811692
201,22,-32.24594462,-5.624391846
202,22,-32.15994,-5.613972
203,22,-32.07393538,-5.603552154
204,22,-31.98793077,-5.593132308
205,22,-31.90192615,-5.582712462
206,22,-31.81592154,-5.572292615
207,22,-31.72991692,-5.561872769
208,22,-31.64391231,-5.551452923
209,22,-31.55790769,-5.541033077
210,22,-31.47190308,-5.530613231
211,22,-31.38589846,-5.520193385
212,22,-31.29989385,-5.509773538
213,22,-31.21388923,-5.499353692
214,22,-31.12788462,-5.488933846
215,22,-31.04188,-5.478514
216,22,-30.95587538,-5.468094154
217,22,-30.86987077,-5.457674308
218,22,-30.78386615,-5.447254462
219,22,-30.69786154,-5.436834615
220,22,-30.61185692,-5.426414769
221,22,-30.52585231,-5.415994923
222,22,-30.43984769,-5.405575077
223,22,-30.35384308,-5.395155231
224,22,-30.26783846,-5.384735385
225,22,-30.18183385,-5.374315538
226,22,-30.09582923,-5.363895692
227,22,-30.00982462,-5.353475846
228,22,-29.92382,-5.343056
229,22,-29.83781538,-5.332636154
230,22,-29.75181077,-5.322216308
231,22,-29.66580615,-5.311796462
232,22,-29.57980154,-5.301376615
233,22,-29.49379692,-5.290956769
234,22,-29.40779231,-5.280536923
235,22,-29.32178769,-5.270117077
236,22,-29.23578308,-5.259697231
237,22,-29.14977846,-5.249277385
238,22,-29.06377385,-5.238857538
239,22,-28.97776923,-5.228437692
240,22,-28.89176462,-5.218017846
241,22,-28.80576,-5.207598
242,22,-28.71975538,-5.197178154
243,22,-28.63375077,-5.186758308
244,22,-28.54774615,-5.176338462
245,22,-28.46174154,-5.165918615
246,22,-28.37573692,-5.155498769
247,22,-28.28973231,-5.145078923
248,22,-28.20372769,-5.134659077
249,22,-28.11772308,-5.124239231
250,22,-28.03171846,-5.113819385
251,22,-27.94571385,-5.103399538
252,22,-27.85970923,-5.092979692
253,22,-27.77370462,-5.082559846
254,22,-27.6877,-5.07214
255,22,-27.61325972,-5.060379722
256,22,-27.53881944,-5.048619444
257,22,-27.46437917,-5.036859167
258,22,-27.38993889,-5.025098889
259,22,-27.31549861,-5.013338611
260,22,-27.24105833,-5.001578333
261,22,-27.16661806,-4.989818056
262,22,-27.09217778,-4.978057778
263,22,-27.0177375,-4.9662975
264,22,-26.94329722,-4.954537222
265,22,-26.86885694,-4.942776944
266,22,-26.79441667,-4.931016667
267,22,-26.71997639,-4.919256389
268,22,-26.64553611,-4.907496111
269,22,-26.57109583,-4.895735833
270,22,-26.49665556,-4.883975556
271,22,-26.42221528,-4.872215278
272,22,-26.347775,-4.860455
273,22,-26.27333472,-4.848694722
274,22,-26.19889444,-4.836934444
275,22,-26.12445417,-4.825174167
276,22,-26.05001389,-4.813413889
277,22,-25.97557361,-4.801653611
278,22,-25.90113333,-4.789893333
279,22,-25.82669306,-4.778133056
280,22,-25.75225278,-4.766372778
281,22,-25.6778125,-4.7546125
282,22,-25.60337222,-4.742852222
283,22,-25.52893194,-4.731091944
284,22,-25.45449167,-4.719331667
285,22,-25.38005139,-4.707571389
286,22,-25.30561111,-4.695811111
287,22,-25.23117083,-4.684050833
288,22,-25.15673056,-4.672290556
289,22,-25.08229028,-4.660530278
290,22,-25.00785,-4.64877
291,22,-24.93340972,-4.637009722
292,22,-24.85896944,-4.625249444
293,22,-24.78452917,-4.613489167
294,22,-24.71008889,-4.601728889
295,22,-24.63564861,-4.589968611
296,22,-24.56120833,-4.578208333
297,22,-24.48676806,-4.566448056
298,22,-24.41232778,-4.554687778
299,22,-24.3378875,-4.5429275
300,22,-24.26344722,-4.531167222
301,22,-24.18900694,-4.519406944
302,22,-24.11456667,-4.507646667
303,22,-24.04012639,-4.495886389
304,22,-23.96568611,-4.484126111
305,22,-23.89124583,-4.472365833
306,22,-23.81680556,-4.460605556
307,22,-23.74236528,-4.448845278
308,22,-23.667925,-4.437085
309,22,-23.59348472,-4.425324722
310,22,-23.51904444,-4.413564444
311,22,-23.44460417,-4.401804167
312,22,-23.37016389,-4.390043889
313,22,-23.29572361,-4.378283611
314,22,-23.22128333,-4.366523333
315,22,-23.14684306,-4.354763056
316,22,-23.07240278,-4.343002778
317,22,-22.9979625,-4.3312425
318,22,-22.92352222,-4.319482222
319,22,-22.84908194,-4.307721944
320,22,-22.77464167,-4.295961667
321,22,-22.70020139,-4.284201389
322,22,-22.62576111,-4.272441111
323,22,-22.55132083,-4.260680833
324,22,-22.47688056,-4.248920556
325,22,-22.40244028,-4.237160278
326,22,-22.328,-4.2254
327,22,-22.26741389,-4.216951852
328,22,-22.20682778,-4.208503704
329,22,-22.14624167,-4.200055556
330,22,-22.08565556,-4.191607407
331,22,-22.02506944,-4.183159259
332,22,-21.96448333,-4.174711111
333,22,-21.90389722,-4.166262963
334,22,-21.84331111,-4.157814815
335,22,-21.782725,-4.149366667
336,22,-21.72213889,-4.140918519
337,22,-21.66155278,-4.13247037
338,22,-21.60096667,-4.124022222
339,22,-21.54038056,-4.115574074
340,22,-21.47979444,-4.107125926
341,22,-21.41920833,-4.098677778
342,22,-21.35862222,-4.09022963
343,22,-21.29803611,-4.081781481
344,22,-21.23745,-4.073333333
345,22,-21.17686389,-4.064885185
346,22,-21.11627778,-4.056437037
347,22,-21.05569167,-4.047988889
348,22,-20.99510556,-4.039540741
349,22,-20.93451944,-4.031092593
350,22,-20.87393333,-4.022644444
351,22,-20.81334722,-4.014196296
352,22,-20.75276111,-4.005748148
353,22,-20.692175,-3.9973
354,22,-20.63158889,-3.988851852
355,22,-20.57100278,-3.980403704
356,22,-20.51041667,-3.971955556
357,22,-20.44983056,-3.963507407
358,22,-20.38924444,-3.955059259
359,22,-20.32865833,-3.946611111
360,22,-20.26807222,-3.938162963
361,22,-20.20748611,-3.929714815
362,22,-20.1469,-3.921266667
363,22,-20.08631389,-3.912818519
364,22,-20.02572778,-3.90437037
365,22,-19.96514167,-3.895922222
366,22,-19.90455556,-3.887474074
367,22,-19.84396944,-3.879025926
368,22,-19.78338333,-3.870577778
369,22,-19.72279722,-3.86212963
370,22,-19.66221111,-3.853681481
371,22,-19.601625,-3.845233333
372,22,-19.54103889,-3.836785185
373,22,-19.48045278,-3.828337037
374,22,-19.41986667,-3.819888889
375,22,-19.35928056,-3.811440741
376,22,-19.29869444,-3.802992593
377,22,-19.23810833,-3.794544444
378,22,-19.17752222,-3.786096296
379,22,-19.11693611,-3.777648148
380,22,-19.05635,-3.7692
381,22,-18.99576389,-3.760751852
382,22,-18.93517778,-3.752303704
383,22,-18.87459167,-3.743855556
384,22,-18.81400556,-3.735407407
385,22,-18.75341944,-3.726959259
386,22,-18.69283333,-3.718511111
387,22,-18.63224722,-3.710062963
388,22,-18.57166111,-3.701614815
389,22,-18.511075,-3.693166667
390,22,-18.45048889,-3.684718519
391,22,-18.38990278,-3.67627037
392,22,-18.32931667,-3.667822222
393,22,-18.26873056,-3.659374074
394,22,-18.20814444,-3.650925926
395,22,-18.14755833,-3.642477778
396,22,-18.08697222,-3.63402963
397,22,-18.02638611,-3.625581481
398,22,-17.9658,-3.617133333
399,22,-17.90521389,-3.608685185
400,22,-17.84462778,-3.600237037
401,22,-17.78404167,-3.591788889
402,22,-17.72345556,-3.583340741
403,22,-17.66286944,-3.574892593
404,22,-17.60228333,-3.566444444
405,22,-17.54169722,-3.557996296
406,22,-17.48111111,-3.549548148
407,22,-17.420525,-3.5411
408,22,-17.35993889,-3.532651852
409,22,-17.29935278,-3.524203704
410,22,-17.23876667,-3.515755556
411,22,-17.17818056,-3.507307407
412,22,-17.11759444,-3.498859259
413,22,-17.05700833,-3.490411111
414,22,-16.99642222,-3.481962963
415,22,-16.93583611,-3.473514815
416,22,-16.87525,-3.465066667
417,22,-16.81466389,-3.456618519
418,22,-16.75407778,-3.44817037
419,22,-16.69349167,-3.439722222
420,22,-16.63290556,-3.431274074
421,22,-16.57231944,-3.422825926
422,22,-16.51173333,-3.414377778
423,22,-16.45114722,-3.40592963
424,22,-16.39056111,-3.397481481
425,22,-16.329975,-3.389033333
426,22,-16.26938889,-3.380585185
427,22,-16.20880278,-3.372137037
428,22,-16.14821667,-3.363688889
429,22,-16.08763056,-3.355240741
430,22,-16.02704444,-3.346792593
431,22,-15.96645833,-3.338344444
432,22,-15.90587222,-3.329896296
433,22,-15.84528611,-3.321448148
434,22,-15.7847,-3.313
435,22,-15.733125,-3.31057381
436,22,-15.68155,-3.308147619
437,22,-15.629975,-3.305721429
438,22,-15.5784,-3.303295238
439,22,-15.526825,-3.300869048
440,22,-15.47525,-3.298442857
441,22,-15.423675,-3.296016667
442,22,-15.3721,-3.293590476
443,22,-15.320525,-3.291164286
444,22,-15.26895,-3.288738095
445,22,-15.217375,-3.286311905
446,22,-15.1658,-3.283885714
447,22,-15.114225,-3.281459524
448,22,-15.06265,-3.279033333
449,22,-15.011075,-3.276607143
450,22,-14.9595,-3.274180952
451,22,-14.907925,-3.271754762
452,22,-14.85635,-3.269328571
453,22,-14.804775,-3.266902381
454,22,-14.7532,-3.26447619
455,22,-14.701625,-3.26205
456,22,-14.65005,-3.25962381
457,22,-14.598475,-3.257197619
458,22,-14.5469,-3.254771429
459,22,-14.495325,-3.252345238
460,22,-14.44375,-3.249919048
461,22,-14.392175,-3.247492857
462,22,-14.3406,-3.245066667
463,22,-14.289025,-3.242640476
464,22,-14.23745,-3.240214286
465,22,-14.185875,-3.237788095
466,22,-14.1343,-3.235361905
467,22,-14.082725,-3.232935714
468,22,-14.03115,-3.230509524
469,22,-13.979575,-3.228083333
470,22,-13.928,-3.225657143
471,22,-13.876425,-3.223230952
472,22,-13.82485,-3.220804762
473,22,-13.773275,-3.218378571
474,22,-13.7217,-3.215952381
475,22,-13.670125,-3.21352619
476,22,-13.61855,-3.2111
477,22,-13.566975,-3.20867381
478,22,-13.5154,-3.206247619
479,22,-13.463825,-3.203821429
480,22,-13.41225,-3.201395238
481,22,-13.360675,-3.198969048
482,22,-13.3091,-3.196542857
483,22,-13.257525,-3.194116667
484,22,-13.20595,-3.191690476
485,22,-13.154375,-3.189264286
486,22,-13.1028,-3.186838095
487,22,-13.051225,-3.184411905
488,22,-12.99965,-3.181985714
489,22,-12.948075,-3.179559524
490,22,-12.8965,-3.177133333
491,22,-12.844925,-3.174707143
492,22,-12.79335,-3.172280952
493,22,-12.741775,-3.169854762
494,22,-12.6902,-3.167428571
495,22,-12.638625,-3.165002381
496,22,-12.58705,-3.16257619
497,22,-12.535475,-3.16015
498,22,-12.4839,-3.15772381
499,22,-12.432325,-3.155297619
500,22,-12.38075,-3.152871429
501,22,-12.329175,-3.150445238
502,22,-12.2776,-3.148019048
503,22,-12.226025,-3.145592857
504,22,-12.17445,-3.143166667
505,22,-12.122875,-3.140740476
506,22,-12.0713,-3.138314286
507,22,-12.019725,-3.135888095
508,22,-11.96815,-3.133461905
509,22,-11.916575,-3.131035714
510,22,-11.865,-3.128609524
511,22,-11.813425,-3.126183333
512,22,-11.76185,-3.123757143
513,22,-11.710275,-3.121330952
514,22,-11.6587,-3.118904762
515,22,-11.607125,-3.116478571
516,22,-11.55555,-3.114052381
517,22,-11.503975,-3.11162619
518,22,-11.4524,-3.1092
519,22,-11.40439286,-3.106946964
520,22,-11.35638571,-3.104693929
521,22,-11.30837857,-3.102440893
522,22,-11.26037143,-3.100187857
523,22,-11.21236429,-3.097934821
524,22,-11.16435714,-3.095681786
525,22,-11.11635,-3.09342875
526,22,-11.06834286,-3.091175714
527,22,-11.02033571,-3.088922679
528,22,-10.97232857,-3.086669643
529,22,-10.92432143,-3.084416607
530,22,-10.87631429,-3.082163571
531,22,-10.82830714,-3.079910536
532,22,-10.7803,-3.0776575
533,22,-10.73229286,-3.075404464
534,22,-10.68428571,-3.073151429
535,22,-10.63627857,-3.070898393
536,22,-10.58827143,-3.068645357
537,22,-10.54026429,-3.066392321
538,22,-10.49225714,-3.064139286
539,22,-10.44425,-3.06188625
540,22,-10.39624286,-3.059633214
541,22,-10.34823571,-3.057380179
542,22,-10.30022857,-3.055127143
543,22,-10.25222143,-3.052874107
544,22,-10.20421429,-3.050621071
545,22,-10.15620714,-3.048368036
546,22,-10.1082,-3.046115
547,22,-10.06019286,-3.043861964
548,22,-10.01218571,-3.041608929
549,22,-9.964178571,-3.039355893
550,22,-9.916171429,-3.037102857
551,22,-9.868164286,-3.034849821
552,22,-9.820157143,-3.032596786
553,22,-9.77215,-3.03034375
554,22,-9.724142857,-3.028090714
555,22,-9.676135714,-3.025837679
556,22,-9.628128571,-3.023584643
557,22,-9.580121429,-3.021331607
558,22,-9.532114286,-3.019078571
559,22,-9.484107143,-3.016825536
560,22,-9.4361,-3.0145725
561,22,-9.388092857,-3.012319464
562,22,-9.340085714,-3.010066429
563,22,-9.292078571,-3.007813393
564,22,-9.244071429,-3.005560357
565,22,-9.196064286,-3.003307321
566,22,-9.148057143,-3.001054286
567,22,-9.10005,-2.99880125
568,22,-9.052042857,-2.996548214
569,22,-9.004035714,-2.994295179
570,22,-8.956028571,-2.992042143
571,22,-8.908021429,-2.989789107
572,22,-8.860014286,-2.987536071
573,22,-8.812007143,-2.985283036
574,22,-8.764,-2.98303
575,22,-8.723087358,-2.983236604
576,22,-8.682174717,-2.983443208
577,22,-8.641262075,-2.983649811
578,22,-8.600349434,-2.983856415
579,22,-8.559436792,-2.984063019
580,22,-8.518524151,-2.984269623
581,22,-8.477611509,-2.984476226
582,22,-8.436698868,-2.98468283
583,22,-8.395786226,-2.984889434
584,22,-8.354873585,-2.985096038
585,22,-8.313960943,-2.985302642
586,22,-8.273048302,-2.985509245
587,22,-8.23213566,-2.985715849
588,22,-8.191223019,-2.985922453
589,22,-8.150310377,-2.986129057
590,22,-8.109397736,-2.98633566
591,22,-8.068485094,-2.986542264
592,22,-8.027572453,-2.986748868
593,22,-7.986659811,-2.986955472
594,22,-7.94574717,-2.987162075
595,22,-7.904834528,-2.987368679
596,22,-7.863921887,-2.987575283
597,22,-7.823009245,-2.987781887
598,22,-7.782096604,-2.987988491
599,22,-7.741183962,-2.988195094
600,22,-7.700271321,-2.988401698
601,22,-7.659358679,-2.988608302
602,22,-7.618446038,-2.988814906
603,22,-7.577533396,-2.989021509
604,22,-7.536620755,-2.989228113
605,22,-7.495708113,-2.989434717
606,22,-7.454795472,-2.989641321
607,22,-7.41388283,-2.989847925
608,22,-7.372970189,-2.990054528
609,22,-7.332057547,-2.990261132
610,22,-7.291144906,-2.990467736
611,22,-7.250232264,-2.99067434
612,22,-7.209319623,-2.990880943
613,22,-7.168406981,-2.991087547
614,22,-7.12749434,-2.991294151
615,22,-7.086581698,-2.991500755
616,22,-7.045669057,-2.991707358
617,22,-7.004756415,-2.991913962
618,22,-6.963843774,-2.992120566
619,22,-6.922931132,-2.99232717
620,22,-6.882018491,-2.992533774
621,22,-6.841105849,-2.992740377
622,22,-6.800193208,-2.992946981
623,22,-6.759280566,-2.993153585
624,22,-6.718367925,-2.993360189
625,22,-6.677455283,-2.993566792
626,22,-6.636542642,-2.993773396
627,22,-6.59563,-2.99398
628,22,-6.5586114,-2.999959
629,22,-6.5215928,-3.005938
630,22,-6.4845742,-3.011917
631,22,-6.4475556,-3.017896
632,22,-6.410537,-3.023875
633,22,-6.3735184,-3.029854
634,22,-6.3364998,-3.035833
635,22,-6.2994812,-3.041812
636,22,-6.2624626,-3.047791
637,22,-6.225444,-3.05377
638,22,-6.1884254,-3.059749
639,22,-6.1514068,-3.065728
640,22,-6.1143882,-3.071707
641,22,-6.0773696,-3.077686
642,22,-6.040351,-3.083665
643,22,-6.0033324,-3.089644
644,22,-5.9663138,-3.095623
645,22,-5.9292952,-3.101602
646,22,-5.8922766,-3.107581
647,22,-5.855258,-3.11356
648,22,-5.8182394,-3.119539
649,22,-5.7812208,-3.125518
650,22,-5.7442022,-3.131497
651,22,-5.7071836,-3.137476
652,22,-5.670165,-3.143455
653,22,-5.6331464,-3.149434
654,22,-5.5961278,-3.155413
655,22,-5.5591092,-3.161392
656,22,-5.5220906,-3.167371
657,22,-5.485072,-3.17335
658,22,-5.4480534,-3.179329
659,22,-5.4110348,-3.185308
660,22,-5.3740162,-3.191287
661,22,-5.3369976,-3.197266
662,22,-5.299979,-3.203245
663,22,-5.2629604,-3.209224
664,22,-5.2259418,-3.215203
665,22,-5.1889232,-3.221182
666,22,-5.1519046,-3.227161
667,22,-5.114886,-3.23314
668,22,-5.0778674,-3.239119
669,22,-5.0408488,-3.245098
670,22,-5.0038302,-3.251077
671,22,-4.9668116,-3.257056
672,22,-4.929793,-3.263035
673,22,-4.8927744,-3.269014
674,22,-4.8557558,-3.274993
675,22,-4.8187372,-3.280972
676,22,-4.7817186,-3.286951
677,22,-4.7447,-3.29293
678,22,-4.712339592,-3.296010612
679,22,-4.679979184,-3.299091224
680,22,-4.647618776,-3.302171837
681,22,-4.615258367,-3.305252449
682,22,-4.582897959,-3.308333061
683,22,-4.550537551,-3.311413673
684,22,-4.518177143,-3.314494286
685,22,-4.485816735,-3.317574898
686,22,-4.453456327,-3.32065551
687,22,-4.421095918,-3.323736122
688,22,-4.38873551,-3.326816735
689,22,-4.356375102,-3.329897347
690,22,-4.324014694,-3.332977959
691,22,-4.291654286,-3.336058571
692,22,-4.259293878,-3.339139184
693,22,-4.226933469,-3.342219796
694,22,-4.194573061,-3.345300408
695,22,-4.162212653,-3.34838102
696,22,-4.129852245,-3.351461633
697,22,-4.097491837,-3.354542245
698,22,-4.065131429,-3.357622857
699,22,-4.03277102,-3.360703469
700,22,-4.000410612,-3.363784082
701,22,-3.968050204,-3.366864694
702,22,-3.935689796,-3.369945306
703,22,-3.903329388,-3.373025918
704,22,-3.87096898,-3.376106531
705,22,-3.838608571,-3.379187143
706,22,-3.806248163,-3.382267755
707,22,-3.773887755,-3.385348367
708,22,-3.741527347,-3.38842898
709,22,-3.709166939,-3.391509592
710,22,-3.676806531,-3.394590204
711,22,-3.644446122,-3.397670816
712,22,-3.612085714,-3.400751429
713,22,-3.579725306,-3.403832041
714,22,-3.547364898,-3.406912653
715,22,-3.51500449,-3.409993265
716,22,-3.482644082,-3.413073878
717,22,-3.450283673,-3.41615449
718,22,-3.417923265,-3.419235102
719,22,-3.385562857,-3.422315714
720,22,-3.353202449,-3.425396327
721,22,-3.320842041,-3.428476939
722,22,-3.288481633,-3.431557551
723,22,-3.256121224,-3.434638163
724,22,-3.223760816,-3.437718776
725,22,-3.191400408,-3.440799388
726,22,-3.15904,-3.44388
727,22,-3.124712,-3.450154
728,22,-3.090384,-3.456428
729,22,-3.056056,-3.462702
730,22,-3.021728,-3.468976
731,22,-2.9874,-3.47525
732,22,-2.953072,-3.481524
733,22,-2.918744,-3.487798
734,22,-2.884416,-3.494072
735,22,-2.850088,-3.500346
736,22,-2.81576,-3.50662
737,22,-2.781432,-3.512894
738,22,-2.747104,-3.519168
739,22,-2.712776,-3.525442
740,22,-2.678448,-3.531716
741,22,-2.64412,-3.53799
742,22,-2.609792,-3.544264
743,22,-2.575464,-3.550538
744,22,-2.541136,-3.556812
745,22,-2.506808,-3.563086
746,22,-2.47248,-3.56936
747,22,-2.438152,-3.575634
748,22,-2.403824,-3.581908
749,22,-2.369496,-3.588182
750,22,-2.335168,-3.594456
751,22,-2.30084,-3.60073
752,22,-2.286626875,-3.60896875
753,22,-2.27241375,-3.6172075
754,22,-2.258200625,-3.62544625
755,22,-2.2439875,-3.633685
756,22,-2.229774375,-3.64192375
757,22,-2.21556125,-3.6501625
758,22,-2.201348125,-3.65840125
759,22,-2.187135,-3.66664
760,22,-2.172921875,-3.67487875
761,22,-2.15870875,-3.6831175
762,22,-2.144495625,-3.69135625
763,22,-2.1302825,-3.699595
764,22,-2.116069375,-3.70783375
765,22,-2.10185625,-3.7160725
766,22,-2.087643125,-3.72431125
767,22,-2.07343,-3.73255
0,23,-34.1268,-4.87075
1,23,-34.12927105,-4.872949737
2,23,-34.13174211,-4.875149474
3,23,-34.13421316,-4.877349211
4,23,-34.13668421,-4.879548947
5,23,-34.13915526,-4.881748684
6,23,-34.14162632,-4.883948421
7,23,-34.14409737,-4.886148158
8,23,-34.14656842,-4.888347895
9,23,-34.14903947,-4.890547632
10,23,-34.15151053,-4.892747368
11,23,-34.15398158,-4.894947105
12,23,-34.15645263,-4.897146842
13,23,-34.15892368,-4.899346579
14,23,-34.16139474,-4.901546316
15,23,-34.16386579,-4.903746053
16,23,-34.16633684,-4.905945789
17,23,-34.16880789,-4.908145526
18,23,-34.17127895,-4.910345263
19,23,-34.17375,-4.912545
20,23,-34.17622105,-4.914744737
21,23,-34.17869211,-4.916944474
22,23,-34.18116316,-4.919144211
23,23,-34.18363421,-4.921343947
24,23,-34.18610526,-4.923543684
25,23,-34.18857632,-4.925743421
26,23,-34.19104737,-4.927943158
27,23,-34.19351842,-4.930142895
28,23,-34.19598947,-4.932342632
29,23,-34.19846053,-4.934542368
30,23,-34.20093158,-4.936742105
31,23,-34.20340263,-4.938941842
32,23,-34.20587368,-4.941141579
33,23,-34.20834474,-4.943341316
34,23,-34.21081579,-4.945541053
35,23,-34.21328684,-4.947740789
36,23,-34.21575789,-4.949940526
37,23,-34.21822895,-4.952140263
38,23,-34.2207,-4.95434
39,23,-34.22317105,-4.956539737
40,23,-34.22564211,-4.958739474
41,23,-34.22811316,-4.960939211
42,23,-34.23058421,-4.963138947
43,23,-34.23305526,-4.965338684
44,23,-34.23552632,-4.967538421
45,23,-34.23799737,-4.969738158
46,23,-34.24046842,-4.971937895
47,23,-34.24293947,-4.974137632
48,23,-34.24541053,-4.976337368
49,23,-34.24788158,-4.978537105
50,23,-34.25035263,-4.980736842
51,23,-34.25282368,-4.982936579
52,23,-34.25529474,-4.985136316
53,23,-34.25776579,-4.987336053
54,23,-34.26023684,-4.989535789
55,23,-34.26270789,-4.991735526
56,23,-34.26517895,-4.993935263
57,23,-34.26765,-4.996135
58,23,-34.27012105,-4.998334737
59,23,-34.27259211,-5.000534474
60,23,-34.27506316,-5.002734211
61,23,-34.27753421,-5.004933947
62,23,-34.28000526,-5.007133684
63,23,-34.28247632,-5.009333421
64,23,-34.28494737,-5.011533158
65,23,-34.28741842,-5.013732895
66,23,-34.28988947,-5.015932632
67,23,-34.29236053,-5.018132368
68,23,-34.29483158,-5.020332105
69,23,-34.29730263,-5.022531842
70,23,-34.29977368,-5.024731579
71,23,-34.30224474,-5.026931316
72,23,-34.30471579,-5.029131053
73,23,-34.30718684,-5.031330789
74,23,-34.30965789,-5.033530526
75,23,-34.31212895,-5.035730263
76,23,-34.3146,-5.03793
77,23,-34.31707105,-5.040129737
78,23,-34.31954211,-5.042329474
79,23,-34.32201316,-5.044529211
80,23,-34.32448421,-5.046728947
81,23,-34.32695526,-5.048928684
82,23,-34.32942632,-5.051128421
83,23,-34.33189737,-5.053328158
84,23,-34.33436842,-5.055527895
85,23,-34.33683947,-5.057727632
86,23,-34.33931053,-5.059927368
87,23,-34.34178158,-5.062127105
88,23,-34.34425263,-5.064326842
89,23,-34.34672368,-5.066526579
90,23,-34.34919474,-5.068726316
91,23,-34.35166579,-5.070926053
92,23,-34.35413684,-5.073125789
93,23,-34.35660789,-5.075325526
94,23,-34.35907895,-5.077525263
95,23,-34.36155,-5.079725
96,23,-34.36402105,-5.081924737
97,23,-34.36649211,-5.084124474
98,23,-34.36896316,-5.086324211
99,23,-34.37143421,-5.088523947
100,23,-34.37390526,-5.090723684
101,23,-34.37637632,-5.092923421
102,23,-34.37884737,-5.095123158
103,23,-34.38131842,-5.097322895
104,23,-34.38378947,-5.099522632
105,23,-34.38626053,-5.101722368
106,23,-34.38873158,-5.103922105
107,23,-34.39120263,-5.106121842
108,23,-34.39367368,-5.108321579
109,23,-34.39614474,-5.110521316
110,23,-34.39861579,-5.112721053
111,23,-34.40108684,-5.114920789
112,23,-34.40355789,-5.117120526
113,23,-34.40602895,-5.119320263
114,23,-34.4085,-5.12152
115,23,-34.41097105,-5.123719737
116,23,-34.41344211,-5.125919474
117,23,-34.41591316,-5.128119211
118,23,-34.41838421,-5.130318947
119,23,-34.42085526,-5.132518684
120,23,-34.42332632,-5.134718421
121,23,-34.42579737,-5.136918158
122,23,-34.42826842,-5.139117895
123,23,-34.43073947,-5.141317632
124,23,-34.43321053,-5.143517368
125,23,-34.43568158,-5.145717105
126,23,-34.43815263,-5.147916842
127,23,-34.44062368,-5.150116579
128,23,-34.44309474,-5.152316316
129,23,-34.44556579,-5.154516053
130,23,-34.44803684,-5.156715789
131,23,-34.45050789,-5.158915526
132,23,-34.45297895,-5.161115263
133,23,-34.45545,-5.163315
134,23,-34.45792105,-5.165514737
135,23,-34.46039211,-5.167714474
136,23,-34.46286316,-5.169914211
137,23,-34.46533421,-5.172113947
138,23,-34.46780526,-5.174313684
139,23,-34.47027632,-5.176513421
140,23,-34.47274737,-5.178713158
141,23,-34.47521842,-5.180912895
142,23,-34.47768947,-5.183112632
143,23,-34.48016053,-5.185312368
144,23,-34.48263158,-5.187512105
145,23,-34.48510263,-5.189711842
146,23,-34.48757368,-5.191911579
147,23,-34.49004474,-5.194111316
148,23,-34.49251579,-5.196311053
149,23,-34.49498684,-5.198510789
150,23,-34.49745789,-5.200710526
151,23,-34.49992895,-5.202910263
152,23,-34.5024,-5.20511
153,23,-34.45403559,-5.202729153
154,23,-34.40567119,-5.200348305
155,23,-34.35730678,-5.197967458
156,23,-34.30894237,-5.19558661
157,23,-34.26057797,-5.193205763
158,23,-34.21221356,-5.190824915
159,23,-34.16384915,-5.188444068
160,23,-34.11548475,-5.18606322
161,23,-34.06712034,-5.183682373
162,23,-34.01875593,-5.181301525
163,23,-33.97039153,-5.178920678
164,23,-33.92202712,-5.176539831
165,23,-33.87366271,-5.174158983
166,23,-33.82529831,-5.171778136
167,23,-33.7769339,-5.169397288
168,23,-33.72856949,-5.167016441
169,23,-33.68020508,-5.164635593
170,23,-33.63184068,-5.162254746
171,23,-33.58347627,-5.159873898
172,23,-33.53511186,-5.157493051
173,23,-33.48674746,-5.155112203
174,23,-33.43838305,-5.152731356
175,23,-33.39001864,-5.150350508
176,23,-33.34165424,-5.147969661
177,23,-33.29328983,-5.145588814
178,23,-33.24492542,-5.143207966
179,23,-33.19656102,-5.140827119
180,23,-33.14819661,-5.138446271
181,23,-33.0998322,-5.136065424
182,23,-33.0514678,-5.133684576
183,23,-33.00310339,-5.131303729
184,23,-32.95473898,-5.128922881
185,23,-32.90637458,-5.126542034
186,23,-32.85801017,-5.124161186
187,23,-32.80964576,-5.121780339
188,23,-32.76128136,-5.119399492
189,23,-32.71291695,-5.117018644
190,23,-32.66455254,-5.114637797
191,23,-32.61618814,-5.112256949
192,23,-32.56782373,-5.109876102
193,23,-32.51945932,-5.107495254
194,23,-32.47109492,-5.105114407
195,23,-32.42273051,-5.102733559
196,23,-32.3743661,-5.100352712
197,23,-32.32600169,-5.097971864
198,23,-32.27763729,-5.095591017
199,23,-32.22927288,-5.093210169
200,23,-32.18090847,-5.090829322
201,23,-32.13254407,-5.088448475
202,23,-32.08417966,-5.086067627
203,23,-32.03581525,-5.08368678
204,23,-31.98745085,-5.081305932
205,23,-31.93908644,-5.078925085
206,23,-31.89072203,-5.076544237
207,23,-31.84235763,-5.07416339
208,23,-31.79399322,-5.071782542
209,23,-31.74562881,-5.069401695
210,23,-31.69726441,-5.067020847
211,23,-31.6489,-5.06464
212,23,-31.56630943,-5.052504434
213,23,-31.48371887,-5.040368868
214,23,-31.4011283,-5.028233302
215,23,-31.31853774,-5.016097736
216,23,-31.23594717,-5.00396217
217,23,-31.1533566,-4.991826604
218,23,-31.07076604,-4.979691038
219,23,-30.98817547,-4.967555472
220,23,-30.90558491,-4.955419906
221,23,-30.82299434,-4.94328434
222,23,-30.74040377,-4.931148774
223,23,-30.65781321,-4.919013208
224,23,-30.57522264,-4.906877642
225,23,-30.49263208,-4.894742075
226,23,-30.41004151,-4.882606509
227,23,-30.32745094,-4.870470943
228,23,-30.24486038,-4.858335377
229,23,-30.16226981,-4.846199811
230,23,-30.07967925,-4.834064245
231,23,-29.99708868,-4.821928679
232,23,-29.91449811,-4.809793113
233,23,-29.83190755,-4.797657547
234,23,-29.74931698,-4.785521981
235,23,-29.66672642,-4.773386415
236,23,-29.58413585,-4.761250849
237,23,-29.50154528,-4.749115283
238,23,-29.41895472,-4.736979717
239,23,-29.33636415,-4.724844151
240,23,-29.25377358,-4.712708585
241,23,-29.17118302,-4.700573019
242,23,-29.08859245,-4.688437453
243,23,-29.00600189,-4.676301887
244,23,-28.92341132,-4.664166321
245,23,-28.84082075,-4.652030755
246,23,-28.75823019,-4.639895189
247,23,-28.67563962,-4.627759623
248,23,-28.59304906,-4.615624057
249,23,-28.51045849,-4.603488491
250,23,-28.42786792,-4.591352925
251,23,-28.34527736,-4.579217358
252,23,-28.26268679,-4.567081792
253,23,-28.18009623,-4.554946226
254,23,-28.09750566,-4.54281066
255,23,-28.01491509,-4.530675094
256,23,-27.93232453,-4.518539528
257,23,-27.84973396,-4.506403962
258,23,-27.7671434,-4.494268396
259,23,-27.68455283,-4.48213283
260,23,-27.60196226,-4.469997264
261,23,-27.5193717,-4.457861698
262,23,-27.43678113,-4.445726132
263,23,-27.35419057,-4.433590566
264,23,-27.2716,-4.421455
265,23,-27.18900943,-4.409319434
266,23,-27.10641887,-4.397183868
267,23,-27.0238283,-4.385048302
268,23,-26.94123774,-4.372912736
269,23,-26.85864717,-4.36077717
270,23,-26.7760566,-4.348641604
271,23,-26.69346604,-4.336506038
272,23,-26.61087547,-4.324370472
273,23,-26.52828491,-4.312234906
274,23,-26.44569434,-4.30009934
275,23,-26.36310377,-4.287963774
276,23,-26.28051321,-4.275828208
277,23,-26.19792264,-4.263692642
278,23,-26.11533208,-4.251557075
279,23,-26.03274151,-4.239421509
280,23,-25.95015094,-4.227285943
281,23,-25.86756038,-4.215150377
282,23,-25.78496981,-4.203014811
283,23,-25.70237925,-4.190879245
284,23,-25.61978868,-4.178743679
285,23,-25.53719811,-4.166608113
286,23,-25.45460755,-4.154472547
287,23,-25.37201698,-4.142336981
288,23,-25.28942642,-4.130201415
289,23,-25.20683585,-4.118065849
290,23,-25.12424528,-4.105930283
291,23,-25.04165472,-4.093794717
292,23,-24.95906415,-4.081659151
293,23,-24.87647358,-4.069523585
294,23,-24.79388302,-4.057388019
295,23,-24.71129245,-4.045252453
296,23,-24.62870189,-4.033116887
297,23,-24.54611132,-4.020981321
298,23,-24.46352075,-4.008845755
299,23,-24.38093019,-3.996710189
300,23,-24.29833962,-3.984574623
301,23,-24.21574906,-3.972439057
302,23,-24.13315849,-3.960303491
303,23,-24.05056792,-3.948167925
304,23,-23.96797736,-3.936032358
305,23,-23.88538679,-3.923896792
306,23,-23.80279623,-3.911761226
307,23,-23.72020566,-3.89962566
308,23,-23.63761509,-3.887490094
309,23,-23.55502453,-3.875354528
310,23,-23.47243396,-3.863218962
311,23,-23.3898434,-3.851083396
312,23,-23.30725283,-3.83894783
313,23,-23.22466226,-3.826812264
314,23,-23.1420717,-3.814676698
315,23,-23.05948113,-3.802541132
316,23,-22.97689057,-3.790405566
317,23,-22.8943,-3.77827
318,23,-22.83308667,-3.769784
319,23,-22.77187333,-3.761298
320,23,-22.71066,-3.752812
321,23,-22.64944667,-3.744326
322,23,-22.58823333,-3.73584
323,23,-22.52702,-3.727354
324,23,-22.46580667,-3.718868
325,23,-22.40459333,-3.710382
326,23,-22.34338,-3.701896
327,23,-22.28216667,-3.69341
328,23,-22.22095333,-3.684924
329,23,-22.15974,-3.676438
330,23,-22.09852667,-3.667952
331,23,-22.03731333,-3.659466
332,23,-21.9761,-3.65098
333,23,-21.91488667,-3.642494
334,23,-21.85367333,-3.634008
335,23,-21.79246,-3.625522
336,23,-21.73124667,-3.617036
337,23,-21.67003333,-3.60855
338,23,-21.60882,-3.600064
339,23,-21.54760667,-3.591578
340,23,-21.48639333,-3.583092
341,23,-21.42518,-3.574606
342,23,-21.36396667,-3.56612
343,23,-21.30275333,-3.557634
344,23,-21.24154,-3.549148
345,23,-21.18032667,-3.540662
346,23,-21.11911333,-3.532176
347,23,-21.0579,-3.52369
348,23,-20.99668667,-3.515204
349,23,-20.93547333,-3.506718
350,23,-20.87426,-3.498232
351,23,-20.81304667,-3.489746
352,23,-20.75183333,-3.48126
353,23,-20.69062,-3.472774
354,23,-20.62940667,-3.464288
355,23,-20.56819333,-3.455802
356,23,-20.50698,-3.447316
357,23,-20.44576667,-3.43883
358,23,-20.38455333,-3.430344
359,23,-20.32334,-3.421858
360,23,-20.26212667,-3.413372
361,23,-20.20091333,-3.404886
362,23,-20.1397,-3.3964
363,23,-20.07848667,-3.387914
364,23,-20.01727333,-3.379428
365,23,-19.95606,-3.370942
366,23,-19.89484667,-3.362456
367,23,-19.83363333,-3.35397
368,23,-19.77242,-3.345484
369,23,-19.71120667,-3.336998
370,23,-19.64999333,-3.328512
371,23,-19.58878,-3.320026
372,23,-19.52756667,-3.31154
373,23,-19.46635333,-3.303054
374,23,-19.40514,-3.294568
375,23,-19.34392667,-3.286082
376,23,-19.28271333,-3.277596
377,23,-19.2215,-3.26911
378,23,-19.16028667,-3.260624
379,23,-19.09907333,-3.252138
380,23,-19.03786,-3.243652
381,23,-18.97664667,-3.235166
382,23,-18.91543333,-3.22668
383,23,-18.85422,-3.218194
384,23,-18.79300667,-3.209708
385,23,-18.73179333,-3.201222
386,23,-18.67058,-3.192736
387,23,-18.60936667,-3.18425
388,23,-18.54815333,-3.175764
389,23,-18.48694,-3.167278
390,23,-18.42572667,-3.158792
391,23,-18.36451333,-3.150306
392,23,-18.3033,-3.14182
393,23,-18.24208667,-3.133334
394,23,-18.18087333,-3.124848
395,23,-18.11966,-3.116362
396,23,-18.05844667,-3.107876
397,23,-17.99723333,-3.09939
398,23,-17.93602,-3.090904
399,23,-17.87480667,-3.082418
400,23,-17.81359333,-3.073932
401,23,-17.75238,-3.065446
402,23,-17.69116667,-3.05696
403,23,-17.62995333,-3.048474
404,23,-17.56874,-3.039988
405,23,-17.50752667,-3.031502
406,23,-17.44631333,-3.023016
407,23,-17.3851,-3.01453
408,23,-17.32388667,-3.006044
409,23,-17.26267333,-2.997558
410,23,-17.20146,-2.989072
411,23,-17.14024667,-2.980586
412,23,-17.07903333,-2.9721
413,23,-17.01782,-2.963614
414,23,-16.95660667,-2.955128
415,23,-16.89539333,-2.946642
416,23,-16.83418,-2.938156
417,23,-16.77296667,-2.92967
418,23,-16.71175333,-2.921184
419,23,-16.65054,-2.912698
420,23,-16.58932667,-2.904212
421,23,-16.52811333,-2.895726
422,23,-16.4669,-2.88724
423,23,-16.41476538,-2.88502359
424,23,-16.36263077,-2.882807179
425,23,-16.31049615,-2.880590769
426,23,-16.25836154,-2.878374359
427,23,-16.20622692,-2.876157949
428,23,-16.15409231,-2.873941538
429,23,-16.10195769,-2.871725128
430,23,-16.04982308,-2.869508718
431,23,-15.99768846,-2.867292308
432,23,-15.94555385,-2.865075897
433,23,-15.89341923,-2.862859487
434,23,-15.84128462,-2.860643077
435,23,-15.78915,-2.858426667
436,23,-15.73701538,-2.856210256
437,23,-15.68488077,-2.853993846
438,23,-15.63274615,-2.851777436
439,23,-15.58061154,-2.849561026
440,23,-15.52847692,-2.847344615
441,23,-15.47634231,-2.845128205
442,23,-15.42420769,-2.842911795
443,23,-15.37207308,-2.840695385
444,23,-15.31993846,-2.838478974
445,23,-15.26780385,-2.836262564
446,23,-15.21566923,-2.834046154
447,23,-15.16353462,-2.831829744
448,23,-15.1114,-2.829613333
449,23,-15.05926538,-2.827396923
450,23,-15.00713077,-2.825180513
451,23,-14.95499615,-2.822964103
452,23,-14.90286154,-2.820747692
453,23,-14.85072692,-2.818531282
454,23,-14.79859231,-2.816314872
455,23,-14.74645769,-2.814098462
456,23,-14.69432308,-2.811882051
457,23,-14.64218846,-2.809665641
458,23,-14.59005385,-2.807449231
459,23,-14.53791923,-2.805232821
460,23,-14.48578462,-2.80301641
461,23,-14.43365,-2.8008
462,23,-14.38151538,-2.79858359
463,23,-14.32938077,-2.796367179
464,23,-14.27724615,-2.794150769
465,23,-14.22511154,-2.791934359
466,23,-14.17297692,-2.789717949
467,23,-14.12084231,-2.787501538
468,23,-14.06870769,-2.785285128
469,23,-14.01657308,-2.783068718
470,23,-13.96443846,-2.780852308
471,23,-13.91230385,-2.778635897
472,23,-13.86016923,-2.776419487
473,23,-13.80803462,-2.774203077
474,23,-13.7559,-2.771986667
475,23,-13.70376538,-2.769770256
476,23,-13.65163077,-2.767553846
477,23,-13.59949615,-2.765337436
478,23,-13.54736154,-2.763121026
479,23,-13.49522692,-2.760904615
480,23,-13.44309231,-2.758688205
481,23,-13.39095769,-2.756471795
482,23,-13.33882308,-2.754255385
483,23,-13.28668846,-2.752038974
484,23,-13.23455385,-2.749822564
485,23,-13.18241923,-2.747606154
486,23,-13.13028462,-2.745389744
487,23,-13.07815,-2.743173333
488,23,-13.02601538,-2.740956923
489,23,-12.97388077,-2.738740513
490,23,-12.92174615,-2.736524103
491,23,-12.86961154,-2.734307692
492,23,-12.81747692,-2.732091282
493,23,-12.76534231,-2.729874872
494,23,-12.71320769,-2.727658462
495,23,-12.66107308,-2.725442051
496,23,-12.60893846,-2.723225641
497,23,-12.55680385,-2.721009231
498,23,-12.50466923,-2.718792821
499,23,-12.45253462,-2.71657641
500,23,-12.4004,-2.71436
501,23,-12.35194338,-2.71197
502,23,-12.30348677,-2.70958
503,23,-12.25503015,-2.70719
504,23,-12.20657354,-2.7048
505,23,-12.15811692,-2.70241
506,23,-12.10966031,-2.70002
507,23,-12.06120369,-2.69763
508,23,-12.01274708,-2.69524
509,23,-11.96429046,-2.69285
510,23,-11.91583385,-2.69046
511,23,-11.86737723,-2.68807
512,23,-11.81892062,-2.68568
513,23,-11.770464,-2.68329
514,23,-11.72200738,-2.6809
515,23,-11.67355077,-2.67851
516,23,-11.62509415,-2.67612
517,23,-11.57663754,-2.67373
518,23,-11.52818092,-2.67134
519,23,-11.47972431,-2.66895
520,23,-11.43126769,-2.66656
521,23,-11.38281108,-2.66417
522,23,-11.33435446,-2.66178
523,23,-11.28589785,-2.65939
524,23,-11.23744123,-2.657
525,23,-11.18898462,-2.65461
526,23,-11.140528,-2.65222
527,23,-11.09207138,-2.64983
528,23,-11.04361477,-2.64744
529,23,-10.99515815,-2.64505
530,23,-10.94670154,-2.64266
531,23,-10.89824492,-2.64027
532,23,-10.84978831,-2.63788
533,23,-10.80133169,-2.63549
534,23,-10.75287508,-2.6331
535,23,-10.70441846,-2.63071
536,23,-10.65596185,-2.62832
537,23,-10.60750523,-2.62593
538,23,-10.55904862,-2.62354
539,23,-10.510592,-2.62115
540,23,-10.46213538,-2.61876
541,23,-10.41367877,-2.61637
542,23,-10.36522215,-2.61398
543,23,-10.31676554,-2.61159
544,23,-10.26830892,-2.6092
545,23,-10.21985231,-2.60681
546,23,-10.17139569,-2.60442
547,23,-10.12293908,-2.60203
548,23,-10.07448246,-2.59964
549,23,-10.02602585,-2.59725
550,23,-9.977569231,-2.59486
551,23,-9.929112615,-2.59247
552,23,-9.880656,-2.59008
553,23,-9.832199385,-2.58769
554,23,-9.783742769,-2.5853
555,23,-9.735286154,-2.58291
556,23,-9.686829538,-2.58052
557,23,-9.638372923,-2.57813
558,23,-9.589916308,-2.57574
559,23,-9.541459692,-2.57335
560,23,-9.493003077,-2.57096
561,23,-9.444546462,-2.56857
562,23,-9.396089846,-2.56618
563,23,-9.347633231,-2.56379
564,23,-9.299176615,-2.5614
565,23,-9.25072,-2.55901
566,23,-9.20790338,-2.561600704
567,23,-9.165086761,-2.564191408
568,23,-9.122270141,-2.566782113
569,23,-9.079453521,-2.569372817
570,23,-9.036636901,-2.571963521
571,23,-8.993820282,-2.574554225
572,23,-8.951003662,-2.57714493
573,23,-8.908187042,-2.579735634
574,23,-8.865370423,-2.582326338
575,23,-8.822553803,-2.584917042
576,23,-8.779737183,-2.587507746
577,23,-8.736920563,-2.590098451
578,23,-8.694103944,-2.592689155
579,23,-8.651287324,-2.595279859
580,23,-8.608470704,-2.597870563
581,23,-8.565654085,-2.600461268
582,23,-8.522837465,-2.603051972
583,23,-8.480020845,-2.605642676
584,23,-8.437204225,-2.60823338
585,23,-8.394387606,-2.610824085
586,23,-8.351570986,-2.613414789
587,23,-8.308754366,-2.616005493
588,23,-8.265937746,-2.618596197
589,23,-8.223121127,-2.621186901
590,23,-8.180304507,-2.623777606
591,23,-8.137487887,-2.62636831
592,23,-8.094671268,-2.628959014
593,23,-8.051854648,-2.631549718
594,23,-8.009038028,-2.634140423
595,23,-7.966221408,-2.636731127
596,23,-7.923404789,-2.639321831
597,23,-7.880588169,-2.641912535
598,23,-7.837771549,-2.644503239
599,23,-7.79495493,-2.647093944
600,23,-7.75213831,-2.649684648
601,23,-7.70932169,-2.652275352
602,23,-7.66650507,-2.654866056
603,23,-7.623688451,-2.657456761
604,23,-7.580871831,-2.660047465
605,23,-7.538055211,-2.662638169
606,23,-7.495238592,-2.665228873
607,23,-7.452421972,-2.667819577
608,23,-7.409605352,-2.670410282
609,23,-7.366788732,-2.673000986
610,23,-7.323972113,-2.67559169
611,23,-7.281155493,-2.678182394
612,23,-7.238338873,-2.680773099
613,23,-7.195522254,-2.683363803
614,23,-7.152705634,-2.685954507
615,23,-7.109889014,-2.688545211
616,23,-7.067072394,-2.691135915
617,23,-7.024255775,-2.69372662
618,23,-6.981439155,-2.696317324
619,23,-6.938622535,-2.698908028
620,23,-6.895805915,-2.701498732
621,23,-6.852989296,-2.704089437
622,23,-6.810172676,-2.706680141
623,23,-6.767356056,-2.709270845
624,23,-6.724539437,-2.711861549
625,23,-6.681722817,-2.714452254
626,23,-6.638906197,-2.717042958
627,23,-6.596089577,-2.719633662
628,23,-6.553272958,-2.722224366
629,23,-6.510456338,-2.72481507
630,23,-6.467639718,-2.727405775
631,23,-6.424823099,-2.729996479
632,23,-6.382006479,-2.732587183
633,23,-6.339189859,-2.735177887
634,23,-6.296373239,-2.737768592
635,23,-6.25355662,-2.740359296
636,23,-6.21074,-2.74295
637,23,-6.16957875,-2.745104464
638,23,-6.1284175,-2.747258929
639,23,-6.08725625,-2.749413393
640,23,-6.046095,-2.751567857
641,23,-6.00493375,-2.753722321
642,23,-5.9637725,-2.755876786
643,23,-5.92261125,-2.75803125
644,23,-5.88145,-2.760185714
645,23,-5.84028875,-2.762340179
646,23,-5.7991275,-2.764494643
647,23,-5.75796625,-2.766649107
648,23,-5.716805,-2.768803571
649,23,-5.67564375,-2.770958036
650,23,-5.6344825,-2.7731125
651,23,-5.59332125,-2.775266964
652,23,-5.55216,-2.777421429
653,23,-5.51099875,-2.779575893
654,23,-5.4698375,-2.781730357
655,23,-5.42867625,-2.783884821
656,23,-5.387515,-2.786039286
657,23,-5.34635375,-2.78819375
658,23,-5.3051925,-2.790348214
659,23,-5.26403125,-2.792502679
660,23,-5.22287,-2.794657143
661,23,-5.18170875,-2.796811607
662,23,-5.1405475,-2.798966071
663,23,-5.09938625,-2.801120536
664,23,-5.058225,-2.803275
665,23,-5.01706375,-2.805429464
666,23,-4.9759025,-2.807583929
667,23,-4.93474125,-2.809738393
668,23,-4.89358,-2.811892857
669,23,-4.85241875,-2.814047321
670,23,-4.8112575,-2.816201786
671,23,-4.77009625,-2.81835625
672,23,-4.728935,-2.820510714
673,23,-4.68777375,-2.822665179
674,23,-4.6466125,-2.824819643
675,23,-4.60545125,-2.826974107
676,23,-4.56429,-2.829128571
677,23,-4.52312875,-2.831283036
678,23,-4.4819675,-2.8334375
679,23,-4.44080625,-2.835591964
680,23,-4.399645,-2.837746429
681,23,-4.35848375,-2.839900893
682,23,-4.3173225,-2.842055357
683,23,-4.27616125,-2.844209821
684,23,-4.235,-2.846364286
685,23,-4.19383875,-2.84851875
686,23,-4.1526775,-2.850673214
687,23,-4.11151625,-2.852827679
688,23,-4.070355,-2.854982143
689,23,-4.02919375,-2.857136607
690,23,-3.9880325,-2.859291071
691,23,-3.94687125,-2.861445536
692,23,-3.90571,-2.8636
693,23,-3.866700968,-2.87073871
694,23,-3.827691935,-2.877877419
695,23,-3.788682903,-2.885016129
696,23,-3.749673871,-2.892154839
697,23,-3.710664839,-2.899293548
698,23,-3.671655806,-2.906432258
699,23,-3.632646774,-2.913570968
700,23,-3.593637742,-2.920709677
701,23,-3.55462871,-2.927848387
702,23,-3.515619677,-2.934987097
703,23,-3.476610645,-2.942125806
704,23,-3.437601613,-2.949264516
705,23,-3.398592581,-2.956403226
706,23,-3.359583548,-2.963541935
707,23,-3.320574516,-2.970680645
708,23,-3.281565484,-2.977819355
709,23,-3.242556452,-2.984958065
710,23,-3.203547419,-2.992096774
711,23,-3.164538387,-2.999235484
712,23,-3.125529355,-3.006374194
713,23,-3.086520323,-3.013512903
714,23,-3.04751129,-3.020651613
715,23,-3.008502258,-3.027790323
716,23,-2.969493226,-3.034929032
717,23,-2.930484194,-3.042067742
718,23,-2.891475161,-3.049206452
719,23,-2.852466129,-3.056345161
720,23,-2.813457097,-3.063483871
721,23,-2.774448065,-3.070622581
722,23,-2.735439032,-3.07776129
723,23,-2.69643,-3.0849
724,23,-2.669381538,-3.099505385
725,23,-2.642333077,-3.114110769
726,23,-2.615284615,-3.128716154
727,23,-2.588236154,-3.143321538
728,23,-2.561187692,-3.157926923
729,23,-2.534139231,-3.172532308
730,23,-2.507090769,-3.187137692
731,23,-2.480042308,-3.201743077
732,23,-2.452993846,-3.216348462
733,23,-2.425945385,-3.230953846
734,23,-2.398896923,-3.245559231
735,23,-2.371848462,-3.260164615
736,23,-2.3448,-3.27477
