Path;SteerAngle;Throttle;Brake;Speed;X_Position;Y_Position;Pitch;Yaw;Roll
C:\Mark's Python files\ME5920\HW3_Gardocki\DefinedTurns\IMG\robocam_2025_04_06_21_54_57_924.jpg;0;0;1;0;99.66999;85.589;0.0002402474;49.14211;-2.419288E-06
C:\Mark's Python files\ME5920\HW3_Gardocki\DefinedTurns\IMG\robocam_2025_04_06_21_54_57_962.jpg;0;0;0;0;99.66999;85.589;0.0002402474;49.14211;-2.419288E-06
C:\Mark's Python files\ME5920\HW3_Gardocki\DefinedTurns\IMG\robocam_2025_04_06_21_54_58_004.jpg;0;0;0;0;99.66999;85.589;0.0002402474;49.14211;-2.419288E-06
C:\Mark's Python files\ME5920\HW3_Gardocki\DefinedTurns\IMG\robocam_2025_04_06_21_54_58_043.jpg;0;0;0;0;99.66999;85.589;0.0002402474;49.14211;-2.419288E-06
C:\Mark's Python files\ME5920\HW3_Gardocki\DefinedTurns\IMG\robocam_2025_04_06_21_54_58_085.jpg;0;0;0;0;99.66999;85.589;0.0002402474;49.14211;-2.419288E-06
C:\Mark's Python files\ME5920\HW3_Gardocki\DefinedTurns\IMG\robocam_2025_04_06_21_54_58_126.jpg;0;0;0;0;99.66999;85.589;0.0002401916;49.14211;-2.269276E-06
C:\Mark's Python files\ME5920\HW3_Gardocki\DefinedTurns\IMG\robocam_2025_04_06_21_54_58_168.jpg;0;0;0;0;99.66999;85.589;0.0002401543;49.14211;-2.16927E-06
C:\Mark's Python files\ME5920\HW3_Gardocki\DefinedTurns\IMG\robocam_2025_04_06_21_54_58_212.jpg;1.558134;0;0;0;99.66999;85.589;0.0002403898;49.28521;-2.039216E-06
C:\Mark's Python files\ME5920\HW3_Gardocki\DefinedTurns\IMG\robocam_2025_04_06_21_54_58_254.jpg;3.851046;0;0;0;99.66999;85.589;0.000240598;49.65271;-2.787649E-06
C:\Mark's Python files\ME5920\HW3_Gardocki\DefinedTurns\IMG\robocam_2025_04_06_21_54_58_297.jpg;5.989206;0;0;0;99.66999;85.589;0.0002409096;50.29362;-4.297444E-06
C:\Mark's Python files\ME5920\HW3_Gardocki\DefinedTurns\IMG\robocam_2025_04_06_21_54_58_339.jpg;6.674814;0;0;0;99.66999;85.589;0.0002409917;51.09463;-7.014841E-06
C:\Mark's Python files\ME5920\HW3_Gardocki\DefinedTurns\IMG\robocam_2025_04_06_21_54_58_383.jpg;4.219752;0;0;0;99.66999;85.589;0.0002401779;51.75043;-8.378415E-06
C:\Mark's Python files\ME5920\HW3_Gardocki\DefinedTurns\IMG\robocam_2025_04_06_21_54_58_425.jpg;1.866144;0;0;0;99.66999;85.589;0.0002398728;52.10344;-8.931696E-06
C:\Mark's Python files\ME5920\HW3_Gardocki\DefinedTurns\IMG\robocam_2025_04_06_21_54_58_467.jpg;-0.3609961;0;0;0;99.66999;85.589;0.0002402369;52.17248;-7.990664E-06
C:\Mark's Python files\ME5920\HW3_Gardocki\DefinedTurns\IMG\robocam_2025_04_06_21_54_58_508.jpg;-1.06785;0;0;0;99.66999;85.589;0.0002405189;52.04437;-6.725272E-06
C:\Mark's Python files\ME5920\HW3_Gardocki\DefinedTurns\IMG\robocam_2025_04_06_21_54_58_549.jpg;0;0;0;0;99.66999;85.589;0.0002404148;52.04437;-6.422492E-06
C:\Mark's Python files\ME5920\HW3_Gardocki\DefinedTurns\IMG\robocam_2025_04_06_21_54_58_593.jpg;0;0;0;0;99.66999;85.589;0.000240276;52.04437;-6.018814E-06
C:\Mark's Python files\ME5920\HW3_Gardocki\DefinedTurns\IMG\robocam_2025_04_06_21_54_58_635.jpg;0;0;0;0;99.66999;85.589;0.0002401371;52.04437;-5.615129E-06
C:\Mark's Python files\ME5920\HW3_Gardocki\DefinedTurns\IMG\robocam_2025_04_06_21_54_58_677.jpg;0;0;0;0;99.66999;85.589;0.0002398106;52.04437;-4.993852E-06
C:\Mark's Python files\ME5920\HW3_Gardocki\DefinedTurns\IMG\robocam_2025_04_06_21_54_58_719.jpg;0;0;0;0;99.66999;85.589;0.0002393311;52.04437;-4.255906E-06
C:\Mark's Python files\ME5920\HW3_Gardocki\DefinedTurns\IMG\robocam_2025_04_06_21_54_58_760.jpg;0;0;0;0;99.66999;85.589;0.0002388343;52.04437;-3.467492E-06
C:\Mark's Python files\ME5920\HW3_Gardocki\DefinedTurns\IMG\robocam_2025_04_06_21_54_58_801.jpg;-0.108768;0;0;0;99.66999;85.589;0.0002386891;52.04437;-2.388869E-06
C:\Mark's Python files\ME5920\HW3_Gardocki\DefinedTurns\IMG\robocam_2025_04_06_21_54_58_843.jpg;-2.24679;0;0;0;99.66999;85.589;0.0002384625;51.90369;-6.507979E-07
C:\Mark's Python files\ME5920\HW3_Gardocki\DefinedTurns\IMG\robocam_2025_04_06_21_54_58_884.jpg;-4.236678;0;0;0;99.66999;85.589;0.0002384475;51.51355;2.020632E-06
C:\Mark's Python files\ME5920\HW3_Gardocki\DefinedTurns\IMG\robocam_2025_04_06_21_54_58_927.jpg;-6.545802;0;0;0;99.66999;85.589;0.0002374415;50.47222;7.635024E-06
C:\Mark's Python files\ME5920\HW3_Gardocki\DefinedTurns\IMG\robocam_2025_04_06_21_54_58_970.jpg;-8.750352;0;0;0;99.66999;85.589;0.0002372145;49.46988;1.204483E-05
C:\Mark's Python files\ME5920\HW3_Gardocki\DefinedTurns\IMG\robocam_2025_04_06_21_54_59_010.jpg;-11.12037;0;0;0;99.66999;85.589;0.0002375184;48.19667;1.690876E-05
C:\Mark's Python files\ME5920\HW3_Gardocki\DefinedTurns\IMG\robocam_2025_04_06_21_54_59_053.jpg;-10.32595;0;0;0;99.66999;85.589;0.0002370692;46.90988;2.188786E-05
C:\Mark's Python files\ME5920\HW3_Gardocki\DefinedTurns\IMG\robocam_2025_04_06_21_54_59_093.jpg;-7.768958;0;0;0;99.66999;85.589;0.0002372023;45.87587;2.49701E-05
C:\Mark's Python files\ME5920\HW3_Gardocki\DefinedTurns\IMG\robocam_2025_04_06_21_54_59_135.jpg;-5.207714;0;0;0;99.66999;85.589;0.0002364621;45.1286;2.651098E-05
C:\Mark's Python files\ME5920\HW3_Gardocki\DefinedTurns\IMG\robocam_2025_04_06_21_54_59_179.jpg;-2.762719;0;0;0;99.66999;85.589;0.0002352359;44.68845;2.648784E-05
C:\Mark's Python files\ME5920\HW3_Gardocki\DefinedTurns\IMG\robocam_2025_04_06_21_54_59_220.jpg;-0.2480233;0;0;0;99.66999;85.589;0.0002349504;44.51044;2.513086E-05
C:\Mark's Python files\ME5920\HW3_Gardocki\DefinedTurns\IMG\robocam_2025_04_06_21_54_59_262.jpg;0;0;0;0;99.66999;85.589;0.0002347914;44.51044;2.27498E-05
C:\Mark's Python files\ME5920\HW3_Gardocki\DefinedTurns\IMG\robocam_2025_04_06_21_54_59_304.jpg;0;0;0;0;99.66999;85.589;0.0002345752;44.51044;2.022905E-05
C:\Mark's Python files\ME5920\HW3_Gardocki\DefinedTurns\IMG\robocam_2025_04_06_21_54_59_347.jpg;0;0;0;0;99.66999;85.589;0.0002343986;44.51044;1.650981E-05
C:\Mark's Python files\ME5920\HW3_Gardocki\DefinedTurns\IMG\robocam_2025_04_06_21_54_59_389.jpg;0;0;0;0;99.66999;85.589;0.0002344158;44.51044;1.426049E-05
C:\Mark's Python files\ME5920\HW3_Gardocki\DefinedTurns\IMG\robocam_2025_04_06_21_54_59_433.jpg;0;0;0;0;99.66999;85.589;0.0002345681;44.51044;1.224131E-05
C:\Mark's Python files\ME5920\HW3_Gardocki\DefinedTurns\IMG\robocam_2025_04_06_21_54_59_473.jpg;0;0;0;0;99.66999;85.589;0.0002347615;44.51044;1.012372E-05
C:\Mark's Python files\ME5920\HW3_Gardocki\DefinedTurns\IMG\robocam_2025_04_06_21_54_59_514.jpg;0;0;0;0;99.66999;85.589;0.0002349962;44.51044;7.907692E-06
C:\Mark's Python files\ME5920\HW3_Gardocki\DefinedTurns\IMG\robocam_2025_04_06_21_54_59_558.jpg;0;0;0;0;99.66999;85.589;0.0002352515;44.51044;5.642461E-06
C:\Mark's Python files\ME5920\HW3_Gardocki\DefinedTurns\IMG\robocam_2025_04_06_21_54_59_600.jpg;0;0;0;0;99.66999;85.589;0.0002352069;44.51044;3.540765E-06
C:\Mark's Python files\ME5920\HW3_Gardocki\DefinedTurns\IMG\robocam_2025_04_06_21_54_59_644.jpg;0;0;0;0;99.66999;85.589;0.0002351622;44.51044;1.439069E-06
C:\Mark's Python files\ME5920\HW3_Gardocki\DefinedTurns\IMG\robocam_2025_04_06_21_54_59_686.jpg;0;0;0;0;99.66999;85.589;0.0002349095;44.51044;-1.270577E-06
C:\Mark's Python files\ME5920\HW3_Gardocki\DefinedTurns\IMG\robocam_2025_04_06_21_54_59_731.jpg;0;0;0;0;99.66999;85.589;0.000234741;44.51044;-3.07701E-06
C:\Mark's Python files\ME5920\HW3_Gardocki\DefinedTurns\IMG\robocam_2025_04_06_21_54_59_774.jpg;0;0;0;0;99.66999;85.589;0.0002345726;44.51044;-4.883437E-06
C:\Mark's Python files\ME5920\HW3_Gardocki\DefinedTurns\IMG\robocam_2025_04_06_21_54_59_818.jpg;0;0;0;0;99.66999;85.589;0.0002345597;44.51044;-6.508923E-06
C:\Mark's Python files\ME5920\HW3_Gardocki\DefinedTurns\IMG\robocam_2025_04_06_21_54_59_858.jpg;0;0;0;0;99.66999;85.589;0.0002346818;44.51044;-7.904252E-06
C:\Mark's Python files\ME5920\HW3_Gardocki\DefinedTurns\IMG\robocam_2025_04_06_21_54_59_900.jpg;0;0;0;0;99.66999;85.589;0.0002347832;44.51044;-9.25037E-06
C:\Mark's Python files\ME5920\HW3_Gardocki\DefinedTurns\IMG\robocam_2025_04_06_21_54_59_943.jpg;0;0;0;0;99.66999;85.589;0.0002351959;44.51044;-1.023459E-05
C:\Mark's Python files\ME5920\HW3_Gardocki\DefinedTurns\IMG\robocam_2025_04_06_21_54_59_985.jpg;0;0;0;0;99.66999;85.589;0.0002355672;44.51044;-1.112039E-05
C:\Mark's Python files\ME5920\HW3_Gardocki\DefinedTurns\IMG\robocam_2025_04_06_21_55_00_027.jpg;0;0;0;0;99.66999;85.589;0.000235856;44.51044;-1.180935E-05
C:\Mark's Python files\ME5920\HW3_Gardocki\DefinedTurns\IMG\robocam_2025_04_06_21_55_00_069.jpg;0;0;0;0;99.66999;85.589;0.0002360005;44.51044;-1.215383E-05
C:\Mark's Python files\ME5920\HW3_Gardocki\DefinedTurns\IMG\robocam_2025_04_06_21_55_00_110.jpg;0;0;0;0;99.66999;85.589;0.0002361036;44.51044;-1.239988E-05
C:\Mark's Python files\ME5920\HW3_Gardocki\DefinedTurns\IMG\robocam_2025_04_06_21_55_00_154.jpg;0;0;0;0;99.66999;85.589;0.0002362068;44.51044;-1.264594E-05
C:\Mark's Python files\ME5920\HW3_Gardocki\DefinedTurns\IMG\robocam_2025_04_06_21_55_00_196.jpg;0;0;0;0;99.66999;85.589;0.000236248;44.51044;-1.274437E-05
C:\Mark's Python files\ME5920\HW3_Gardocki\DefinedTurns\IMG\robocam_2025_04_06_21_55_00_237.jpg;0;0;0;0;99.66999;85.589;0.0002363464;44.51044;-1.270311E-05
C:\Mark's Python files\ME5920\HW3_Gardocki\DefinedTurns\IMG\robocam_2025_04_06_21_55_00_278.jpg;0;0;0;0;99.66999;85.589;0.0002363258;44.51044;-1.26539E-05
C:\Mark's Python files\ME5920\HW3_Gardocki\DefinedTurns\IMG\robocam_2025_04_06_21_55_00_320.jpg;0;0;0;0;99.66999;85.589;0.0002362639;44.51044;-1.250626E-05
C:\Mark's Python files\ME5920\HW3_Gardocki\DefinedTurns\IMG\robocam_2025_04_06_21_55_00_363.jpg;0;0;0;0;99.66999;85.589;0.0002361608;44.51044;-1.22602E-05
C:\Mark's Python files\ME5920\HW3_Gardocki\DefinedTurns\IMG\robocam_2025_04_06_21_55_00_406.jpg;0;0;0;0;99.66999;85.589;0.0002360323;44.51044;-1.167762E-05
C:\Mark's Python files\ME5920\HW3_Gardocki\DefinedTurns\IMG\robocam_2025_04_06_21_55_00_447.jpg;0;0;0;0;99.66999;85.589;0.0002360228;44.51044;-1.110298E-05
C:\Mark's Python files\ME5920\HW3_Gardocki\DefinedTurns\IMG\robocam_2025_04_06_21_55_00_489.jpg;0;0;0;0;99.66999;85.589;0.0002359721;44.51044;-1.042992E-05
C:\Mark's Python files\ME5920\HW3_Gardocki\DefinedTurns\IMG\robocam_2025_04_06_21_55_00_531.jpg;0;0;0;0;99.66999;85.589;0.000236061;44.51044;-9.814026E-06
C:\Mark's Python files\ME5920\HW3_Gardocki\DefinedTurns\IMG\robocam_2025_04_06_21_55_00_571.jpg;0;0;0;0;99.66999;85.589;0.000236269;44.51044;-9.206083E-06
C:\Mark's Python files\ME5920\HW3_Gardocki\DefinedTurns\IMG\robocam_2025_04_06_21_55_00_615.jpg;0;0;0;0;99.66999;85.589;0.0002364564;44.51044;-8.548927E-06
C:\Mark's Python files\ME5920\HW3_Gardocki\DefinedTurns\IMG\robocam_2025_04_06_21_55_00_656.jpg;0;0;0;0;99.66999;85.589;0.0002366025;44.51044;-7.793342E-06
C:\Mark's Python files\ME5920\HW3_Gardocki\DefinedTurns\IMG\robocam_2025_04_06_21_55_00_698.jpg;0;0;0;0;99.66999;85.589;0.000236728;44.51044;-6.988552E-06
C:\Mark's Python files\ME5920\HW3_Gardocki\DefinedTurns\IMG\robocam_2025_04_06_21_55_00_739.jpg;0;0;0;0;99.66999;85.589;0.0002366773;44.51044;-6.31549E-06
C:\Mark's Python files\ME5920\HW3_Gardocki\DefinedTurns\IMG\robocam_2025_04_06_21_55_00_781.jpg;0;0;0;0;99.66999;85.589;0.0002366059;44.51044;-5.593223E-06
C:\Mark's Python files\ME5920\HW3_Gardocki\DefinedTurns\IMG\robocam_2025_04_06_21_55_00_824.jpg;0;0;0;0;99.66999;85.589;0.000236514;44.51044;-4.821738E-06
C:\Mark's Python files\ME5920\HW3_Gardocki\DefinedTurns\IMG\robocam_2025_04_06_21_55_00_866.jpg;0;0;0;0;99.66999;85.589;0.0002363553;44.51044;-3.615309E-06
C:\Mark's Python files\ME5920\HW3_Gardocki\DefinedTurns\IMG\robocam_2025_04_06_21_55_00_909.jpg;0;0;0;0;99.66999;85.589;0.0002362221;44.51044;-2.7454E-06
C:\Mark's Python files\ME5920\HW3_Gardocki\DefinedTurns\IMG\robocam_2025_04_06_21_55_00_952.jpg;0;0;0;0;99.66999;85.589;0.0002360889;44.51044;-1.875498E-06
C:\Mark's Python files\ME5920\HW3_Gardocki\DefinedTurns\IMG\robocam_2025_04_06_21_55_00_993.jpg;0;0;0;0;99.66999;85.589;0.0002359556;44.51044;-1.00559E-06
C:\Mark's Python files\ME5920\HW3_Gardocki\DefinedTurns\IMG\robocam_2025_04_06_21_55_01_036.jpg;0;0;0;0;99.66999;85.589;0.0002358224;44.51044;-1.356885E-07
C:\Mark's Python files\ME5920\HW3_Gardocki\DefinedTurns\IMG\robocam_2025_04_06_21_55_01_077.jpg;0;0;0;0;99.66999;85.589;0.0002356891;44.51044;7.342198E-07
C:\Mark's Python files\ME5920\HW3_Gardocki\DefinedTurns\IMG\robocam_2025_04_06_21_55_01_119.jpg;0;0;0;0;99.66999;85.589;0.0002355559;44.51044;1.604115E-06
C:\Mark's Python files\ME5920\HW3_Gardocki\DefinedTurns\IMG\robocam_2025_04_06_21_55_01_162.jpg;0;0;0;0;99.66999;85.589;0.0002355829;44.51044;2.36764E-06
C:\Mark's Python files\ME5920\HW3_Gardocki\DefinedTurns\IMG\robocam_2025_04_06_21_55_01_204.jpg;0;0;0;0;99.66999;85.589;0.0002357703;44.51044;3.024809E-06
C:\Mark's Python files\ME5920\HW3_Gardocki\DefinedTurns\IMG\robocam_2025_04_06_21_55_01_246.jpg;0;0;0;0;99.66999;85.589;0.0002361133;44.51044;3.862904E-06
C:\Mark's Python files\ME5920\HW3_Gardocki\DefinedTurns\IMG\robocam_2025_04_06_21_55_01_287.jpg;0;0;0;0;99.66999;85.589;0.0002363419;44.51044;4.421642E-06
C:\Mark's Python files\ME5920\HW3_Gardocki\DefinedTurns\IMG\robocam_2025_04_06_21_55_01_330.jpg;0;0;0;0;99.66999;85.589;0.0002366118;44.51044;4.881958E-06
C:\Mark's Python files\ME5920\HW3_Gardocki\DefinedTurns\IMG\robocam_2025_04_06_21_55_01_372.jpg;0;0;0;0;99.66999;85.589;0.0002368817;44.51044;5.342274E-06
C:\Mark's Python files\ME5920\HW3_Gardocki\DefinedTurns\IMG\robocam_2025_04_06_21_55_01_413.jpg;0;0;0;0;99.66999;85.589;0.0002370945;44.51044;5.662895E-06
C:\Mark's Python files\ME5920\HW3_Gardocki\DefinedTurns\IMG\robocam_2025_04_06_21_55_01_454.jpg;0;0;0;0;99.66999;85.589;0.0002372088;44.51044;5.942264E-06
C:\Mark's Python files\ME5920\HW3_Gardocki\DefinedTurns\IMG\robocam_2025_04_06_21_55_01_496.jpg;0;0;0;0;99.66999;85.589;0.0002373437;44.51044;6.172422E-06
C:\Mark's Python files\ME5920\HW3_Gardocki\DefinedTurns\IMG\robocam_2025_04_06_21_55_01_537.jpg;0;0;0;0;99.66999;85.589;0.0002374993;44.51044;6.353368E-06
C:\Mark's Python files\ME5920\HW3_Gardocki\DefinedTurns\IMG\robocam_2025_04_06_21_55_01_578.jpg;0;0;0;0;99.66999;85.589;0.0002376597;44.51044;6.246998E-06
C:\Mark's Python files\ME5920\HW3_Gardocki\DefinedTurns\IMG\robocam_2025_04_06_21_55_01_620.jpg;0;0;0;0;99.66999;85.589;0.000237685;44.51044;5.910464E-06
C:\Mark's Python files\ME5920\HW3_Gardocki\DefinedTurns\IMG\robocam_2025_04_06_21_55_01_661.jpg;0;0;0;0;99.66999;85.589;0.0002375866;44.51044;5.869205E-06
C:\Mark's Python files\ME5920\HW3_Gardocki\DefinedTurns\IMG\robocam_2025_04_06_21_55_01_703.jpg;0;0;0;0;99.66999;85.589;0.000237504;44.51044;6.066052E-06
C:\Mark's Python files\ME5920\HW3_Gardocki\DefinedTurns\IMG\robocam_2025_04_06_21_55_01_746.jpg;0;0;0;0;99.66999;85.589;0.0002376231;44.51044;6.058098E-06
C:\Mark's Python files\ME5920\HW3_Gardocki\DefinedTurns\IMG\robocam_2025_04_06_21_55_01_789.jpg;0;0;0;0;99.66999;85.589;0.0002375819;44.51044;6.156522E-06
C:\Mark's Python files\ME5920\HW3_Gardocki\DefinedTurns\IMG\robocam_2025_04_06_21_55_01_831.jpg;0;0.0067509;0;0;99.67043;85.58942;0.01411048;44.51043;6.000595E-06
C:\Mark's Python files\ME5920\HW3_Gardocki\DefinedTurns\IMG\robocam_2025_04_06_21_55_01_874.jpg;0;0.1328889;0;0.0178217;99.67095;85.58994;0.03015665;44.51001;5.581212E-06
C:\Mark's Python files\ME5920\HW3_Gardocki\DefinedTurns\IMG\robocam_2025_04_06_21_55_01_917.jpg;0;0.2624988;0;0;99.67073;85.58973;0.02093841;44.54434;-2.287013E-06
C:\Mark's Python files\ME5920\HW3_Gardocki\DefinedTurns\IMG\robocam_2025_04_06_21_55_01_958.jpg;0;0.3928215;0;0.02887921;99.67205;85.59103;0.06028348;44.57706;-3.099934E-05
C:\Mark's Python files\ME5920\HW3_Gardocki\DefinedTurns\IMG\robocam_2025_04_06_21_55_02_000.jpg;0;0.5181489;0;0.05069215;99.67408;85.59302;0.119132;44.38807;0.0003605801
C:\Mark's Python files\ME5920\HW3_Gardocki\DefinedTurns\IMG\robocam_2025_04_06_21_55_02_042.jpg;0;0.6455603;0;0.06105445;99.67651;85.59541;0.186875;44.52441;-0.0001131856
C:\Mark's Python files\ME5920\HW3_Gardocki\DefinedTurns\IMG\robocam_2025_04_06_21_55_02_083.jpg;0;0.7706919;0;0.08500295;99.67977;85.59859;0.2744508;44.46064;0.0001029876
C:\Mark's Python files\ME5920\HW3_Gardocki\DefinedTurns\IMG\robocam_2025_04_06_21_55_02_124.jpg;0;0.8972187;0;0.09897505;99.6836;85.60236;0.3732162;44.51543;-0.0001277886
C:\Mark's Python files\ME5920\HW3_Gardocki\DefinedTurns\IMG\robocam_2025_04_06_21_55_02_168.jpg;0;1;0;0.1255306;99.6917;85.61034;0.5605754;44.62067;-0.0004574711
C:\Mark's Python files\ME5920\HW3_Gardocki\DefinedTurns\IMG\robocam_2025_04_06_21_55_02_209.jpg;0;1;0;0.1687967;99.69862;85.61712;0.7082352;44.55793;-0.0002726681
C:\Mark's Python files\ME5920\HW3_Gardocki\DefinedTurns\IMG\robocam_2025_04_06_21_55_02_253.jpg;0;1;0;0.1922897;99.70654;85.6249;0.8649821;44.48499;0.0003766104
C:\Mark's Python files\ME5920\HW3_Gardocki\DefinedTurns\IMG\robocam_2025_04_06_21_55_02_295.jpg;0;1;0;0.2472409;99.71609;85.63426;1.046141;44.5248;-0.0009303414
C:\Mark's Python files\ME5920\HW3_Gardocki\DefinedTurns\IMG\robocam_2025_04_06_21_55_02_338.jpg;0;1;0;0.2815686;99.72614;85.6441;1.212022;44.52984;-0.000564017
C:\Mark's Python files\ME5920\HW3_Gardocki\DefinedTurns\IMG\robocam_2025_04_06_21_55_02_380.jpg;0;1;0;0.3066562;99.73608;85.65369;1.312394;44.3927;-0.0004883799
C:\Mark's Python files\ME5920\HW3_Gardocki\DefinedTurns\IMG\robocam_2025_04_06_21_55_02_422.jpg;0;1;0;0.3323094;99.74525;85.66267;1.282934;44.3505;-0.003011587
C:\Mark's Python files\ME5920\HW3_Gardocki\DefinedTurns\IMG\robocam_2025_04_06_21_55_02_464.jpg;0;1;0;0.4006734;99.75552;85.67279;1.214671;44.34804;-0.002006258
C:\Mark's Python files\ME5920\HW3_Gardocki\DefinedTurns\IMG\robocam_2025_04_06_21_55_02_507.jpg;0;1;0;0.4259926;99.77282;85.6897;1.123548;44.41735;-0.0007103695
C:\Mark's Python files\ME5920\HW3_Gardocki\DefinedTurns\IMG\robocam_2025_04_06_21_55_02_549.jpg;0;1;0;0.4748486;99.78628;85.70277;1.108661;44.43322;-0.0009609954
C:\Mark's Python files\ME5920\HW3_Gardocki\DefinedTurns\IMG\robocam_2025_04_06_21_55_02_591.jpg;0;1;0;0.4874492;99.80066;85.71679;1.110353;44.48786;-0.001325999
C:\Mark's Python files\ME5920\HW3_Gardocki\DefinedTurns\IMG\robocam_2025_04_06_21_55_02_634.jpg;0;1;0;0.5243263;99.81634;85.73206;1.137717;44.4717;-0.0007951534
C:\Mark's Python files\ME5920\HW3_Gardocki\DefinedTurns\IMG\robocam_2025_04_06_21_55_02_678.jpg;0;1;0;0.5570008;99.83337;85.74869;1.190807;44.51867;-0.0009200864
C:\Mark's Python files\ME5920\HW3_Gardocki\DefinedTurns\IMG\robocam_2025_04_06_21_55_02_721.jpg;0;1;0;0.6190473;99.85105;85.76595;1.234406;44.49998;-0.0009816139
C:\Mark's Python files\ME5920\HW3_Gardocki\DefinedTurns\IMG\robocam_2025_04_06_21_55_02_764.jpg;0;1;0;0.627845;99.86895;85.78337;1.233904;44.65724;-0.003080836
C:\Mark's Python files\ME5920\HW3_Gardocki\DefinedTurns\IMG\robocam_2025_04_06_21_55_02_807.jpg;0;1;0;0.6708727;99.89777;85.81158;1.221528;44.71431;-0.0002854921
C:\Mark's Python files\ME5920\HW3_Gardocki\DefinedTurns\IMG\robocam_2025_04_06_21_55_02_849.jpg;0;1;0;0.7007449;99.9177;85.83105;1.19279;44.62922;-2.158914E-05
C:\Mark's Python files\ME5920\HW3_Gardocki\DefinedTurns\IMG\robocam_2025_04_06_21_55_02_894.jpg;0;1;0;0.7425922;99.93941;85.85233;1.201498;44.59988;-2.214962E-05
C:\Mark's Python files\ME5920\HW3_Gardocki\DefinedTurns\IMG\robocam_2025_04_06_21_55_02_938.jpg;0;1;0;0.7713044;99.96175;85.87417;1.202493;44.56653;-0.0008859853
C:\Mark's Python files\ME5920\HW3_Gardocki\DefinedTurns\IMG\robocam_2025_04_06_21_55_02_980.jpg;0;1;0;0.8264811;99.9851;85.89708;1.205251;44.55698;-0.0006420197
C:\Mark's Python files\ME5920\HW3_Gardocki\DefinedTurns\IMG\robocam_2025_04_06_21_55_03_023.jpg;0;1;0;0.8622513;100.0094;85.92088;1.20681;44.5694;-0.000906722
C:\Mark's Python files\ME5920\HW3_Gardocki\DefinedTurns\IMG\robocam_2025_04_06_21_55_03_066.jpg;0;1;0;0.8892126;100.0477;85.95835;1.208239;44.6459;-0.0009839794
C:\Mark's Python files\ME5920\HW3_Gardocki\DefinedTurns\IMG\robocam_2025_04_06_21_55_03_107.jpg;0;1;0;0.9228323;100.0745;85.9845;1.208649;44.61069;-0.0008047273
C:\Mark's Python files\ME5920\HW3_Gardocki\DefinedTurns\IMG\robocam_2025_04_06_21_55_03_150.jpg;0;1;0;0.962191;100.1022;86.0117;1.211875;44.60284;-0.0009564138
C:\Mark's Python files\ME5920\HW3_Gardocki\DefinedTurns\IMG\robocam_2025_04_06_21_55_03_193.jpg;0;1;0;0.9938837;100.1309;86.03976;1.212622;44.59698;-0.00098705
C:\Mark's Python files\ME5920\HW3_Gardocki\DefinedTurns\IMG\robocam_2025_04_06_21_55_03_235.jpg;0;1;0;1.025933;100.1604;86.06859;1.210741;44.61808;-0.001523205
C:\Mark's Python files\ME5920\HW3_Gardocki\DefinedTurns\IMG\robocam_2025_04_06_21_55_03_278.jpg;0;1;0;1.071099;100.1909;86.09844;1.216921;44.63689;-0.001249833
C:\Mark's Python files\ME5920\HW3_Gardocki\DefinedTurns\IMG\robocam_2025_04_06_21_55_03_321.jpg;0;1;0;1.105706;100.2222;86.12912;1.219203;44.65908;-0.0009890537
C:\Mark's Python files\ME5920\HW3_Gardocki\DefinedTurns\IMG\robocam_2025_04_06_21_55_03_363.jpg;0;1;0;1.136798;100.2545;86.16077;1.22173;44.65169;-0.0007987801
C:\Mark's Python files\ME5920\HW3_Gardocki\DefinedTurns\IMG\robocam_2025_04_06_21_55_03_405.jpg;0;1;0;1.164551;100.2876;86.19318;1.22044;44.63696;-0.0007221629
C:\Mark's Python files\ME5920\HW3_Gardocki\DefinedTurns\IMG\robocam_2025_04_06_21_55_03_447.jpg;0;1;0;1.195243;100.3389;86.24351;1.227275;44.59372;-0.0005915073
C:\Mark's Python files\ME5920\HW3_Gardocki\DefinedTurns\IMG\robocam_2025_04_06_21_55_03_488.jpg;0;1;0;1.226752;100.3743;86.27808;1.22907;44.57927;-0.0008198113
C:\Mark's Python files\ME5920\HW3_Gardocki\DefinedTurns\IMG\robocam_2025_04_06_21_55_03_529.jpg;0;1;0;1.256865;100.4105;86.31356;1.231409;44.56015;-0.0006197159
C:\Mark's Python files\ME5920\HW3_Gardocki\DefinedTurns\IMG\robocam_2025_04_06_21_55_03_569.jpg;0;1;0;1.290485;100.4477;86.34989;1.232568;44.54669;-0.0008272312
C:\Mark's Python files\ME5920\HW3_Gardocki\DefinedTurns\IMG\robocam_2025_04_06_21_55_03_612.jpg;0;1;0;1.323514;100.4858;86.38717;1.237408;44.52683;-0.0007909923
C:\Mark's Python files\ME5920\HW3_Gardocki\DefinedTurns\IMG\robocam_2025_04_06_21_55_03_653.jpg;0;1;0;1.352959;100.5248;86.42527;1.240393;44.51168;-0.0007698039
C:\Mark's Python files\ME5920\HW3_Gardocki\DefinedTurns\IMG\robocam_2025_04_06_21_55_03_696.jpg;0;1;0;1.385007;100.5647;86.4642;1.240955;44.50286;-0.0008863983
C:\Mark's Python files\ME5920\HW3_Gardocki\DefinedTurns\IMG\robocam_2025_04_06_21_55_03_738.jpg;0;1;0;1.432236;100.6056;86.50406;1.244414;44.48925;-0.0008811156
C:\Mark's Python files\ME5920\HW3_Gardocki\DefinedTurns\IMG\robocam_2025_04_06_21_55_03_781.jpg;0;1;0;1.464704;100.6473;86.54477;1.246094;44.47861;-0.0008565107
C:\Mark's Python files\ME5920\HW3_Gardocki\DefinedTurns\IMG\robocam_2025_04_06_21_55_03_823.jpg;0;1;0;1.495845;100.69;86.58636;1.249433;44.46907;-0.0008815441
C:\Mark's Python files\ME5920\HW3_Gardocki\DefinedTurns\IMG\robocam_2025_04_06_21_55_03_863.jpg;0;1;0;1.526953;100.7336;86.62881;1.253744;44.46071;-0.0009173591
C:\Mark's Python files\ME5920\HW3_Gardocki\DefinedTurns\IMG\robocam_2025_04_06_21_55_03_904.jpg;0;1;0;1.557138;100.778;86.67208;1.254568;44.45575;-0.0009674506
C:\Mark's Python files\ME5920\HW3_Gardocki\DefinedTurns\IMG\robocam_2025_04_06_21_55_03_945.jpg;0;1;0;1.588211;100.8234;86.71624;1.256661;44.44764;-0.0009671845
C:\Mark's Python files\ME5920\HW3_Gardocki\DefinedTurns\IMG\robocam_2025_04_06_21_55_03_987.jpg;0;1;0;1.619096;100.8931;86.78411;1.261521;44.43493;-0.0009568319
C:\Mark's Python files\ME5920\HW3_Gardocki\DefinedTurns\IMG\robocam_2025_04_06_21_55_04_028.jpg;0;1;0;1.649919;100.9407;86.83041;1.264118;44.42751;-0.0009816517
C:\Mark's Python files\ME5920\HW3_Gardocki\DefinedTurns\IMG\robocam_2025_04_06_21_55_04_071.jpg;0;1;0;1.680674;100.9892;86.87756;1.266585;44.42019;-0.0009838409
C:\Mark's Python files\ME5920\HW3_Gardocki\DefinedTurns\IMG\robocam_2025_04_06_21_55_04_112.jpg;0;1;0;1.726561;101.0386;86.92558;1.271522;44.4138;-0.001028464
C:\Mark's Python files\ME5920\HW3_Gardocki\DefinedTurns\IMG\robocam_2025_04_06_21_55_04_153.jpg;0;1;0;1.758022;101.0888;86.97441;1.272346;44.40604;-0.0009999621
C:\Mark's Python files\ME5920\HW3_Gardocki\DefinedTurns\IMG\robocam_2025_04_06_21_55_04_194.jpg;0;1;0;1.787686;101.14;87.02409;1.275359;44.39946;-0.001030493
C:\Mark's Python files\ME5920\HW3_Gardocki\DefinedTurns\IMG\robocam_2025_04_06_21_55_04_236.jpg;0;1;0;1.818148;101.192;87.07462;1.277124;44.39234;-0.001036845
C:\Mark's Python files\ME5920\HW3_Gardocki\DefinedTurns\IMG\robocam_2025_04_06_21_55_04_277.jpg;0;1;0;1.849105;101.2449;87.12602;1.281491;44.38344;-0.001042025
C:\Mark's Python files\ME5920\HW3_Gardocki\DefinedTurns\IMG\robocam_2025_04_06_21_55_04_319.jpg;0;1;0;1.879433;101.2987;87.17822;1.283558;44.37653;-0.001050191
C:\Mark's Python files\ME5920\HW3_Gardocki\DefinedTurns\IMG\robocam_2025_04_06_21_55_04_361.jpg;0;1;0;1.908866;101.3533;87.23127;1.286869;44.37008;-0.00108969
C:\Mark's Python files\ME5920\HW3_Gardocki\DefinedTurns\IMG\robocam_2025_04_06_21_55_04_401.jpg;0;1;0;1.939631;101.4089;87.28518;1.291802;44.36137;-0.001090493
C:\Mark's Python files\ME5920\HW3_Gardocki\DefinedTurns\IMG\robocam_2025_04_06_21_55_04_443.jpg;0;1;0;1.969784;101.4652;87.33987;1.293468;44.35442;-0.001091454
C:\Mark's Python files\ME5920\HW3_Gardocki\DefinedTurns\IMG\robocam_2025_04_06_21_55_04_484.jpg;0;1;0;1.999036;101.5225;87.39539;1.295577;44.3479;-0.001118089
C:\Mark's Python files\ME5920\HW3_Gardocki\DefinedTurns\IMG\robocam_2025_04_06_21_55_04_526.jpg;0;1;0;2.029593;101.61;87.48022;1.297689;44.33675;-0.001125936
C:\Mark's Python files\ME5920\HW3_Gardocki\DefinedTurns\IMG\robocam_2025_04_06_21_55_04_568.jpg;0;1;0;2.059532;101.6694;87.53781;1.299802;44.32798;-0.001124389
C:\Mark's Python files\ME5920\HW3_Gardocki\DefinedTurns\IMG\robocam_2025_04_06_21_55_04_610.jpg;0;1;0;2.103893;101.7297;87.59626;1.305197;44.32034;-0.001164316
C:\Mark's Python files\ME5920\HW3_Gardocki\DefinedTurns\IMG\robocam_2025_04_06_21_55_04_651.jpg;0;1;0;2.133687;101.7908;87.65547;1.306175;44.31361;-0.001154282
C:\Mark's Python files\ME5920\HW3_Gardocki\DefinedTurns\IMG\robocam_2025_04_06_21_55_04_693.jpg;0;1;0;2.163131;101.8529;87.71555;1.310533;44.30569;-0.001189618
C:\Mark's Python files\ME5920\HW3_Gardocki\DefinedTurns\IMG\robocam_2025_04_06_21_55_04_735.jpg;0;1;0;2.192802;101.9157;87.77637;1.310086;44.29881;-0.001174886
C:\Mark's Python files\ME5920\HW3_Gardocki\DefinedTurns\IMG\robocam_2025_04_06_21_55_04_777.jpg;0;1;0;2.222114;101.9794;87.83804;1.312874;44.29075;-0.00119549
C:\Mark's Python files\ME5920\HW3_Gardocki\DefinedTurns\IMG\robocam_2025_04_06_21_55_04_818.jpg;0;1;0;2.250849;102.0439;87.9005;1.313878;44.28466;-0.001209955
C:\Mark's Python files\ME5920\HW3_Gardocki\DefinedTurns\IMG\robocam_2025_04_06_21_55_04_858.jpg;0;1;0;2.280837;102.1094;87.96377;1.314639;44.27584;-0.001201469
C:\Mark's Python files\ME5920\HW3_Gardocki\DefinedTurns\IMG\robocam_2025_04_06_21_55_04_899.jpg;0;1;0;2.30995;102.1756;88.02788;1.317695;44.268;-0.001215241
C:\Mark's Python files\ME5920\HW3_Gardocki\DefinedTurns\IMG\robocam_2025_04_06_21_55_04_941.jpg;0;1;0;2.339012;102.2428;88.0928;1.322563;44.2605;-0.001236807
C:\Mark's Python files\ME5920\HW3_Gardocki\DefinedTurns\IMG\robocam_2025_04_06_21_55_04_983.jpg;0;1;0;2.368306;102.3107;88.15845;1.32167;44.25346;-0.001225865
C:\Mark's Python files\ME5920\HW3_Gardocki\DefinedTurns\IMG\robocam_2025_04_06_21_55_05_024.jpg;0;1;0;2.397232;102.3795;88.22493;1.323275;44.24515;-0.001242839
C:\Mark's Python files\ME5920\HW3_Gardocki\DefinedTurns\IMG\robocam_2025_04_06_21_55_05_067.jpg;0;1;0;2.426099;102.4843;88.32618;1.328506;44.23359;-0.001271077
C:\Mark's Python files\ME5920\HW3_Gardocki\DefinedTurns\IMG\robocam_2025_04_06_21_55_05_108.jpg;0;1;0;2.454913;102.5553;88.39468;1.333201;44.22612;-0.001290455
C:\Mark's Python files\ME5920\HW3_Gardocki\DefinedTurns\IMG\robocam_2025_04_06_21_55_05_150.jpg;0;1;0;2.483179;102.6269;88.4639;1.331245;44.21895;-0.001275455
C:\Mark's Python files\ME5920\HW3_Gardocki\DefinedTurns\IMG\robocam_2025_04_06_21_55_05_191.jpg;0;1;0;2.512657;102.6995;88.53393;1.331189;44.21046;-0.001276736
C:\Mark's Python files\ME5920\HW3_Gardocki\DefinedTurns\IMG\robocam_2025_04_06_21_55_05_234.jpg;0;1;0;2.541265;102.7729;88.60476;1.332383;44.20244;-0.001292109
C:\Mark's Python files\ME5920\HW3_Gardocki\DefinedTurns\IMG\robocam_2025_04_06_21_55_05_274.jpg;0;1;0;2.584055;102.8472;88.67638;1.33466;44.19455;-0.001294192
C:\Mark's Python files\ME5920\HW3_Gardocki\DefinedTurns\IMG\robocam_2025_04_06_21_55_05_316.jpg;0;1;0;2.612508;102.9223;88.7488;1.337732;44.18667;-0.001309192
C:\Mark's Python files\ME5920\HW3_Gardocki\DefinedTurns\IMG\robocam_2025_04_06_21_55_05_357.jpg;0;1;0;2.640908;102.9982;88.822;1.341256;44.17884;-0.001324459
C:\Mark's Python files\ME5920\HW3_Gardocki\DefinedTurns\IMG\robocam_2025_04_06_21_55_05_400.jpg;0;1;0;2.669256;103.075;88.89597;1.344873;44.17105;-0.001346132
C:\Mark's Python files\ME5920\HW3_Gardocki\DefinedTurns\IMG\robocam_2025_04_06_21_55_05_441.jpg;0;1;0;2.697551;103.1525;88.97073;1.348234;44.16334;-0.001361666
C:\Mark's Python files\ME5920\HW3_Gardocki\DefinedTurns\IMG\robocam_2025_04_06_21_55_05_483.jpg;0;1;0;2.725791;103.2309;89.04625;1.351074;44.15569;-0.00136946
C:\Mark's Python files\ME5920\HW3_Gardocki\DefinedTurns\IMG\robocam_2025_04_06_21_55_05_525.jpg;0;1;0;2.753974;103.3501;89.16095;1.35397;44.14426;-0.001390545
C:\Mark's Python files\ME5920\HW3_Gardocki\DefinedTurns\IMG\robocam_2025_04_06_21_55_05_566.jpg;0;1;0;2.782094;103.4305;89.23837;1.354916;44.13661;-0.001393588
C:\Mark's Python files\ME5920\HW3_Gardocki\DefinedTurns\IMG\robocam_2025_04_06_21_55_05_618.jpg;0;1;0;2.810147;103.5118;89.31655;1.355136;44.12886;-0.001400581
C:\Mark's Python files\ME5920\HW3_Gardocki\DefinedTurns\IMG\robocam_2025_04_06_21_55_05_657.jpg;0;1;0;2.852094;103.5938;89.39548;1.354778;44.12098;-0.001406131
C:\Mark's Python files\ME5920\HW3_Gardocki\DefinedTurns\IMG\robocam_2025_04_06_21_55_05_701.jpg;0;1;0;2.879966;103.6767;89.47518;1.354045;44.1129;-0.001386168
C:\Mark's Python files\ME5920\HW3_Gardocki\DefinedTurns\IMG\robocam_2025_04_06_21_55_05_743.jpg;0;1;0;2.907482;103.7605;89.55572;1.360165;44.10434;-0.001297194
C:\Mark's Python files\ME5920\HW3_Gardocki\DefinedTurns\IMG\robocam_2025_04_06_21_55_05_787.jpg;0;1;0;2.935258;103.8876;89.67789;1.365603;44.09044;-0.001426527
C:\Mark's Python files\ME5920\HW3_Gardocki\DefinedTurns\IMG\robocam_2025_04_06_21_55_05_830.jpg;0;1;0;2.962979;103.9733;89.76025;1.367187;44.08203;-0.00145012
C:\Mark's Python files\ME5920\HW3_Gardocki\DefinedTurns\IMG\robocam_2025_04_06_21_55_05_871.jpg;0;1;0;2.990636;104.0599;89.84335;1.367202;44.0738;-0.001453536
C:\Mark's Python files\ME5920\HW3_Gardocki\DefinedTurns\IMG\robocam_2025_04_06_21_55_05_912.jpg;0;1;0;3.018224;104.1472;89.92718;1.365896;44.06551;-0.001449799
C:\Mark's Python files\ME5920\HW3_Gardocki\DefinedTurns\IMG\robocam_2025_04_06_21_55_05_955.jpg;0;1;0;3.046189;104.2354;90.01183;1.370728;44.05664;-0.001354739
C:\Mark's Python files\ME5920\HW3_Gardocki\DefinedTurns\IMG\robocam_2025_04_06_21_55_05_998.jpg;0;1;0;3.072905;104.3244;90.0972;1.372908;44.04678;-0.001468005
C:\Mark's Python files\ME5920\HW3_Gardocki\DefinedTurns\IMG\robocam_2025_04_06_21_55_06_040.jpg;0;1;0;3.113992;104.4141;90.18328;1.373198;44.03777;-0.001468859
C:\Mark's Python files\ME5920\HW3_Gardocki\DefinedTurns\IMG\robocam_2025_04_06_21_55_06_082.jpg;0;1;0;3.141006;104.5047;90.27018;1.378987;44.02852;-0.001379724
C:\Mark's Python files\ME5920\HW3_Gardocki\DefinedTurns\IMG\robocam_2025_04_06_21_55_06_123.jpg;0;1;0;3.168284;104.5961;90.35776;1.381411;44.0185;-0.001500249
C:\Mark's Python files\ME5920\HW3_Gardocki\DefinedTurns\IMG\robocam_2025_04_06_21_55_06_165.jpg;0;1;0;3.195497;104.6883;90.44606;1.381235;44.00943;-0.001508256
C:\Mark's Python files\ME5920\HW3_Gardocki\DefinedTurns\IMG\robocam_2025_04_06_21_55_06_206.jpg;0;1;0;3.223071;104.828;90.57992;1.38414;43.99567;-0.001412233
C:\Mark's Python files\ME5920\HW3_Gardocki\DefinedTurns\IMG\robocam_2025_04_06_21_55_06_248.jpg;0;1;0;3.249418;104.9221;90.67004;1.384551;43.98542;-0.001518506
C:\Mark's Python files\ME5920\HW3_Gardocki\DefinedTurns\IMG\robocam_2025_04_06_21_55_06_290.jpg;0;1;0;3.276872;105.0172;90.76096;1.38975;43.97544;-0.00142857
C:\Mark's Python files\ME5920\HW3_Gardocki\DefinedTurns\IMG\robocam_2025_04_06_21_55_06_332.jpg;0;1;0;3.303113;105.1129;90.85255;1.390936;43.96492;-0.001541569
C:\Mark's Python files\ME5920\HW3_Gardocki\DefinedTurns\IMG\robocam_2025_04_06_21_55_06_375.jpg;0;1;0;3.343891;105.2094;90.94489;1.393208;43.95634;-0.001098705
C:\Mark's Python files\ME5920\HW3_Gardocki\DefinedTurns\IMG\robocam_2025_04_06_21_55_06_417.jpg;0;1;0;3.36999;105.3068;91.03792;1.394833;43.94468;-0.001556463
C:\Mark's Python files\ME5920\HW3_Gardocki\DefinedTurns\IMG\robocam_2025_04_06_21_55_06_459.jpg;0;1;0;3.397179;105.4049;91.1317;1.397268;43.9356;-0.001108368
C:\Mark's Python files\ME5920\HW3_Gardocki\DefinedTurns\IMG\robocam_2025_04_06_21_55_06_499.jpg;0;1;0;3.423166;105.5038;91.22616;1.398779;43.92364;-0.001572106
C:\Mark's Python files\ME5920\HW3_Gardocki\DefinedTurns\IMG\robocam_2025_04_06_21_55_06_541.jpg;0;1;0;3.450235;105.6035;91.32137;1.400875;43.91434;-0.001120379
C:\Mark's Python files\ME5920\HW3_Gardocki\DefinedTurns\IMG\robocam_2025_04_06_21_55_06_582.jpg;0;1;0;3.476109;105.7039;91.41726;1.401858;43.90221;-0.001588388
C:\Mark's Python files\ME5920\HW3_Gardocki\DefinedTurns\IMG\robocam_2025_04_06_21_55_06_623.jpg;0;1;0;3.50234;105.8052;91.51392;1.406499;43.89115;-0.001495301
C:\Mark's Python files\ME5920\HW3_Gardocki\DefinedTurns\IMG\robocam_2025_04_06_21_55_06_670.jpg;0;1;0;3.528833;105.9585;91.66016;1.408545;43.87566;-0.001152196
C:\Mark's Python files\ME5920\HW3_Gardocki\DefinedTurns\IMG\robocam_2025_04_06_21_55_06_712.jpg;0;1;0;3.55495;106.0617;91.75851;1.408721;43.86326;-0.001616896
C:\Mark's Python files\ME5920\HW3_Gardocki\DefinedTurns\IMG\robocam_2025_04_06_21_55_06_754.jpg;0;1;0;3.594175;106.1657;91.85762;1.412228;43.85191;-0.001523755
C:\Mark's Python files\ME5920\HW3_Gardocki\DefinedTurns\IMG\robocam_2025_04_06_21_55_06_795.jpg;0;1;0;3.620866;106.2705;91.95742;1.414637;43.84121;-0.001177125
C:\Mark's Python files\ME5920\HW3_Gardocki\DefinedTurns\IMG\robocam_2025_04_06_21_55_06_838.jpg;0;1;0;3.646384;106.376;92.05788;1.415035;43.82827;-0.001645937
C:\Mark's Python files\ME5920\HW3_Gardocki\DefinedTurns\IMG\robocam_2025_04_06_21_55_06_878.jpg;0;1;0;3.672245;106.4824;92.15907;1.418359;43.81654;-0.001540947
C:\Mark's Python files\ME5920\HW3_Gardocki\DefinedTurns\IMG\robocam_2025_04_06_21_55_06_928.jpg;0;1;0;3.698059;106.6433;92.31216;1.423539;43.79759;-0.001677863
C:\Mark's Python files\ME5920\HW3_Gardocki\DefinedTurns\IMG\robocam_2025_04_06_21_55_06_970.jpg;0;1;0;3.724139;106.7515;92.41506;1.424073;43.78717;-0.001204993
C:\Mark's Python files\ME5920\HW3_Gardocki\DefinedTurns\IMG\robocam_2025_04_06_21_55_07_013.jpg;0;1;0;3.749834;106.8605;92.51866;1.426398;43.77494;-0.001217698
C:\Mark's Python files\ME5920\HW3_Gardocki\DefinedTurns\IMG\robocam_2025_04_06_21_55_07_054.jpg;0;1;0;3.775473;106.9704;92.62296;1.430191;43.76196;-0.001213217
C:\Mark's Python files\ME5920\HW3_Gardocki\DefinedTurns\IMG\robocam_2025_04_06_21_55_07_096.jpg;0;0.9041638;0;3.812862;107.0809;92.72786;1.429979;43.74819;-0.001698365
C:\Mark's Python files\ME5920\HW3_Gardocki\DefinedTurns\IMG\robocam_2025_04_06_21_55_07_138.jpg;0;0.7838783;0;3.833617;107.192;92.83337;1.430695;43.73648;-0.001101605
C:\Mark's Python files\ME5920\HW3_Gardocki\DefinedTurns\IMG\robocam_2025_04_06_21_55_07_179.jpg;0;0.6525127;0;3.849975;107.3037;92.93929;1.429355;43.72145;-0.001068403
C:\Mark's Python files\ME5920\HW3_Gardocki\DefinedTurns\IMG\robocam_2025_04_06_21_55_07_220.jpg;0;0.5258878;0;3.862225;107.4157;93.04548;1.421252;43.70504;-0.001042778
C:\Mark's Python files\ME5920\HW3_Gardocki\DefinedTurns\IMG\robocam_2025_04_06_21_55_07_260.jpg;0;0.400012;0;3.870505;107.5278;93.15175;1.402183;43.68803;-0.0009953713
C:\Mark's Python files\ME5920\HW3_Gardocki\DefinedTurns\IMG\robocam_2025_04_06_21_55_07_302.jpg;0;0.3176153;0;3.874679;107.64;93.25795;1.36849;43.67084;-0.0009425681
C:\Mark's Python files\ME5920\HW3_Gardocki\DefinedTurns\IMG\robocam_2025_04_06_21_55_07_344.jpg;0;0.4428248;0;3.878367;107.7521;93.36404;1.320143;43.65369;-0.0008989954
C:\Mark's Python files\ME5920\HW3_Gardocki\DefinedTurns\IMG\robocam_2025_04_06_21_55_07_384.jpg;0;0.5642791;0;3.885884;107.8643;93.47018;1.263659;43.63678;-0.0008692461
C:\Mark's Python files\ME5920\HW3_Gardocki\DefinedTurns\IMG\robocam_2025_04_06_21_55_07_426.jpg;0;0.6840205;0;3.897341;108.0332;93.62992;1.178192;43.61213;-0.0008524331
C:\Mark's Python files\ME5920\HW3_Gardocki\DefinedTurns\IMG\robocam_2025_04_06_21_55_07_468.jpg;0;0.8166787;0;3.912262;108.1464;93.737;1.128727;43.59632;-0.0008400094
C:\Mark's Python files\ME5920\HW3_Gardocki\DefinedTurns\IMG\robocam_2025_04_06_21_55_07_511.jpg;0;0.9362408;0;3.931298;108.2605;93.84476;1.091295;43.58107;-0.0008570239
C:\Mark's Python files\ME5920\HW3_Gardocki\DefinedTurns\IMG\robocam_2025_04_06_21_55_07_553.jpg;0;1;0;3.966245;108.3753;93.95333;1.069288;43.56633;-0.0008711876
C:\Mark's Python files\ME5920\HW3_Gardocki\DefinedTurns\IMG\robocam_2025_04_06_21_55_07_596.jpg;0;1;0;3.990836;108.4911;94.06275;1.062732;43.55204;-0.0008951487
C:\Mark's Python files\ME5920\HW3_Gardocki\DefinedTurns\IMG\robocam_2025_04_06_21_55_07_638.jpg;0;1;0;4.015394;108.6079;94.17299;1.069997;43.53807;-0.0009242111
C:\Mark's Python files\ME5920\HW3_Gardocki\DefinedTurns\IMG\robocam_2025_04_06_21_55_07_679.jpg;0;1;0;4.039923;108.7255;94.28403;1.089394;43.52427;-0.0009695818
C:\Mark's Python files\ME5920\HW3_Gardocki\DefinedTurns\IMG\robocam_2025_04_06_21_55_07_723.jpg;0;1;0;4.064427;108.844;94.39584;1.119236;43.51048;-0.001002201
C:\Mark's Python files\ME5920\HW3_Gardocki\DefinedTurns\IMG\robocam_2025_04_06_21_55_07_768.jpg;0;1;0;4.08891;109.0233;94.56496;1.179979;43.48945;-0.001063254
C:\Mark's Python files\ME5920\HW3_Gardocki\DefinedTurns\IMG\robocam_2025_04_06_21_55_07_810.jpg;0;1;0;4.113374;109.1439;94.6786;1.228834;43.47496;-0.001125906
C:\Mark's Python files\ME5920\HW3_Gardocki\DefinedTurns\IMG\robocam_2025_04_06_21_55_07_851.jpg;0;1;0;4.137823;109.2653;94.79294;1.282635;43.45996;-0.001177168
C:\Mark's Python files\ME5920\HW3_Gardocki\DefinedTurns\IMG\robocam_2025_04_06_21_55_07_892.jpg;0;1;0;4.174468;109.3875;94.90795;1.340006;43.44433;-0.001215145
C:\Mark's Python files\ME5920\HW3_Gardocki\DefinedTurns\IMG\robocam_2025_04_06_21_55_07_936.jpg;0;1;0;4.198882;109.5105;95.02361;1.399652;43.42796;-0.001270047
C:\Mark's Python files\ME5920\HW3_Gardocki\DefinedTurns\IMG\robocam_2025_04_06_21_55_07_977.jpg;0;1;0;4.223281;109.6343;95.1399;1.460394;43.41079;-0.001313904
C:\Mark's Python files\ME5920\HW3_Gardocki\DefinedTurns\IMG\robocam_2025_04_06_21_55_08_018.jpg;0;1;0;4.248502;109.7585;95.25648;1.493639;43.39114;-0.00240024
C:\Mark's Python files\ME5920\HW3_Gardocki\DefinedTurns\IMG\robocam_2025_04_06_21_55_08_061.jpg;0;1;0;4.275362;109.883;95.37331;1.487847;43.37606;-0.00204425
C:\Mark's Python files\ME5920\HW3_Gardocki\DefinedTurns\IMG\robocam_2025_04_06_21_55_08_103.jpg;0;1;0;4.300441;110.0082;95.49059;1.465999;43.36022;-0.001422159
C:\Mark's Python files\ME5920\HW3_Gardocki\DefinedTurns\IMG\robocam_2025_04_06_21_55_08_144.jpg;0;1;0;4.324566;110.1342;95.60856;1.451388;43.34221;-0.001239116
C:\Mark's Python files\ME5920\HW3_Gardocki\DefinedTurns\IMG\robocam_2025_04_06_21_55_08_187.jpg;0;1;0;4.348607;110.3247;95.78683;1.443929;43.31344;-0.001245624
C:\Mark's Python files\ME5920\HW3_Gardocki\DefinedTurns\IMG\robocam_2025_04_06_21_55_08_230.jpg;0;1;0;4.3726;110.4528;95.90655;1.447442;43.29377;-0.001254914
C:\Mark's Python files\ME5920\HW3_Gardocki\DefinedTurns\IMG\robocam_2025_04_06_21_55_08_271.jpg;0;1;0;4.408508;110.5817;96.02695;1.456771;43.27389;-0.001264954
C:\Mark's Python files\ME5920\HW3_Gardocki\DefinedTurns\IMG\robocam_2025_04_06_21_55_08_312.jpg;0;1;0;4.432397;110.7114;96.14803;1.471095;43.25383;-0.001288342
C:\Mark's Python files\ME5920\HW3_Gardocki\DefinedTurns\IMG\robocam_2025_04_06_21_55_08_353.jpg;0;1;0;4.455907;110.8418;96.2697;1.485252;43.23294;-0.001809061
C:\Mark's Python files\ME5920\HW3_Gardocki\DefinedTurns\IMG\robocam_2025_04_06_21_55_08_394.jpg;0;1;0;4.480366;110.9728;96.39186;1.488309;43.21576;-0.001960018
C:\Mark's Python files\ME5920\HW3_Gardocki\DefinedTurns\IMG\robocam_2025_04_06_21_55_08_435.jpg;0;1;0;4.492921;111.1047;96.51468;1.494157;43.20112;-0.001357108
C:\Mark's Python files\ME5920\HW3_Gardocki\DefinedTurns\IMG\robocam_2025_04_06_21_55_08_477.jpg;0;1;0;4.529022;111.2372;96.63804;1.495033;43.17801;-0.001223554
C:\Mark's Python files\ME5920\HW3_Gardocki\DefinedTurns\IMG\robocam_2025_04_06_21_55_08_519.jpg;-1.310881;1;0;4.552755;111.3705;96.76196;1.496666;43.14427;-0.001244693
C:\Mark's Python files\ME5920\HW3_Gardocki\DefinedTurns\IMG\robocam_2025_04_06_21_55_08_562.jpg;-3.255102;1;0;4.576563;111.5049;96.88609;1.496213;43.02303;-0.0003759486
C:\Mark's Python files\ME5920\HW3_Gardocki\DefinedTurns\IMG\robocam_2025_04_06_21_55_08_605.jpg;-5.091659;1;0;4.59986;111.6406;97.01019;1.499014;42.77318;0.0002475723
C:\Mark's Python files\ME5920\HW3_Gardocki\DefinedTurns\IMG\robocam_2025_04_06_21_55_08_647.jpg;-7.061381;1;0;4.623438;111.847;97.19552;1.485818;42.11218;0.0007858427
C:\Mark's Python files\ME5920\HW3_Gardocki\DefinedTurns\IMG\robocam_2025_04_06_21_55_08_691.jpg;-8.942179;1;0;4.645957;111.9867;97.31826;1.47544;41.47823;0.0003913715
C:\Mark's Python files\ME5920\HW3_Gardocki\DefinedTurns\IMG\robocam_2025_04_06_21_55_08_735.jpg;-10.93097;1;0;4.667915;112.1285;97.43957;1.450557;40.67624;359.9737
C:\Mark's Python files\ME5920\HW3_Gardocki\DefinedTurns\IMG\robocam_2025_04_06_21_55_08_778.jpg;-12.86094;1;0;4.699812;112.2726;97.55874;1.40071;39.68263;359.9069
C:\Mark's Python files\ME5920\HW3_Gardocki\DefinedTurns\IMG\robocam_2025_04_06_21_55_08_819.jpg;-10.94887;1;0;4.723027;112.4184;97.67577;1.299895;38.55649;359.8302
C:\Mark's Python files\ME5920\HW3_Gardocki\DefinedTurns\IMG\robocam_2025_04_06_21_55_08_863.jpg;-8.966773;1;0;4.745602;112.5661;97.79091;1.166803;37.46928;359.7357
C:\Mark's Python files\ME5920\HW3_Gardocki\DefinedTurns\IMG\robocam_2025_04_06_21_55_08_907.jpg;-7.050219;1;0;4.768536;112.7913;97.96046;0.9332799;36.08344;359.5569
C:\Mark's Python files\ME5920\HW3_Gardocki\DefinedTurns\IMG\robocam_2025_04_06_21_55_08_948.jpg;-5.102686;1;0;4.791349;112.9437;98.07184;0.7604685;35.35493;359.4275
C:\Mark's Python files\ME5920\HW3_Gardocki\DefinedTurns\IMG\robocam_2025_04_06_21_55_08_990.jpg;-2.899658;1;0;4.825956;113.0978;98.18227;0.5819521;34.79576;359.2977
C:\Mark's Python files\ME5920\HW3_Gardocki\DefinedTurns\IMG\robocam_2025_04_06_21_55_09_035.jpg;-0.9640863;1;0;4.847991;113.2535;98.29219;0.4071274;34.41474;359.1737
C:\Mark's Python files\ME5920\HW3_Gardocki\DefinedTurns\IMG\robocam_2025_04_06_21_55_09_079.jpg;0;1;0;4.870904;113.4104;98.40209;0.2395412;34.20331;359.0688
C:\Mark's Python files\ME5920\HW3_Gardocki\DefinedTurns\IMG\robocam_2025_04_06_21_55_09_119.jpg;0;1;0;4.893085;113.5687;98.51208;0.0860264;34.10197;358.981
C:\Mark's Python files\ME5920\HW3_Gardocki\DefinedTurns\IMG\robocam_2025_04_06_21_55_09_161.jpg;0;1;0;4.915205;113.7285;98.62228;359.954;34.05865;358.91
C:\Mark's Python files\ME5920\HW3_Gardocki\DefinedTurns\IMG\robocam_2025_04_06_21_55_09_204.jpg;0;1;0;4.933667;113.89;98.73381;359.9036;34.07098;358.8881
C:\Mark's Python files\ME5920\HW3_Gardocki\DefinedTurns\IMG\robocam_2025_04_06_21_55_09_246.jpg;0;1;0;4.954791;114.1357;98.90366;359.9778;34.11574;358.953
C:\Mark's Python files\ME5920\HW3_Gardocki\DefinedTurns\IMG\robocam_2025_04_06_21_55_09_289.jpg;0;1;0;4.978168;114.3012;99.01711;0.05103641;34.12885;359.0002
C:\Mark's Python files\ME5920\HW3_Gardocki\DefinedTurns\IMG\robocam_2025_04_06_21_55_09_333.jpg;-0.904284;1;0;5.000166;114.4676;99.13089;0.1307423;34.13207;359.06
C:\Mark's Python files\ME5920\HW3_Gardocki\DefinedTurns\IMG\robocam_2025_04_06_21_55_09_375.jpg;-2.758351;1;0;5.011653;114.6347;99.2443;0.2156609;34.05962;359.1245
C:\Mark's Python files\ME5920\HW3_Gardocki\DefinedTurns\IMG\robocam_2025_04_06_21_55_09_417.jpg;-4.679158;1;0;5.011522;114.8024;99.35684;0.3056684;33.86109;359.183
C:\Mark's Python files\ME5920\HW3_Gardocki\DefinedTurns\IMG\robocam_2025_04_06_21_55_09_459.jpg;-6.562232;1;0;5.01142;114.9709;99.46814;0.3973128;33.51061;359.2284
C:\Mark's Python files\ME5920\HW3_Gardocki\DefinedTurns\IMG\robocam_2025_04_06_21_55_09_501.jpg;-8.467128;1;0;5.011356;115.1404;99.57783;0.4853185;32.99942;359.2553
C:\Mark's Python files\ME5920\HW3_Gardocki\DefinedTurns\IMG\robocam_2025_04_06_21_55_09_544.jpg;-10.33884;1;0;5.01126;115.3107;99.68552;0.5537846;32.32121;359.2695
C:\Mark's Python files\ME5920\HW3_Gardocki\DefinedTurns\IMG\robocam_2025_04_06_21_55_09_587.jpg;-12.29453;1;0;5.005888;115.5683;99.84193;0.6102664;30.91422;359.2501
C:\Mark's Python files\ME5920\HW3_Gardocki\DefinedTurns\IMG\robocam_2025_04_06_21_55_09_628.jpg;-14.14755;1;0;5.005279;115.7401;99.94218;0.539704;29.71701;359.2578
C:\Mark's Python files\ME5920\HW3_Gardocki\DefinedTurns\IMG\robocam_2025_04_06_21_55_09_670.jpg;-15;1;0;5.025254;115.9146;100.0367;0.4588578;28.46171;359.154
C:\Mark's Python files\ME5920\HW3_Gardocki\DefinedTurns\IMG\robocam_2025_04_06_21_55_09_714.jpg;-14.90887;1;0;4.982955;116.0891;100.1275;0.3066246;27.21115;359.0479
C:\Mark's Python files\ME5920\HW3_Gardocki\DefinedTurns\IMG\robocam_2025_04_06_21_55_09_763.jpg;-12.63685;1;0;5.013616;116.2658;100.2154;0.1446205;25.80334;358.9265
C:\Mark's Python files\ME5920\HW3_Gardocki\DefinedTurns\IMG\robocam_2025_04_06_21_55_09_806.jpg;-10.76933;1;0;5.009738;116.5334;100.3419;359.9182;23.99023;358.7563
C:\Mark's Python files\ME5920\HW3_Gardocki\DefinedTurns\IMG\robocam_2025_04_06_21_55_09_845.jpg;-8.861302;1;0;5.003291;116.7149;100.4249;359.8994;23.0965;358.726
C:\Mark's Python files\ME5920\HW3_Gardocki\DefinedTurns\IMG\robocam_2025_04_06_21_55_09_887.jpg;-7.037755;1;0;5.003197;116.899;100.5067;359.9843;22.41828;358.7484
C:\Mark's Python files\ME5920\HW3_Gardocki\DefinedTurns\IMG\robocam_2025_04_06_21_55_09_927.jpg;-5.147048;1;0;5.003616;117.0844;100.5864;0.06254811;21.81902;358.8189
C:\Mark's Python files\ME5920\HW3_Gardocki\DefinedTurns\IMG\robocam_2025_04_06_21_55_09_971.jpg;-3.258271;1;0;5.008277;117.2694;100.664;0.0874033;21.24848;358.9309
C:\Mark's Python files\ME5920\HW3_Gardocki\DefinedTurns\IMG\robocam_2025_04_06_21_55_10_013.jpg;-1.353718;1;0;5.017035;117.4555;100.7389;0.09593918;20.80138;359.0158
C:\Mark's Python files\ME5920\HW3_Gardocki\DefinedTurns\IMG\robocam_2025_04_06_21_55_10_053.jpg;0;1;0;5.012061;117.6427;100.8116;0.1182694;20.54422;359.0641
C:\Mark's Python files\ME5920\HW3_Gardocki\DefinedTurns\IMG\robocam_2025_04_06_21_55_10_095.jpg;0;1;0;5.01149;117.8306;100.8834;0.1585686;20.4147;359.098
C:\Mark's Python files\ME5920\HW3_Gardocki\DefinedTurns\IMG\robocam_2025_04_06_21_55_10_137.jpg;0;1;0;5.011535;118.019;100.9545;0.216179;20.3504;359.129
C:\Mark's Python files\ME5920\HW3_Gardocki\DefinedTurns\IMG\robocam_2025_04_06_21_55_10_178.jpg;0;1;0;5.011142;118.2078;101.0255;0.2867935;20.32267;359.1667
C:\Mark's Python files\ME5920\HW3_Gardocki\DefinedTurns\IMG\robocam_2025_04_06_21_55_10_224.jpg;0;1;0;5.00507;118.3972;101.0963;0.38197;20.3055;359.2063
C:\Mark's Python files\ME5920\HW3_Gardocki\DefinedTurns\IMG\robocam_2025_04_06_21_55_10_266.jpg;0;1;0;5.005961;118.6814;101.2025;0.5320655;20.2936;359.2964
C:\Mark's Python files\ME5920\HW3_Gardocki\DefinedTurns\IMG\robocam_2025_04_06_21_55_10_307.jpg;0;1;0;5.00599;118.8708;101.2733;0.6291289;20.29698;359.3771
C:\Mark's Python files\ME5920\HW3_Gardocki\DefinedTurns\IMG\robocam_2025_04_06_21_55_10_348.jpg;0;1;0;5.007373;119.0602;101.3441;0.7296538;20.30367;359.4676
C:\Mark's Python files\ME5920\HW3_Gardocki\DefinedTurns\IMG\robocam_2025_04_06_21_55_10_394.jpg;0;1;0;5.007817;119.2498;101.4148;0.8388956;20.31631;359.5594
C:\Mark's Python files\ME5920\HW3_Gardocki\DefinedTurns\IMG\robocam_2025_04_06_21_55_10_436.jpg;0;1;0;5.008958;119.4396;101.4857;0.9554629;20.33259;359.6537
C:\Mark's Python files\ME5920\HW3_Gardocki\DefinedTurns\IMG\robocam_2025_04_06_21_55_10_479.jpg;0;1;0;5.018839;119.6295;101.5566;1.08292;20.34937;359.7479
C:\Mark's Python files\ME5920\HW3_Gardocki\DefinedTurns\IMG\robocam_2025_04_06_21_55_10_522.jpg;0;1;0;5.02661;119.8195;101.6278;1.213774;20.36539;359.8461
C:\Mark's Python files\ME5920\HW3_Gardocki\DefinedTurns\IMG\robocam_2025_04_06_21_55_10_564.jpg;0;1;0;5.013047;120.0088;101.6989;1.3301;20.42744;359.9487
C:\Mark's Python files\ME5920\HW3_Gardocki\DefinedTurns\IMG\robocam_2025_04_06_21_55_10_606.jpg;0;1;0;5.006686;120.2941;101.8043;1.513981;20.41897;-0.001099297
C:\Mark's Python files\ME5920\HW3_Gardocki\DefinedTurns\IMG\robocam_2025_04_06_21_55_10_647.jpg;0;1;0;5.00564;120.4819;101.873;1.484514;20.39668;-0.004648115
C:\Mark's Python files\ME5920\HW3_Gardocki\DefinedTurns\IMG\robocam_2025_04_06_21_55_10_690.jpg;0;1;0;5.036562;120.6688;101.9416;1.418782;20.37222;-0.0006617173
C:\Mark's Python files\ME5920\HW3_Gardocki\DefinedTurns\IMG\robocam_2025_04_06_21_55_10_733.jpg;0;1;0;5.006491;120.8564;102.0103;1.380025;20.35155;-0.001402783
C:\Mark's Python files\ME5920\HW3_Gardocki\DefinedTurns\IMG\robocam_2025_04_06_21_55_10_777.jpg;0;1;0;5.0106;121.0443;102.079;1.350919;20.33098;-0.001392198
C:\Mark's Python files\ME5920\HW3_Gardocki\DefinedTurns\IMG\robocam_2025_04_06_21_55_10_819.jpg;0;1;0;5.017187;121.2325;102.1478;1.333189;20.31355;-0.001569607
C:\Mark's Python files\ME5920\HW3_Gardocki\DefinedTurns\IMG\robocam_2025_04_06_21_55_10_862.jpg;0;1;0;5.02544;121.4208;102.2167;1.326688;20.30544;-0.002094441
C:\Mark's Python files\ME5920\HW3_Gardocki\DefinedTurns\IMG\robocam_2025_04_06_21_55_10_905.jpg;0;1;0;5.013973;121.703;102.3196;1.320648;20.21265;-0.001520334
C:\Mark's Python files\ME5920\HW3_Gardocki\DefinedTurns\IMG\robocam_2025_04_06_21_55_10_948.jpg;0;1;0;5.008676;121.8917;102.3883;1.332868;20.19472;-0.00156459
C:\Mark's Python files\ME5920\HW3_Gardocki\DefinedTurns\IMG\robocam_2025_04_06_21_55_10_990.jpg;0;1;0;5.005062;122.0806;102.457;1.352045;20.18139;-0.001860464
C:\Mark's Python files\ME5920\HW3_Gardocki\DefinedTurns\IMG\robocam_2025_04_06_21_55_11_031.jpg;0;1;0;4.996933;122.2692;102.5255;1.368281;20.12886;-0.001360289
C:\Mark's Python files\ME5920\HW3_Gardocki\DefinedTurns\IMG\robocam_2025_04_06_21_55_11_073.jpg;0;1;0;5.014302;122.4582;102.594;1.395128;20.10635;-0.001376851
C:\Mark's Python files\ME5920\HW3_Gardocki\DefinedTurns\IMG\robocam_2025_04_06_21_55_11_114.jpg;0;1;0;5.016709;122.6473;102.6624;1.424865;20.08253;-0.001275826
C:\Mark's Python files\ME5920\HW3_Gardocki\DefinedTurns\IMG\robocam_2025_04_06_21_55_11_155.jpg;0;1;0;5.021656;122.8364;102.7307;1.456124;20.05429;-0.001008419
C:\Mark's Python files\ME5920\HW3_Gardocki\DefinedTurns\IMG\robocam_2025_04_06_21_55_11_196.jpg;0;1;0;5.014225;123.0258;102.7991;1.491699;20.03248;-0.001584554
C:\Mark's Python files\ME5920\HW3_Gardocki\DefinedTurns\IMG\robocam_2025_04_06_21_55_11_237.jpg;0;1;0;5.016188;123.2152;102.8673;1.527749;20.01064;-0.001646714
C:\Mark's Python files\ME5920\HW3_Gardocki\DefinedTurns\IMG\robocam_2025_04_06_21_55_11_279.jpg;0;1;0;5.031903;123.4035;102.935;1.48033;19.98164;-0.001964548
C:\Mark's Python files\ME5920\HW3_Gardocki\DefinedTurns\IMG\robocam_2025_04_06_21_55_11_320.jpg;0;1;0;5.010261;123.5908;103.0022;1.428992;19.96243;-0.001336518
C:\Mark's Python files\ME5920\HW3_Gardocki\DefinedTurns\IMG\robocam_2025_04_06_21_55_11_363.jpg;0;1;0;5.010213;123.7792;103.0697;1.399939;19.93777;-0.001333992
C:\Mark's Python files\ME5920\HW3_Gardocki\DefinedTurns\IMG\robocam_2025_04_06_21_55_11_405.jpg;0;1;0;5.008408;124.0621;103.171;1.376719;19.90677;-0.001474252
C:\Mark's Python files\ME5920\HW3_Gardocki\DefinedTurns\IMG\robocam_2025_04_06_21_55_11_448.jpg;0;1;0;5.004551;124.251;103.2386;1.372577;19.88942;-0.001683751
C:\Mark's Python files\ME5920\HW3_Gardocki\DefinedTurns\IMG\robocam_2025_04_06_21_55_11_491.jpg;0;1;0;4.996047;124.4396;103.3059;1.36818;19.84595;-0.00130686
C:\Mark's Python files\ME5920\HW3_Gardocki\DefinedTurns\IMG\robocam_2025_04_06_21_55_11_531.jpg;0;1;0;5.014169;124.6287;103.3733;1.376666;19.82284;-0.001334407
C:\Mark's Python files\ME5920\HW3_Gardocki\DefinedTurns\IMG\robocam_2025_04_06_21_55_11_574.jpg;0;1;0;5.016266;124.8178;103.4407;1.390562;19.79898;-0.001250987
C:\Mark's Python files\ME5920\HW3_Gardocki\DefinedTurns\IMG\robocam_2025_04_06_21_55_11_617.jpg;0;1;0;4.998949;125.0071;103.508;1.408494;19.77187;-0.001031457
C:\Mark's Python files\ME5920\HW3_Gardocki\DefinedTurns\IMG\robocam_2025_04_06_21_55_11_657.jpg;0;1;0;4.98316;125.1962;103.5752;1.427828;19.7312;-0.0003124715
C:\Mark's Python files\ME5920\HW3_Gardocki\DefinedTurns\IMG\robocam_2025_04_06_21_55_11_698.jpg;0;1;0;5.013972;125.3857;103.6424;1.455813;19.70973;-0.001639881
C:\Mark's Python files\ME5920\HW3_Gardocki\DefinedTurns\IMG\robocam_2025_04_06_21_55_11_742.jpg;0;1;0;5.015771;125.5754;103.7095;1.485659;19.68929;-0.001676308
C:\Mark's Python files\ME5920\HW3_Gardocki\DefinedTurns\IMG\robocam_2025_04_06_21_55_11_785.jpg;0;1;0;5.01969;125.8593;103.8097;1.505153;19.63393;-0.0006090574
C:\Mark's Python files\ME5920\HW3_Gardocki\DefinedTurns\IMG\robocam_2025_04_06_21_55_11_829.jpg;0;1;0;5.034807;126.048;103.8762;1.491349;19.57627;-9.912468E-05
C:\Mark's Python files\ME5920\HW3_Gardocki\DefinedTurns\IMG\robocam_2025_04_06_21_55_11_873.jpg;0;1;0;5.00857;126.2373;103.9427;1.491696;19.54686;-0.001667558
C:\Mark's Python files\ME5920\HW3_Gardocki\DefinedTurns\IMG\robocam_2025_04_06_21_55_11_913.jpg;0;1;0;5.010094;126.4266;104.0092;1.495597;19.52243;-0.001631637
C:\Mark's Python files\ME5920\HW3_Gardocki\DefinedTurns\IMG\robocam_2025_04_06_21_55_11_957.jpg;0;1;0;5.017356;126.6162;104.0755;1.504456;19.50274;-0.001839395
C:\Mark's Python files\ME5920\HW3_Gardocki\DefinedTurns\IMG\robocam_2025_04_06_21_55_11_998.jpg;0;1;0;5.023409;126.8058;104.1418;1.518106;19.49169;-0.002377687
C:\Mark's Python files\ME5920\HW3_Gardocki\DefinedTurns\IMG\robocam_2025_04_06_21_55_12_040.jpg;0;1;0;5.017618;126.9944;104.2075;1.482025;19.40479;-0.00100416
C:\Mark's Python files\ME5920\HW3_Gardocki\DefinedTurns\IMG\robocam_2025_04_06_21_55_12_081.jpg;0;1;0;5.009249;127.1836;104.2733;1.462162;19.36995;-0.001324261
C:\Mark's Python files\ME5920\HW3_Gardocki\DefinedTurns\IMG\robocam_2025_04_06_21_55_12_123.jpg;0;1;0;5.006412;127.3728;104.339;1.449811;19.33916;-0.00119209
C:\Mark's Python files\ME5920\HW3_Gardocki\DefinedTurns\IMG\robocam_2025_04_06_21_55_12_164.jpg;0;1;0;5.000313;127.5622;104.4046;1.44376;19.30614;-0.0008486536
C:\Mark's Python files\ME5920\HW3_Gardocki\DefinedTurns\IMG\robocam_2025_04_06_21_55_12_205.jpg;0;1;0;4.985403;127.8465;104.5029;1.445306;19.24134;-0.001326599
C:\Mark's Python files\ME5920\HW3_Gardocki\DefinedTurns\IMG\robocam_2025_04_06_21_55_12_247.jpg;0;1;0;5.013917;128.0362;104.5684;1.455083;19.21645;-0.001414679
C:\Mark's Python files\ME5920\HW3_Gardocki\DefinedTurns\IMG\robocam_2025_04_06_21_55_12_289.jpg;0;1;0;5.015506;128.2261;104.6338;1.468954;19.18993;-0.001226742
C:\Mark's Python files\ME5920\HW3_Gardocki\DefinedTurns\IMG\robocam_2025_04_06_21_55_12_330.jpg;0;1;0;5.019292;128.416;104.6991;1.485755;19.15736;-0.0007967854
C:\Mark's Python files\ME5920\HW3_Gardocki\DefinedTurns\IMG\robocam_2025_04_06_21_55_12_371.jpg;0;1;0;5.027548;128.6059;104.7642;1.502966;19.10252;0.0004895407
C:\Mark's Python files\ME5920\HW3_Gardocki\DefinedTurns\IMG\robocam_2025_04_06_21_55_12_412.jpg;0;1;0;5.013991;128.7962;104.8293;1.528045;19.07959;-0.001804185
C:\Mark's Python files\ME5920\HW3_Gardocki\DefinedTurns\IMG\robocam_2025_04_06_21_55_12_452.jpg;0;1;0;5.032804;128.9854;104.894;1.469745;19.04882;-0.001999608
C:\Mark's Python files\ME5920\HW3_Gardocki\DefinedTurns\IMG\robocam_2025_04_06_21_55_12_496.jpg;0;1;0;5.009535;129.1735;104.9581;1.407391;19.02856;-0.001381182
C:\Mark's Python files\ME5920\HW3_Gardocki\DefinedTurns\IMG\robocam_2025_04_06_21_55_12_537.jpg;0;1;0;5.010344;129.3628;105.0226;1.370257;19.00403;-0.001326663
C:\Mark's Python files\ME5920\HW3_Gardocki\DefinedTurns\IMG\robocam_2025_04_06_21_55_12_579.jpg;0;1;0;5.008572;129.5523;105.087;1.344255;18.98006;-0.001243383
C:\Mark's Python files\ME5920\HW3_Gardocki\DefinedTurns\IMG\robocam_2025_04_06_21_55_12_620.jpg;0;1;0;5.004683;129.7419;105.1514;1.328191;18.95516;-0.001106094
C:\Mark's Python files\ME5920\HW3_Gardocki\DefinedTurns\IMG\robocam_2025_04_06_21_55_12_662.jpg;0;1;0;4.995841;129.9316;105.2157;1.320284;18.92478;-0.0007658249
C:\Mark's Python files\ME5920\HW3_Gardocki\DefinedTurns\IMG\robocam_2025_04_06_21_55_12_703.jpg;0;1;0;5.014207;130.1218;105.2801;1.324066;18.90389;-0.001406327
C:\Mark's Python files\ME5920\HW3_Gardocki\DefinedTurns\IMG\robocam_2025_04_06_21_55_12_744.jpg;0;1;0;5.01653;130.312;105.3445;1.334938;18.88403;-0.001460883
C:\Mark's Python files\ME5920\HW3_Gardocki\DefinedTurns\IMG\robocam_2025_04_06_21_55_12_786.jpg;0;1;0;5.021595;130.5972;105.4408;1.357258;18.84121;-0.000987613
C:\Mark's Python files\ME5920\HW3_Gardocki\DefinedTurns\IMG\robocam_2025_04_06_21_55_12_827.jpg;0;1;0;5.016725;130.7878;105.505;1.382132;18.82053;-0.001459417
C:\Mark's Python files\ME5920\HW3_Gardocki\DefinedTurns\IMG\robocam_2025_04_06_21_55_12_868.jpg;0;1;0;5.008524;130.9785;105.5692;1.41087;18.8001;-0.001526797
C:\Mark's Python files\ME5920\HW3_Gardocki\DefinedTurns\IMG\robocam_2025_04_06_21_55_12_910.jpg;0;1;0;5.005159;131.1692;105.6333;1.44321;18.78121;-0.001700883
C:\Mark's Python files\ME5920\HW3_Gardocki\DefinedTurns\IMG\robocam_2025_04_06_21_55_12_950.jpg;0;1;0;5.016922;131.3596;105.6972;1.470835;18.74699;-0.001462196
C:\Mark's Python files\ME5920\HW3_Gardocki\DefinedTurns\IMG\robocam_2025_04_06_21_55_12_992.jpg;0;1;0;5.008898;131.5504;105.7611;1.505111;18.72343;-0.001476364
C:\Mark's Python files\ME5920\HW3_Gardocki\DefinedTurns\IMG\robocam_2025_04_06_21_55_13_031.jpg;0;1;0;5.006041;131.7404;105.8246;1.492367;18.70036;-0.004144983
C:\Mark's Python files\ME5920\HW3_Gardocki\DefinedTurns\IMG\robocam_2025_04_06_21_55_13_073.jpg;0;1;0;4.980413;131.9297;105.8879;1.441864;18.67822;-0.001364282
C:\Mark's Python files\ME5920\HW3_Gardocki\DefinedTurns\IMG\robocam_2025_04_06_21_55_13_114.jpg;0;1;0;5.013477;132.1194;105.9511;1.410265;18.65455;-0.001451268
C:\Mark's Python files\ME5920\HW3_Gardocki\DefinedTurns\IMG\robocam_2025_04_06_21_55_13_155.jpg;0;1;0;5.010206;132.3094;106.0144;1.386932;18.63168;-0.001394034
C:\Mark's Python files\ME5920\HW3_Gardocki\DefinedTurns\IMG\robocam_2025_04_06_21_55_13_197.jpg;0;1;0;5.008388;132.4995;106.0776;1.373527;18.61076;-0.001475051
C:\Mark's Python files\ME5920\HW3_Gardocki\DefinedTurns\IMG\robocam_2025_04_06_21_55_13_237.jpg;0;1;0;5.022677;132.6898;106.1409;1.369592;18.59357;-0.00168946
C:\Mark's Python files\ME5920\HW3_Gardocki\DefinedTurns\IMG\robocam_2025_04_06_21_55_13_277.jpg;0;1;0;5.015988;132.8799;106.2039;1.365333;18.54974;-0.001302375
C:\Mark's Python files\ME5920\HW3_Gardocki\DefinedTurns\IMG\robocam_2025_04_06_21_55_13_320.jpg;0;0.8846479;0;5.008789;133.0705;106.2671;1.374066;18.52667;-0.001329601
C:\Mark's Python files\ME5920\HW3_Gardocki\DefinedTurns\IMG\robocam_2025_04_06_21_55_13_373.jpg;0;0.7554004;0;5.004825;133.3563;106.3616;1.389215;18.50076;-0.001597026
C:\Mark's Python files\ME5920\HW3_Gardocki\DefinedTurns\IMG\robocam_2025_04_06_21_55_13_414.jpg;0;0.6271086;0;4.999173;133.5467;106.4245;1.392143;18.48811;-0.001933834
C:\Mark's Python files\ME5920\HW3_Gardocki\DefinedTurns\IMG\robocam_2025_04_06_21_55_13_454.jpg;0;0.5039233;0;4.985836;133.7362;106.4869;1.373904;18.42464;-0.001274624
C:\Mark's Python files\ME5920\HW3_Gardocki\DefinedTurns\IMG\robocam_2025_04_06_21_55_13_494.jpg;0;0.3804616;0;5.004048;133.926;106.5494;1.347469;18.40206;-0.001266657
C:\Mark's Python files\ME5920\HW3_Gardocki\DefinedTurns\IMG\robocam_2025_04_06_21_55_13_535.jpg;0;0.2558497;0;4.998375;134.1153;106.6116;1.301702;18.37874;-0.001083291
C:\Mark's Python files\ME5920\HW3_Gardocki\DefinedTurns\IMG\robocam_2025_04_06_21_55_13_577.jpg;0;0.1327138;0;4.995068;134.3043;106.6735;1.237514;18.35841;-0.001129539
C:\Mark's Python files\ME5920\HW3_Gardocki\DefinedTurns\IMG\robocam_2025_04_06_21_55_13_623.jpg;0;0;0;4.987179;134.4926;106.7352;1.150202;18.33875;-0.001014221
C:\Mark's Python files\ME5920\HW3_Gardocki\DefinedTurns\IMG\robocam_2025_04_06_21_55_13_664.jpg;0;0;0;4.976687;134.6801;106.7966;1.039265;18.31973;-0.0008832139
C:\Mark's Python files\ME5920\HW3_Gardocki\DefinedTurns\IMG\robocam_2025_04_06_21_55_13_706.jpg;0;0;0;4.966056;134.96;106.8882;0.8364974;18.29298;-0.0006308725
C:\Mark's Python files\ME5920\HW3_Gardocki\DefinedTurns\IMG\robocam_2025_04_06_21_55_13_747.jpg;0;0;0;4.955425;135.1458;106.949;0.6828116;18.2766;-0.0003561022
C:\Mark's Python files\ME5920\HW3_Gardocki\DefinedTurns\IMG\robocam_2025_04_06_21_55_13_787.jpg;0;0;0;4.94478;135.331;107.0096;0.5186533;18.26154;7.150647E-06
C:\Mark's Python files\ME5920\HW3_Gardocki\DefinedTurns\IMG\robocam_2025_04_06_21_55_13_829.jpg;0;0;0;4.934119;135.5156;107.07;0.3474089;18.24906;0.002373521
C:\Mark's Python files\ME5920\HW3_Gardocki\DefinedTurns\IMG\robocam_2025_04_06_21_55_13_871.jpg;0;0;0;4.918241;135.6998;107.1303;0.1722593;18.23916;0.007535147
C:\Mark's Python files\ME5920\HW3_Gardocki\DefinedTurns\IMG\robocam_2025_04_06_21_55_13_912.jpg;0;0;0;4.907515;135.8835;107.1905;-0.00405699;18.23213;0.01595755
C:\Mark's Python files\ME5920\HW3_Gardocki\DefinedTurns\IMG\robocam_2025_04_06_21_55_13_954.jpg;0;0;0;4.896289;136.0674;107.2506;359.851;18.2178;0.003494874
C:\Mark's Python files\ME5920\HW3_Gardocki\DefinedTurns\IMG\robocam_2025_04_06_21_55_13_995.jpg;0;0;0;4.88489;136.2511;107.3108;359.7265;18.21022;0.0002608575
C:\Mark's Python files\ME5920\HW3_Gardocki\DefinedTurns\IMG\robocam_2025_04_06_21_55_14_037.jpg;0;0;0;4.87331;136.4346;107.3711;359.6171;18.20565;-0.0002527493
C:\Mark's Python files\ME5920\HW3_Gardocki\DefinedTurns\IMG\robocam_2025_04_06_21_55_14_078.jpg;0;0;0;4.861812;136.6178;107.4313;359.5178;18.20213;-0.00156158
C:\Mark's Python files\ME5920\HW3_Gardocki\DefinedTurns\IMG\robocam_2025_04_06_21_55_14_120.jpg;0;0;0;4.850365;136.8007;107.4914;359.4286;18.19987;-0.00229175
C:\Mark's Python files\ME5920\HW3_Gardocki\DefinedTurns\IMG\robocam_2025_04_06_21_55_14_163.jpg;0;0;0;4.839378;136.9833;107.5514;359.3391;18.19868;-0.002480271
C:\Mark's Python files\ME5920\HW3_Gardocki\DefinedTurns\IMG\robocam_2025_04_06_21_55_14_203.jpg;0;0;0;4.827205;137.1659;107.6114;359.285;18.19833;-0.001636251
C:\Mark's Python files\ME5920\HW3_Gardocki\DefinedTurns\IMG\robocam_2025_04_06_21_55_14_245.jpg;0;0;0;4.816061;137.439;107.7012;359.1992;18.19851;0.0006683833
C:\Mark's Python files\ME5920\HW3_Gardocki\DefinedTurns\IMG\robocam_2025_04_06_21_55_14_286.jpg;0;0;0;4.80512;137.6205;107.7609;359.1423;18.19855;0.001905196
C:\Mark's Python files\ME5920\HW3_Gardocki\DefinedTurns\IMG\robocam_2025_04_06_21_55_14_328.jpg;0;0;0;4.793054;137.8024;107.82;359.1232;18.18092;359.9604
C:\Mark's Python files\ME5920\HW3_Gardocki\DefinedTurns\IMG\robocam_2025_04_06_21_55_14_368.jpg;0;0;0;4.781536;137.9838;107.8793;359.1017;18.17211;359.9318
C:\Mark's Python files\ME5920\HW3_Gardocki\DefinedTurns\IMG\robocam_2025_04_06_21_55_14_410.jpg;0;0;0;4.770648;138.1646;107.9387;359.0791;18.16768;359.9089
C:\Mark's Python files\ME5920\HW3_Gardocki\DefinedTurns\IMG\robocam_2025_04_06_21_55_14_454.jpg;0;0;0;4.754391;138.345;107.9979;359.0558;18.16557;359.8894
C:\Mark's Python files\ME5920\HW3_Gardocki\DefinedTurns\IMG\robocam_2025_04_06_21_55_14_494.jpg;0;0;0;4.742;138.5254;108.0581;359.0761;18.18505;359.9234
C:\Mark's Python files\ME5920\HW3_Gardocki\DefinedTurns\IMG\robocam_2025_04_06_21_55_14_535.jpg;0;0;0;4.730614;138.7054;108.1176;359.0931;18.19568;359.9462
C:\Mark's Python files\ME5920\HW3_Gardocki\DefinedTurns\IMG\robocam_2025_04_06_21_55_14_576.jpg;0;0;0;4.719899;138.8851;108.1768;359.1062;18.20159;359.9634
C:\Mark's Python files\ME5920\HW3_Gardocki\DefinedTurns\IMG\robocam_2025_04_06_21_55_14_618.jpg;0;0;0;4.709213;139.0643;108.2357;359.1156;18.20448;359.9783
C:\Mark's Python files\ME5920\HW3_Gardocki\DefinedTurns\IMG\robocam_2025_04_06_21_55_14_659.jpg;0;0;0;4.698556;139.243;108.2945;359.1215;18.20586;359.9919
C:\Mark's Python files\ME5920\HW3_Gardocki\DefinedTurns\IMG\robocam_2025_04_06_21_55_14_701.jpg;0;0;0.0394035;4.687923;139.4213;108.3531;359.1241;18.20644;0.004630182
C:\Mark's Python files\ME5920\HW3_Gardocki\DefinedTurns\IMG\robocam_2025_04_06_21_55_14_741.jpg;0;0;0.1309443;4.670067;139.5993;108.4112;359.1373;18.19629;359.9925
C:\Mark's Python files\ME5920\HW3_Gardocki\DefinedTurns\IMG\robocam_2025_04_06_21_55_14_782.jpg;0;0;0.255081;4.637406;139.776;108.4688;359.1374;18.1844;359.9701
C:\Mark's Python files\ME5920\HW3_Gardocki\DefinedTurns\IMG\robocam_2025_04_06_21_55_14_824.jpg;0;0;0.379455;4.588959;139.9501;108.5259;359.0861;18.17823;359.9547
C:\Mark's Python files\ME5920\HW3_Gardocki\DefinedTurns\IMG\robocam_2025_04_06_21_55_14_864.jpg;0;0;0.5021505;4.52415;140.1207;108.5819;358.965;18.17488;359.9425
C:\Mark's Python files\ME5920\HW3_Gardocki\DefinedTurns\IMG\robocam_2025_04_06_21_55_14_904.jpg;0;0;0.6273581;4.453208;140.2879;108.6379;358.8269;18.20665;-0.004658098
C:\Mark's Python files\ME5920\HW3_Gardocki\DefinedTurns\IMG\robocam_2025_04_06_21_55_14_946.jpg;0;0;0.7502477;4.346129;140.5326;108.718;358.6049;18.22202;359.9897
C:\Mark's Python files\ME5920\HW3_Gardocki\DefinedTurns\IMG\robocam_2025_04_06_21_55_14_988.jpg;0;0;0.8757086;4.286391;140.6942;108.7711;358.5728;18.20677;359.9877
C:\Mark's Python files\ME5920\HW3_Gardocki\DefinedTurns\IMG\robocam_2025_04_06_21_55_15_030.jpg;0;0;0.9993583;4.212989;140.8537;108.8239;358.5858;18.21543;0.01440931
C:\Mark's Python files\ME5920\HW3_Gardocki\DefinedTurns\IMG\robocam_2025_04_06_21_55_15_071.jpg;0;0;1;4.112722;141.0113;108.8751;358.6956;18.34068;359.9929
C:\Mark's Python files\ME5920\HW3_Gardocki\DefinedTurns\IMG\robocam_2025_04_06_21_55_15_113.jpg;0;0;1;4.038646;141.164;108.9256;358.7787;18.40423;359.9934
C:\Mark's Python files\ME5920\HW3_Gardocki\DefinedTurns\IMG\robocam_2025_04_06_21_55_15_153.jpg;0;0;1;3.899732;141.3105;108.9744;358.7679;18.44778;0.01380946
C:\Mark's Python files\ME5920\HW3_Gardocki\DefinedTurns\IMG\robocam_2025_04_06_21_55_15_202.jpg;0;0;1;3.727919;141.4498;109.0202;358.6689;18.45434;-0.004603082
C:\Mark's Python files\ME5920\HW3_Gardocki\DefinedTurns\IMG\robocam_2025_04_06_21_55_15_247.jpg;0;0;1;3.556105;141.6505;109.0871;358.4955;18.45681;0.006878986
C:\Mark's Python files\ME5920\HW3_Gardocki\DefinedTurns\IMG\robocam_2025_04_06_21_55_15_289.jpg;0;0;1;3.482674;141.7812;109.1301;358.45;18.46416;359.9923
C:\Mark's Python files\ME5920\HW3_Gardocki\DefinedTurns\IMG\robocam_2025_04_06_21_55_15_332.jpg;0;0;1;3.401709;141.9094;109.1727;358.4399;18.46385;359.9917
C:\Mark's Python files\ME5920\HW3_Gardocki\DefinedTurns\IMG\robocam_2025_04_06_21_55_15_379.jpg;0;0;1;3.282904;142.0369;109.2152;358.5782;18.4604;0.0007810698
C:\Mark's Python files\ME5920\HW3_Gardocki\DefinedTurns\IMG\robocam_2025_04_06_21_55_15_420.jpg;0;0;1;3.142265;142.1601;109.256;358.6961;18.46061;-0.005698707
C:\Mark's Python files\ME5920\HW3_Gardocki\DefinedTurns\IMG\robocam_2025_04_06_21_55_15_463.jpg;0;0;1;3.047604;142.2775;109.2951;358.7339;18.46192;0.002562
C:\Mark's Python files\ME5920\HW3_Gardocki\DefinedTurns\IMG\robocam_2025_04_06_21_55_15_504.jpg;0;0;1;2.909169;142.3879;109.3317;358.6931;18.46259;0.004292983
C:\Mark's Python files\ME5920\HW3_Gardocki\DefinedTurns\IMG\robocam_2025_04_06_21_55_15_546.jpg;0;0;1;2.820582;142.5481;109.3845;358.6963;18.30441;359.9666
C:\Mark's Python files\ME5920\HW3_Gardocki\DefinedTurns\IMG\robocam_2025_04_06_21_55_15_589.jpg;0;0;1;2.716346;142.6503;109.4195;358.7196;18.16925;0.04234078
C:\Mark's Python files\ME5920\HW3_Gardocki\DefinedTurns\IMG\robocam_2025_04_06_21_55_15_631.jpg;0;0;1;2.628257;142.7492;109.4517;358.757;18.17135;0.07244556
C:\Mark's Python files\ME5920\HW3_Gardocki\DefinedTurns\IMG\robocam_2025_04_06_21_55_15_675.jpg;0;0;1;2.504856;142.8433;109.4811;358.7495;18.24179;0.02886042
C:\Mark's Python files\ME5920\HW3_Gardocki\DefinedTurns\IMG\robocam_2025_04_06_21_55_15_717.jpg;0;0;1;2.395692;142.9323;109.51;358.7173;18.27347;359.9934
C:\Mark's Python files\ME5920\HW3_Gardocki\DefinedTurns\IMG\robocam_2025_04_06_21_55_15_758.jpg;0;0;1;2.21309;143.0168;109.5381;358.676;18.29951;-0.005696138
C:\Mark's Python files\ME5920\HW3_Gardocki\DefinedTurns\IMG\robocam_2025_04_06_21_55_15_799.jpg;0;0;1;2.134885;143.0988;109.5654;358.6886;18.33002;-0.005306099
C:\Mark's Python files\ME5920\HW3_Gardocki\DefinedTurns\IMG\robocam_2025_04_06_21_55_15_843.jpg;0;0;1;2.015859;143.1775;109.5916;358.722;18.3532;-0.004508246
C:\Mark's Python files\ME5920\HW3_Gardocki\DefinedTurns\IMG\robocam_2025_04_06_21_55_15_884.jpg;0;0;1;1.894877;143.2508;109.6159;358.7101;18.3678;-0.004118527
C:\Mark's Python files\ME5920\HW3_Gardocki\DefinedTurns\IMG\robocam_2025_04_06_21_55_15_925.jpg;0;0;1;1.782887;143.3519;109.6495;358.6375;18.38059;-0.0005133697
C:\Mark's Python files\ME5920\HW3_Gardocki\DefinedTurns\IMG\robocam_2025_04_06_21_55_15_966.jpg;0;0;1;1.684169;143.4149;109.6703;358.6126;18.38554;-0.0007194084
C:\Mark's Python files\ME5920\HW3_Gardocki\DefinedTurns\IMG\robocam_2025_04_06_21_55_16_008.jpg;0;0;1;1.606412;143.4763;109.6906;358.6752;18.39097;-0.00158017
C:\Mark's Python files\ME5920\HW3_Gardocki\DefinedTurns\IMG\robocam_2025_04_06_21_55_16_049.jpg;0;0;1;1.484341;143.5324;109.7092;358.6904;18.39503;0.001485314
C:\Mark's Python files\ME5920\HW3_Gardocki\DefinedTurns\IMG\robocam_2025_04_06_21_55_16_093.jpg;0;0;1;1.356943;143.5828;109.7258;358.6463;18.42963;0.003133957
C:\Mark's Python files\ME5920\HW3_Gardocki\DefinedTurns\IMG\robocam_2025_04_06_21_55_16_135.jpg;0;0;1;1.248392;143.629;109.741;358.5932;18.43768;0.00114643
C:\Mark's Python files\ME5920\HW3_Gardocki\DefinedTurns\IMG\robocam_2025_04_06_21_55_16_177.jpg;0;0;1;1.152501;143.6738;109.7557;358.6309;18.44467;4.029895E-05
C:\Mark's Python files\ME5920\HW3_Gardocki\DefinedTurns\IMG\robocam_2025_04_06_21_55_16_220.jpg;0;0;1;1.031996;143.7132;109.7688;358.6246;18.45105;0.003052053
C:\Mark's Python files\ME5920\HW3_Gardocki\DefinedTurns\IMG\robocam_2025_04_06_21_55_16_261.jpg;0;0;1;0.9128187;143.7483;109.7803;358.6003;18.4466;0.003144212
C:\Mark's Python files\ME5920\HW3_Gardocki\DefinedTurns\IMG\robocam_2025_04_06_21_55_16_302.jpg;0;0;1;0.7930803;143.7788;109.79;358.5563;18.3391;-0.003504466
C:\Mark's Python files\ME5920\HW3_Gardocki\DefinedTurns\IMG\robocam_2025_04_06_21_55_16_344.jpg;0;0;1;0.6730407;143.8055;109.798;358.5452;18.1591;-0.005285655
C:\Mark's Python files\ME5920\HW3_Gardocki\DefinedTurns\IMG\robocam_2025_04_06_21_55_16_387.jpg;0;0;1;0.5286052;143.8354;109.8062;358.5294;17.95591;359.9915
C:\Mark's Python files\ME5920\HW3_Gardocki\DefinedTurns\IMG\robocam_2025_04_06_21_55_16_429.jpg;0;0;1;0.3897165;143.8486;109.8094;358.507;17.83398;359.9912
C:\Mark's Python files\ME5920\HW3_Gardocki\DefinedTurns\IMG\robocam_2025_04_06_21_55_16_469.jpg;0;0;1;0.242226;143.8552;109.8096;358.4527;17.49936;359.9745
C:\Mark's Python files\ME5920\HW3_Gardocki\DefinedTurns\IMG\robocam_2025_04_06_21_55_16_513.jpg;0;0;1;0.06950559;143.8555;109.8095;358.3885;17.48079;0.04996803
C:\Mark's Python files\ME5920\HW3_Gardocki\DefinedTurns\IMG\robocam_2025_04_06_21_55_16_554.jpg;0;0;1;0.02712162;143.8556;109.8095;358.4427;17.47369;0.06883709
C:\Mark's Python files\ME5920\HW3_Gardocki\DefinedTurns\IMG\robocam_2025_04_06_21_55_16_594.jpg;0;0;1;-0.04882248;143.8556;109.8095;358.6051;17.46654;0.0323698
C:\Mark's Python files\ME5920\HW3_Gardocki\DefinedTurns\IMG\robocam_2025_04_06_21_55_16_635.jpg;0;0;1;-0.1045171;143.8555;109.8095;358.8415;17.47417;359.9913
C:\Mark's Python files\ME5920\HW3_Gardocki\DefinedTurns\IMG\robocam_2025_04_06_21_55_16_676.jpg;0;0;1;-0.1079282;143.8554;109.8095;359.0833;17.47451;359.9795
C:\Mark's Python files\ME5920\HW3_Gardocki\DefinedTurns\IMG\robocam_2025_04_06_21_55_16_717.jpg;0;0;1;-0.1057972;143.8553;109.8094;359.3209;17.47447;359.9683
C:\Mark's Python files\ME5920\HW3_Gardocki\DefinedTurns\IMG\robocam_2025_04_06_21_55_16_761.jpg;0;0;1;-0.1028889;143.8552;109.8094;359.5527;17.47453;359.9581
C:\Mark's Python files\ME5920\HW3_Gardocki\DefinedTurns\IMG\robocam_2025_04_06_21_55_16_804.jpg;0;0;0;-0.09925931;143.8551;109.8094;359.7769;17.47466;359.9489
C:\Mark's Python files\ME5920\HW3_Gardocki\DefinedTurns\IMG\robocam_2025_04_06_21_55_16_845.jpg;0;0;0;-0.09496769;143.8551;109.8094;359.9921;17.47484;359.9408
C:\Mark's Python files\ME5920\HW3_Gardocki\DefinedTurns\IMG\robocam_2025_04_06_21_55_16_885.jpg;0;0;0;-0.09007625;143.855;109.8093;0.2949025;17.47519;359.9306
C:\Mark's Python files\ME5920\HW3_Gardocki\DefinedTurns\IMG\robocam_2025_04_06_21_55_16_926.jpg;0;0;0;-0.08465249;143.8549;109.8093;0.4816462;17.47543;359.9251
C:\Mark's Python files\ME5920\HW3_Gardocki\DefinedTurns\IMG\robocam_2025_04_06_21_55_16_966.jpg;0;0;0;-0.07876703;143.8548;109.8093;0.6464064;17.47594;359.9296
C:\Mark's Python files\ME5920\HW3_Gardocki\DefinedTurns\IMG\robocam_2025_04_06_21_55_17_008.jpg;0;0;0;-0.06580192;143.8548;109.8093;0.7883474;17.47607;359.9444
C:\Mark's Python files\ME5920\HW3_Gardocki\DefinedTurns\IMG\robocam_2025_04_06_21_55_17_048.jpg;0;0;0;-0.05715056;143.8548;109.8093;0.9105578;17.47598;359.9655
C:\Mark's Python files\ME5920\HW3_Gardocki\DefinedTurns\IMG\robocam_2025_04_06_21_55_17_088.jpg;0;0;0;-0.04616037;143.8547;109.8093;1.015097;17.47571;359.99
C:\Mark's Python files\ME5920\HW3_Gardocki\DefinedTurns\IMG\robocam_2025_04_06_21_55_17_129.jpg;0;0;0;-0.03670796;143.8547;109.8092;1.100927;17.47509;0.00849304
C:\Mark's Python files\ME5920\HW3_Gardocki\DefinedTurns\IMG\robocam_2025_04_06_21_55_17_171.jpg;0;0;0;-0.027584;143.8547;109.8092;1.166456;17.47473;0.02014785
C:\Mark's Python files\ME5920\HW3_Gardocki\DefinedTurns\IMG\robocam_2025_04_06_21_55_17_214.jpg;-1.227735;0;0;-0.01067122;143.8548;109.8088;1.19743;17.42793;0.004808596
C:\Mark's Python files\ME5920\HW3_Gardocki\DefinedTurns\IMG\robocam_2025_04_06_21_55_17_255.jpg;-3.126343;0;0;0;143.8548;109.8088;1.193684;17.15711;-0.001928506
C:\Mark's Python files\ME5920\HW3_Gardocki\DefinedTurns\IMG\robocam_2025_04_06_21_55_17_307.jpg;-5.051416;0;0;0.01532094;143.8548;109.8088;1.142467;16.39172;0.0008881544
C:\Mark's Python files\ME5920\HW3_Gardocki\DefinedTurns\IMG\robocam_2025_04_06_21_55_17_347.jpg;-6.905547;0;0;0.02001296;143.8548;109.8088;1.095367;15.60052;0.00674599
C:\Mark's Python files\ME5920\HW3_Gardocki\DefinedTurns\IMG\robocam_2025_04_06_21_55_17_388.jpg;-8.716635;0;0;0.0233363;143.8548;109.8088;1.041303;14.59142;0.0149617
C:\Mark's Python files\ME5920\HW3_Gardocki\DefinedTurns\IMG\robocam_2025_04_06_21_55_17_431.jpg;-10.63188;0;0;0.02624695;143.8548;109.8088;0.9812584;13.35394;0.02483116
C:\Mark's Python files\ME5920\HW3_Gardocki\DefinedTurns\IMG\robocam_2025_04_06_21_55_17_473.jpg;-12.47621;0;0;0.02880391;143.8549;109.8088;0.9158206;11.89802;0.03485603
C:\Mark's Python files\ME5920\HW3_Gardocki\DefinedTurns\IMG\robocam_2025_04_06_21_55_17_517.jpg;-14.48958;0;0;0.0310564;143.8549;109.8088;0.8456914;10.24057;0.0435392
C:\Mark's Python files\ME5920\HW3_Gardocki\DefinedTurns\IMG\robocam_2025_04_06_21_55_17_560.jpg;-15;0;0;0.03374551;143.8549;109.8089;0.7718967;8.440529;0.04916291
C:\Mark's Python files\ME5920\HW3_Gardocki\DefinedTurns\IMG\robocam_2025_04_06_21_55_17_603.jpg;-15;0;0;0.03505814;143.8549;109.8089;0.6955917;6.640556;0.04951617
C:\Mark's Python files\ME5920\HW3_Gardocki\DefinedTurns\IMG\robocam_2025_04_06_21_55_17_646.jpg;-15;0;0;0.03593247;143.8549;109.8089;0.5785835;3.940689;0.040581
C:\Mark's Python files\ME5920\HW3_Gardocki\DefinedTurns\IMG\robocam_2025_04_06_21_55_17_688.jpg;-15;0;0;0.03649751;143.855;109.8089;0.5003197;2.140846;0.02875401
C:\Mark's Python files\ME5920\HW3_Gardocki\DefinedTurns\IMG\robocam_2025_04_06_21_55_17_729.jpg;-15;0;0;0.03671858;143.855;109.8089;0.422914;0.34095;0.01268936
C:\Mark's Python files\ME5920\HW3_Gardocki\DefinedTurns\IMG\robocam_2025_04_06_21_55_17_769.jpg;-15;0;0;0.03660399;143.855;109.8089;0.3471682;358.5411;359.9929
C:\Mark's Python files\ME5920\HW3_Gardocki\DefinedTurns\IMG\robocam_2025_04_06_21_55_17_810.jpg;-15;0;0;0.03617109;143.855;109.8089;0.2738028;356.7412;359.9697
C:\Mark's Python files\ME5920\HW3_Gardocki\DefinedTurns\IMG\robocam_2025_04_06_21_55_17_853.jpg;-15;0;0;0.03543989;143.8551;109.8089;0.2034524;354.9413;359.9439
C:\Mark's Python files\ME5920\HW3_Gardocki\DefinedTurns\IMG\robocam_2025_04_06_21_55_17_894.jpg;-15;0;0;0.03383365;143.8551;109.8089;0.1366611;353.1413;359.916
C:\Mark's Python files\ME5920\HW3_Gardocki\DefinedTurns\IMG\robocam_2025_04_06_21_55_17_935.jpg;-15;0;0;0.03245863;143.8551;109.8089;0.07388451;351.3412;359.8864
C:\Mark's Python files\ME5920\HW3_Gardocki\DefinedTurns\IMG\robocam_2025_04_06_21_55_17_977.jpg;-15;0;0;0.03087093;143.8551;109.8089;0.0154889;349.5412;359.8559
C:\Mark's Python files\ME5920\HW3_Gardocki\DefinedTurns\IMG\robocam_2025_04_06_21_55_18_026.jpg;-15;0;0;0.02909873;143.8552;109.809;359.9367;346.841;359.8096
C:\Mark's Python files\ME5920\HW3_Gardocki\DefinedTurns\IMG\robocam_2025_04_06_21_55_18_067.jpg;-15;0;0;0.02717147;143.8552;109.809;359.8903;345.0408;359.7792
C:\Mark's Python files\ME5920\HW3_Gardocki\DefinedTurns\IMG\robocam_2025_04_06_21_55_18_110.jpg;-15;0;0;0.02511914;143.8552;109.809;359.8488;343.2406;359.7498
C:\Mark's Python files\ME5920\HW3_Gardocki\DefinedTurns\IMG\robocam_2025_04_06_21_55_18_154.jpg;-15;0;0;0.02297369;143.8553;109.809;359.8124;341.4404;359.7219
C:\Mark's Python files\ME5920\HW3_Gardocki\DefinedTurns\IMG\robocam_2025_04_06_21_55_18_197.jpg;-15;0;0;0.02076823;143.8553;109.809;359.7809;339.6403;359.6958
C:\Mark's Python files\ME5920\HW3_Gardocki\DefinedTurns\IMG\robocam_2025_04_06_21_55_18_239.jpg;-15;0;0;0.01568896;143.8553;109.809;359.7568;337.8402;359.6753
C:\Mark's Python files\ME5920\HW3_Gardocki\DefinedTurns\IMG\robocam_2025_04_06_21_55_18_283.jpg;-15;0;0;0.01243655;143.8553;109.809;359.7394;336.0402;359.6599
C:\Mark's Python files\ME5920\HW3_Gardocki\DefinedTurns\IMG\robocam_2025_04_06_21_55_18_325.jpg;-15;0;0;0;143.8553;109.809;359.7227;333.3403;359.6449
C:\Mark's Python files\ME5920\HW3_Gardocki\DefinedTurns\IMG\robocam_2025_04_06_21_55_18_369.jpg;-15;0;0;0;143.8553;109.809;359.7175;331.5403;359.6408
C:\Mark's Python files\ME5920\HW3_Gardocki\DefinedTurns\IMG\robocam_2025_04_06_21_55_18_413.jpg;-15;0;0;0;143.8553;109.809;359.7158;329.7404;359.6406
C:\Mark's Python files\ME5920\HW3_Gardocki\DefinedTurns\IMG\robocam_2025_04_06_21_55_18_456.jpg;-15;0;0;0;143.8553;109.8089;359.7169;327.9406;359.644
C:\Mark's Python files\ME5920\HW3_Gardocki\DefinedTurns\IMG\robocam_2025_04_06_21_55_18_496.jpg;-15;0;0;0;143.8553;109.8089;359.7202;326.1406;359.6505
C:\Mark's Python files\ME5920\HW3_Gardocki\DefinedTurns\IMG\robocam_2025_04_06_21_55_18_537.jpg;-15;0;0;0;143.8553;109.8089;359.725;324.3407;359.6598
C:\Mark's Python files\ME5920\HW3_Gardocki\DefinedTurns\IMG\robocam_2025_04_06_21_55_18_580.jpg;-15;0;0;0;143.8553;109.8089;359.731;322.5408;359.6716
C:\Mark's Python files\ME5920\HW3_Gardocki\DefinedTurns\IMG\robocam_2025_04_06_21_55_18_622.jpg;-15;0;0;0.01037768;143.8553;109.8089;359.7381;320.741;359.6859
C:\Mark's Python files\ME5920\HW3_Gardocki\DefinedTurns\IMG\robocam_2025_04_06_21_55_18_663.jpg;-15;0;0;0.01118512;143.8553;109.8089;359.7459;318.941;359.7024
C:\Mark's Python files\ME5920\HW3_Gardocki\DefinedTurns\IMG\robocam_2025_04_06_21_55_18_704.jpg;-15;0;0;0.011911;143.8553;109.8089;359.7542;317.1412;359.7208
C:\Mark's Python files\ME5920\HW3_Gardocki\DefinedTurns\IMG\robocam_2025_04_06_21_55_18_746.jpg;-15;0;0;-0.01253909;143.8553;109.8089;359.7672;314.4414;359.7517
C:\Mark's Python files\ME5920\HW3_Gardocki\DefinedTurns\IMG\robocam_2025_04_06_21_55_18_786.jpg;-15;0;0;-0.0130578;143.8553;109.8089;359.776;312.6415;359.774
C:\Mark's Python files\ME5920\HW3_Gardocki\DefinedTurns\IMG\robocam_2025_04_06_21_55_18_829.jpg;-15;0;0;-0.01346264;143.8553;109.8089;359.7846;310.8416;359.7974
C:\Mark's Python files\ME5920\HW3_Gardocki\DefinedTurns\IMG\robocam_2025_04_06_21_55_18_871.jpg;-15;0;0;-0.01375212;143.8553;109.8089;359.7931;309.0417;359.8216
C:\Mark's Python files\ME5920\HW3_Gardocki\DefinedTurns\IMG\robocam_2025_04_06_21_55_18_918.jpg;-13.5089;0;0;-0.0139244;143.8553;109.8089;359.801;307.3472;359.8467
C:\Mark's Python files\ME5920\HW3_Gardocki\DefinedTurns\IMG\robocam_2025_04_06_21_55_18_958.jpg;-11.58774;0;0;-0.01394549;143.8552;109.8089;359.8081;305.8455;359.8727
C:\Mark's Python files\ME5920\HW3_Gardocki\DefinedTurns\IMG\robocam_2025_04_06_21_55_19_001.jpg;-9.653449;0;0;-0.01380817;143.8552;109.8089;359.8148;304.5658;359.8993
C:\Mark's Python files\ME5920\HW3_Gardocki\DefinedTurns\IMG\robocam_2025_04_06_21_55_19_046.jpg;-7.356721;0;0;-0.01356296;143.8552;109.8089;359.8245;303.0747;359.9395
C:\Mark's Python files\ME5920\HW3_Gardocki\DefinedTurns\IMG\robocam_2025_04_06_21_55_19_088.jpg;-5.432093;0;0.1142013;-0.01319472;143.8552;109.8089;359.8307;303.0747;359.9682
C:\Mark's Python files\ME5920\HW3_Gardocki\DefinedTurns\IMG\robocam_2025_04_06_21_55_19_141.jpg;-3.444745;0;0.2466912;-0.01246902;143.8552;109.8088;359.8381;303.0747;-0.004504014
C:\Mark's Python files\ME5920\HW3_Gardocki\DefinedTurns\IMG\robocam_2025_04_06_21_55_19_183.jpg;-1.541389;0;0.3735816;-0.01191818;143.8552;109.8088;359.8465;303.0747;0.02119052
C:\Mark's Python files\ME5920\HW3_Gardocki\DefinedTurns\IMG\robocam_2025_04_06_21_55_19_226.jpg;0;0;0.5017758;-0.01132575;143.8552;109.8088;359.8608;303.0747;0.05646966
C:\Mark's Python files\ME5920\HW3_Gardocki\DefinedTurns\IMG\robocam_2025_04_06_21_55_19_266.jpg;0;0;0.6259641;-0.0107009;143.8552;109.8088;359.8713;303.0747;0.07764643
C:\Mark's Python files\ME5920\HW3_Gardocki\DefinedTurns\IMG\robocam_2025_04_06_21_55_19_309.jpg;0;0;0.7508493;-0.01005361;143.8551;109.8088;359.8824;303.0747;0.09684547
C:\Mark's Python files\ME5920\HW3_Gardocki\DefinedTurns\IMG\robocam_2025_04_06_21_55_19_350.jpg;0;0;0.8777328;0;143.8551;109.8088;359.8939;303.0747;0.1140061
C:\Mark's Python files\ME5920\HW3_Gardocki\DefinedTurns\IMG\robocam_2025_04_06_21_55_19_393.jpg;0;0;1;0;143.8551;109.8088;359.9058;303.0747;0.1290902
C:\Mark's Python files\ME5920\HW3_Gardocki\DefinedTurns\IMG\robocam_2025_04_06_21_55_19_433.jpg;0;0;1;0;143.8551;109.8088;359.9179;303.0747;0.1420803
C:\Mark's Python files\ME5920\HW3_Gardocki\DefinedTurns\IMG\robocam_2025_04_06_21_55_19_475.jpg;0;0;1;0;143.8551;109.8088;359.9302;303.0747;0.1529795
C:\Mark's Python files\ME5920\HW3_Gardocki\DefinedTurns\IMG\robocam_2025_04_06_21_55_19_516.jpg;0;0;1;0;143.8551;109.8088;359.9424;303.0747;0.1618105
C:\Mark's Python files\ME5920\HW3_Gardocki\DefinedTurns\IMG\robocam_2025_04_06_21_55_19_557.jpg;0;0;1;0;143.8551;109.8088;359.9546;303.0747;0.1686126
C:\Mark's Python files\ME5920\HW3_Gardocki\DefinedTurns\IMG\robocam_2025_04_06_21_55_19_597.jpg;0;0;1;0;143.8551;109.8088;359.9665;303.0747;0.1734433
C:\Mark's Python files\ME5920\HW3_Gardocki\DefinedTurns\IMG\robocam_2025_04_06_21_55_19_638.jpg;0;0;1;0;143.8551;109.8088;359.9782;303.0747;0.1763751
C:\Mark's Python files\ME5920\HW3_Gardocki\DefinedTurns\IMG\robocam_2025_04_06_21_55_19_679.jpg;0;0;1;0;143.8551;109.8088;359.9895;303.0747;0.177493
C:\Mark's Python files\ME5920\HW3_Gardocki\DefinedTurns\IMG\robocam_2025_04_06_21_55_19_720.jpg;0;0;1;0;143.8551;109.8088;0.0002772363;303.0747;0.1768942
C:\Mark's Python files\ME5920\HW3_Gardocki\DefinedTurns\IMG\robocam_2025_04_06_21_55_19_763.jpg;0;0;1;0;143.8551;109.8088;0.01056007;303.0747;0.1746862
C:\Mark's Python files\ME5920\HW3_Gardocki\DefinedTurns\IMG\robocam_2025_04_06_21_55_19_810.jpg;0;0;1;0;143.8551;109.8088;0.02485125;303.0747;0.1686116
C:\Mark's Python files\ME5920\HW3_Gardocki\DefinedTurns\IMG\robocam_2025_04_06_21_55_19_850.jpg;0;0;1;0;143.8551;109.8088;0.03354727;303.0747;0.1629012
C:\Mark's Python files\ME5920\HW3_Gardocki\DefinedTurns\IMG\robocam_2025_04_06_21_55_19_893.jpg;0;0;1;0;143.8551;109.8088;0.04152862;303.0747;0.156015
C:\Mark's Python files\ME5920\HW3_Gardocki\DefinedTurns\IMG\robocam_2025_04_06_21_55_19_936.jpg;0;0;1;0;143.8551;109.8088;0.04876066;303.0747;0.1480853
C:\Mark's Python files\ME5920\HW3_Gardocki\DefinedTurns\IMG\robocam_2025_04_06_21_55_19_984.jpg;0;0;1;0;143.8551;109.8089;0.05521738;303.0747;0.1392484
C:\Mark's Python files\ME5920\HW3_Gardocki\DefinedTurns\IMG\robocam_2025_04_06_21_55_20_026.jpg;0;0;1;0;143.8551;109.8089;0.06341153;303.0747;0.124589
C:\Mark's Python files\ME5920\HW3_Gardocki\DefinedTurns\IMG\robocam_2025_04_06_21_55_20_066.jpg;0;0;1;0;143.8551;109.8089;0.06786852;303.0747;0.1140766
C:\Mark's Python files\ME5920\HW3_Gardocki\DefinedTurns\IMG\robocam_2025_04_06_21_55_20_107.jpg;0;0;1;0;143.8551;109.8089;0.07152209;303.0747;0.1031268
C:\Mark's Python files\ME5920\HW3_Gardocki\DefinedTurns\IMG\robocam_2025_04_06_21_55_20_149.jpg;0;0;1;0;143.8551;109.8089;0.07437875;303.0747;0.09186676
C:\Mark's Python files\ME5920\HW3_Gardocki\DefinedTurns\IMG\robocam_2025_04_06_21_55_20_191.jpg;0;0;0;0;143.8552;109.8089;0.07645296;303.0747;0.08041918
C:\Mark's Python files\ME5920\HW3_Gardocki\DefinedTurns\IMG\robocam_2025_04_06_21_55_20_235.jpg;0;0;0;0;143.8552;109.8089;0.0777666;303.0747;0.06890377
C:\Mark's Python files\ME5920\HW3_Gardocki\DefinedTurns\IMG\robocam_2025_04_06_21_55_20_275.jpg;0;0;0;0;143.8551;109.8089;0.07834364;303.0747;0.05742895
C:\Mark's Python files\ME5920\HW3_Gardocki\DefinedTurns\IMG\robocam_2025_04_06_21_55_20_317.jpg;0;0;0;0;143.8552;109.8089;0.07821651;303.0747;0.04610106
C:\Mark's Python files\ME5920\HW3_Gardocki\DefinedTurns\IMG\robocam_2025_04_06_21_55_20_357.jpg;0;0;0;0;143.8552;109.8089;0.07742129;303.0747;0.03501571
C:\Mark's Python files\ME5920\HW3_Gardocki\DefinedTurns\IMG\robocam_2025_04_06_21_55_20_399.jpg;0;0;0;0;143.8552;109.8089;0.07599629;303.0747;0.02426253
C:\Mark's Python files\ME5920\HW3_Gardocki\DefinedTurns\IMG\robocam_2025_04_06_21_55_20_446.jpg;0;0;0;0;143.8552;109.8089;0.07277423;303.0747;0.008926816
C:\Mark's Python files\ME5920\HW3_Gardocki\DefinedTurns\IMG\robocam_2025_04_06_21_55_20_487.jpg;0;0;0;0;143.8552;109.8089;0.06997138;303.0747;-0.0006647066
C:\Mark's Python files\ME5920\HW3_Gardocki\DefinedTurns\IMG\robocam_2025_04_06_21_55_20_529.jpg;0;0.0436179;0;0;143.8552;109.8089;0.06792206;303.0742;359.9904
C:\Mark's Python files\ME5920\HW3_Gardocki\DefinedTurns\IMG\robocam_2025_04_06_21_55_20_570.jpg;0;0.1685994;0;0;143.8553;109.8088;0.06630856;303.0638;359.9821
C:\Mark's Python files\ME5920\HW3_Gardocki\DefinedTurns\IMG\robocam_2025_04_06_21_55_20_612.jpg;0;0.2914944;0;0.02072083;143.8558;109.8081;0.08081713;302.9686;359.9746
C:\Mark's Python files\ME5920\HW3_Gardocki\DefinedTurns\IMG\robocam_2025_04_06_21_55_20_654.jpg;0;0.4184157;0;0.0229319;143.8565;109.8069;0.1061037;303.0259;359.9676
C:\Mark's Python files\ME5920\HW3_Gardocki\DefinedTurns\IMG\robocam_2025_04_06_21_55_20_696.jpg;0;0.5453748;0;0.04333104;143.8577;109.8052;0.1441445;303.0576;359.9612
C:\Mark's Python files\ME5920\HW3_Gardocki\DefinedTurns\IMG\robocam_2025_04_06_21_55_20_738.jpg;0;0.66794;0;0.06056476;143.8595;109.8024;0.2046195;302.9952;359.956
C:\Mark's Python files\ME5920\HW3_Gardocki\DefinedTurns\IMG\robocam_2025_04_06_21_55_20_780.jpg;0;0.7957703;0;0.09448371;143.8626;109.7976;0.3149037;303.0689;359.9508
C:\Mark's Python files\ME5920\HW3_Gardocki\DefinedTurns\IMG\robocam_2025_04_06_21_55_20_821.jpg;0;0.9199064;0;0.1210569;143.8661;109.7926;0.4195102;303.1613;359.9553
C:\Mark's Python files\ME5920\HW3_Gardocki\DefinedTurns\IMG\robocam_2025_04_06_21_55_20_863.jpg;0;1;0;0.1431237;143.8702;109.7865;0.5366378;303.0743;359.9683
C:\Mark's Python files\ME5920\HW3_Gardocki\DefinedTurns\IMG\robocam_2025_04_06_21_55_20_904.jpg;0;1;0;0.1785538;143.8755;109.7787;0.6812392;303.136;359.9875
C:\Mark's Python files\ME5920\HW3_Gardocki\DefinedTurns\IMG\robocam_2025_04_06_21_55_20_946.jpg;0;1;0;0.1972125;143.8844;109.7648;0.9077194;303.0458;0.008327178
C:\Mark's Python files\ME5920\HW3_Gardocki\DefinedTurns\IMG\robocam_2025_04_06_21_55_20_988.jpg;0;1;0;0.259703;143.8916;109.7533;1.083724;303.0493;0.002785401
C:\Mark's Python files\ME5920\HW3_Gardocki\DefinedTurns\IMG\robocam_2025_04_06_21_55_21_030.jpg;0;1;0;0.2788774;143.8995;109.741;1.251492;303.0968;-0.001384084
C:\Mark's Python files\ME5920\HW3_Gardocki\DefinedTurns\IMG\robocam_2025_04_06_21_55_21_072.jpg;0;1;0;0.3163396;143.9075;109.7287;1.341205;303.1498;-0.003855444
C:\Mark's Python files\ME5920\HW3_Gardocki\DefinedTurns\IMG\robocam_2025_04_06_21_55_21_113.jpg;0;1;0;0.3613012;143.9148;109.7174;1.275845;303.1777;-0.003821104
C:\Mark's Python files\ME5920\HW3_Gardocki\DefinedTurns\IMG\robocam_2025_04_06_21_55_21_154.jpg;0;1;0;0.3906883;143.9225;109.7057;1.15852;303.1172;0.0002886611
C:\Mark's Python files\ME5920\HW3_Gardocki\DefinedTurns\IMG\robocam_2025_04_06_21_55_21_199.jpg;0;1;0;0.4499984;143.9316;109.6916;1.093277;303.054;0.0006210999
C:\Mark's Python files\ME5920\HW3_Gardocki\DefinedTurns\IMG\robocam_2025_04_06_21_55_21_241.jpg;0;1;0;0.4817239;143.9415;109.6763;1.051938;303.0665;-0.0004313885
C:\Mark's Python files\ME5920\HW3_Gardocki\DefinedTurns\IMG\robocam_2025_04_06_21_55_21_284.jpg;0;1;0;0.5218519;143.9524;109.6595;1.041748;303.101;-0.000773967
C:\Mark's Python files\ME5920\HW3_Gardocki\DefinedTurns\IMG\robocam_2025_04_06_21_55_21_327.jpg;0;1;0;0.5307181;143.9702;109.6319;1.062252;303.1192;-0.0008727065
C:\Mark's Python files\ME5920\HW3_Gardocki\DefinedTurns\IMG\robocam_2025_04_06_21_55_21_373.jpg;0;1;0;0.5900449;143.9832;109.6119;1.101794;303.2112;-0.0005735751
C:\Mark's Python files\ME5920\HW3_Gardocki\DefinedTurns\IMG\robocam_2025_04_06_21_55_21_414.jpg;0;1;0;0.6235223;143.9972;109.5905;1.16218;303.2297;-0.0008169892
C:\Mark's Python files\ME5920\HW3_Gardocki\DefinedTurns\IMG\robocam_2025_04_06_21_55_21_455.jpg;0;1;0;0.63763;144.0114;109.5686;1.205245;303.2144;-0.0004508389
C:\Mark's Python files\ME5920\HW3_Gardocki\DefinedTurns\IMG\robocam_2025_04_06_21_55_21_496.jpg;0;1;0;0.6809135;144.0264;109.5454;1.244726;303.1898;-0.00117603
C:\Mark's Python files\ME5920\HW3_Gardocki\DefinedTurns\IMG\robocam_2025_04_06_21_55_21_537.jpg;0;1;0;0.7135727;144.0417;109.5217;1.246438;303.2625;-0.002686714
C:\Mark's Python files\ME5920\HW3_Gardocki\DefinedTurns\IMG\robocam_2025_04_06_21_55_21_585.jpg;0;1;0;0.7587864;144.0579;109.4967;1.242432;303.2457;-0.0006271374
C:\Mark's Python files\ME5920\HW3_Gardocki\DefinedTurns\IMG\robocam_2025_04_06_21_55_21_625.jpg;0;1;0;0.7923764;144.0747;109.4707;1.226208;303.2427;-0.0007105824
C:\Mark's Python files\ME5920\HW3_Gardocki\DefinedTurns\IMG\robocam_2025_04_06_21_55_21_666.jpg;0;1;0;0.8242297;144.1014;109.4296;1.197502;303.2451;-0.001182681
C:\Mark's Python files\ME5920\HW3_Gardocki\DefinedTurns\IMG\robocam_2025_04_06_21_55_21_714.jpg;-0.6006015;1;0;0.853283;144.12;109.4008;1.188311;303.1829;0.0001043429
C:\Mark's Python files\ME5920\HW3_Gardocki\DefinedTurns\IMG\robocam_2025_04_06_21_55_21_759.jpg;-2.803072;1;0;0.9024991;144.1394;109.3703;1.20367;303.0708;-0.000207326
C:\Mark's Python files\ME5920\HW3_Gardocki\DefinedTurns\IMG\robocam_2025_04_06_21_55_21_799.jpg;-4.646592;1;0;0.938366;144.159;109.3384;1.216236;302.9637;0.0001075196
C:\Mark's Python files\ME5920\HW3_Gardocki\DefinedTurns\IMG\robocam_2025_04_06_21_55_21_840.jpg;-6.451159;1;0;0.9703928;144.1789;109.3052;1.226486;302.7394;0.001166015
C:\Mark's Python files\ME5920\HW3_Gardocki\DefinedTurns\IMG\robocam_2025_04_06_21_55_21_881.jpg;-8.309884;1;0;1.001841;144.1989;109.2706;1.228855;302.4264;0.002039894
C:\Mark's Python files\ME5920\HW3_Gardocki\DefinedTurns\IMG\robocam_2025_04_06_21_55_21_922.jpg;-10.15526;1;0;1.033733;144.2187;109.2346;1.222875;302.0209;0.002836108
C:\Mark's Python files\ME5920\HW3_Gardocki\DefinedTurns\IMG\robocam_2025_04_06_21_55_21_964.jpg;-12.05064;1;0;1.064659;144.2384;109.1974;1.209354;301.5239;0.003447719
C:\Mark's Python files\ME5920\HW3_Gardocki\DefinedTurns\IMG\robocam_2025_04_06_21_55_22_006.jpg;-13.84501;1;0;1.089176;144.2675;109.1389;1.19891;300.5386;359.9903
C:\Mark's Python files\ME5920\HW3_Gardocki\DefinedTurns\IMG\robocam_2025_04_06_21_55_22_047.jpg;-15;1;0;1.122419;144.2865;109.0979;1.198229;299.7963;359.9726
C:\Mark's Python files\ME5920\HW3_Gardocki\DefinedTurns\IMG\robocam_2025_04_06_21_55_22_087.jpg;-15;1;0;1.150104;144.3056;109.0555;1.202376;299.0222;359.9553
C:\Mark's Python files\ME5920\HW3_Gardocki\DefinedTurns\IMG\robocam_2025_04_06_21_55_22_130.jpg;-15;1;0;1.180192;144.3246;109.0119;1.198333;298.1992;359.9507
C:\Mark's Python files\ME5920\HW3_Gardocki\DefinedTurns\IMG\robocam_2025_04_06_21_55_22_170.jpg;-15;1;0;1.208413;144.3434;108.967;1.191083;297.375;359.9456
C:\Mark's Python files\ME5920\HW3_Gardocki\DefinedTurns\IMG\robocam_2025_04_06_21_55_22_211.jpg;-15;1;0;1.261653;144.3619;108.9206;1.185476;296.5351;359.9397
C:\Mark's Python files\ME5920\HW3_Gardocki\DefinedTurns\IMG\robocam_2025_04_06_21_55_22_255.jpg;-15;1;0;1.292297;144.3803;108.8728;1.181944;295.6796;359.9333
C:\Mark's Python files\ME5920\HW3_Gardocki\DefinedTurns\IMG\robocam_2025_04_06_21_55_22_295.jpg;-15;1;0;1.322433;144.3984;108.8235;1.179535;294.8072;359.926
C:\Mark's Python files\ME5920\HW3_Gardocki\DefinedTurns\IMG\robocam_2025_04_06_21_55_22_337.jpg;-15;1;0;1.352585;144.4162;108.773;1.172083;293.9147;359.9238
C:\Mark's Python files\ME5920\HW3_Gardocki\DefinedTurns\IMG\robocam_2025_04_06_21_55_22_378.jpg;-15;1;0;1.382325;144.4336;108.721;1.165482;293.0096;359.917
C:\Mark's Python files\ME5920\HW3_Gardocki\DefinedTurns\IMG\robocam_2025_04_06_21_55_22_420.jpg;-15;1;0;1.411837;144.4505;108.6675;1.159786;292.0876;359.9072
C:\Mark's Python files\ME5920\HW3_Gardocki\DefinedTurns\IMG\robocam_2025_04_06_21_55_22_462.jpg;-15;1;0;1.441074;144.4671;108.6128;1.151168;291.1481;359.8981
C:\Mark's Python files\ME5920\HW3_Gardocki\DefinedTurns\IMG\robocam_2025_04_06_21_55_22_503.jpg;-15;1;0;1.470975;144.483;108.5566;1.140021;290.1927;359.8866
C:\Mark's Python files\ME5920\HW3_Gardocki\DefinedTurns\IMG\robocam_2025_04_06_21_55_22_544.jpg;-15;1;0;1.500623;144.4984;108.4991;1.126106;289.224;359.8742
C:\Mark's Python files\ME5920\HW3_Gardocki\DefinedTurns\IMG\robocam_2025_04_06_21_55_22_586.jpg;-15;1;0;1.530755;144.5201;108.4103;1.102393;287.7425;359.8482
C:\Mark's Python files\ME5920\HW3_Gardocki\DefinedTurns\IMG\robocam_2025_04_06_21_55_22_627.jpg;-15;1;0;1.56014;144.5337;108.3494;1.081283;286.738;359.8303
C:\Mark's Python files\ME5920\HW3_Gardocki\DefinedTurns\IMG\robocam_2025_04_06_21_55_22_668.jpg;-15;1;0;1.604576;144.5465;108.2872;1.058138;285.7204;359.8088
C:\Mark's Python files\ME5920\HW3_Gardocki\DefinedTurns\IMG\robocam_2025_04_06_21_55_22_710.jpg;-15;1;0;1.619791;144.5584;108.2236;1.033584;284.6879;359.7824
C:\Mark's Python files\ME5920\HW3_Gardocki\DefinedTurns\IMG\robocam_2025_04_06_21_55_22_750.jpg;-13.06949;1;0;1.649571;144.57;108.1588;1.007199;283.714;359.7658
C:\Mark's Python files\ME5920\HW3_Gardocki\DefinedTurns\IMG\robocam_2025_04_06_21_55_22_793.jpg;-11.10306;1;0;1.681194;144.5814;108.0926;0.988326;282.8439;359.7559
C:\Mark's Python files\ME5920\HW3_Gardocki\DefinedTurns\IMG\robocam_2025_04_06_21_55_22_836.jpg;-9.220034;1;0;1.712163;144.5927;108.025;0.9775268;282.0806;359.7544
C:\Mark's Python files\ME5920\HW3_Gardocki\DefinedTurns\IMG\robocam_2025_04_06_21_55_22_878.jpg;-7.365309;0.9187297;0;1.757602;144.6042;107.956;0.9753708;281.4362;359.7638
C:\Mark's Python files\ME5920\HW3_Gardocki\DefinedTurns\IMG\robocam_2025_04_06_21_55_22_921.jpg;-5.376539;0.786145;0;1.784193;144.6158;107.8857;0.9820147;280.9076;359.7801
C:\Mark's Python files\ME5920\HW3_Gardocki\DefinedTurns\IMG\robocam_2025_04_06_21_55_22_964.jpg;-3.484613;0.6600165;0;1.805513;144.6275;107.8143;1.000906;280.5101;359.7996
C:\Mark's Python files\ME5920\HW3_Gardocki\DefinedTurns\IMG\robocam_2025_04_06_21_55_23_007.jpg;-1.568585;0.5322813;0;1.822422;144.6461;107.7059;1.038258;280.1677;359.8444
C:\Mark's Python files\ME5920\HW3_Gardocki\DefinedTurns\IMG\robocam_2025_04_06_21_55_23_048.jpg;0;0.4065751;0;1.835361;144.6592;107.6332;1.061701;280.1039;359.8867
C:\Mark's Python files\ME5920\HW3_Gardocki\DefinedTurns\IMG\robocam_2025_04_06_21_55_23_089.jpg;0;0.2819865;0;1.844065;144.6725;107.5602;1.077821;280.0943;359.9304
C:\Mark's Python files\ME5920\HW3_Gardocki\DefinedTurns\IMG\robocam_2025_04_06_21_55_23_133.jpg;0;0.1570449;0;1.848723;144.6857;107.4874;1.081989;280.0979;359.9722
C:\Mark's Python files\ME5920\HW3_Gardocki\DefinedTurns\IMG\robocam_2025_04_06_21_55_23_175.jpg;0;0.1271973;0;1.849682;144.6987;107.4147;1.070788;280.0995;-0.0006830848
C:\Mark's Python files\ME5920\HW3_Gardocki\DefinedTurns\IMG\robocam_2025_04_06_21_55_23_216.jpg;0;0.2486847;0;1.850647;144.7113;107.3422;1.045396;280.0906;0.000237602
C:\Mark's Python files\ME5920\HW3_Gardocki\DefinedTurns\IMG\robocam_2025_04_06_21_55_23_259.jpg;0;0.3793239;0;1.859438;144.7239;107.2695;1.013711;280.0818;6.633792E-05
C:\Mark's Python files\ME5920\HW3_Gardocki\DefinedTurns\IMG\robocam_2025_04_06_21_55_23_300.jpg;0;0.3186771;0;1.868333;144.7365;107.1965;0.9811002;280.0737;-1.038021E-05
C:\Mark's Python files\ME5920\HW3_Gardocki\DefinedTurns\IMG\robocam_2025_04_06_21_55_23_343.jpg;0;0.1920705;0;1.873518;144.7493;107.1233;0.9448871;280.0662;-5.316798E-05
C:\Mark's Python files\ME5920\HW3_Gardocki\DefinedTurns\IMG\robocam_2025_04_06_21_55_23_384.jpg;0;0.06636059;0;1.874542;144.762;107.0501;0.9007382;280.0592;-4.183341E-05
C:\Mark's Python files\ME5920\HW3_Gardocki\DefinedTurns\IMG\robocam_2025_04_06_21_55_23_424.jpg;0;0;0;1.871985;144.7746;106.9773;0.8453397;280.0526;-4.816341E-05
C:\Mark's Python files\ME5920\HW3_Gardocki\DefinedTurns\IMG\robocam_2025_04_06_21_55_23_465.jpg;0;0.1249746;0;1.869193;144.7872;106.9047;0.7792826;280.0463;0.0001144496
C:\Mark's Python files\ME5920\HW3_Gardocki\DefinedTurns\IMG\robocam_2025_04_06_21_55_23_506.jpg;0;0.2499252;0;1.870361;144.8062;106.7959;0.6745339;280.0381;0.002339135
C:\Mark's Python files\ME5920\HW3_Gardocki\DefinedTurns\IMG\robocam_2025_04_06_21_55_23_546.jpg;0;0.3748524;0;1.875141;144.8189;106.723;0.6098097;280.0332;0.004855513
C:\Mark's Python files\ME5920\HW3_Gardocki\DefinedTurns\IMG\robocam_2025_04_06_21_55_23_586.jpg;0;0.4983774;0;1.883921;144.8317;106.6496;0.5557751;280.0286;0.007396892
C:\Mark's Python files\ME5920\HW3_Gardocki\DefinedTurns\IMG\robocam_2025_04_06_21_55_23_627.jpg;0;0.6220746;0;1.89668;144.8446;106.5754;0.5171387;280.0239;0.009132498
C:\Mark's Python files\ME5920\HW3_Gardocki\DefinedTurns\IMG\robocam_2025_04_06_21_55_23_668.jpg;0;0.7439097;0;1.913525;144.8577;106.5001;0.4977723;280.0189;0.009203954
C:\Mark's Python files\ME5920\HW3_Gardocki\DefinedTurns\IMG\robocam_2025_04_06_21_55_23_710.jpg;0;0.865953;0;1.934406;144.871;106.4236;0.5008558;280.0134;0.006744025
C:\Mark's Python files\ME5920\HW3_Gardocki\DefinedTurns\IMG\robocam_2025_04_06_21_55_23_751.jpg;0;0.9889476;0;1.973031;144.8845;106.3456;0.5287431;280.0075;0.0008756355
C:\Mark's Python files\ME5920\HW3_Gardocki\DefinedTurns\IMG\robocam_2025_04_06_21_55_23_791.jpg;0;0.8935201;0;2.000192;144.8985;106.2662;0.5792814;280.0044;-0.0004852417
C:\Mark's Python files\ME5920\HW3_Gardocki\DefinedTurns\IMG\robocam_2025_04_06_21_55_23_842.jpg;0;0.7573569;0;2.023748;144.9126;106.1855;0.645295;280.0015;-0.0004774631
C:\Mark's Python files\ME5920\HW3_Gardocki\DefinedTurns\IMG\robocam_2025_04_06_21_55_23_883.jpg;0;0.6349353;0;2.043301;144.9268;106.1039;0.7186163;279.998;-0.0004939269
C:\Mark's Python files\ME5920\HW3_Gardocki\DefinedTurns\IMG\robocam_2025_04_06_21_55_23_924.jpg;0;0.5093109;0;2.05879;144.9412;106.0217;0.7921009;279.9941;-0.0005063561
C:\Mark's Python files\ME5920\HW3_Gardocki\DefinedTurns\IMG\robocam_2025_04_06_21_55_23_965.jpg;0;0.3861927;0;2.07018;144.9627;105.8976;0.8893299;279.9872;-0.000522499
C:\Mark's Python files\ME5920\HW3_Gardocki\DefinedTurns\IMG\robocam_2025_04_06_21_55_24_007.jpg;0;0.2615106;0;2.077926;144.9771;105.8148;0.9383056;279.982;-0.0004760893
C:\Mark's Python files\ME5920\HW3_Gardocki\DefinedTurns\IMG\robocam_2025_04_06_21_55_24_053.jpg;0;0.1158201;0;2.08194;144.9914;105.7322;0.9695308;279.9763;-0.0004271681
C:\Mark's Python files\ME5920\HW3_Gardocki\DefinedTurns\IMG\robocam_2025_04_06_21_55_24_094.jpg;0;0;0;2.079741;145.0056;105.65;0.9798607;279.9703;-0.0004065891
C:\Mark's Python files\ME5920\HW3_Gardocki\DefinedTurns\IMG\robocam_2025_04_06_21_55_24_134.jpg;0;0;0;2.075872;145.0197;105.5683;0.9687136;279.9641;-0.0003552406
C:\Mark's Python files\ME5920\HW3_Gardocki\DefinedTurns\IMG\robocam_2025_04_06_21_55_24_175.jpg;0;0;0;2.071609;145.0337;105.4871;0.9381276;279.9577;-0.0003261719
C:\Mark's Python files\ME5920\HW3_Gardocki\DefinedTurns\IMG\robocam_2025_04_06_21_55_24_217.jpg;0;0;0;2.067309;145.0477;105.4063;0.8909067;279.9513;-0.0003037867
C:\Mark's Python files\ME5920\HW3_Gardocki\DefinedTurns\IMG\robocam_2025_04_06_21_55_24_259.jpg;0;0;0.0836415;2.05906;145.0615;105.3261;0.8270644;279.9451;-0.0002058809
C:\Mark's Python files\ME5920\HW3_Gardocki\DefinedTurns\IMG\robocam_2025_04_06_21_55_24_301.jpg;0;0;0.2062263;2.036846;145.0751;105.2472;0.7328768;279.9392;0.0001648385
C:\Mark's Python files\ME5920\HW3_Gardocki\DefinedTurns\IMG\robocam_2025_04_06_21_55_24_344.jpg;0;0;0.3279114;1.99881;145.0884;105.1704;0.5931451;279.9359;0.005921808
C:\Mark's Python files\ME5920\HW3_Gardocki\DefinedTurns\IMG\robocam_2025_04_06_21_55_24_385.jpg;0;0;0.4525317;1.944379;145.1075;105.0613;0.259742;279.9363;0.02424836
C:\Mark's Python files\ME5920\HW3_Gardocki\DefinedTurns\IMG\robocam_2025_04_06_21_55_24_428.jpg;0;0;0.5836107;1.875953;145.1192;104.9938;359.9294;279.9367;0.03531878
C:\Mark's Python files\ME5920\HW3_Gardocki\DefinedTurns\IMG\robocam_2025_04_06_21_55_24_469.jpg;0;0;0.7112156;1.78965;145.1297;104.9313;359.5169;279.9268;0.02041724
C:\Mark's Python files\ME5920\HW3_Gardocki\DefinedTurns\IMG\robocam_2025_04_06_21_55_24_510.jpg;0;0;0.8335314;1.687633;145.1394;104.8743;359.0354;279.9132;-0.00388989
C:\Mark's Python files\ME5920\HW3_Gardocki\DefinedTurns\IMG\robocam_2025_04_06_21_55_24_551.jpg;0;0;0.9546273;1.571163;145.1484;104.8232;358.4913;279.9148;359.9941
C:\Mark's Python files\ME5920\HW3_Gardocki\DefinedTurns\IMG\robocam_2025_04_06_21_55_24_594.jpg;0;0;1;1.481236;145.1569;104.7744;358.0034;279.937;359.994
C:\Mark's Python files\ME5920\HW3_Gardocki\DefinedTurns\IMG\robocam_2025_04_06_21_55_24_637.jpg;0;0;1;1.344154;145.1652;104.7271;357.6073;279.9642;-0.005663214
C:\Mark's Python files\ME5920\HW3_Gardocki\DefinedTurns\IMG\robocam_2025_04_06_21_55_24_680.jpg;0;0;1;1.272342;145.1732;104.681;357.3116;279.9662;359.9937
C:\Mark's Python files\ME5920\HW3_Gardocki\DefinedTurns\IMG\robocam_2025_04_06_21_55_24_724.jpg;0;0;1;1.194158;145.181;104.6364;357.1126;280.0319;-0.003478875
C:\Mark's Python files\ME5920\HW3_Gardocki\DefinedTurns\IMG\robocam_2025_04_06_21_55_24_765.jpg;0;0;1;1.122858;145.1923;104.5722;356.9897;280.0446;-0.005359516
C:\Mark's Python files\ME5920\HW3_Gardocki\DefinedTurns\IMG\robocam_2025_04_06_21_55_24_810.jpg;0;0;1;1.034211;145.1996;104.5314;357.0329;280.0479;-0.004035809
C:\Mark's Python files\ME5920\HW3_Gardocki\DefinedTurns\IMG\robocam_2025_04_06_21_55_24_851.jpg;0;0;1;0.9553579;145.2065;104.492;357.1749;280.1035;-0.001224038
C:\Mark's Python files\ME5920\HW3_Gardocki\DefinedTurns\IMG\robocam_2025_04_06_21_55_24_893.jpg;0;0;1;0.8782043;145.2132;104.4541;357.412;280.0875;359.9929
C:\Mark's Python files\ME5920\HW3_Gardocki\DefinedTurns\IMG\robocam_2025_04_06_21_55_24_934.jpg;0;0;1;0.8010659;145.2197;104.4176;357.7462;280.1222;0.0002128744
C:\Mark's Python files\ME5920\HW3_Gardocki\DefinedTurns\IMG\robocam_2025_04_06_21_55_24_975.jpg;0;0;1;0.7247288;145.2257;104.3829;358.1649;280.1398;-0.001529092
C:\Mark's Python files\ME5920\HW3_Gardocki\DefinedTurns\IMG\robocam_2025_04_06_21_55_25_015.jpg;0;0;1;0.5885431;145.2315;104.3503;358.6606;280.176;0.003231389
C:\Mark's Python files\ME5920\HW3_Gardocki\DefinedTurns\IMG\robocam_2025_04_06_21_55_25_057.jpg;0;0;1;0.3561316;145.2351;104.3295;358.9296;280.2518;0.005408059
C:\Mark's Python files\ME5920\HW3_Gardocki\DefinedTurns\IMG\robocam_2025_04_06_21_55_25_099.jpg;0;0;1;0.1781919;145.2361;104.3221;358.9088;280.2505;0.00259166
C:\Mark's Python files\ME5920\HW3_Gardocki\DefinedTurns\IMG\robocam_2025_04_06_21_55_25_140.jpg;0;0;1;0.06442096;145.2362;104.322;358.7592;280.252;0.006843893
C:\Mark's Python files\ME5920\HW3_Gardocki\DefinedTurns\IMG\robocam_2025_04_06_21_55_25_183.jpg;0;0;1;0.0291524;145.2362;104.3219;358.6761;280.2509;359.9935
C:\Mark's Python files\ME5920\HW3_Gardocki\DefinedTurns\IMG\robocam_2025_04_06_21_55_25_225.jpg;0;0;1;-0.01406836;145.2362;104.3219;358.6943;280.2539;0.0008241722
C:\Mark's Python files\ME5920\HW3_Gardocki\DefinedTurns\IMG\robocam_2025_04_06_21_55_25_268.jpg;0;0;1;-0.03802617;145.2362;104.3219;358.8258;280.2579;0.0175801
C:\Mark's Python files\ME5920\HW3_Gardocki\DefinedTurns\IMG\robocam_2025_04_06_21_55_25_309.jpg;0;0;1;-0.04754701;145.2362;104.322;358.9328;280.258;0.02819429
C:\Mark's Python files\ME5920\HW3_Gardocki\DefinedTurns\IMG\robocam_2025_04_06_21_55_25_351.jpg;0;0;1;-0.04944063;145.2362;104.322;359.0437;280.2581;0.0379108
C:\Mark's Python files\ME5920\HW3_Gardocki\DefinedTurns\IMG\robocam_2025_04_06_21_55_25_394.jpg;0;0;1;-0.05076027;145.2362;104.3221;359.1574;280.2582;0.04667236
C:\Mark's Python files\ME5920\HW3_Gardocki\DefinedTurns\IMG\robocam_2025_04_06_21_55_25_435.jpg;0;0;1;-0.05158581;145.2362;104.3221;359.2728;280.2582;0.05445547
C:\Mark's Python files\ME5920\HW3_Gardocki\DefinedTurns\IMG\robocam_2025_04_06_21_55_25_478.jpg;0;0;1;-0.05193197;145.2361;104.3222;359.3889;280.2582;0.06124305
C:\Mark's Python files\ME5920\HW3_Gardocki\DefinedTurns\IMG\robocam_2025_04_06_21_55_25_519.jpg;0;0;1;-0.05159759;145.2361;104.3222;359.5045;280.2581;0.0670323
C:\Mark's Python files\ME5920\HW3_Gardocki\DefinedTurns\IMG\robocam_2025_04_06_21_55_25_561.jpg;0;0;1;-0.05083838;145.2361;104.3223;359.6187;280.2581;0.07183037
C:\Mark's Python files\ME5920\HW3_Gardocki\DefinedTurns\IMG\robocam_2025_04_06_21_55_25_603.jpg;0;0;0;-0.04968112;145.2361;104.3223;359.7306;280.2579;0.07565103
C:\Mark's Python files\ME5920\HW3_Gardocki\DefinedTurns\IMG\robocam_2025_04_06_21_55_25_644.jpg;0;0;0;-0.0481558;145.2361;104.3223;359.8394;280.2578;0.07851803
C:\Mark's Python files\ME5920\HW3_Gardocki\DefinedTurns\IMG\robocam_2025_04_06_21_55_25_685.jpg;0;0;0;-0.04629187;145.2361;104.3224;359.9442;280.2576;0.08046259
C:\Mark's Python files\ME5920\HW3_Gardocki\DefinedTurns\IMG\robocam_2025_04_06_21_55_25_726.jpg;0;0;0;-0.0441232;145.2361;104.3224;0.09257931;280.2574;0.08173545
C:\Mark's Python files\ME5920\HW3_Gardocki\DefinedTurns\IMG\robocam_2025_04_06_21_55_25_767.jpg;0;0;0;-0.0416827;145.2361;104.3225;0.1846201;280.2573;0.08155357
C:\Mark's Python files\ME5920\HW3_Gardocki\DefinedTurns\IMG\robocam_2025_04_06_21_55_25_811.jpg;0;0;0;-0.03758881;145.2361;104.3225;0.2705546;280.2571;0.08060809
C:\Mark's Python files\ME5920\HW3_Gardocki\DefinedTurns\IMG\robocam_2025_04_06_21_55_25_854.jpg;0;0;0;-0.03462153;145.2361;104.3225;0.3499352;280.257;0.07895285
C:\Mark's Python files\ME5920\HW3_Gardocki\DefinedTurns\IMG\robocam_2025_04_06_21_55_25_896.jpg;0;0;0;-0.03150529;145.2361;104.3226;0.4223954;280.2569;0.07664938
C:\Mark's Python files\ME5920\HW3_Gardocki\DefinedTurns\IMG\robocam_2025_04_06_21_55_25_936.jpg;0;0;0;-0.02827451;145.2361;104.3226;0.4876443;280.2568;0.07375915
C:\Mark's Python files\ME5920\HW3_Gardocki\DefinedTurns\IMG\robocam_2025_04_06_21_55_25_978.jpg;0;0;0;-0.02496454;145.2361;104.3226;0.5454698;280.2568;0.07034484
C:\Mark's Python files\ME5920\HW3_Gardocki\DefinedTurns\IMG\robocam_2025_04_06_21_55_26_019.jpg;0;0;0;-0.01982365;145.2361;104.3226;0.5910113;280.2567;0.06154875
C:\Mark's Python files\ME5920\HW3_Gardocki\DefinedTurns\IMG\robocam_2025_04_06_21_55_26_060.jpg;0;0;0;-0.01638113;145.2361;104.3226;0.6281053;280.2567;0.05136511
C:\Mark's Python files\ME5920\HW3_Gardocki\DefinedTurns\IMG\robocam_2025_04_06_21_55_26_102.jpg;0;0;0;-0.01285137;145.2361;104.3226;0.6560634;280.2567;0.03927623
C:\Mark's Python files\ME5920\HW3_Gardocki\DefinedTurns\IMG\robocam_2025_04_06_21_55_26_144.jpg;0;0;0;0;145.2361;104.3227;0.6764903;280.2568;0.02692808
C:\Mark's Python files\ME5920\HW3_Gardocki\DefinedTurns\IMG\robocam_2025_04_06_21_55_26_187.jpg;0;0;0;0;145.2361;104.3227;0.6930433;280.257;0.007911164
C:\Mark's Python files\ME5920\HW3_Gardocki\DefinedTurns\IMG\robocam_2025_04_06_21_55_26_228.jpg;0;0.1218558;0;0.01902034;145.2361;104.3223;0.70213;280.2458;359.9942
C:\Mark's Python files\ME5920\HW3_Gardocki\DefinedTurns\IMG\robocam_2025_04_06_21_55_26_270.jpg;0;0;0.2501769;0.05570297;145.2365;104.3206;0.7320877;280.2564;359.9863
C:\Mark's Python files\ME5920\HW3_Gardocki\DefinedTurns\IMG\robocam_2025_04_06_21_55_26_312.jpg;0;0;0.3745926;0;145.2366;104.3206;0.7165796;280.2565;359.9778
C:\Mark's Python files\ME5920\HW3_Gardocki\DefinedTurns\IMG\robocam_2025_04_06_21_55_26_354.jpg;0;0;0.5000634;0;145.2366;104.3206;0.6948718;280.2566;359.9705
C:\Mark's Python files\ME5920\HW3_Gardocki\DefinedTurns\IMG\robocam_2025_04_06_21_55_26_395.jpg;0;0;0.6253018;0.0117474;145.2366;104.3206;0.6682228;280.2566;359.9638
C:\Mark's Python files\ME5920\HW3_Gardocki\DefinedTurns\IMG\robocam_2025_04_06_21_55_26_437.jpg;0;0;0.7528141;0.01449419;145.2366;104.3205;0.6372842;280.2567;359.9575
C:\Mark's Python files\ME5920\HW3_Gardocki\DefinedTurns\IMG\robocam_2025_04_06_21_55_26_480.jpg;0;0;0.878876;0.01613165;145.2366;104.3205;0.6023495;280.2567;359.9519
C:\Mark's Python files\ME5920\HW3_Gardocki\DefinedTurns\IMG\robocam_2025_04_06_21_55_26_520.jpg;0;0;1;0.01757107;145.2366;104.3205;0.5639196;280.2567;359.9471
C:\Mark's Python files\ME5920\HW3_Gardocki\DefinedTurns\IMG\robocam_2025_04_06_21_55_26_561.jpg;0;0;1;0.01880431;145.2366;104.3205;0.5224983;280.2567;359.9431
C:\Mark's Python files\ME5920\HW3_Gardocki\DefinedTurns\IMG\robocam_2025_04_06_21_55_26_604.jpg;0;0;1;0.01982572;145.2367;104.3205;0.4785917;280.2567;359.9398
C:\Mark's Python files\ME5920\HW3_Gardocki\DefinedTurns\IMG\robocam_2025_04_06_21_55_26_644.jpg;0;0;1;0.02063438;145.2367;104.3205;0.4327015;280.2567;359.9373
C:\Mark's Python files\ME5920\HW3_Gardocki\DefinedTurns\IMG\robocam_2025_04_06_21_55_26_685.jpg;0;0;1;0.02123238;145.2367;104.3205;0.3612254;280.2566;359.935
C:\Mark's Python files\ME5920\HW3_Gardocki\DefinedTurns\IMG\robocam_2025_04_06_21_55_26_728.jpg;0;0;1;0.02162304;145.2367;104.3204;0.3125136;280.2566;359.9342
C:\Mark's Python files\ME5920\HW3_Gardocki\DefinedTurns\IMG\robocam_2025_04_06_21_55_26_767.jpg;0;0;1;0.02181284;145.2367;104.3204;0.2634903;280.2565;359.9341
C:\Mark's Python files\ME5920\HW3_Gardocki\DefinedTurns\IMG\robocam_2025_04_06_21_55_26_809.jpg;0;0;1;0.02180886;145.2367;104.3204;0.2145946;280.2565;359.9347
C:\Mark's Python files\ME5920\HW3_Gardocki\DefinedTurns\IMG\robocam_2025_04_06_21_55_26_851.jpg;0;0;1;0.02161939;145.2367;104.3204;0.1662444;280.2564;359.9358
C:\Mark's Python files\ME5920\HW3_Gardocki\DefinedTurns\IMG\robocam_2025_04_06_21_55_26_892.jpg;0;0;1;0.02125589;145.2367;104.3204;0.1188297;280.2563;359.9374
C:\Mark's Python files\ME5920\HW3_Gardocki\DefinedTurns\IMG\robocam_2025_04_06_21_55_26_933.jpg;0;0;1;0.02072847;145.2367;104.3204;0.0727155;280.2563;359.9395
C:\Mark's Python files\ME5920\HW3_Gardocki\DefinedTurns\IMG\robocam_2025_04_06_21_55_26_974.jpg;0;0;1;0.02005039;145.2367;104.3204;0.02823761;280.2562;359.942
C:\Mark's Python files\ME5920\HW3_Gardocki\DefinedTurns\IMG\robocam_2025_04_06_21_55_27_016.jpg;0;0;1;0.01923445;145.2367;104.3203;359.9857;280.2562;359.9449
C:\Mark's Python files\ME5920\HW3_Gardocki\DefinedTurns\IMG\robocam_2025_04_06_21_55_27_058.jpg;0;0;1;0.0177825;145.2367;104.3203;359.9454;280.2562;359.9482
C:\Mark's Python files\ME5920\HW3_Gardocki\DefinedTurns\IMG\robocam_2025_04_06_21_55_27_099.jpg;0;0;1;0.01668253;145.2367;104.3203;359.9075;280.2562;359.9517
C:\Mark's Python files\ME5920\HW3_Gardocki\DefinedTurns\IMG\robocam_2025_04_06_21_55_27_140.jpg;0;0;1;0.01549583;145.2367;104.3203;359.8723;280.2561;359.9555
C:\Mark's Python files\ME5920\HW3_Gardocki\DefinedTurns\IMG\robocam_2025_04_06_21_55_27_181.jpg;0;0;1;0.01423482;145.2367;104.3203;359.8399;280.2561;359.9594
C:\Mark's Python files\ME5920\HW3_Gardocki\DefinedTurns\IMG\robocam_2025_04_06_21_55_27_223.jpg;0;0;0;0.01291615;145.2367;104.3203;359.8105;280.2561;359.9635
C:\Mark's Python files\ME5920\HW3_Gardocki\DefinedTurns\IMG\robocam_2025_04_06_21_55_27_264.jpg;0;0;0;0.01155491;145.2367;104.3203;359.7842;280.2561;359.9677
C:\Mark's Python files\ME5920\HW3_Gardocki\DefinedTurns\IMG\robocam_2025_04_06_21_55_27_306.jpg;0;0;0;0.01016468;145.2367;104.3202;359.7506;280.2561;359.974
C:\Mark's Python files\ME5920\HW3_Gardocki\DefinedTurns\IMG\robocam_2025_04_06_21_55_27_348.jpg;0;0;0;0;145.2367;104.3202;359.7323;280.2561;359.9783
C:\Mark's Python files\ME5920\HW3_Gardocki\DefinedTurns\IMG\robocam_2025_04_06_21_55_27_390.jpg;0;0;0;0;145.2367;104.3202;359.7172;280.2561;359.9825
C:\Mark's Python files\ME5920\HW3_Gardocki\DefinedTurns\IMG\robocam_2025_04_06_21_55_27_431.jpg;0;0;0;0;145.2367;104.3202;359.7052;280.2561;359.9865
C:\Mark's Python files\ME5920\HW3_Gardocki\DefinedTurns\IMG\robocam_2025_04_06_21_55_27_473.jpg;0;0;0;0;145.2367;104.3202;359.6964;280.2561;359.9905
C:\Mark's Python files\ME5920\HW3_Gardocki\DefinedTurns\IMG\robocam_2025_04_06_21_55_27_514.jpg;0;0.0448965;0;0;145.2367;104.3201;359.6939;280.2541;-0.00568825
C:\Mark's Python files\ME5920\HW3_Gardocki\DefinedTurns\IMG\robocam_2025_04_06_21_55_27_556.jpg;0;0.1667469;0;0;145.2368;104.32;359.6942;280.2211;-0.002261848
C:\Mark's Python files\ME5920\HW3_Gardocki\DefinedTurns\IMG\robocam_2025_04_06_21_55_27_598.jpg;0;0.2938926;0;0;145.2369;104.3193;359.7088;280.2339;0.00129907
C:\Mark's Python files\ME5920\HW3_Gardocki\DefinedTurns\IMG\robocam_2025_04_06_21_55_27_640.jpg;0;0.4214454;0;0.0218136;145.2371;104.3182;359.7354;280.3656;0.005035806
C:\Mark's Python files\ME5920\HW3_Gardocki\DefinedTurns\IMG\robocam_2025_04_06_21_55_27_683.jpg;0;0.5494617;0;0.03298553;145.2375;104.3158;359.7923;280.303;0.007667987
C:\Mark's Python files\ME5920\HW3_Gardocki\DefinedTurns\IMG\robocam_2025_04_06_21_55_27_726.jpg;0;0.6765141;0;0.05570613;145.2386;104.3101;359.9207;280.3432;0.01163313
C:\Mark's Python files\ME5920\HW3_Gardocki\DefinedTurns\IMG\robocam_2025_04_06_21_55_27_768.jpg;0;0.8070295;0;0.07558034;145.2395;104.3051;0.02778715;280.2509;0.01370458
C:\Mark's Python files\ME5920\HW3_Gardocki\DefinedTurns\IMG\robocam_2025_04_06_21_55_27_810.jpg;0;0.9317837;0;0.1090019;145.2409;104.2973;0.191989;280.0757;0.0161416
C:\Mark's Python files\ME5920\HW3_Gardocki\DefinedTurns\IMG\robocam_2025_04_06_21_55_27_852.jpg;0;1;0;0.1448447;145.2425;104.2879;0.3822732;280.037;0.01823409
C:\Mark's Python files\ME5920\HW3_Gardocki\DefinedTurns\IMG\robocam_2025_04_06_21_55_27_895.jpg;0;1;0;0.1747515;145.2441;104.2775;0.5705861;280.0233;0.000412173
C:\Mark's Python files\ME5920\HW3_Gardocki\DefinedTurns\IMG\robocam_2025_04_06_21_55_27_937.jpg;0;1;0;0.2085916;145.2464;104.2653;0.7711516;280.0399;-0.001069388
C:\Mark's Python files\ME5920\HW3_Gardocki\DefinedTurns\IMG\robocam_2025_04_06_21_55_27_980.jpg;0;1;0;0.264884;145.2489;104.252;0.9721471;280.1752;-0.001603524
C:\Mark's Python files\ME5920\HW3_Gardocki\DefinedTurns\IMG\robocam_2025_04_06_21_55_28_023.jpg;0;1;0;0.2954015;145.2516;104.2368;1.184337;280.3268;-0.00242316
C:\Mark's Python files\ME5920\HW3_Gardocki\DefinedTurns\IMG\robocam_2025_04_06_21_55_28_064.jpg;0;1;0;0.333582;145.2542;104.2217;1.336338;280.3245;-0.001522866
C:\Mark's Python files\ME5920\HW3_Gardocki\DefinedTurns\IMG\robocam_2025_04_06_21_55_28_105.jpg;0;1;0;0.3550449;145.2576;104.202;1.265575;280.3681;-0.003635868
C:\Mark's Python files\ME5920\HW3_Gardocki\DefinedTurns\IMG\robocam_2025_04_06_21_55_28_147.jpg;0;1;0;0.3971784;145.2602;104.1876;1.161514;280.4094;-0.002058117
C:\Mark's Python files\ME5920\HW3_Gardocki\DefinedTurns\IMG\robocam_2025_04_06_21_55_28_188.jpg;0;1;0;0.4363789;145.2632;104.1712;1.093106;280.3714;0.0003653349
C:\Mark's Python files\ME5920\HW3_Gardocki\DefinedTurns\IMG\robocam_2025_04_06_21_55_28_229.jpg;0;1;0;0.4878339;145.2665;104.1525;1.066631;280.3058;0.0008209322
C:\Mark's Python files\ME5920\HW3_Gardocki\DefinedTurns\IMG\robocam_2025_04_06_21_55_28_271.jpg;0;1;0;0.5065194;145.2701;104.1325;1.056304;280.2772;0.0003616746
C:\Mark's Python files\ME5920\HW3_Gardocki\DefinedTurns\IMG\robocam_2025_04_06_21_55_28_312.jpg;0;1;0;0.5394387;145.2739;104.1108;1.07422;280.333;-0.0009991442
C:\Mark's Python files\ME5920\HW3_Gardocki\DefinedTurns\IMG\robocam_2025_04_06_21_55_28_355.jpg;0;1;0;0.5683023;145.2782;104.0874;1.114025;280.3239;0.0003084774
C:\Mark's Python files\ME5920\HW3_Gardocki\DefinedTurns\IMG\robocam_2025_04_06_21_55_28_395.jpg;0;1;0;0.6084866;145.2826;104.0627;1.166317;280.3398;-0.0001770013
C:\Mark's Python files\ME5920\HW3_Gardocki\DefinedTurns\IMG\robocam_2025_04_06_21_55_28_436.jpg;0;1;0;0.645336;145.2872;104.0368;1.217344;280.2933;-0.00067905
C:\Mark's Python files\ME5920\HW3_Gardocki\DefinedTurns\IMG\robocam_2025_04_06_21_55_28_478.jpg;0;1;0;0.6764867;145.292;104.0097;1.252329;280.1282;0.001028062
C:\Mark's Python files\ME5920\HW3_Gardocki\DefinedTurns\IMG\robocam_2025_04_06_21_55_28_520.jpg;0;1;0;0.7083676;145.2969;103.9823;1.238354;279.9993;-0.001090203
C:\Mark's Python files\ME5920\HW3_Gardocki\DefinedTurns\IMG\robocam_2025_04_06_21_55_28_563.jpg;0;1;0;0.7456049;145.302;103.9533;1.219067;279.9171;8.948638E-05
C:\Mark's Python files\ME5920\HW3_Gardocki\DefinedTurns\IMG\robocam_2025_04_06_21_55_28_604.jpg;0;1;0;0.7787369;145.3072;103.9233;1.190139;279.881;-0.0001427177
C:\Mark's Python files\ME5920\HW3_Gardocki\DefinedTurns\IMG\robocam_2025_04_06_21_55_28_646.jpg;0;1;0;0.8196301;145.3156;103.8747;1.197315;279.9503;-0.0009848295
C:\Mark's Python files\ME5920\HW3_Gardocki\DefinedTurns\IMG\robocam_2025_04_06_21_55_28_690.jpg;0;1;0;0.8637292;145.3213;103.8409;1.201532;279.9382;-0.0008918159
C:\Mark's Python files\ME5920\HW3_Gardocki\DefinedTurns\IMG\robocam_2025_04_06_21_55_28_733.jpg;0;1;0;0.9060025;145.3274;103.8055;1.214497;279.9095;-0.0004487121
C:\Mark's Python files\ME5920\HW3_Gardocki\DefinedTurns\IMG\robocam_2025_04_06_21_55_28_774.jpg;0;1;0;0.9381353;145.3337;103.7685;1.228357;279.9038;-0.0006668037
C:\Mark's Python files\ME5920\HW3_Gardocki\DefinedTurns\IMG\robocam_2025_04_06_21_55_28_822.jpg;0;1;0;0.9709573;145.3402;103.7305;1.2351;279.9013;-0.0007016447
C:\Mark's Python files\ME5920\HW3_Gardocki\DefinedTurns\IMG\robocam_2025_04_06_21_55_28_863.jpg;0;0.9451736;0;1.003119;145.3469;103.6912;1.234035;279.8969;-0.0007049136
C:\Mark's Python files\ME5920\HW3_Gardocki\DefinedTurns\IMG\robocam_2025_04_06_21_55_28_904.jpg;0;0.8229751;0;1.032287;145.3538;103.651;1.22351;279.8924;-0.0006342383
C:\Mark's Python files\ME5920\HW3_Gardocki\DefinedTurns\IMG\robocam_2025_04_06_21_55_28_947.jpg;0;0.7022587;0;1.046451;145.3643;103.5892;1.196069;279.8657;-5.488025E-05
C:\Mark's Python files\ME5920\HW3_Gardocki\DefinedTurns\IMG\robocam_2025_04_06_21_55_28_988.jpg;0;0.5818003;0;1.071752;145.3716;103.5468;1.188497;279.8539;0.0002299213
C:\Mark's Python files\ME5920\HW3_Gardocki\DefinedTurns\IMG\robocam_2025_04_06_21_55_29_030.jpg;0;0.4541397;0;1.088133;145.3788;103.5039;1.180731;279.8568;0.0002768348
C:\Mark's Python files\ME5920\HW3_Gardocki\DefinedTurns\IMG\robocam_2025_04_06_21_55_29_070.jpg;0;0.3324327;0;1.099247;145.3862;103.4606;1.168912;279.8536;0.0003374442
C:\Mark's Python files\ME5920\HW3_Gardocki\DefinedTurns\IMG\robocam_2025_04_06_21_55_29_112.jpg;0;0.2106;0;1.107278;145.3936;103.4173;1.14888;279.8511;0.0003477559
C:\Mark's Python files\ME5920\HW3_Gardocki\DefinedTurns\IMG\robocam_2025_04_06_21_55_29_153.jpg;0;0.08395412;0;1.111106;145.4009;103.374;1.116641;279.8498;0.0003565048
C:\Mark's Python files\ME5920\HW3_Gardocki\DefinedTurns\IMG\robocam_2025_04_06_21_55_29_193.jpg;0;0;0;1.110524;145.4082;103.3309;1.072143;279.8727;-0.0001593234
C:\Mark's Python files\ME5920\HW3_Gardocki\DefinedTurns\IMG\robocam_2025_04_06_21_55_29_236.jpg;0;0;0;1.112043;145.4155;103.288;1.016314;279.8667;-8.3216E-05
C:\Mark's Python files\ME5920\HW3_Gardocki\DefinedTurns\IMG\robocam_2025_04_06_21_55_29_276.jpg;0;0;0;1.109872;145.4228;103.2454;0.9489655;279.8624;1.422929E-05
C:\Mark's Python files\ME5920\HW3_Gardocki\DefinedTurns\IMG\robocam_2025_04_06_21_55_29_318.jpg;0;0;0.0873318;1.101348;145.43;103.2032;0.8687658;279.859;0.001317571
C:\Mark's Python files\ME5920\HW3_Gardocki\DefinedTurns\IMG\robocam_2025_04_06_21_55_29_358.jpg;0;0;0.2114376;1.076513;145.437;103.1624;0.758153;279.8587;0.00728172
C:\Mark's Python files\ME5920\HW3_Gardocki\DefinedTurns\IMG\robocam_2025_04_06_21_55_29_400.jpg;0;0;0.3331419;1.048802;145.4439;103.123;0.6141286;279.858;0.0151339
C:\Mark's Python files\ME5920\HW3_Gardocki\DefinedTurns\IMG\robocam_2025_04_06_21_55_29_442.jpg;0;0;0.4576584;0.9966534;145.4501;103.0868;0.402489;279.8566;0.02238683
C:\Mark's Python files\ME5920\HW3_Gardocki\DefinedTurns\IMG\robocam_2025_04_06_21_55_29_484.jpg;0;0;0.5809911;0.9171748;145.4557;103.0549;0.1012668;279.8563;0.02895254
C:\Mark's Python files\ME5920\HW3_Gardocki\DefinedTurns\IMG\robocam_2025_04_06_21_55_29_525.jpg;0;0;0.7025295;0.8400694;145.4624;103.0163;359.4715;279.7972;0.03753042
C:\Mark's Python files\ME5920\HW3_Gardocki\DefinedTurns\IMG\robocam_2025_04_06_21_55_29_567.jpg;0;0;0.826938;0.6903406;145.4645;103.0009;358.8762;279.7668;-0.004585707
C:\Mark's Python files\ME5920\HW3_Gardocki\DefinedTurns\IMG\robocam_2025_04_06_21_55_29_608.jpg;0;0;0.9515268;0.5117821;145.4662;102.9928;358.2099;279.7687;0.0003852533
C:\Mark's Python files\ME5920\HW3_Gardocki\DefinedTurns\IMG\robocam_2025_04_06_21_55_29_651.jpg;0;0;1;0.3367192;145.4666;102.9924;357.5162;279.7716;0.02750704
C:\Mark's Python files\ME5920\HW3_Gardocki\DefinedTurns\IMG\robocam_2025_04_06_21_55_29_694.jpg;0;0;1;0.2732871;145.4657;102.9921;356.9332;279.7704;0.001737223
C:\Mark's Python files\ME5920\HW3_Gardocki\DefinedTurns\IMG\robocam_2025_04_06_21_55_29_736.jpg;0;0;1;0.2168011;145.4655;102.992;356.4803;279.7653;359.9755
C:\Mark's Python files\ME5920\HW3_Gardocki\DefinedTurns\IMG\robocam_2025_04_06_21_55_29_779.jpg;0;0;1;0.1293512;145.4666;102.9921;356.1551;279.7721;0.03445103
C:\Mark's Python files\ME5920\HW3_Gardocki\DefinedTurns\IMG\robocam_2025_04_06_21_55_29_820.jpg;0;0;1;0.08225879;145.4661;102.9919;355.9556;279.7728;0.03264775
C:\Mark's Python files\ME5920\HW3_Gardocki\DefinedTurns\IMG\robocam_2025_04_06_21_55_29_862.jpg;0;0;1;0.02338318;145.4653;102.9917;355.9019;279.7679;359.9914
C:\Mark's Python files\ME5920\HW3_Gardocki\DefinedTurns\IMG\robocam_2025_04_06_21_55_29_904.jpg;0;0;1;-0.03458714;145.4654;102.9916;355.9842;279.7695;0.005434941
C:\Mark's Python files\ME5920\HW3_Gardocki\DefinedTurns\IMG\robocam_2025_04_06_21_55_29_947.jpg;0;0;0;-0.09334235;145.4648;102.9913;356.3784;279.7687;359.9934
C:\Mark's Python files\ME5920\HW3_Gardocki\DefinedTurns\IMG\robocam_2025_04_06_21_55_29_988.jpg;0;0;0;-0.1512662;145.4644;102.9912;356.7948;279.7684;359.9935
C:\Mark's Python files\ME5920\HW3_Gardocki\DefinedTurns\IMG\robocam_2025_04_06_21_55_30_029.jpg;0;0;0;-0.2086309;145.464;102.9911;357.3404;279.7681;359.9935
C:\Mark's Python files\ME5920\HW3_Gardocki\DefinedTurns\IMG\robocam_2025_04_06_21_55_30_070.jpg;0;0;0;-0.2771331;145.464;102.9911;358.013;279.7707;0.02599508
C:\Mark's Python files\ME5920\HW3_Gardocki\DefinedTurns\IMG\robocam_2025_04_06_21_55_30_111.jpg;0;0;0;-0.3334817;145.4628;102.9909;358.8037;279.7653;359.9748
C:\Mark's Python files\ME5920\HW3_Gardocki\DefinedTurns\IMG\robocam_2025_04_06_21_55_30_153.jpg;0;0;0;-0.3582641;145.4628;102.9913;359.5962;279.7654;359.9442
C:\Mark's Python files\ME5920\HW3_Gardocki\DefinedTurns\IMG\robocam_2025_04_06_21_55_30_193.jpg;-0.797463;0;0;-0.3421648;145.4628;102.9916;0.3522958;279.7661;359.9142
C:\Mark's Python files\ME5920\HW3_Gardocki\DefinedTurns\IMG\robocam_2025_04_06_21_55_30_234.jpg;-2.636834;0;0;-0.3040555;145.4627;102.9918;1.003108;279.6103;359.9582
C:\Mark's Python files\ME5920\HW3_Gardocki\DefinedTurns\IMG\robocam_2025_04_06_21_55_30_277.jpg;-4.505179;0;0;-0.2466139;145.4625;102.992;1.578129;279.1578;-0.001277463
C:\Mark's Python files\ME5920\HW3_Gardocki\DefinedTurns\IMG\robocam_2025_04_06_21_55_30_320.jpg;-6.769701;0;0;-0.1866786;145.4613;102.992;2.027406;278.5217;359.9753
C:\Mark's Python files\ME5920\HW3_Gardocki\DefinedTurns\IMG\robocam_2025_04_06_21_55_30_362.jpg;-8.612045;0;0;-0.1247886;145.4609;102.9921;2.335814;277.6471;359.9875
C:\Mark's Python files\ME5920\HW3_Gardocki\DefinedTurns\IMG\robocam_2025_04_06_21_55_30_403.jpg;-10.44626;0;0;-0.06372663;145.4602;102.9922;2.504554;276.5627;359.9869
C:\Mark's Python files\ME5920\HW3_Gardocki\DefinedTurns\IMG\robocam_2025_04_06_21_55_30_451.jpg;-12.43949;0;0;-0.01564217;145.4594;102.9924;2.494928;274.5259;359.9809
C:\Mark's Python files\ME5920\HW3_Gardocki\DefinedTurns\IMG\robocam_2025_04_06_21_55_30_491.jpg;-14.27587;0;0;0.06392573;145.4592;102.9925;2.312849;272.882;359.9867
C:\Mark's Python files\ME5920\HW3_Gardocki\DefinedTurns\IMG\robocam_2025_04_06_21_55_30_533.jpg;-15;0;0;0.1214472;145.4589;102.9927;1.990592;271.1021;359.971
C:\Mark's Python files\ME5920\HW3_Gardocki\DefinedTurns\IMG\robocam_2025_04_06_21_55_30_573.jpg;-15;0;0;0.1692647;145.4594;102.9929;1.537113;269.269;359.9832
C:\Mark's Python files\ME5920\HW3_Gardocki\DefinedTurns\IMG\robocam_2025_04_06_21_55_30_619.jpg;-15;0;0;0.2373849;145.4598;102.9928;1.000923;267.4349;-0.004584105
C:\Mark's Python files\ME5920\HW3_Gardocki\DefinedTurns\IMG\robocam_2025_04_06_21_55_30_668.jpg;-15;0;0;0.2277494;145.4598;102.9925;0.2371185;264.7338;359.9698
C:\Mark's Python files\ME5920\HW3_Gardocki\DefinedTurns\IMG\robocam_2025_04_06_21_55_30_709.jpg;-15;0;0;0.2185058;145.4597;102.9923;359.7581;262.9335;359.9174
C:\Mark's Python files\ME5920\HW3_Gardocki\DefinedTurns\IMG\robocam_2025_04_06_21_55_30_752.jpg;-15;0;0;0.1930875;145.4598;102.9921;359.3488;261.1337;359.8889
C:\Mark's Python files\ME5920\HW3_Gardocki\DefinedTurns\IMG\robocam_2025_04_06_21_55_30_794.jpg;-15;0;0;0.1588224;145.4598;102.9919;358.9875;259.3334;359.8616
C:\Mark's Python files\ME5920\HW3_Gardocki\DefinedTurns\IMG\robocam_2025_04_06_21_55_30_834.jpg;-15;0;0;0.1298976;145.4598;102.9918;358.6848;257.5345;359.8488
C:\Mark's Python files\ME5920\HW3_Gardocki\DefinedTurns\IMG\robocam_2025_04_06_21_55_30_875.jpg;-15;0;0;0.08502661;145.4601;102.9915;358.4858;255.7636;359.8824
C:\Mark's Python files\ME5920\HW3_Gardocki\DefinedTurns\IMG\robocam_2025_04_06_21_55_30_916.jpg;-15;0;0;0.04870349;145.4611;102.9911;358.4014;254.0524;359.9756
C:\Mark's Python files\ME5920\HW3_Gardocki\DefinedTurns\IMG\robocam_2025_04_06_21_55_30_957.jpg;-15;0;0;-0.05871182;145.4613;102.9908;358.4381;252.2786;0.05386638
C:\Mark's Python files\ME5920\HW3_Gardocki\DefinedTurns\IMG\robocam_2025_04_06_21_55_30_998.jpg;-15;0;0;-0.08961705;145.4601;102.9911;358.5848;250.3856;0.03742997
C:\Mark's Python files\ME5920\HW3_Gardocki\DefinedTurns\IMG\robocam_2025_04_06_21_55_31_041.jpg;-15;0;0;-0.09973927;145.4597;102.9912;358.8097;248.553;0.01221299
C:\Mark's Python files\ME5920\HW3_Gardocki\DefinedTurns\IMG\robocam_2025_04_06_21_55_31_083.jpg;-15;0;0;-0.1026386;145.4597;102.9913;359.0387;246.7526;0.008398152
C:\Mark's Python files\ME5920\HW3_Gardocki\DefinedTurns\IMG\robocam_2025_04_06_21_55_31_123.jpg;-15;0;0;-0.1011937;145.4597;102.9914;359.2629;244.9526;0.01931075
C:\Mark's Python files\ME5920\HW3_Gardocki\DefinedTurns\IMG\robocam_2025_04_06_21_55_31_165.jpg;-15;0;0;-0.09882158;145.4597;102.9915;359.4805;243.1526;0.04287623
C:\Mark's Python files\ME5920\HW3_Gardocki\DefinedTurns\IMG\robocam_2025_04_06_21_55_31_218.jpg;-15;0;0;-0.09571269;145.4597;102.9916;359.7903;240.4526;0.09885872
C:\Mark's Python files\ME5920\HW3_Gardocki\DefinedTurns\IMG\robocam_2025_04_06_21_55_31_258.jpg;-15;0;0;-0.08979186;145.4598;102.9917;359.9832;238.6524;0.1476674
C:\Mark's Python files\ME5920\HW3_Gardocki\DefinedTurns\IMG\robocam_2025_04_06_21_55_31_300.jpg;-15;0;0;-0.08509935;145.4598;102.9918;0.163389;236.8521;0.2037444
C:\Mark's Python files\ME5920\HW3_Gardocki\DefinedTurns\IMG\robocam_2025_04_06_21_55_31_343.jpg;-15;0;0;-0.07989235;145.4598;102.9919;0.3298652;235.0516;0.2653872
C:\Mark's Python files\ME5920\HW3_Gardocki\DefinedTurns\IMG\robocam_2025_04_06_21_55_31_384.jpg;-15;0;0;-0.06407099;145.4598;102.9919;0.4637254;233.2508;0.3114864
C:\Mark's Python files\ME5920\HW3_Gardocki\DefinedTurns\IMG\robocam_2025_04_06_21_55_31_424.jpg;-15;0;0;-0.05419901;145.4598;102.992;0.5770791;231.4502;0.3512813
C:\Mark's Python files\ME5920\HW3_Gardocki\DefinedTurns\IMG\robocam_2025_04_06_21_55_31_467.jpg;-15;0;0;-0.04571576;145.4599;102.9921;0.7112738;228.7494;0.3984154
C:\Mark's Python files\ME5920\HW3_Gardocki\DefinedTurns\IMG\robocam_2025_04_06_21_55_31_509.jpg;-15;0;0;-0.03681557;145.4599;102.9921;0.7723346;226.949;0.4137426
C:\Mark's Python files\ME5920\HW3_Gardocki\DefinedTurns\IMG\robocam_2025_04_06_21_55_31_553.jpg;-15;0;0;-0.02604308;145.4599;102.9921;0.8016229;225.1489;0.402816
C:\Mark's Python files\ME5920\HW3_Gardocki\DefinedTurns\IMG\robocam_2025_04_06_21_55_31_594.jpg;-15;0;0;-0.02643992;145.4599;102.9921;0.8015595;223.3491;0.3647752
C:\Mark's Python files\ME5920\HW3_Gardocki\DefinedTurns\IMG\robocam_2025_04_06_21_55_31_636.jpg;-15;0;0;0.03427849;145.4599;102.9921;0.7866319;221.5494;0.3129225
C:\Mark's Python files\ME5920\HW3_Gardocki\DefinedTurns\IMG\robocam_2025_04_06_21_55_31_677.jpg;-15;0;0;0.03421505;145.4599;102.9921;0.769864;219.7498;0.2610146
C:\Mark's Python files\ME5920\HW3_Gardocki\DefinedTurns\IMG\robocam_2025_04_06_21_55_31_718.jpg;-15;0;0;0.03419826;145.46;102.9921;0.75116;217.9503;0.2090657
C:\Mark's Python files\ME5920\HW3_Gardocki\DefinedTurns\IMG\robocam_2025_04_06_21_55_31_761.jpg;-15;0;0;0.03406413;145.46;102.992;0.7307115;216.1507;0.1573111
C:\Mark's Python files\ME5920\HW3_Gardocki\DefinedTurns\IMG\robocam_2025_04_06_21_55_31_801.jpg;-15;0;0;0.03381139;145.46;102.992;0.7087654;214.351;0.1060744
C:\Mark's Python files\ME5920\HW3_Gardocki\DefinedTurns\IMG\robocam_2025_04_06_21_55_31_841.jpg;-15;0;0;0.0334417;145.46;102.992;0.6855371;212.5514;0.05566785
C:\Mark's Python files\ME5920\HW3_Gardocki\DefinedTurns\IMG\robocam_2025_04_06_21_55_31_883.jpg;-15;0;0;0.03296009;145.46;102.992;0.6612189;210.7517;0.006391774
C:\Mark's Python files\ME5920\HW3_Gardocki\DefinedTurns\IMG\robocam_2025_04_06_21_55_31_926.jpg;-15;0;0;0.03237481;145.46;102.9919;0.6230676;208.0521;359.9352
C:\Mark's Python files\ME5920\HW3_Gardocki\DefinedTurns\IMG\robocam_2025_04_06_21_55_31_968.jpg;-15;0;0;0.03169602;145.46;102.9919;0.5967306;206.2523;359.89
C:\Mark's Python files\ME5920\HW3_Gardocki\DefinedTurns\IMG\robocam_2025_04_06_21_55_32_010.jpg;-15;0;0;0.03093519;145.46;102.9919;0.5698186;204.4525;359.8467
C:\Mark's Python files\ME5920\HW3_Gardocki\DefinedTurns\IMG\robocam_2025_04_06_21_55_32_052.jpg;-15;0;0;0.03006482;145.46;102.9918;0.5424646;202.6527;359.8057
C:\Mark's Python files\ME5920\HW3_Gardocki\DefinedTurns\IMG\robocam_2025_04_06_21_55_32_094.jpg;-15;0;0;0.02880049;145.46;102.9918;0.5115749;200.8528;359.7703
C:\Mark's Python files\ME5920\HW3_Gardocki\DefinedTurns\IMG\robocam_2025_04_06_21_55_32_136.jpg;-15;0;0;0.02747012;145.46;102.9918;0.4792666;199.0528;359.7384
C:\Mark's Python files\ME5920\HW3_Gardocki\DefinedTurns\IMG\robocam_2025_04_06_21_55_32_179.jpg;-15;0;0;0.02668905;145.46;102.9918;0.4458328;197.2528;359.7097
C:\Mark's Python files\ME5920\HW3_Gardocki\DefinedTurns\IMG\robocam_2025_04_06_21_55_32_221.jpg;-15;0;0;0.02598871;145.46;102.9918;0.4116825;195.4528;359.6839
C:\Mark's Python files\ME5920\HW3_Gardocki\DefinedTurns\IMG\robocam_2025_04_06_21_55_32_265.jpg;-15;0;0;0.02532563;145.46;102.9918;0.3770247;193.6526;359.6609
C:\Mark's Python files\ME5920\HW3_Gardocki\DefinedTurns\IMG\robocam_2025_04_06_21_55_32_308.jpg;-15;0;0;0.02467576;145.46;102.9917;0.324756;190.9525;359.6311
C:\Mark's Python files\ME5920\HW3_Gardocki\DefinedTurns\IMG\robocam_2025_04_06_21_55_32_350.jpg;-15;0;0;0.02403888;145.4599;102.9917;0.2901256;189.1523;359.6142
C:\Mark's Python files\ME5920\HW3_Gardocki\DefinedTurns\IMG\robocam_2025_04_06_21_55_32_393.jpg;-15;0;0;0.02336442;145.4599;102.9917;0.2559499;187.3522;359.5995
C:\Mark's Python files\ME5920\HW3_Gardocki\DefinedTurns\IMG\robocam_2025_04_06_21_55_32_436.jpg;-15;0;0;0.02268577;145.4599;102.9917;0.2224469;185.552;359.5868
C:\Mark's Python files\ME5920\HW3_Gardocki\DefinedTurns\IMG\robocam_2025_04_06_21_55_32_479.jpg;-15;0;0;0.02168475;145.4599;102.9917;0.1896416;183.7518;359.5764
C:\Mark's Python files\ME5920\HW3_Gardocki\DefinedTurns\IMG\robocam_2025_04_06_21_55_32_523.jpg;-15;0;0;0.02103741;145.4599;102.9917;0.157598;181.9517;359.5682
C:\Mark's Python files\ME5920\HW3_Gardocki\DefinedTurns\IMG\robocam_2025_04_06_21_55_32_565.jpg;-15;0;0;0.0204134;145.4599;102.9917;0.1263919;180.1514;359.5622
C:\Mark's Python files\ME5920\HW3_Gardocki\DefinedTurns\IMG\robocam_2025_04_06_21_55_32_606.jpg;-13.56045;0;0;0.01981473;145.4599;102.9917;0.08029439;177.5852;359.557
C:\Mark's Python files\ME5920\HW3_Gardocki\DefinedTurns\IMG\robocam_2025_04_06_21_55_32_648.jpg;-11.65646;0;0;0.01920813;145.4598;102.9917;0.04877475;176.1472;359.556
C:\Mark's Python files\ME5920\HW3_Gardocki\DefinedTurns\IMG\robocam_2025_04_06_21_55_32_690.jpg;-9.734365;0;0;0.01861611;145.4598;102.9917;0.01680055;174.9273;359.5574
C:\Mark's Python files\ME5920\HW3_Gardocki\DefinedTurns\IMG\robocam_2025_04_06_21_55_32_731.jpg;-7.854333;0;0;0.0180387;145.4598;102.9917;359.9845;173.9329;359.5614
C:\Mark's Python files\ME5920\HW3_Gardocki\DefinedTurns\IMG\robocam_2025_04_06_21_55_32_774.jpg;-5.949159;0;0;0.01721908;145.4598;102.9917;359.9524;173.1292;359.5682
C:\Mark's Python files\ME5920\HW3_Gardocki\DefinedTurns\IMG\robocam_2025_04_06_21_55_32_817.jpg;-4.02063;0;0;0.01670153;145.4598;102.9917;359.9204;172.5513;359.578
C:\Mark's Python files\ME5920\HW3_Gardocki\DefinedTurns\IMG\robocam_2025_04_06_21_55_32_860.jpg;-2.130756;0;0;0.01594811;145.4598;102.9917;359.8905;172.1799;359.5926
C:\Mark's Python files\ME5920\HW3_Gardocki\DefinedTurns\IMG\robocam_2025_04_06_21_55_32_903.jpg;-0.1689133;0;0;0.01547789;145.4598;102.9917;359.8624;172.0304;359.6114
C:\Mark's Python files\ME5920\HW3_Gardocki\DefinedTurns\IMG\robocam_2025_04_06_21_55_32_946.jpg;0;0;0;0.0151585;145.4597;102.9917;359.8247;172.0304;359.6457
C:\Mark's Python files\ME5920\HW3_Gardocki\DefinedTurns\IMG\robocam_2025_04_06_21_55_32_986.jpg;0;0;0;0.01493607;145.4597;102.9917;359.803;172.0303;359.6712
C:\Mark's Python files\ME5920\HW3_Gardocki\DefinedTurns\IMG\robocam_2025_04_06_21_55_33_028.jpg;-0.9315809;0;0;0.01472913;145.4597;102.9917;359.7845;171.9744;359.698
C:\Mark's Python files\ME5920\HW3_Gardocki\DefinedTurns\IMG\robocam_2025_04_06_21_55_33_072.jpg;-2.878942;0;0;0.01454479;145.4597;102.9917;359.7697;171.6866;359.7251
C:\Mark's Python files\ME5920\HW3_Gardocki\DefinedTurns\IMG\robocam_2025_04_06_21_55_33_112.jpg;-4.792716;0;0;0.01430055;145.4597;102.9917;359.7582;171.1957;359.7522
C:\Mark's Python files\ME5920\HW3_Gardocki\DefinedTurns\IMG\robocam_2025_04_06_21_55_33_155.jpg;-6.730646;0;0;0.01414582;145.4597;102.9917;359.7498;170.4902;359.7789
C:\Mark's Python files\ME5920\HW3_Gardocki\DefinedTurns\IMG\robocam_2025_04_06_21_55_33_196.jpg;-8.603213;0;0;0.01399372;145.4597;102.9918;359.7439;169.5605;359.8049
C:\Mark's Python files\ME5920\HW3_Gardocki\DefinedTurns\IMG\robocam_2025_04_06_21_55_33_238.jpg;-10.57755;0;0;0.0138351;145.4597;102.9918;359.7402;168.4333;359.83
C:\Mark's Python files\ME5920\HW3_Gardocki\DefinedTurns\IMG\robocam_2025_04_06_21_55_33_279.jpg;-11.95325;0;0;0.01366906;145.4597;102.9918;359.7384;167.0797;359.8541
C:\Mark's Python files\ME5920\HW3_Gardocki\DefinedTurns\IMG\robocam_2025_04_06_21_55_33_321.jpg;-13.91153;0;0;0.013489;145.4597;102.9918;359.7382;165.525;359.8771
C:\Mark's Python files\ME5920\HW3_Gardocki\DefinedTurns\IMG\robocam_2025_04_06_21_55_33_365.jpg;-15;0;0;0.0132956;145.4597;102.9918;359.7392;163.7532;359.8988
C:\Mark's Python files\ME5920\HW3_Gardocki\DefinedTurns\IMG\robocam_2025_04_06_21_55_33_408.jpg;-15;0;0;0.01306851;145.4597;102.9918;359.742;161.0534;359.9305
C:\Mark's Python files\ME5920\HW3_Gardocki\DefinedTurns\IMG\robocam_2025_04_06_21_55_33_450.jpg;-15;0;0;-0.01280684;145.4597;102.9918;359.7446;159.2535;359.951
C:\Mark's Python files\ME5920\HW3_Gardocki\DefinedTurns\IMG\robocam_2025_04_06_21_55_33_493.jpg;-15;0;0;-0.01251453;145.4597;102.9918;359.7478;157.4536;359.9708
C:\Mark's Python files\ME5920\HW3_Gardocki\DefinedTurns\IMG\robocam_2025_04_06_21_55_33_538.jpg;-14.34804;0;0;-0.01202666;145.4597;102.9918;359.7516;155.6837;359.9901
C:\Mark's Python files\ME5920\HW3_Gardocki\DefinedTurns\IMG\robocam_2025_04_06_21_55_33_579.jpg;-12.40663;0;0;-0.0116583;145.4597;102.9919;359.7561;154.0826;0.009126583
C:\Mark's Python files\ME5920\HW3_Gardocki\DefinedTurns\IMG\robocam_2025_04_06_21_55_33_620.jpg;-10.484;0;0;-0.0112549;145.4598;102.9919;359.7614;152.7098;0.02816177
C:\Mark's Python files\ME5920\HW3_Gardocki\DefinedTurns\IMG\robocam_2025_04_06_21_55_33_664.jpg;-8.552386;0;0;-0.01082811;145.4598;102.9919;359.7676;151.5521;0.04691439
C:\Mark's Python files\ME5920\HW3_Gardocki\DefinedTurns\IMG\robocam_2025_04_06_21_55_33_709.jpg;-6.630175;0;0;-0.01038718;145.4598;102.9919;359.7791;150.2299;0.07414861
C:\Mark's Python files\ME5920\HW3_Gardocki\DefinedTurns\IMG\robocam_2025_04_06_21_55_33_750.jpg;-4.712315;0;0;0;145.4598;102.9919;359.7884;149.6139;0.09139174
C:\Mark's Python files\ME5920\HW3_Gardocki\DefinedTurns\IMG\robocam_2025_04_06_21_55_33_794.jpg;-2.820231;0;0;0;145.4598;102.9919;359.7991;149.2266;0.1077386
C:\Mark's Python files\ME5920\HW3_Gardocki\DefinedTurns\IMG\robocam_2025_04_06_21_55_33_837.jpg;-0.9688545;0;0;0;145.4598;102.9919;359.8112;149.0354;0.1228818
C:\Mark's Python files\ME5920\HW3_Gardocki\DefinedTurns\IMG\robocam_2025_04_06_21_55_33_878.jpg;0;0;0;0;145.4598;102.9919;359.8247;149.0175;0.1365697
C:\Mark's Python files\ME5920\HW3_Gardocki\DefinedTurns\IMG\robocam_2025_04_06_21_55_33_924.jpg;0;0;0;0;145.4598;102.9919;359.8391;149.0175;0.1482324
C:\Mark's Python files\ME5920\HW3_Gardocki\DefinedTurns\IMG\robocam_2025_04_06_21_55_33_967.jpg;0;0;0;0;145.4598;102.9919;359.8618;149.0175;0.1618571
C:\Mark's Python files\ME5920\HW3_Gardocki\DefinedTurns\IMG\robocam_2025_04_06_21_55_34_010.jpg;0;0;0;0;145.4599;102.9919;359.8776;149.0175;0.1684152
C:\Mark's Python files\ME5920\HW3_Gardocki\DefinedTurns\IMG\robocam_2025_04_06_21_55_34_053.jpg;0;0;0;0;145.4599;102.9919;359.8937;149.0175;0.1730189
C:\Mark's Python files\ME5920\HW3_Gardocki\DefinedTurns\IMG\robocam_2025_04_06_21_55_34_096.jpg;0;0;0;0;145.4599;102.9919;359.9099;149.0175;0.1757415
C:\Mark's Python files\ME5920\HW3_Gardocki\DefinedTurns\IMG\robocam_2025_04_06_21_55_34_138.jpg;0;0;0;0;145.4599;102.9919;359.9261;149.0175;0.176669
C:\Mark's Python files\ME5920\HW3_Gardocki\DefinedTurns\IMG\robocam_2025_04_06_21_55_34_181.jpg;0;0;0;0;145.4599;102.9919;359.9421;149.0175;0.1758987
C:\Mark's Python files\ME5920\HW3_Gardocki\DefinedTurns\IMG\robocam_2025_04_06_21_55_34_225.jpg;0;0;0;0;145.4599;102.9919;359.9578;149.0174;0.1735388
C:\Mark's Python files\ME5920\HW3_Gardocki\DefinedTurns\IMG\robocam_2025_04_06_21_55_34_268.jpg;0;0;0;0;145.4599;102.9919;359.9807;149.0174;0.1672737
C:\Mark's Python files\ME5920\HW3_Gardocki\DefinedTurns\IMG\robocam_2025_04_06_21_55_34_313.jpg;0;0.0891519;0;0;145.4599;102.9919;-0.00351017;149.0193;0.1613016
C:\Mark's Python files\ME5920\HW3_Gardocki\DefinedTurns\IMG\robocam_2025_04_06_21_55_34_357.jpg;0;0.2192451;0;0;145.46;102.9918;0.006475653;148.965;0.1541993
C:\Mark's Python files\ME5920\HW3_Gardocki\DefinedTurns\IMG\robocam_2025_04_06_21_55_34_401.jpg;0;0;0.3570327;0;145.4586;102.9927;0.05592204;148.9548;0.1462377
C:\Mark's Python files\ME5920\HW3_Gardocki\DefinedTurns\IMG\robocam_2025_04_06_21_55_34_443.jpg;0;0;0.4839432;0;145.4586;102.9927;0.06611017;148.9548;0.1372894
C:\Mark's Python files\ME5920\HW3_Gardocki\DefinedTurns\IMG\robocam_2025_04_06_21_55_34_486.jpg;0;0;0.612507;0;145.4586;102.9927;0.07938469;148.9548;0.1225417
C:\Mark's Python files\ME5920\HW3_Gardocki\DefinedTurns\IMG\robocam_2025_04_06_21_55_34_528.jpg;0;0;0.7371138;0;145.4586;102.9927;0.08685624;148.9548;0.1120191
C:\Mark's Python files\ME5920\HW3_Gardocki\DefinedTurns\IMG\robocam_2025_04_06_21_55_34_572.jpg;0;0;0.8699877;0;145.4586;102.9927;0.0932119;148.9548;0.1010957
C:\Mark's Python files\ME5920\HW3_Gardocki\DefinedTurns\IMG\robocam_2025_04_06_21_55_34_615.jpg;0;0;0.9993102;0;145.4586;102.9927;0.09845088;148.9548;0.08989552
C:\Mark's Python files\ME5920\HW3_Gardocki\DefinedTurns\IMG\robocam_2025_04_06_21_55_34_656.jpg;0;0;1;0;145.4586;102.9927;0.1025826;148.9548;0.07853859
C:\Mark's Python files\ME5920\HW3_Gardocki\DefinedTurns\IMG\robocam_2025_04_06_21_55_34_696.jpg;0;0;1;0;145.4586;102.9927;0.1056259;148.9549;0.06713991
C:\Mark's Python files\ME5920\HW3_Gardocki\DefinedTurns\IMG\robocam_2025_04_06_21_55_34_741.jpg;0;0;1;0;145.4586;102.9927;0.1076077;148.9549;0.05580639
C:\Mark's Python files\ME5920\HW3_Gardocki\DefinedTurns\IMG\robocam_2025_04_06_21_55_34_783.jpg;0;0;1;0;145.4586;102.9926;0.1085631;148.9549;0.04463842
C:\Mark's Python files\ME5920\HW3_Gardocki\DefinedTurns\IMG\robocam_2025_04_06_21_55_34_827.jpg;0;0;1;0;145.4586;102.9926;0.1081656;148.9549;0.02839937
C:\Mark's Python files\ME5920\HW3_Gardocki\DefinedTurns\IMG\robocam_2025_04_06_21_55_34_871.jpg;0;0;1;0;145.4586;102.9926;0.1067526;148.9549;0.01803581
C:\Mark's Python files\ME5920\HW3_Gardocki\DefinedTurns\IMG\robocam_2025_04_06_21_55_34_915.jpg;0;0;1;0;145.4586;102.9926;0.104487;148.955;0.008128341
C:\Mark's Python files\ME5920\HW3_Gardocki\DefinedTurns\IMG\robocam_2025_04_06_21_55_34_958.jpg;0;0;1;0;145.4586;102.9926;0.1014305;148.955;-0.001259482
C:\Mark's Python files\ME5920\HW3_Gardocki\DefinedTurns\IMG\robocam_2025_04_06_21_55_35_003.jpg;0;0;1;0;145.4586;102.9926;0.09764857;148.955;359.9899
C:\Mark's Python files\ME5920\HW3_Gardocki\DefinedTurns\IMG\robocam_2025_04_06_21_55_35_045.jpg;0;0;1;0;145.4585;102.9926;0.09076468;148.955;359.9779
C:\Mark's Python files\ME5920\HW3_Gardocki\DefinedTurns\IMG\robocam_2025_04_06_21_55_35_090.jpg;0;0;1;0;145.4585;102.9926;0.08547197;148.955;359.9707
C:\Mark's Python files\ME5920\HW3_Gardocki\DefinedTurns\IMG\robocam_2025_04_06_21_55_35_133.jpg;0;0;1;0;145.4585;102.9926;0.07970157;148.955;359.9642
C:\Mark's Python files\ME5920\HW3_Gardocki\DefinedTurns\IMG\robocam_2025_04_06_21_55_35_175.jpg;0;0;1;0;145.4585;102.9926;0.0735264;148.955;359.9584
C:\Mark's Python files\ME5920\HW3_Gardocki\DefinedTurns\IMG\robocam_2025_04_06_21_55_35_218.jpg;0;0;1;0;145.4585;102.9926;0.06702019;148.955;359.9534
C:\Mark's Python files\ME5920\HW3_Gardocki\DefinedTurns\IMG\robocam_2025_04_06_21_55_35_260.jpg;0;0;1;0;145.4585;102.9926;0.06025505;148.955;359.9491
C:\Mark's Python files\ME5920\HW3_Gardocki\DefinedTurns\IMG\robocam_2025_04_06_21_55_35_304.jpg;0;0;1;0;145.4585;102.9926;0.05330247;148.955;359.9455
C:\Mark's Python files\ME5920\HW3_Gardocki\DefinedTurns\IMG\robocam_2025_04_06_21_55_35_346.jpg;0;0;1;0;145.4585;102.9926;0.04267322;148.955;359.9415
C:\Mark's Python files\ME5920\HW3_Gardocki\DefinedTurns\IMG\robocam_2025_04_06_21_55_35_389.jpg;0;0;1;0;145.4585;102.9926;0.03554962;148.955;359.9396
C:\Mark's Python files\ME5920\HW3_Gardocki\DefinedTurns\IMG\robocam_2025_04_06_21_55_35_432.jpg;0;0;1;0;145.4585;102.9926;0.02847034;148.955;359.9384
C:\Mark's Python files\ME5920\HW3_Gardocki\DefinedTurns\IMG\robocam_2025_04_06_21_55_35_475.jpg;0;0;1;0;145.4585;102.9926;0.02149397;148.955;359.9377
C:\Mark's Python files\ME5920\HW3_Gardocki\DefinedTurns\IMG\robocam_2025_04_06_21_55_35_516.jpg;0;0;1;0;145.4585;102.9926;0.01467587;148.955;359.9378
C:\Mark's Python files\ME5920\HW3_Gardocki\DefinedTurns\IMG\robocam_2025_04_06_21_55_35_558.jpg;0;0;1;0;145.4585;102.9926;0.008066999;148.955;359.9384
C:\Mark's Python files\ME5920\HW3_Gardocki\DefinedTurns\IMG\robocam_2025_04_06_21_55_35_601.jpg;0;0;0;0;145.4585;102.9926;0.001714474;148.955;359.9395
C:\Mark's Python files\ME5920\HW3_Gardocki\DefinedTurns\IMG\robocam_2025_04_06_21_55_35_644.jpg;0;0;0;0;145.4585;102.9926;-0.004338986;148.955;359.9411
C:\Mark's Python files\ME5920\HW3_Gardocki\DefinedTurns\IMG\robocam_2025_04_06_21_55_35_686.jpg;0;0;0;0;145.4585;102.9926;359.9872;148.955;359.9444
C:\Mark's Python files\ME5920\HW3_Gardocki\DefinedTurns\IMG\robocam_2025_04_06_21_55_35_728.jpg;0;0;0;0;145.4585;102.9926;359.9821;148.955;359.9471
C:\Mark's Python files\ME5920\HW3_Gardocki\DefinedTurns\IMG\robocam_2025_04_06_21_55_35_771.jpg;0;0;0;0;145.4585;102.9926;359.9773;148.955;359.9501
C:\Mark's Python files\ME5920\HW3_Gardocki\DefinedTurns\IMG\robocam_2025_04_06_21_55_35_813.jpg;0;0.08865601;0;0;145.4584;102.9926;359.9738;148.9843;359.9535
C:\Mark's Python files\ME5920\HW3_Gardocki\DefinedTurns\IMG\robocam_2025_04_06_21_55_35_854.jpg;0;0.2149482;0;0;145.4583;102.9926;359.9719;148.9922;359.957
C:\Mark's Python files\ME5920\HW3_Gardocki\DefinedTurns\IMG\robocam_2025_04_06_21_55_35_896.jpg;0;0.3392688;0;0;145.4577;102.993;359.9851;148.871;359.9608
C:\Mark's Python files\ME5920\HW3_Gardocki\DefinedTurns\IMG\robocam_2025_04_06_21_55_35_938.jpg;0;0.4697478;0;0.03735176;145.4559;102.9941;0.02713503;148.7934;359.9646
C:\Mark's Python files\ME5920\HW3_Gardocki\DefinedTurns\IMG\robocam_2025_04_06_21_55_35_980.jpg;0;0.5933362;0;0.04966315;145.4531;102.9958;0.09388834;148.8149;359.9686
C:\Mark's Python files\ME5920\HW3_Gardocki\DefinedTurns\IMG\robocam_2025_04_06_21_55_36_022.jpg;0;0.7211146;0;0.07426345;145.4495;102.998;0.1746336;148.77;359.9729
C:\Mark's Python files\ME5920\HW3_Gardocki\DefinedTurns\IMG\robocam_2025_04_06_21_55_36_064.jpg;0;0.8458511;0;0.09140287;145.4447;103.0009;0.2820402;148.7525;359.9771
C:\Mark's Python files\ME5920\HW3_Gardocki\DefinedTurns\IMG\robocam_2025_04_06_21_55_36_106.jpg;0;0.9714653;0;0.1227833;145.4351;103.0065;0.4800815;148.8185;-0.005637612
C:\Mark's Python files\ME5920\HW3_Gardocki\DefinedTurns\IMG\robocam_2025_04_06_21_55_36_149.jpg;0;1;0;0.1580605;145.4273;103.0112;0.6239091;148.8851;0.006345328
C:\Mark's Python files\ME5920\HW3_Gardocki\DefinedTurns\IMG\robocam_2025_04_06_21_55_36_192.jpg;0;1;0;0.2006014;145.418;103.017;0.788018;148.951;0.001969575
C:\Mark's Python files\ME5920\HW3_Gardocki\DefinedTurns\IMG\robocam_2025_04_06_21_55_36_233.jpg;0;1;0;0.2112567;145.4078;103.0232;0.9502308;149.0709;-0.00139347
C:\Mark's Python files\ME5920\HW3_Gardocki\DefinedTurns\IMG\robocam_2025_04_06_21_55_36_274.jpg;0;1;0;0.2828056;145.396;103.0303;1.125232;149.0919;-0.001036574
C:\Mark's Python files\ME5920\HW3_Gardocki\DefinedTurns\IMG\robocam_2025_04_06_21_55_36_317.jpg;0;1;0;0.3076465;145.3838;103.0377;1.269847;149.1507;-0.001997627
C:\Mark's Python files\ME5920\HW3_Gardocki\DefinedTurns\IMG\robocam_2025_04_06_21_55_36_360.jpg;0;1;0;0.3562978;145.371;103.0454;1.342618;149.1962;-0.003552727
C:\Mark's Python files\ME5920\HW3_Gardocki\DefinedTurns\IMG\robocam_2025_04_06_21_55_36_402.jpg;0;1;0;0.3900785;145.3595;103.0525;1.260776;149.2551;-0.003905305
C:\Mark's Python files\ME5920\HW3_Gardocki\DefinedTurns\IMG\robocam_2025_04_06_21_55_36_445.jpg;0;1;0;0.4258143;145.347;103.0601;1.155077;149.2175;-0.0004714322
C:\Mark's Python files\ME5920\HW3_Gardocki\DefinedTurns\IMG\robocam_2025_04_06_21_55_36_486.jpg;0;1;0;0.4615352;145.3246;103.0734;1.071918;149.5721;-0.002783362
C:\Mark's Python files\ME5920\HW3_Gardocki\DefinedTurns\IMG\robocam_2025_04_06_21_55_36_529.jpg;0;1;0;0.4982568;145.3075;103.0835;1.05969;149.6367;-0.0007422696
C:\Mark's Python files\ME5920\HW3_Gardocki\DefinedTurns\IMG\robocam_2025_04_06_21_55_36_573.jpg;0;1;0;0.5332698;145.2891;103.0944;1.06724;149.7352;-0.001217586
C:\Mark's Python files\ME5920\HW3_Gardocki\DefinedTurns\IMG\robocam_2025_04_06_21_55_36_617.jpg;0;1;0;0.5585512;145.2691;103.1062;1.102241;149.755;-0.0008374934
C:\Mark's Python files\ME5920\HW3_Gardocki\DefinedTurns\IMG\robocam_2025_04_06_21_55_36_660.jpg;0;1;0;0.5974598;145.2481;103.1185;1.145858;149.758;-0.0002189834
C:\Mark's Python files\ME5920\HW3_Gardocki\DefinedTurns\IMG\robocam_2025_04_06_21_55_36_701.jpg;0;1;0;0.6229497;145.2259;103.1316;1.20016;149.7934;-0.001066437
C:\Mark's Python files\ME5920\HW3_Gardocki\DefinedTurns\IMG\robocam_2025_04_06_21_55_36_744.jpg;0;1;0;0.6750959;145.2023;103.1455;1.253248;149.8491;-0.001465053
C:\Mark's Python files\ME5920\HW3_Gardocki\DefinedTurns\IMG\robocam_2025_04_06_21_55_36_786.jpg;0;1;0;0.6845444;145.1668;103.1664;1.24189;149.8394;-0.001093461
C:\Mark's Python files\ME5920\HW3_Gardocki\DefinedTurns\IMG\robocam_2025_04_06_21_55_36_827.jpg;0;1;0;0.7161044;145.1417;103.1811;1.220825;149.8487;-0.001129372
C:\Mark's Python files\ME5920\HW3_Gardocki\DefinedTurns\IMG\robocam_2025_04_06_21_55_36_869.jpg;0;1;0;0.7515799;145.1156;103.1963;1.194167;149.852;-0.001009967
C:\Mark's Python files\ME5920\HW3_Gardocki\DefinedTurns\IMG\robocam_2025_04_06_21_55_36_911.jpg;0;1;0;0.7927587;145.0878;103.2126;1.193666;149.8763;-0.0003964504
C:\Mark's Python files\ME5920\HW3_Gardocki\DefinedTurns\IMG\robocam_2025_04_06_21_55_36_956.jpg;0;1;0;0.8365084;145.0586;103.2297;1.205876;149.8482;-0.001027104
C:\Mark's Python files\ME5920\HW3_Gardocki\DefinedTurns\IMG\robocam_2025_04_06_21_55_36_998.jpg;0;1;0;0.8891643;145.0279;103.2477;1.225485;149.8549;-0.0007156793
C:\Mark's Python files\ME5920\HW3_Gardocki\DefinedTurns\IMG\robocam_2025_04_06_21_55_37_040.jpg;0;1;0;0.9194382;144.9963;103.2662;1.235399;149.8422;-0.0006382374
C:\Mark's Python files\ME5920\HW3_Gardocki\DefinedTurns\IMG\robocam_2025_04_06_21_55_37_082.jpg;0;1;0;0.9537191;144.9636;103.2854;1.239045;149.8386;-0.0007490413
C:\Mark's Python files\ME5920\HW3_Gardocki\DefinedTurns\IMG\robocam_2025_04_06_21_55_37_125.jpg;0;1;0;0.9867433;144.9126;103.3152;1.229101;149.8471;-0.001077603
C:\Mark's Python files\ME5920\HW3_Gardocki\DefinedTurns\IMG\robocam_2025_04_06_21_55_37_167.jpg;0;1;0;1.0189;144.8774;103.3359;1.21566;149.8422;-0.001019795
C:\Mark's Python files\ME5920\HW3_Gardocki\DefinedTurns\IMG\robocam_2025_04_06_21_55_37_210.jpg;0;1;0;1.040826;144.8411;103.3572;1.211988;149.8141;-0.000281328
C:\Mark's Python files\ME5920\HW3_Gardocki\DefinedTurns\IMG\robocam_2025_04_06_21_55_37_253.jpg;0;1;0;1.073754;144.8035;103.3792;1.219959;149.7879;-0.0003567982
C:\Mark's Python files\ME5920\HW3_Gardocki\DefinedTurns\IMG\robocam_2025_04_06_21_55_37_295.jpg;0;1;0;1.111137;144.7647;103.402;1.231841;149.7693;-0.0006912894
C:\Mark's Python files\ME5920\HW3_Gardocki\DefinedTurns\IMG\robocam_2025_04_06_21_55_37_337.jpg;0;1;0;1.155582;144.725;103.4253;1.23287;149.7443;-0.0006397846
C:\Mark's Python files\ME5920\HW3_Gardocki\DefinedTurns\IMG\robocam_2025_04_06_21_55_37_378.jpg;0;1;0;1.184964;144.6845;103.4491;1.224573;149.7369;-0.0008921304
C:\Mark's Python files\ME5920\HW3_Gardocki\DefinedTurns\IMG\robocam_2025_04_06_21_55_37_421.jpg;0;1;0;1.218759;144.6427;103.4737;1.226647;149.7104;-0.0007525604
C:\Mark's Python files\ME5920\HW3_Gardocki\DefinedTurns\IMG\robocam_2025_04_06_21_55_37_463.jpg;0;1;0;1.25267;144.5998;103.499;1.230587;149.6882;-0.000608027
C:\Mark's Python files\ME5920\HW3_Gardocki\DefinedTurns\IMG\robocam_2025_04_06_21_55_37_506.jpg;0;1;0;1.2819;144.5335;103.538;1.231517;149.6711;-0.0009269853
C:\Mark's Python files\ME5920\HW3_Gardocki\DefinedTurns\IMG\robocam_2025_04_06_21_55_37_547.jpg;0;1;0;1.315834;144.4878;103.565;1.235658;149.649;-0.000775033
C:\Mark's Python files\ME5920\HW3_Gardocki\DefinedTurns\IMG\robocam_2025_04_06_21_55_37_589.jpg;0;1;0;1.345125;144.4411;103.5926;1.238165;149.6332;-0.0007640923
C:\Mark's Python files\ME5920\HW3_Gardocki\DefinedTurns\IMG\robocam_2025_04_06_21_55_37_632.jpg;0;1;0;1.377164;144.3934;103.6208;1.238552;149.6241;-0.0008975792
C:\Mark's Python files\ME5920\HW3_Gardocki\DefinedTurns\IMG\robocam_2025_04_06_21_55_37_673.jpg;0;1;0;1.40987;144.3445;103.6496;1.242278;149.6099;-0.000879647
C:\Mark's Python files\ME5920\HW3_Gardocki\DefinedTurns\IMG\robocam_2025_04_06_21_55_37_716.jpg;0;1;0;1.455745;144.2946;103.6792;1.247351;149.5989;-0.0009276847
C:\Mark's Python files\ME5920\HW3_Gardocki\DefinedTurns\IMG\robocam_2025_04_06_21_55_37_756.jpg;0;1;0;1.488115;144.2436;103.7094;1.250275;149.5895;-0.0009079909
C:\Mark's Python files\ME5920\HW3_Gardocki\DefinedTurns\IMG\robocam_2025_04_06_21_55_37_798.jpg;0;1;0;1.518289;144.1915;103.7402;1.250258;149.584;-0.000963126
C:\Mark's Python files\ME5920\HW3_Gardocki\DefinedTurns\IMG\robocam_2025_04_06_21_55_37_840.jpg;0;1;0;1.550178;144.1384;103.7717;1.255853;149.5733;-0.0009488771
C:\Mark's Python files\ME5920\HW3_Gardocki\DefinedTurns\IMG\robocam_2025_04_06_21_55_37_882.jpg;0;1;0;1.580398;144.0842;103.8038;1.257007;149.5687;-0.0009907226
C:\Mark's Python files\ME5920\HW3_Gardocki\DefinedTurns\IMG\robocam_2025_04_06_21_55_37_926.jpg;0;1;0;1.611409;144.0009;103.8532;1.26141;149.5556;-0.0009759931
C:\Mark's Python files\ME5920\HW3_Gardocki\DefinedTurns\IMG\robocam_2025_04_06_21_55_37_969.jpg;0;1;0;1.64225;143.944;103.8869;1.263667;149.5482;-0.0009833061
C:\Mark's Python files\ME5920\HW3_Gardocki\DefinedTurns\IMG\robocam_2025_04_06_21_55_38_013.jpg;0;1;0;1.673024;143.8862;103.9212;1.265843;149.5408;-0.000999319
C:\Mark's Python files\ME5920\HW3_Gardocki\DefinedTurns\IMG\robocam_2025_04_06_21_55_38_057.jpg;0;1;0;1.704332;143.8272;103.9562;1.270577;149.5344;-0.001032733
C:\Mark's Python files\ME5920\HW3_Gardocki\DefinedTurns\IMG\robocam_2025_04_06_21_55_38_100.jpg;0;1;0;1.750412;143.7672;103.9918;1.271328;149.5266;-0.001012344
C:\Mark's Python files\ME5920\HW3_Gardocki\DefinedTurns\IMG\robocam_2025_04_06_21_55_38_141.jpg;0;1;0;1.780088;143.7061;104.0281;1.274379;149.5201;-0.001058461
C:\Mark's Python files\ME5920\HW3_Gardocki\DefinedTurns\IMG\robocam_2025_04_06_21_55_38_184.jpg;0;1;0;1.810564;143.6441;104.065;1.276287;149.5129;-0.001051363
C:\Mark's Python files\ME5920\HW3_Gardocki\DefinedTurns\IMG\robocam_2025_04_06_21_55_38_230.jpg;0;1;0;1.841538;143.549;104.1215;1.281072;149.5017;-0.001074156
C:\Mark's Python files\ME5920\HW3_Gardocki\DefinedTurns\IMG\robocam_2025_04_06_21_55_38_272.jpg;0;1;0;1.871885;143.4843;104.16;1.286332;149.493;-0.001079282
C:\Mark's Python files\ME5920\HW3_Gardocki\DefinedTurns\IMG\robocam_2025_04_06_21_55_38_317.jpg;0;1;0;1.901335;143.4186;104.199;1.288732;149.4861;-0.001083553
C:\Mark's Python files\ME5920\HW3_Gardocki\DefinedTurns\IMG\robocam_2025_04_06_21_55_38_363.jpg;0;1;0;1.947337;143.3519;104.2387;1.288999;149.4788;-0.001085794
C:\Mark's Python files\ME5920\HW3_Gardocki\DefinedTurns\IMG\robocam_2025_04_06_21_55_38_404.jpg;0;1;0;1.977175;143.284;104.2791;1.294157;149.4706;-0.001118622
C:\Mark's Python files\ME5920\HW3_Gardocki\DefinedTurns\IMG\robocam_2025_04_06_21_55_38_448.jpg;0;1;0;2.007234;143.1805;104.3407;1.298475;149.4596;-0.001120652
C:\Mark's Python files\ME5920\HW3_Gardocki\DefinedTurns\IMG\robocam_2025_04_06_21_55_38_489.jpg;0;1;0;2.036407;143.1101;104.3826;1.299024;149.4526;-0.001134316
C:\Mark's Python files\ME5920\HW3_Gardocki\DefinedTurns\IMG\robocam_2025_04_06_21_55_38_533.jpg;0;1;0;2.066872;143.0388;104.4251;1.30362;149.4446;-0.00116266
C:\Mark's Python files\ME5920\HW3_Gardocki\DefinedTurns\IMG\robocam_2025_04_06_21_55_38_576.jpg;0;1;0;2.095922;142.9664;104.4682;1.30401;149.4378;-0.00116565
C:\Mark's Python files\ME5920\HW3_Gardocki\DefinedTurns\IMG\robocam_2025_04_06_21_55_38_618.jpg;0;1;0;2.140997;142.893;104.5119;1.308037;149.4299;-0.00118935
C:\Mark's Python files\ME5920\HW3_Gardocki\DefinedTurns\IMG\robocam_2025_04_06_21_55_38_659.jpg;0;1;0;2.170708;142.8187;104.5563;1.307552;149.423;-0.001178835
C:\Mark's Python files\ME5920\HW3_Gardocki\DefinedTurns\IMG\robocam_2025_04_06_21_55_38_703.jpg;0;1;0;2.200062;142.7432;104.6012;1.310563;149.4149;-0.001201947
C:\Mark's Python files\ME5920\HW3_Gardocki\DefinedTurns\IMG\robocam_2025_04_06_21_55_38_746.jpg;0;1;0;2.228839;142.6283;104.6698;1.312317;149.4042;-0.001207232
C:\Mark's Python files\ME5920\HW3_Gardocki\DefinedTurns\IMG\robocam_2025_04_06_21_55_38_787.jpg;0;1;0;2.258874;142.5504;104.7163;1.314858;149.3961;-0.001212518
C:\Mark's Python files\ME5920\HW3_Gardocki\DefinedTurns\IMG\robocam_2025_04_06_21_55_38_829.jpg;0;1;0;2.288037;142.4715;104.7634;1.319473;149.3885;-0.001246627
C:\Mark's Python files\ME5920\HW3_Gardocki\DefinedTurns\IMG\robocam_2025_04_06_21_55_38_870.jpg;0;1;0;2.316635;142.3916;104.8111;1.318625;149.3814;-0.001232375
C:\Mark's Python files\ME5920\HW3_Gardocki\DefinedTurns\IMG\robocam_2025_04_06_21_55_38_913.jpg;0;1;0;2.346476;142.3107;104.8594;1.320531;149.3731;-0.001248335
C:\Mark's Python files\ME5920\HW3_Gardocki\DefinedTurns\IMG\robocam_2025_04_06_21_55_38_955.jpg;0;1;0;2.375448;142.2288;104.9084;1.324194;149.3654;-0.001261521
C:\Mark's Python files\ME5920\HW3_Gardocki\DefinedTurns\IMG\robocam_2025_04_06_21_55_38_997.jpg;0;1;0;2.404367;142.1459;104.958;1.329099;149.3579;-0.001289598
C:\Mark's Python files\ME5920\HW3_Gardocki\DefinedTurns\IMG\robocam_2025_04_06_21_55_39_040.jpg;0;1;0;2.447939;142.0621;105.0081;1.327681;149.3508;-0.001265686
C:\Mark's Python files\ME5920\HW3_Gardocki\DefinedTurns\IMG\robocam_2025_04_06_21_55_39_081.jpg;0;1;0;2.476693;141.9773;105.0588;1.328368;149.3424;-0.001279137
C:\Mark's Python files\ME5920\HW3_Gardocki\DefinedTurns\IMG\robocam_2025_04_06_21_55_39_126.jpg;0;1;0;2.505382;141.8482;105.1361;1.331809;149.3306;-0.00131095
C:\Mark's Python files\ME5920\HW3_Gardocki\DefinedTurns\IMG\robocam_2025_04_06_21_55_39_167.jpg;0;1;0;2.534012;141.7609;105.1883;1.335281;149.3229;-0.00131693
C:\Mark's Python files\ME5920\HW3_Gardocki\DefinedTurns\IMG\robocam_2025_04_06_21_55_39_209.jpg;0;1;0;2.562589;141.6726;105.2412;1.339231;149.3153;-0.001341698
C:\Mark's Python files\ME5920\HW3_Gardocki\DefinedTurns\IMG\robocam_2025_04_06_21_55_39_253.jpg;0;1;0;2.591116;141.5833;105.2947;1.343254;149.3077;-0.001350828
C:\Mark's Python files\ME5920\HW3_Gardocki\DefinedTurns\IMG\robocam_2025_04_06_21_55_39_295.jpg;0;1;0;2.619591;141.4931;105.3487;1.346949;149.3003;-0.001380773
C:\Mark's Python files\ME5920\HW3_Gardocki\DefinedTurns\IMG\robocam_2025_04_06_21_55_39_337.jpg;0;1;0;2.647528;141.402;105.4033;1.342942;149.293;-0.001345223
C:\Mark's Python files\ME5920\HW3_Gardocki\DefinedTurns\IMG\robocam_2025_04_06_21_55_39_380.jpg;0;1;0;2.690773;141.3099;105.4585;1.34022;149.2842;-0.001333746
C:\Mark's Python files\ME5920\HW3_Gardocki\DefinedTurns\IMG\robocam_2025_04_06_21_55_39_424.jpg;0;1;0;2.718697;141.2168;105.5144;1.345432;149.2758;-0.001254753
C:\Mark's Python files\ME5920\HW3_Gardocki\DefinedTurns\IMG\robocam_2025_04_06_21_55_39_467.jpg;0;1;0;2.746873;141.0753;105.5993;1.351619;149.2621;-0.001387715
C:\Mark's Python files\ME5920\HW3_Gardocki\DefinedTurns\IMG\robocam_2025_04_06_21_55_39_509.jpg;0;1;0;2.774997;140.9798;105.6566;1.354862;149.254;-0.001399993
C:\Mark's Python files\ME5920\HW3_Gardocki\DefinedTurns\IMG\robocam_2025_04_06_21_55_39_551.jpg;0;1;0;2.803067;140.8833;105.7146;1.357139;149.2461;-0.001424441
C:\Mark's Python files\ME5920\HW3_Gardocki\DefinedTurns\IMG\robocam_2025_04_06_21_55_39_593.jpg;0;1;0;2.831079;140.7859;105.7731;1.358381;149.2383;-0.001425295
C:\Mark's Python files\ME5920\HW3_Gardocki\DefinedTurns\IMG\robocam_2025_04_06_21_55_39_634.jpg;0;1;0;2.859025;140.6876;105.8321;1.358644;149.2305;-0.001423427
C:\Mark's Python files\ME5920\HW3_Gardocki\DefinedTurns\IMG\robocam_2025_04_06_21_55_39_677.jpg;0;1;0;2.900813;140.5884;105.8918;1.358096;149.2225;-0.001422039
C:\Mark's Python files\ME5920\HW3_Gardocki\DefinedTurns\IMG\robocam_2025_04_06_21_55_39_720.jpg;0;1;0;2.929042;140.4881;105.9521;1.360988;149.2155;-0.0009965815
C:\Mark's Python files\ME5920\HW3_Gardocki\DefinedTurns\IMG\robocam_2025_04_06_21_55_39_761.jpg;0;1;0;2.956007;140.3869;106.013;1.365276;149.2049;-0.001441899
C:\Mark's Python files\ME5920\HW3_Gardocki\DefinedTurns\IMG\robocam_2025_04_06_21_55_39_805.jpg;0;1;0;2.983681;140.2848;106.0744;1.367878;149.1959;-0.00146133
C:\Mark's Python files\ME5920\HW3_Gardocki\DefinedTurns\IMG\robocam_2025_04_06_21_55_39_847.jpg;0;1;0;3.011294;140.1299;106.1676;1.368585;149.1833;-0.001470671
C:\Mark's Python files\ME5920\HW3_Gardocki\DefinedTurns\IMG\robocam_2025_04_06_21_55_39_890.jpg;0;1;0;3.038836;140.0255;106.2305;1.367247;149.1749;-0.001468428
C:\Mark's Python files\ME5920\HW3_Gardocki\DefinedTurns\IMG\robocam_2025_04_06_21_55_39_932.jpg;0;1;0;3.066754;139.9201;106.294;1.371968;149.166;-0.001367604
C:\Mark's Python files\ME5920\HW3_Gardocki\DefinedTurns\IMG\robocam_2025_04_06_21_55_39_974.jpg;0;1;0;3.093425;139.8138;106.3581;1.373979;149.1561;-0.001479695
C:\Mark's Python files\ME5920\HW3_Gardocki\DefinedTurns\IMG\robocam_2025_04_06_21_55_40_016.jpg;0;1;0;3.120786;139.7066;106.4228;1.37407;149.147;-0.00149069
C:\Mark's Python files\ME5920\HW3_Gardocki\DefinedTurns\IMG\robocam_2025_04_06_21_55_40_058.jpg;0;1;0;3.161409;139.5984;106.488;1.379644;149.1376;-0.001401555
C:\Mark's Python files\ME5920\HW3_Gardocki\DefinedTurns\IMG\robocam_2025_04_06_21_55_40_100.jpg;0;0.9063361;0;3.187973;139.4893;106.5538;1.381364;149.1277;-0.001529019
C:\Mark's Python files\ME5920\HW3_Gardocki\DefinedTurns\IMG\robocam_2025_04_06_21_55_40_144.jpg;0;0.7827932;0;3.210987;139.3795;106.6201;1.380152;149.12;-0.001042653
C:\Mark's Python files\ME5920\HW3_Gardocki\DefinedTurns\IMG\robocam_2025_04_06_21_55_40_186.jpg;0;0.6534262;0;3.228826;139.2136;106.7203;1.380164;149.1028;-0.000903608
C:\Mark's Python files\ME5920\HW3_Gardocki\DefinedTurns\IMG\robocam_2025_04_06_21_55_40_228.jpg;0;0.5264785;0;3.243062;139.1025;106.7874;1.373691;149.0894;-0.0008765972
C:\Mark's Python files\ME5920\HW3_Gardocki\DefinedTurns\IMG\robocam_2025_04_06_21_55_40_271.jpg;0;0.3944926;0;3.253029;138.9913;106.8547;1.356566;149.0753;-0.0008283926
C:\Mark's Python files\ME5920\HW3_Gardocki\DefinedTurns\IMG\robocam_2025_04_06_21_55_40_315.jpg;0;0.2694676;0;3.259098;138.8801;106.9219;1.325575;149.0611;-0.000784401
C:\Mark's Python files\ME5920\HW3_Gardocki\DefinedTurns\IMG\robocam_2025_04_06_21_55_40_356.jpg;0;0.1420366;0;3.261116;138.7692;106.989;1.277524;149.047;-0.0007230059
C:\Mark's Python files\ME5920\HW3_Gardocki\DefinedTurns\IMG\robocam_2025_04_06_21_55_40_400.jpg;0;0.01589947;0;3.256175;138.6587;107.0559;1.209837;149.0331;-0.0006352424
C:\Mark's Python files\ME5920\HW3_Gardocki\DefinedTurns\IMG\robocam_2025_04_06_21_55_40_442.jpg;0;0;0;3.249593;138.5487;107.1225;1.122162;149.0197;-0.0005387812
C:\Mark's Python files\ME5920\HW3_Gardocki\DefinedTurns\IMG\robocam_2025_04_06_21_55_40_484.jpg;0;0;0;3.242723;138.4392;107.1889;1.017315;149.0068;-0.0003834314
C:\Mark's Python files\ME5920\HW3_Gardocki\DefinedTurns\IMG\robocam_2025_04_06_21_55_40_528.jpg;0;0;0;3.23583;138.2759;107.2878;0.8353517;148.9884;-7.497996E-06
C:\Mark's Python files\ME5920\HW3_Gardocki\DefinedTurns\IMG\robocam_2025_04_06_21_55_40_569.jpg;0;0;0;3.22892;138.1674;107.3535;0.7022651;148.9775;0.001050701
C:\Mark's Python files\ME5920\HW3_Gardocki\DefinedTurns\IMG\robocam_2025_04_06_21_55_40_611.jpg;0;0;0;3.222023;138.0593;107.419;0.5630682;148.9684;0.005046766
C:\Mark's Python files\ME5920\HW3_Gardocki\DefinedTurns\IMG\robocam_2025_04_06_21_55_40_653.jpg;0;0;0;3.215077;137.9515;107.4843;0.4203905;148.9612;0.01210582
C:\Mark's Python files\ME5920\HW3_Gardocki\DefinedTurns\IMG\robocam_2025_04_06_21_55_40_694.jpg;0;0;0;3.204558;137.8438;107.5493;0.2766388;148.9559;0.02229225
C:\Mark's Python files\ME5920\HW3_Gardocki\DefinedTurns\IMG\robocam_2025_04_06_21_55_40_737.jpg;0.1982295;0;0;3.19749;137.7364;107.6142;0.1339831;148.9526;0.03557695
C:\Mark's Python files\ME5920\HW3_Gardocki\DefinedTurns\IMG\robocam_2025_04_06_21_55_40_779.jpg;2.113047;0;0;3.190277;137.629;107.6785;359.9936;149.0027;0.05971279
C:\Mark's Python files\ME5920\HW3_Gardocki\DefinedTurns\IMG\robocam_2025_04_06_21_55_40_821.jpg;3.996634;0;0;3.182304;137.5211;107.7423;359.8771;149.17;0.08539236
C:\Mark's Python files\ME5920\HW3_Gardocki\DefinedTurns\IMG\robocam_2025_04_06_21_55_40_862.jpg;5.871843;0;0;3.173807;137.4126;107.8051;359.7784;149.4946;0.124511
C:\Mark's Python files\ME5920\HW3_Gardocki\DefinedTurns\IMG\robocam_2025_04_06_21_55_40_904.jpg;7.808877;0;0;3.164578;137.3034;107.8662;359.6949;149.9944;0.188011
C:\Mark's Python files\ME5920\HW3_Gardocki\DefinedTurns\IMG\robocam_2025_04_06_21_55_40_946.jpg;9.700137;0;0;3.154721;137.1378;107.9546;359.6039;151.0698;0.3339051
C:\Mark's Python files\ME5920\HW3_Gardocki\DefinedTurns\IMG\robocam_2025_04_06_21_55_40_987.jpg;11.61578;0;0;3.143969;137.0262;108.0105;359.563;152.0068;0.4772439
C:\Mark's Python files\ME5920\HW3_Gardocki\DefinedTurns\IMG\robocam_2025_04_06_21_55_41_029.jpg;13.51658;0;0;3.132101;136.9135;108.0634;359.5302;153.1296;0.67259
C:\Mark's Python files\ME5920\HW3_Gardocki\DefinedTurns\IMG\robocam_2025_04_06_21_55_41_073.jpg;15;0;0;3.115102;136.7996;108.1143;359.5475;154.3714;0.8630249
C:\Mark's Python files\ME5920\HW3_Gardocki\DefinedTurns\IMG\robocam_2025_04_06_21_55_41_114.jpg;15;0;0;3.104084;136.6842;108.1639;359.6398;155.6284;1.020142
C:\Mark's Python files\ME5920\HW3_Gardocki\DefinedTurns\IMG\robocam_2025_04_06_21_55_41_156.jpg;15;0;0;3.093238;136.5672;108.2114;359.7993;156.9122;1.148726
C:\Mark's Python files\ME5920\HW3_Gardocki\DefinedTurns\IMG\robocam_2025_04_06_21_55_41_198.jpg;15;0;0;3.083088;136.449;108.2569;0.0140077;158.2432;1.231169
C:\Mark's Python files\ME5920\HW3_Gardocki\DefinedTurns\IMG\robocam_2025_04_06_21_55_41_241.jpg;15;0;0;3.064796;136.3331;108.2983;0.06745944;159.6071;1.262303
C:\Mark's Python files\ME5920\HW3_Gardocki\DefinedTurns\IMG\robocam_2025_04_06_21_55_41_284.jpg;15;0;0;3.058826;136.2185;108.338;0.03387411;161.0001;1.196363
C:\Mark's Python files\ME5920\HW3_Gardocki\DefinedTurns\IMG\robocam_2025_04_06_21_55_41_327.jpg;15;0;0;3.045517;136.0464;108.3891;359.8954;163.07;1.107802
C:\Mark's Python files\ME5920\HW3_Gardocki\DefinedTurns\IMG\robocam_2025_04_06_21_55_41_370.jpg;15;0;0;3.034704;135.9297;108.4184;359.8624;164.3977;1.10174
C:\Mark's Python files\ME5920\HW3_Gardocki\DefinedTurns\IMG\robocam_2025_04_06_21_55_41_412.jpg;15;0;0;3.024772;135.8119;108.4451;359.8778;165.7129;1.101895
C:\Mark's Python files\ME5920\HW3_Gardocki\DefinedTurns\IMG\robocam_2025_04_06_21_55_41_455.jpg;15;0;0;3.0139;135.6934;108.4689;359.9277;167.0522;1.117568
C:\Mark's Python files\ME5920\HW3_Gardocki\DefinedTurns\IMG\robocam_2025_04_06_21_55_41_497.jpg;15;0;0;2.999073;135.5745;108.4894;359.9906;168.4381;1.157619
C:\Mark's Python files\ME5920\HW3_Gardocki\DefinedTurns\IMG\robocam_2025_04_06_21_55_41_539.jpg;15;0;0;2.990022;135.4564;108.5073;0.005690401;169.8474;1.185568
C:\Mark's Python files\ME5920\HW3_Gardocki\DefinedTurns\IMG\robocam_2025_04_06_21_55_41_581.jpg;15;0;0;2.981101;135.3389;108.5234;359.9908;171.2552;1.163645
C:\Mark's Python files\ME5920\HW3_Gardocki\DefinedTurns\IMG\robocam_2025_04_06_21_55_41_626.jpg;15;0;0;2.970871;135.1624;108.5407;359.9829;173.344;1.145235
C:\Mark's Python files\ME5920\HW3_Gardocki\DefinedTurns\IMG\robocam_2025_04_06_21_55_41_669.jpg;15;0;0;2.960751;135.0446;108.548;-0.005305029;174.7407;1.172323
C:\Mark's Python files\ME5920\HW3_Gardocki\DefinedTurns\IMG\robocam_2025_04_06_21_55_41_710.jpg;15;0;0;2.951469;134.9269;108.5526;0.01670611;176.1345;1.198868
C:\Mark's Python files\ME5920\HW3_Gardocki\DefinedTurns\IMG\robocam_2025_04_06_21_55_41_753.jpg;15;0;0;2.942397;134.8103;108.5556;359.9879;177.5217;1.165381
C:\Mark's Python files\ME5920\HW3_Gardocki\DefinedTurns\IMG\robocam_2025_04_06_21_55_41_793.jpg;15;0;0;2.933161;134.6936;108.5552;359.9924;178.8951;1.137126
C:\Mark's Python files\ME5920\HW3_Gardocki\DefinedTurns\IMG\robocam_2025_04_06_21_55_41_836.jpg;15;0;0;2.921809;134.5771;108.551;0.004453924;180.2897;1.153785
C:\Mark's Python files\ME5920\HW3_Gardocki\DefinedTurns\IMG\robocam_2025_04_06_21_55_41_878.jpg;15;0;0;2.908538;134.4617;108.5445;359.984;181.6795;1.151298
C:\Mark's Python files\ME5920\HW3_Gardocki\DefinedTurns\IMG\robocam_2025_04_06_21_55_41_919.jpg;15;0;0;2.897629;134.3466;108.5351;359.9846;183.0671;1.155091
C:\Mark's Python files\ME5920\HW3_Gardocki\DefinedTurns\IMG\robocam_2025_04_06_21_55_41_963.jpg;15;0;0;2.888009;134.2318;108.5226;-0.0005921987;184.4584;1.175211
C:\Mark's Python files\ME5920\HW3_Gardocki\DefinedTurns\IMG\robocam_2025_04_06_21_55_42_004.jpg;14.88583;0;0;2.878311;134.1177;108.5077;0.01763272;185.8474;1.186557
C:\Mark's Python files\ME5920\HW3_Gardocki\DefinedTurns\IMG\robocam_2025_04_06_21_55_42_046.jpg;13.04952;0;0;2.872497;133.9489;108.4821;359.9695;187.8257;1.142751
C:\Mark's Python files\ME5920\HW3_Gardocki\DefinedTurns\IMG\robocam_2025_04_06_21_55_42_087.jpg;11.20275;0;0;2.863582;133.8367;108.4616;359.9692;188.9804;1.119905
C:\Mark's Python files\ME5920\HW3_Gardocki\DefinedTurns\IMG\robocam_2025_04_06_21_55_42_129.jpg;9.310638;0;0;2.856801;133.7248;108.4394;359.9776;189.9873;1.106374
C:\Mark's Python files\ME5920\HW3_Gardocki\DefinedTurns\IMG\robocam_2025_04_06_21_55_42_173.jpg;7.432497;0;0;2.850424;133.6134;108.4161;359.9902;190.836;1.092107
C:\Mark's Python files\ME5920\HW3_Gardocki\DefinedTurns\IMG\robocam_2025_04_06_21_55_42_216.jpg;5.461942;0;0;2.844187;133.5024;108.392;359.9938;191.5298;1.066666
C:\Mark's Python files\ME5920\HW3_Gardocki\DefinedTurns\IMG\robocam_2025_04_06_21_55_42_256.jpg;3.502588;0;0;2.835452;133.392;108.3674;359.9849;192.0567;1.037331
C:\Mark's Python files\ME5920\HW3_Gardocki\DefinedTurns\IMG\robocam_2025_04_06_21_55_42_300.jpg;1.589638;0;0;2.829206;133.2819;108.3425;359.9731;192.4125;1.000329
C:\Mark's Python files\ME5920\HW3_Gardocki\DefinedTurns\IMG\robocam_2025_04_06_21_55_42_343.jpg;0;0;0;2.822941;133.172;108.3178;359.9543;192.599;0.9496862
C:\Mark's Python files\ME5920\HW3_Gardocki\DefinedTurns\IMG\robocam_2025_04_06_21_55_42_384.jpg;0;0;0;2.816619;133.0624;108.2934;359.9294;192.6686;0.8879364
C:\Mark's Python files\ME5920\HW3_Gardocki\DefinedTurns\IMG\robocam_2025_04_06_21_55_42_427.jpg;0;0;0;2.810319;132.8987;108.2568;359.8835;192.6987;0.7871288
C:\Mark's Python files\ME5920\HW3_Gardocki\DefinedTurns\IMG\robocam_2025_04_06_21_55_42_469.jpg;0;0;0;2.80407;132.7898;108.2324;359.8501;192.7029;0.7138762
C:\Mark's Python files\ME5920\HW3_Gardocki\DefinedTurns\IMG\robocam_2025_04_06_21_55_42_510.jpg;0;0;0;2.797768;132.6814;108.208;359.8123;192.7048;0.6403391
C:\Mark's Python files\ME5920\HW3_Gardocki\DefinedTurns\IMG\robocam_2025_04_06_21_55_42_552.jpg;0;0;0;2.791528;132.5732;108.1836;359.7711;192.7059;0.5658998
C:\Mark's Python files\ME5920\HW3_Gardocki\DefinedTurns\IMG\robocam_2025_04_06_21_55_42_592.jpg;0;0;0;2.785239;132.4652;108.1594;359.7336;192.7039;0.4842881
C:\Mark's Python files\ME5920\HW3_Gardocki\DefinedTurns\IMG\robocam_2025_04_06_21_55_42_635.jpg;1.282968;0;0;2.778889;132.3576;108.1349;359.6934;192.7294;0.4102445
C:\Mark's Python files\ME5920\HW3_Gardocki\DefinedTurns\IMG\robocam_2025_04_06_21_55_42_677.jpg;3.164472;0;0;2.772597;132.2505;108.1096;359.6519;192.8782;0.358487
C:\Mark's Python files\ME5920\HW3_Gardocki\DefinedTurns\IMG\robocam_2025_04_06_21_55_42_718.jpg;5.016083;0;0;2.762349;132.1438;108.0832;359.6171;193.1809;0.3262739
C:\Mark's Python files\ME5920\HW3_Gardocki\DefinedTurns\IMG\robocam_2025_04_06_21_55_42_760.jpg;6.93014;0;0;2.755;132.0377;108.0554;359.5842;193.6414;0.3261736
C:\Mark's Python files\ME5920\HW3_Gardocki\DefinedTurns\IMG\robocam_2025_04_06_21_55_42_803.jpg;8.865751;0;0;2.746997;131.9322;108.026;359.5606;194.2684;0.3532764
C:\Mark's Python files\ME5920\HW3_Gardocki\DefinedTurns\IMG\robocam_2025_04_06_21_55_42_846.jpg;10.79902;0;0;2.738216;131.7756;107.9781;359.5386;195.5199;0.4619644
C:\Mark's Python files\ME5920\HW3_Gardocki\DefinedTurns\IMG\robocam_2025_04_06_21_55_42_888.jpg;12.66314;0;0;2.728451;131.6726;107.9432;359.5288;196.5631;0.5904881
C:\Mark's Python files\ME5920\HW3_Gardocki\DefinedTurns\IMG\robocam_2025_04_06_21_55_42_929.jpg;14.56821;0;0;2.717838;131.5704;107.906;359.5445;197.7591;0.7383823
C:\Mark's Python files\ME5920\HW3_Gardocki\DefinedTurns\IMG\robocam_2025_04_06_21_55_42_971.jpg;15;0;0;2.707442;131.4686;107.8669;359.6047;199.011;0.8783013
C:\Mark's Python files\ME5920\HW3_Gardocki\DefinedTurns\IMG\robocam_2025_04_06_21_55_43_011.jpg;15;0;0;2.698748;131.3667;107.8259;359.7371;200.249;0.9799587
C:\Mark's Python files\ME5920\HW3_Gardocki\DefinedTurns\IMG\robocam_2025_04_06_21_55_43_053.jpg;13.15346;0;0;2.686451;131.2654;107.7826;359.9152;201.4561;1.0652
C:\Mark's Python files\ME5920\HW3_Gardocki\DefinedTurns\IMG\robocam_2025_04_06_21_55_43_095.jpg;11.24431;0;0;2.67648;131.1655;107.7378;0.07550968;202.6071;1.134766
C:\Mark's Python files\ME5920\HW3_Gardocki\DefinedTurns\IMG\robocam_2025_04_06_21_55_43_137.jpg;9.417276;0;0;2.671798;131.0679;107.6936;0.1169685;203.6871;1.121533
C:\Mark's Python files\ME5920\HW3_Gardocki\DefinedTurns\IMG\robocam_2025_04_06_21_55_43_178.jpg;7.46884;0;0;2.665122;130.9724;107.6491;0.05848538;204.6395;1.063195
C:\Mark's Python files\ME5920\HW3_Gardocki\DefinedTurns\IMG\robocam_2025_04_06_21_55_43_219.jpg;5.534226;0;0;2.660214;130.8786;107.603;359.9638;205.3706;1.029492
C:\Mark's Python files\ME5920\HW3_Gardocki\DefinedTurns\IMG\robocam_2025_04_06_21_55_43_260.jpg;3.697857;0;0;2.654688;130.7849;107.5561;359.8892;205.9083;0.9903178
C:\Mark's Python files\ME5920\HW3_Gardocki\DefinedTurns\IMG\robocam_2025_04_06_21_55_43_304.jpg;1.872229;0;0;2.648639;130.6912;107.5091;359.8304;206.2824;0.9333349
C:\Mark's Python files\ME5920\HW3_Gardocki\DefinedTurns\IMG\robocam_2025_04_06_21_55_43_347.jpg;0;0;0;2.642365;130.5504;107.4389;359.764;206.5343;0.8074895
C:\Mark's Python files\ME5920\HW3_Gardocki\DefinedTurns\IMG\robocam_2025_04_06_21_55_43_390.jpg;0;0;0;2.6331;130.4568;107.3923;359.7194;206.5786;0.718793
C:\Mark's Python files\ME5920\HW3_Gardocki\DefinedTurns\IMG\robocam_2025_04_06_21_55_43_431.jpg;0;0.0422937;0;2.626984;130.3635;107.3456;359.6732;206.5942;0.6308476
C:\Mark's Python files\ME5920\HW3_Gardocki\DefinedTurns\IMG\robocam_2025_04_06_21_55_43_471.jpg;0;0.1362369;0;2.625119;130.2702;107.299;359.6334;206.5978;0.5385135
C:\Mark's Python files\ME5920\HW3_Gardocki\DefinedTurns\IMG\robocam_2025_04_06_21_55_43_513.jpg;0;0.2624979;0;2.62369;130.1768;107.2522;359.6048;206.5985;0.4458126
C:\Mark's Python files\ME5920\HW3_Gardocki\DefinedTurns\IMG\robocam_2025_04_06_21_55_43_555.jpg;0;0.3924138;0;2.629378;130.0831;107.2053;359.5894;206.5991;0.3557862
C:\Mark's Python files\ME5920\HW3_Gardocki\DefinedTurns\IMG\robocam_2025_04_06_21_55_43_595.jpg;0;0.5158392;0;2.638178;129.9888;107.158;359.5922;206.5996;0.2683614
C:\Mark's Python files\ME5920\HW3_Gardocki\DefinedTurns\IMG\robocam_2025_04_06_21_55_43_636.jpg;0;0.6459342;0;2.65104;129.8938;107.1103;359.6173;206.6001;0.1840274
C:\Mark's Python files\ME5920\HW3_Gardocki\DefinedTurns\IMG\robocam_2025_04_06_21_55_43_679.jpg;0;0.7700292;0;2.667846;129.7978;107.0621;359.6685;206.6005;0.1033334
C:\Mark's Python files\ME5920\HW3_Gardocki\DefinedTurns\IMG\robocam_2025_04_06_21_55_43_723.jpg;0;0.8943621;0;2.688564;129.7006;107.0133;359.7483;206.6009;0.02678286
C:\Mark's Python files\ME5920\HW3_Gardocki\DefinedTurns\IMG\robocam_2025_04_06_21_55_43_766.jpg;0;1;0;2.713259;129.5523;106.9389;359.9258;206.6014;359.9207
C:\Mark's Python files\ME5920\HW3_Gardocki\DefinedTurns\IMG\robocam_2025_04_06_21_55_43_808.jpg;0;1;0;2.739987;129.4518;106.8884;0.08100259;206.6017;359.8562
C:\Mark's Python files\ME5920\HW3_Gardocki\DefinedTurns\IMG\robocam_2025_04_06_21_55_43_851.jpg;0;1;0;2.766813;129.3498;106.8372;0.2605985;206.6019;359.7971
C:\Mark's Python files\ME5920\HW3_Gardocki\DefinedTurns\IMG\robocam_2025_04_06_21_55_43_894.jpg;0;1;0;2.793656;129.2469;106.7852;0.4453763;206.6091;359.7594
C:\Mark's Python files\ME5920\HW3_Gardocki\DefinedTurns\IMG\robocam_2025_04_06_21_55_43_934.jpg;0;1;0;2.821031;129.1433;106.7325;0.6270503;206.6218;359.7451
C:\Mark's Python files\ME5920\HW3_Gardocki\DefinedTurns\IMG\robocam_2025_04_06_21_55_43_976.jpg;0;1;0;2.848425;129.0386;106.6794;0.8096098;206.6349;359.7442
C:\Mark's Python files\ME5920\HW3_Gardocki\DefinedTurns\IMG\robocam_2025_04_06_21_55_44_020.jpg;0;1;0;2.889488;128.9329;106.6257;0.9920996;206.6499;359.7559
C:\Mark's Python files\ME5920\HW3_Gardocki\DefinedTurns\IMG\robocam_2025_04_06_21_55_44_062.jpg;0;1;0;2.916162;128.8266;106.5714;1.16065;206.6745;359.7914
C:\Mark's Python files\ME5920\HW3_Gardocki\DefinedTurns\IMG\robocam_2025_04_06_21_55_44_104.jpg;0;1;0;2.941233;128.7207;106.5164;1.269865;206.7088;359.8903
C:\Mark's Python files\ME5920\HW3_Gardocki\DefinedTurns\IMG\robocam_2025_04_06_21_55_44_146.jpg;0;1;0;2.974797;128.5598;106.4347;1.380643;206.6756;0.007633243
C:\Mark's Python files\ME5920\HW3_Gardocki\DefinedTurns\IMG\robocam_2025_04_06_21_55_44_188.jpg;0;1;0;3.002339;128.4512;106.3814;1.408473;206.6398;-0.0002008576
C:\Mark's Python files\ME5920\HW3_Gardocki\DefinedTurns\IMG\robocam_2025_04_06_21_55_44_229.jpg;0;1;0;3.031615;128.3424;106.3276;1.395586;206.624;-0.001593774
C:\Mark's Python files\ME5920\HW3_Gardocki\DefinedTurns\IMG\robocam_2025_04_06_21_55_44_271.jpg;0;1;0;3.060706;128.2327;106.2733;1.372926;206.6111;-0.0009239949
C:\Mark's Python files\ME5920\HW3_Gardocki\DefinedTurns\IMG\robocam_2025_04_06_21_55_44_315.jpg;0;1;0;3.102431;128.1218;106.2183;1.365078;206.5972;-0.0008472372
C:\Mark's Python files\ME5920\HW3_Gardocki\DefinedTurns\IMG\robocam_2025_04_06_21_55_44_357.jpg;0;1;0;3.129156;128.0097;106.1629;1.369656;206.5831;-0.0008770227
C:\Mark's Python files\ME5920\HW3_Gardocki\DefinedTurns\IMG\robocam_2025_04_06_21_55_44_398.jpg;0;1;0;3.155408;127.8966;106.1069;1.381095;206.5679;-0.001354745
C:\Mark's Python files\ME5920\HW3_Gardocki\DefinedTurns\IMG\robocam_2025_04_06_21_55_44_441.jpg;0;1;0;3.182674;127.7826;106.0504;1.388366;206.5556;-0.001536336
C:\Mark's Python files\ME5920\HW3_Gardocki\DefinedTurns\IMG\robocam_2025_04_06_21_55_44_483.jpg;0;1;0;3.209898;127.6676;105.9936;1.391798;206.5458;-0.001577972
C:\Mark's Python files\ME5920\HW3_Gardocki\DefinedTurns\IMG\robocam_2025_04_06_21_55_44_526.jpg;0;1;0;3.237063;127.4934;105.9075;1.390043;206.5329;-0.00157653
C:\Mark's Python files\ME5920\HW3_Gardocki\DefinedTurns\IMG\robocam_2025_04_06_21_55_44_569.jpg;0;1;0;3.264146;127.3761;105.8495;1.385157;206.5245;-0.001557898
C:\Mark's Python files\ME5920\HW3_Gardocki\DefinedTurns\IMG\robocam_2025_04_06_21_55_44_611.jpg;0;1;0;3.291567;127.2577;105.791;1.389626;206.5162;-0.001001344
C:\Mark's Python files\ME5920\HW3_Gardocki\DefinedTurns\IMG\robocam_2025_04_06_21_55_44_651.jpg;0;1;0;3.317464;127.1383;105.7321;1.392756;206.5035;-0.001549363
C:\Mark's Python files\ME5920\HW3_Gardocki\DefinedTurns\IMG\robocam_2025_04_06_21_55_44_693.jpg;0;1;0;3.344356;127.0181;105.6728;1.392523;206.4931;-0.001563988
C:\Mark's Python files\ME5920\HW3_Gardocki\DefinedTurns\IMG\robocam_2025_04_06_21_55_44_736.jpg;0;1;0;3.371604;126.8968;105.6129;1.396629;206.4829;-0.001478001
C:\Mark's Python files\ME5920\HW3_Gardocki\DefinedTurns\IMG\robocam_2025_04_06_21_55_44_777.jpg;0;1;0;3.411006;126.7746;105.5527;1.396403;206.4722;-0.001585288
C:\Mark's Python files\ME5920\HW3_Gardocki\DefinedTurns\IMG\robocam_2025_04_06_21_55_44_819.jpg;0;1;0;3.437376;126.6513;105.492;1.400292;206.4617;-0.001493322
C:\Mark's Python files\ME5920\HW3_Gardocki\DefinedTurns\IMG\robocam_2025_04_06_21_55_44_863.jpg;0;1;0;3.464421;126.5271;105.4308;1.403773;206.4518;-0.00115198
C:\Mark's Python files\ME5920\HW3_Gardocki\DefinedTurns\IMG\robocam_2025_04_06_21_55_44_904.jpg;0;1;0;3.490273;126.402;105.3692;1.405813;206.4393;-0.001610275
C:\Mark's Python files\ME5920\HW3_Gardocki\DefinedTurns\IMG\robocam_2025_04_06_21_55_44_947.jpg;0;1;0;3.517202;126.2125;105.276;1.408661;206.4233;-0.00152498
C:\Mark's Python files\ME5920\HW3_Gardocki\DefinedTurns\IMG\robocam_2025_04_06_21_55_44_989.jpg;0;1;0;3.542941;126.0849;105.2133;1.411172;206.4131;-0.001174295
C:\Mark's Python files\ME5920\HW3_Gardocki\DefinedTurns\IMG\robocam_2025_04_06_21_55_45_031.jpg;0;1;0;3.569032;125.9565;105.1502;1.411869;206.4004;-0.001637715
C:\Mark's Python files\ME5920\HW3_Gardocki\DefinedTurns\IMG\robocam_2025_04_06_21_55_45_071.jpg;0;1;0;3.59579;125.827;105.0867;1.4156;206.389;-0.001556958
C:\Mark's Python files\ME5920\HW3_Gardocki\DefinedTurns\IMG\robocam_2025_04_06_21_55_45_114.jpg;0;1;0;3.621367;125.6966;105.0226;1.417935;206.3783;-0.001193247
C:\Mark's Python files\ME5920\HW3_Gardocki\DefinedTurns\IMG\robocam_2025_04_06_21_55_45_157.jpg;0;1;0;3.64729;125.5653;104.9582;1.41805;206.3654;-0.001659657
C:\Mark's Python files\ME5920\HW3_Gardocki\DefinedTurns\IMG\robocam_2025_04_06_21_55_45_199.jpg;0;1;0;3.686228;125.433;104.8934;1.420884;206.3537;-0.001575217
C:\Mark's Python files\ME5920\HW3_Gardocki\DefinedTurns\IMG\robocam_2025_04_06_21_55_45_244.jpg;0;1;0;3.71272;125.2998;104.8281;1.422126;206.3427;-0.00121791
C:\Mark's Python files\ME5920\HW3_Gardocki\DefinedTurns\IMG\robocam_2025_04_06_21_55_45_287.jpg;0;1;0;3.73844;125.0982;104.7294;1.426079;206.323;-0.001591073
C:\Mark's Python files\ME5920\HW3_Gardocki\DefinedTurns\IMG\robocam_2025_04_06_21_55_45_329.jpg;0;1;0;3.763717;124.9626;104.663;1.427933;206.3114;-0.001254049
C:\Mark's Python files\ME5920\HW3_Gardocki\DefinedTurns\IMG\robocam_2025_04_06_21_55_45_371.jpg;0;1;0;3.789329;124.8261;104.5962;1.43122;206.2987;-0.001249728
C:\Mark's Python files\ME5920\HW3_Gardocki\DefinedTurns\IMG\robocam_2025_04_06_21_55_45_413.jpg;0;1;0;3.814889;124.6887;104.5291;1.43136;206.2846;-0.001731406
C:\Mark's Python files\ME5920\HW3_Gardocki\DefinedTurns\IMG\robocam_2025_04_06_21_55_45_455.jpg;0;1;0;3.8411;124.5503;104.4615;1.433439;206.2721;-0.001630898
C:\Mark's Python files\ME5920\HW3_Gardocki\DefinedTurns\IMG\robocam_2025_04_06_21_55_45_497.jpg;0;1;0;3.866545;124.411;104.3934;1.436518;206.2589;-0.001626683
C:\Mark's Python files\ME5920\HW3_Gardocki\DefinedTurns\IMG\robocam_2025_04_06_21_55_45_540.jpg;0;1;0;3.904075;124.2707;104.325;1.440312;206.2452;-0.001648891
C:\Mark's Python files\ME5920\HW3_Gardocki\DefinedTurns\IMG\robocam_2025_04_06_21_55_45_581.jpg;0;1;0;3.930091;124.1296;104.2561;1.441188;206.233;-0.001299854
C:\Mark's Python files\ME5920\HW3_Gardocki\DefinedTurns\IMG\robocam_2025_04_06_21_55_45_624.jpg;0;1;0;3.955343;123.9875;104.1869;1.442807;206.2197;-0.001286297
C:\Mark's Python files\ME5920\HW3_Gardocki\DefinedTurns\IMG\robocam_2025_04_06_21_55_45_664.jpg;0;1;0;3.980541;123.8444;104.1172;1.445006;206.2059;-0.001281174
C:\Mark's Python files\ME5920\HW3_Gardocki\DefinedTurns\IMG\robocam_2025_04_06_21_55_45_706.jpg;0;1;0;4.005686;123.6282;104.0119;1.44771;206.1838;-0.001688076
C:\Mark's Python files\ME5920\HW3_Gardocki\DefinedTurns\IMG\robocam_2025_04_06_21_55_45_748.jpg;0;1;0;4.030777;123.4828;103.9413;1.45053;206.1694;-0.001679697
C:\Mark's Python files\ME5920\HW3_Gardocki\DefinedTurns\IMG\robocam_2025_04_06_21_55_45_791.jpg;0;1;0;4.055819;123.3366;103.8702;1.453271;206.155;-0.001712473
C:\Mark's Python files\ME5920\HW3_Gardocki\DefinedTurns\IMG\robocam_2025_04_06_21_55_45_832.jpg;0;1;0;4.080808;123.1894;103.7987;1.45578;206.1405;-0.001708686
C:\Mark's Python files\ME5920\HW3_Gardocki\DefinedTurns\IMG\robocam_2025_04_06_21_55_45_875.jpg;0;1;0;4.105743;123.0413;103.7268;1.457936;206.1259;-0.001729772
C:\Mark's Python files\ME5920\HW3_Gardocki\DefinedTurns\IMG\robocam_2025_04_06_21_55_45_918.jpg;0;1;0;4.142521;122.8923;103.6545;1.459639;206.1112;-0.001726997
C:\Mark's Python files\ME5920\HW3_Gardocki\DefinedTurns\IMG\robocam_2025_04_06_21_55_45_960.jpg;1.937295;1;0;4.16726;122.7425;103.5817;1.460894;206.1343;-0.002048281
C:\Mark's Python files\ME5920\HW3_Gardocki\DefinedTurns\IMG\robocam_2025_04_06_21_55_46_002.jpg;3.803387;1;0;4.191826;122.5921;103.5078;1.461098;206.2691;-0.002899504
C:\Mark's Python files\ME5920\HW3_Gardocki\DefinedTurns\IMG\robocam_2025_04_06_21_55_46_045.jpg;5.718253;1;0;4.216322;122.3662;103.3945;1.443268;206.7621;-0.002302344
C:\Mark's Python files\ME5920\HW3_Gardocki\DefinedTurns\IMG\robocam_2025_04_06_21_55_46_088.jpg;7.707119;1;0;4.240268;122.2157;103.3164;1.418422;207.3116;0.02237909
C:\Mark's Python files\ME5920\HW3_Gardocki\DefinedTurns\IMG\robocam_2025_04_06_21_55_46_131.jpg;9.569066;1;0;4.263431;122.0659;103.2358;1.377347;208.0549;0.07705924
C:\Mark's Python files\ME5920\HW3_Gardocki\DefinedTurns\IMG\robocam_2025_04_06_21_55_46_170.jpg;8.93027;1;0;4.286219;121.9168;103.1531;1.30523;208.9274;0.142511
C:\Mark's Python files\ME5920\HW3_Gardocki\DefinedTurns\IMG\robocam_2025_04_06_21_55_46_214.jpg;7.01093;1;0;4.310655;121.768;103.0688;1.206993;209.7685;0.2066979
C:\Mark's Python files\ME5920\HW3_Gardocki\DefinedTurns\IMG\robocam_2025_04_06_21_55_46_255.jpg;5.121056;1;0;4.347756;121.6194;102.9825;1.102709;210.4963;0.2872531
C:\Mark's Python files\ME5920\HW3_Gardocki\DefinedTurns\IMG\robocam_2025_04_06_21_55_46_296.jpg;3.242027;1;0;4.371583;121.4707;102.8946;0.9936998;211.0672;0.3695149
C:\Mark's Python files\ME5920\HW3_Gardocki\DefinedTurns\IMG\robocam_2025_04_06_21_55_46_339.jpg;1.329558;1;0;4.396335;121.3217;102.8055;0.8832241;211.4743;0.4453567
C:\Mark's Python files\ME5920\HW3_Gardocki\DefinedTurns\IMG\robocam_2025_04_06_21_55_46_380.jpg;0;1;0;4.420357;121.172;102.7154;0.7772347;211.7045;0.5086039
C:\Mark's Python files\ME5920\HW3_Gardocki\DefinedTurns\IMG\robocam_2025_04_06_21_55_46_422.jpg;0;1;0;4.444606;121.0216;102.6243;0.6827634;211.8108;0.5619982
C:\Mark's Python files\ME5920\HW3_Gardocki\DefinedTurns\IMG\robocam_2025_04_06_21_55_46_467.jpg;0;1;0;4.467906;120.7943;102.4855;0.5814945;211.8623;0.636494
C:\Mark's Python files\ME5920\HW3_Gardocki\DefinedTurns\IMG\robocam_2025_04_06_21_55_46_510.jpg;0;1;0;4.49117;120.6416;102.392;0.536132;211.8633;0.6706511
C:\Mark's Python files\ME5920\HW3_Gardocki\DefinedTurns\IMG\robocam_2025_04_06_21_55_46_550.jpg;0;1;0;4.514086;120.4879;102.2978;0.5028492;211.8549;0.685468
C:\Mark's Python files\ME5920\HW3_Gardocki\DefinedTurns\IMG\robocam_2025_04_06_21_55_46_594.jpg;0;1;0;4.537817;120.3332;102.2028;0.4903381;211.8441;0.691519
C:\Mark's Python files\ME5920\HW3_Gardocki\DefinedTurns\IMG\robocam_2025_04_06_21_55_46_635.jpg;0;1;0;4.572424;120.1775;102.1071;0.4967002;211.831;0.6869388
C:\Mark's Python files\ME5920\HW3_Gardocki\DefinedTurns\IMG\robocam_2025_04_06_21_55_46_678.jpg;0;1;0;4.59501;120.0208;102.0107;0.5173981;211.8143;0.6682927
C:\Mark's Python files\ME5920\HW3_Gardocki\DefinedTurns\IMG\robocam_2025_04_06_21_55_46_718.jpg;0;1;0;4.618594;119.863;101.9138;0.5528543;211.7994;0.6382849
C:\Mark's Python files\ME5920\HW3_Gardocki\DefinedTurns\IMG\robocam_2025_04_06_21_55_46_761.jpg;0;1;0;4.641538;119.7043;101.8162;0.6036428;211.7838;0.6000417
C:\Mark's Python files\ME5920\HW3_Gardocki\DefinedTurns\IMG\robocam_2025_04_06_21_55_46_803.jpg;0;1;0;4.664452;119.5446;101.7179;0.6680549;211.767;0.5537521
C:\Mark's Python files\ME5920\HW3_Gardocki\DefinedTurns\IMG\robocam_2025_04_06_21_55_46_846.jpg;0;1;0;4.687298;119.3032;101.5696;0.7862598;211.7393;0.4705872
C:\Mark's Python files\ME5920\HW3_Gardocki\DefinedTurns\IMG\robocam_2025_04_06_21_55_46_886.jpg;0;1;0;4.710113;119.141;101.4701;0.8766648;211.7189;0.4070824
C:\Mark's Python files\ME5920\HW3_Gardocki\DefinedTurns\IMG\robocam_2025_04_06_21_55_46_928.jpg;0;1;0;4.732892;118.978;101.3701;0.9742794;211.6967;0.3381928
C:\Mark's Python files\ME5920\HW3_Gardocki\DefinedTurns\IMG\robocam_2025_04_06_21_55_46_970.jpg;0;1;0;4.755635;118.814;101.2697;1.077389;211.6726;0.2648117
C:\Mark's Python files\ME5920\HW3_Gardocki\DefinedTurns\IMG\robocam_2025_04_06_21_55_47_012.jpg;0;1;0;4.778341;118.6491;101.1688;1.184344;211.6463;0.1878217
C:\Mark's Python files\ME5920\HW3_Gardocki\DefinedTurns\IMG\robocam_2025_04_06_21_55_47_053.jpg;0;1;0;4.812365;118.4834;101.0675;1.293682;211.6178;0.1080359
C:\Mark's Python files\ME5920\HW3_Gardocki\DefinedTurns\IMG\robocam_2025_04_06_21_55_47_096.jpg;0;1;0;4.835367;118.3167;100.9659;1.404272;211.5888;0.02434696
C:\Mark's Python files\ME5920\HW3_Gardocki\DefinedTurns\IMG\robocam_2025_04_06_21_55_47_137.jpg;0;1;0;4.857794;118.1499;100.8632;1.50342;211.5838;-0.005154299
C:\Mark's Python files\ME5920\HW3_Gardocki\DefinedTurns\IMG\robocam_2025_04_06_21_55_47_178.jpg;0;1;0;4.883205;117.9831;100.7601;1.553317;211.5788;-0.005468829
C:\Mark's Python files\ME5920\HW3_Gardocki\DefinedTurns\IMG\robocam_2025_04_06_21_55_47_221.jpg;0;1;0;4.909069;117.8162;100.6573;1.538819;211.563;-0.003884043
C:\Mark's Python files\ME5920\HW3_Gardocki\DefinedTurns\IMG\robocam_2025_04_06_21_55_47_266.jpg;0;1;0;4.933351;117.5646;100.5032;1.471509;211.5316;-0.001823515
C:\Mark's Python files\ME5920\HW3_Gardocki\DefinedTurns\IMG\robocam_2025_04_06_21_55_47_306.jpg;0;1;0;4.956236;117.3957;100.4002;1.43223;211.5115;-0.001596575
C:\Mark's Python files\ME5920\HW3_Gardocki\DefinedTurns\IMG\robocam_2025_04_06_21_55_47_350.jpg;0;1;0;4.978855;117.2257;100.2968;1.401488;211.4915;-0.001507628
C:\Mark's Python files\ME5920\HW3_Gardocki\DefinedTurns\IMG\robocam_2025_04_06_21_55_47_393.jpg;0;1;0;5.001404;117.0548;100.1929;1.377277;211.4712;-0.001505531
C:\Mark's Python files\ME5920\HW3_Gardocki\DefinedTurns\IMG\robocam_2025_04_06_21_55_47_436.jpg;0;0.9023782;0;5.010261;116.8836;100.089;1.360618;211.4504;-0.001409818
C:\Mark's Python files\ME5920\HW3_Gardocki\DefinedTurns\IMG\robocam_2025_04_06_21_55_47_477.jpg;0;0.7784944;0;5.007811;116.7124;99.98519;1.347525;211.4306;-0.001420325
C:\Mark's Python files\ME5920\HW3_Gardocki\DefinedTurns\IMG\robocam_2025_04_06_21_55_47_518.jpg;0;0.6521911;0;5.005103;116.5412;99.88152;1.332;211.4128;-0.001508812
C:\Mark's Python files\ME5920\HW3_Gardocki\DefinedTurns\IMG\robocam_2025_04_06_21_55_47_559.jpg;0;0.5245417;0;5.001267;116.3702;99.77803;1.308622;211.401;-0.001775085
C:\Mark's Python files\ME5920\HW3_Gardocki\DefinedTurns\IMG\robocam_2025_04_06_21_55_47_601.jpg;0;0.3965935;0;4.992523;116.1995;99.6748;1.272611;211.4103;-0.002634381
C:\Mark's Python files\ME5920\HW3_Gardocki\DefinedTurns\IMG\robocam_2025_04_06_21_55_47_642.jpg;0;0.2696198;0;5.001219;116.029;99.57166;1.225004;211.3904;-0.001010512
C:\Mark's Python files\ME5920\HW3_Gardocki\DefinedTurns\IMG\robocam_2025_04_06_21_55_47_684.jpg;0;0.1395943;0;4.996867;115.8588;99.4688;1.158537;211.3737;-0.0009881781
C:\Mark's Python files\ME5920\HW3_Gardocki\DefinedTurns\IMG\robocam_2025_04_06_21_55_47_726.jpg;0;0.01408574;0;4.990596;115.6045;99.31509;1.02337;211.3448;-0.0008701074
C:\Mark's Python files\ME5920\HW3_Gardocki\DefinedTurns\IMG\robocam_2025_04_06_21_55_47_767.jpg;0;0;0;4.980712;115.4358;99.21313;0.906943;211.3266;-0.0007532294
C:\Mark's Python files\ME5920\HW3_Gardocki\DefinedTurns\IMG\robocam_2025_04_06_21_55_47_809.jpg;0;0;0;4.96473;115.2676;99.11156;0.7729115;211.3095;-0.0005426492
C:\Mark's Python files\ME5920\HW3_Gardocki\DefinedTurns\IMG\robocam_2025_04_06_21_55_47_851.jpg;0;0;0;4.959399;115.1001;99.01037;0.6250467;211.2937;-0.0002578016
C:\Mark's Python files\ME5920\HW3_Gardocki\DefinedTurns\IMG\robocam_2025_04_06_21_55_47_893.jpg;0;0;0;4.948726;114.9331;98.90948;0.4669357;211.2794;0.000209475
C:\Mark's Python files\ME5920\HW3_Gardocki\DefinedTurns\IMG\robocam_2025_04_06_21_55_47_934.jpg;0;0;0;4.938076;114.7666;98.80886;0.3018877;211.2677;0.002773362
C:\Mark's Python files\ME5920\HW3_Gardocki\DefinedTurns\IMG\robocam_2025_04_06_21_55_47_975.jpg;0;0;0;4.927482;114.6006;98.70844;0.1328607;211.2585;0.00813566
C:\Mark's Python files\ME5920\HW3_Gardocki\DefinedTurns\IMG\robocam_2025_04_06_21_55_48_015.jpg;0;0;0.0859542;4.908755;114.435;98.60823;359.9608;211.2524;0.016952
C:\Mark's Python files\ME5920\HW3_Gardocki\DefinedTurns\IMG\robocam_2025_04_06_21_55_48_056.jpg;0;0;0.2125086;4.879946;114.2699;98.50872;359.8044;211.2364;-0.0005240667
C:\Mark's Python files\ME5920\HW3_Gardocki\DefinedTurns\IMG\robocam_2025_04_06_21_55_48_099.jpg;0;0;0.3399087;4.83458;114.1067;98.40985;359.6294;211.2315;0.001873365
C:\Mark's Python files\ME5920\HW3_Gardocki\DefinedTurns\IMG\robocam_2025_04_06_21_55_48_138.jpg;0;0;0.4679424;4.772998;113.946;98.31258;359.419;211.2258;-0.0008444256
C:\Mark's Python files\ME5920\HW3_Gardocki\DefinedTurns\IMG\robocam_2025_04_06_21_55_48_180.jpg;0;0;0.595677;4.695069;113.7885;98.21726;359.1586;211.2212;-0.003869692
C:\Mark's Python files\ME5920\HW3_Gardocki\DefinedTurns\IMG\robocam_2025_04_06_21_55_48_221.jpg;0;0;0.7213944;4.6025;113.6352;98.12434;358.8207;211.222;0.002843348
C:\Mark's Python files\ME5920\HW3_Gardocki\DefinedTurns\IMG\robocam_2025_04_06_21_55_48_266.jpg;0;0;0.8336663;4.525029;113.4101;97.98819;358.3445;211.2131;-0.005594391
C:\Mark's Python files\ME5920\HW3_Gardocki\DefinedTurns\IMG\robocam_2025_04_06_21_55_48_309.jpg;0;0;0.9614946;4.449353;113.2607;97.8977;358.1944;211.2112;-0.00281661
C:\Mark's Python files\ME5920\HW3_Gardocki\DefinedTurns\IMG\robocam_2025_04_06_21_55_48_349.jpg;0;0;1;4.376894;113.113;97.80841;358.1089;211.2153;359.9923
C:\Mark's Python files\ME5920\HW3_Gardocki\DefinedTurns\IMG\robocam_2025_04_06_21_55_48_394.jpg;0;0;0;4.315991;112.9649;97.71899;358.1355;211.2057;359.9786
C:\Mark's Python files\ME5920\HW3_Gardocki\DefinedTurns\IMG\robocam_2025_04_06_21_55_48_435.jpg;0;0;0;4.29571;112.814;97.62747;358.3897;211.1944;359.9841
C:\Mark's Python files\ME5920\HW3_Gardocki\DefinedTurns\IMG\robocam_2025_04_06_21_55_48_476.jpg;0;0;0;4.288263;112.6618;97.53446;358.7757;211.226;0.03241334
C:\Mark's Python files\ME5920\HW3_Gardocki\DefinedTurns\IMG\robocam_2025_04_06_21_55_48_517.jpg;0;0;0;4.168457;112.5136;97.44531;359.091;211.2378;0.0188181
C:\Mark's Python files\ME5920\HW3_Gardocki\DefinedTurns\IMG\robocam_2025_04_06_21_55_48_558.jpg;0;0;0;4.15857;112.3668;97.3568;359.3763;211.2322;0.004393592
C:\Mark's Python files\ME5920\HW3_Gardocki\DefinedTurns\IMG\robocam_2025_04_06_21_55_48_601.jpg;0;0;0;4.149455;112.2208;97.26849;359.6342;211.2313;-0.002490082
C:\Mark's Python files\ME5920\HW3_Gardocki\DefinedTurns\IMG\robocam_2025_04_06_21_55_48_644.jpg;0;0;0;4.140408;112.0757;97.18053;359.8633;211.2314;359.9933
C:\Mark's Python files\ME5920\HW3_Gardocki\DefinedTurns\IMG\robocam_2025_04_06_21_55_48_686.jpg;0;0;0;4.131424;111.8594;97.04941;0.1513233;211.2317;359.9887
C:\Mark's Python files\ME5920\HW3_Gardocki\DefinedTurns\IMG\robocam_2025_04_06_21_55_48_727.jpg;0;0;0;4.122495;111.7162;96.96255;0.3059225;211.2318;359.9862
C:\Mark's Python files\ME5920\HW3_Gardocki\DefinedTurns\IMG\robocam_2025_04_06_21_55_48_771.jpg;0;0;0;4.113615;111.5737;96.87614;0.4308362;211.2318;359.9841
C:\Mark's Python files\ME5920\HW3_Gardocki\DefinedTurns\IMG\robocam_2025_04_06_21_55_48_812.jpg;0;0;0;4.104773;111.432;96.79018;0.5267274;211.2318;359.9823
C:\Mark's Python files\ME5920\HW3_Gardocki\DefinedTurns\IMG\robocam_2025_04_06_21_55_48_854.jpg;0;0;0;4.091527;111.2911;96.70461;0.5899684;211.2339;359.9857
C:\Mark's Python files\ME5920\HW3_Gardocki\DefinedTurns\IMG\robocam_2025_04_06_21_55_48_896.jpg;0;0;0;4.082675;111.1509;96.61944;0.6230705;211.238;359.9934
C:\Mark's Python files\ME5920\HW3_Gardocki\DefinedTurns\IMG\robocam_2025_04_06_21_55_48_937.jpg;0;0;0;4.073832;111.0115;96.53471;0.6306377;211.2415;-0.001001377
C:\Mark's Python files\ME5920\HW3_Gardocki\DefinedTurns\IMG\robocam_2025_04_06_21_55_48_978.jpg;0;0;0;4.065012;110.8726;96.45043;0.6148411;211.2426;-0.0008942194
C:\Mark's Python files\ME5920\HW3_Gardocki\DefinedTurns\IMG\robocam_2025_04_06_21_55_49_020.jpg;0;0;0;4.056204;110.7344;96.36653;0.5787573;211.2435;-0.000871534
C:\Mark's Python files\ME5920\HW3_Gardocki\DefinedTurns\IMG\robocam_2025_04_06_21_55_49_063.jpg;0;0;0;4.047404;110.5967;96.28297;0.5251603;211.2443;-0.0008348121
C:\Mark's Python files\ME5920\HW3_Gardocki\DefinedTurns\IMG\robocam_2025_04_06_21_55_49_103.jpg;0;0;0;4.038605;110.4596;96.19972;0.4567915;211.2451;-0.0007664195
C:\Mark's Python files\ME5920\HW3_Gardocki\DefinedTurns\IMG\robocam_2025_04_06_21_55_49_144.jpg;0;0;0;4.029805;110.3229;96.11678;0.3762792;211.2459;-0.000658327
C:\Mark's Python files\ME5920\HW3_Gardocki\DefinedTurns\IMG\robocam_2025_04_06_21_55_49_186.jpg;0;0;0;4.020988;110.1187;95.99284;0.2383754;211.247;-0.0004002632
C:\Mark's Python files\ME5920\HW3_Gardocki\DefinedTurns\IMG\robocam_2025_04_06_21_55_49_229.jpg;0;0;0;4.012162;109.9831;95.91052;0.1384859;211.2477;-0.0002869889
C:\Mark's Python files\ME5920\HW3_Gardocki\DefinedTurns\IMG\robocam_2025_04_06_21_55_49_271.jpg;0;0;0;4.00332;109.8478;95.82845;0.03376193;211.2477;-0.001731407
C:\Mark's Python files\ME5920\HW3_Gardocki\DefinedTurns\IMG\robocam_2025_04_06_21_55_49_313.jpg;0;0;0;3.990004;109.7128;95.74652;359.9312;211.2485;-0.001235875
C:\Mark's Python files\ME5920\HW3_Gardocki\DefinedTurns\IMG\robocam_2025_04_06_21_55_49_355.jpg;0;0;0;3.98083;109.578;95.66471;359.8379;211.2487;-0.001002274
C:\Mark's Python files\ME5920\HW3_Gardocki\DefinedTurns\IMG\robocam_2025_04_06_21_55_49_396.jpg;0;0;0;3.971575;109.4434;95.58305;359.7517;211.2485;-0.0008126334
C:\Mark's Python files\ME5920\HW3_Gardocki\DefinedTurns\IMG\robocam_2025_04_06_21_55_49_439.jpg;0;0;0;3.962379;109.3091;95.50156;359.6684;211.2483;-0.0002095783
C:\Mark's Python files\ME5920\HW3_Gardocki\DefinedTurns\IMG\robocam_2025_04_06_21_55_49_479.jpg;0;0;0;3.95297;109.1748;95.42012;359.6013;211.2475;-0.0008074627
C:\Mark's Python files\ME5920\HW3_Gardocki\DefinedTurns\IMG\robocam_2025_04_06_21_55_49_520.jpg;0;0;0;3.944006;109.0409;95.33887;359.5311;211.2475;-1.234011E-05
C:\Mark's Python files\ME5920\HW3_Gardocki\DefinedTurns\IMG\robocam_2025_04_06_21_55_49_565.jpg;0;0;0;3.934388;108.907;95.25768;359.4814;211.2464;-0.001757712
C:\Mark's Python files\ME5920\HW3_Gardocki\DefinedTurns\IMG\robocam_2025_04_06_21_55_49_608.jpg;0;0;0;3.925428;108.7067;95.13621;359.4037;211.2459;-0.002500732
C:\Mark's Python files\ME5920\HW3_Gardocki\DefinedTurns\IMG\robocam_2025_04_06_21_55_49_651.jpg;0;0;0;3.916528;108.5735;95.05534;359.3656;211.2461;-0.002071382
C:\Mark's Python files\ME5920\HW3_Gardocki\DefinedTurns\IMG\robocam_2025_04_06_21_55_49_693.jpg;0;0;0;3.906668;108.4404;94.97456;359.3376;211.2468;-0.0001503009
C:\Mark's Python files\ME5920\HW3_Gardocki\DefinedTurns\IMG\robocam_2025_04_06_21_55_49_738.jpg;0;0;0;3.897734;108.3076;94.89399;359.3085;211.2471;0.001293588
C:\Mark's Python files\ME5920\HW3_Gardocki\DefinedTurns\IMG\robocam_2025_04_06_21_55_49_780.jpg;0;0;0;3.88446;108.1751;94.81361;359.2788;211.2472;0.002529345
C:\Mark's Python files\ME5920\HW3_Gardocki\DefinedTurns\IMG\robocam_2025_04_06_21_55_49_822.jpg;0;0;0;3.874874;108.0427;94.73336;359.265;211.245;-0.00165587
C:\Mark's Python files\ME5920\HW3_Gardocki\DefinedTurns\IMG\robocam_2025_04_06_21_55_49_864.jpg;0;0;0;3.865543;107.9104;94.65318;359.2621;211.2437;-0.004520093
C:\Mark's Python files\ME5920\HW3_Gardocki\DefinedTurns\IMG\robocam_2025_04_06_21_55_49_907.jpg;0;0;0;3.856752;107.7127;94.53323;359.2544;211.243;359.9926
C:\Mark's Python files\ME5920\HW3_Gardocki\DefinedTurns\IMG\robocam_2025_04_06_21_55_49_949.jpg;0;0;0;3.847993;107.5813;94.4535;359.2473;211.2428;359.991
C:\Mark's Python files\ME5920\HW3_Gardocki\DefinedTurns\IMG\robocam_2025_04_06_21_55_49_990.jpg;0;0;0;3.839257;107.4502;94.37395;359.2389;211.2427;359.9897
C:\Mark's Python files\ME5920\HW3_Gardocki\DefinedTurns\IMG\robocam_2025_04_06_21_55_50_033.jpg;0;0;0;3.829838;107.3193;94.29403;359.2547;211.2542;0.01727565
C:\Mark's Python files\ME5920\HW3_Gardocki\DefinedTurns\IMG\robocam_2025_04_06_21_55_50_077.jpg;0;0;0;3.820683;107.1886;94.21458;359.2669;211.2591;0.03572116
C:\Mark's Python files\ME5920\HW3_Gardocki\DefinedTurns\IMG\robocam_2025_04_06_21_55_50_118.jpg;0;0;0;3.807685;107.0582;94.13541;359.2761;211.2612;0.0506821
C:\Mark's Python files\ME5920\HW3_Gardocki\DefinedTurns\IMG\robocam_2025_04_06_21_55_50_161.jpg;0;0;0;3.799056;106.9281;94.05648;359.2825;211.262;0.06367283
C:\Mark's Python files\ME5920\HW3_Gardocki\DefinedTurns\IMG\robocam_2025_04_06_21_55_50_202.jpg;0;0;0;3.79045;106.7983;93.97776;359.2862;211.2623;0.07511175
C:\Mark's Python files\ME5920\HW3_Gardocki\DefinedTurns\IMG\robocam_2025_04_06_21_55_50_243.jpg;0;0;0;3.78086;106.6683;93.89941;359.3125;211.2507;0.05627959
C:\Mark's Python files\ME5920\HW3_Gardocki\DefinedTurns\IMG\robocam_2025_04_06_21_55_50_288.jpg;0;0;0;3.772246;106.4743;93.78188;359.3406;211.2451;0.04296783
C:\Mark's Python files\ME5920\HW3_Gardocki\DefinedTurns\IMG\robocam_2025_04_06_21_55_50_330.jpg;0;0;0;3.763716;106.3455;93.70373;359.3539;211.2439;0.03590432
C:\Mark's Python files\ME5920\HW3_Gardocki\DefinedTurns\IMG\robocam_2025_04_06_21_55_50_371.jpg;0;0;0;3.755214;106.217;93.62578;359.3632;211.2433;0.02922477
C:\Mark's Python files\ME5920\HW3_Gardocki\DefinedTurns\IMG\robocam_2025_04_06_21_55_50_414.jpg;0;0;0;3.746735;106.0889;93.54804;359.3685;211.2431;0.02276824
C:\Mark's Python files\ME5920\HW3_Gardocki\DefinedTurns\IMG\robocam_2025_04_06_21_55_50_456.jpg;0;0;0;3.734054;105.9611;93.47051;359.3702;211.243;0.01653145
C:\Mark's Python files\ME5920\HW3_Gardocki\DefinedTurns\IMG\robocam_2025_04_06_21_55_50_499.jpg;0;0;0;3.725161;105.8333;93.39329;359.3795;211.237;-0.003131612
C:\Mark's Python files\ME5920\HW3_Gardocki\DefinedTurns\IMG\robocam_2025_04_06_21_55_50_541.jpg;0;0;0.1297629;3.709865;105.7061;93.31631;359.3874;211.2313;359.9734
C:\Mark's Python files\ME5920\HW3_Gardocki\DefinedTurns\IMG\robocam_2025_04_06_21_55_50_583.jpg;0;0;0.2554737;3.679123;105.5803;93.24003;359.3653;211.2287;359.9545
C:\Mark's Python files\ME5920\HW3_Gardocki\DefinedTurns\IMG\robocam_2025_04_06_21_55_50_627.jpg;0;0;0.3851418;3.631474;105.3958;93.1276;359.2595;211.2399;359.9611
C:\Mark's Python files\ME5920\HW3_Gardocki\DefinedTurns\IMG\robocam_2025_04_06_21_55_50_668.jpg;0;0;0.5106057;3.569731;105.2768;93.05521;359.1044;211.2456;359.9674
C:\Mark's Python files\ME5920\HW3_Gardocki\DefinedTurns\IMG\robocam_2025_04_06_21_55_50_712.jpg;0;0;0.6386994;3.48997;105.1616;92.98447;358.8997;211.2691;0.01571879
C:\Mark's Python files\ME5920\HW3_Gardocki\DefinedTurns\IMG\robocam_2025_04_06_21_55_50_754.jpg;0;0;0.7658961;3.40108;105.0496;92.91724;358.6486;211.2756;-0.0004529996
C:\Mark's Python files\ME5920\HW3_Gardocki\DefinedTurns\IMG\robocam_2025_04_06_21_55_50_797.jpg;0;0;0.8959013;3.319195;104.9397;92.85136;358.4199;211.2347;359.9685
C:\Mark's Python files\ME5920\HW3_Gardocki\DefinedTurns\IMG\robocam_2025_04_06_21_55_50_839.jpg;0;0;1;3.208433;104.8308;92.78451;358.3511;211.2231;0.01308032
C:\Mark's Python files\ME5920\HW3_Gardocki\DefinedTurns\IMG\robocam_2025_04_06_21_55_50_881.jpg;0;0;1;3.124813;104.7227;92.71976;358.3577;211.2356;-0.004820679
C:\Mark's Python files\ME5920\HW3_Gardocki\DefinedTurns\IMG\robocam_2025_04_06_21_55_50_924.jpg;0;0;1;3.051121;104.6168;92.65615;358.4028;211.2204;359.976
C:\Mark's Python files\ME5920\HW3_Gardocki\DefinedTurns\IMG\robocam_2025_04_06_21_55_50_968.jpg;0;0;1;2.970886;104.4605;92.56078;358.6808;211.2283;0.02510344
C:\Mark's Python files\ME5920\HW3_Gardocki\DefinedTurns\IMG\robocam_2025_04_06_21_55_51_011.jpg;0;0;1;2.825754;104.3623;92.50223;358.8003;211.2183;-0.004575842
C:\Mark's Python files\ME5920\HW3_Gardocki\DefinedTurns\IMG\robocam_2025_04_06_21_55_51_051.jpg;0;0;1;2.697455;104.2724;92.44799;358.7453;211.2132;-0.00549076
C:\Mark's Python files\ME5920\HW3_Gardocki\DefinedTurns\IMG\robocam_2025_04_06_21_55_51_094.jpg;0;0;1;2.564966;104.1871;92.3965;358.6486;211.2191;-0.00391073
C:\Mark's Python files\ME5920\HW3_Gardocki\DefinedTurns\IMG\robocam_2025_04_06_21_55_51_138.jpg;0;0;1;2.465773;104.104;92.34637;358.6068;211.2088;359.9935
C:\Mark's Python files\ME5920\HW3_Gardocki\DefinedTurns\IMG\robocam_2025_04_06_21_55_51_178.jpg;0;0;1;2.346511;104.0223;92.297;358.6514;211.1966;359.9939
C:\Mark's Python files\ME5920\HW3_Gardocki\DefinedTurns\IMG\robocam_2025_04_06_21_55_51_222.jpg;0;0;1;2.237571;103.9432;92.24921;358.7336;211.1861;-0.004935803
C:\Mark's Python files\ME5920\HW3_Gardocki\DefinedTurns\IMG\robocam_2025_04_06_21_55_51_265.jpg;0;0;1;2.106852;103.8689;92.2043;358.7721;211.1797;-0.003758427
C:\Mark's Python files\ME5920\HW3_Gardocki\DefinedTurns\IMG\robocam_2025_04_06_21_55_51_308.jpg;0;0;1;1.97787;103.7679;92.14326;358.6831;211.1746;-0.002419753
C:\Mark's Python files\ME5920\HW3_Gardocki\DefinedTurns\IMG\robocam_2025_04_06_21_55_51_351.jpg;0;0;1;1.868164;103.7057;92.1057;358.6035;211.1729;-0.001163986
C:\Mark's Python files\ME5920\HW3_Gardocki\DefinedTurns\IMG\robocam_2025_04_06_21_55_51_394.jpg;0;0;1;1.790061;103.6448;92.06899;358.613;211.1739;-0.002470264
C:\Mark's Python files\ME5920\HW3_Gardocki\DefinedTurns\IMG\robocam_2025_04_06_21_55_51_438.jpg;0;0;1;1.679982;103.5853;92.03308;358.7091;211.1767;-0.001853266
C:\Mark's Python files\ME5920\HW3_Gardocki\DefinedTurns\IMG\robocam_2025_04_06_21_55_51_480.jpg;0;0;1;1.550454;103.5314;92.00058;358.7259;211.1799;0.001650966
C:\Mark's Python files\ME5920\HW3_Gardocki\DefinedTurns\IMG\robocam_2025_04_06_21_55_51_523.jpg;0;0;1;1.421972;103.4832;91.97157;358.6646;211.1804;0.001590158
C:\Mark's Python files\ME5920\HW3_Gardocki\DefinedTurns\IMG\robocam_2025_04_06_21_55_51_564.jpg;0;0;1;1.310375;103.4393;91.94511;358.5783;211.211;0.002744713
C:\Mark's Python files\ME5920\HW3_Gardocki\DefinedTurns\IMG\robocam_2025_04_06_21_55_51_607.jpg;0;0;1;1.234403;103.3756;91.90688;358.6316;211.2321;359.9939
C:\Mark's Python files\ME5920\HW3_Gardocki\DefinedTurns\IMG\robocam_2025_04_06_21_55_51_651.jpg;0;0;1;1.158639;103.337;91.88358;358.6848;211.2467;-0.004002211
C:\Mark's Python files\ME5920\HW3_Gardocki\DefinedTurns\IMG\robocam_2025_04_06_21_55_51_694.jpg;0;0;1;1.026278;103.3036;91.86358;358.6685;211.245;-0.004109682
C:\Mark's Python files\ME5920\HW3_Gardocki\DefinedTurns\IMG\robocam_2025_04_06_21_55_51_735.jpg;0;0;1;0.8146647;103.2756;91.84684;358.5895;211.1648;359.9937
C:\Mark's Python files\ME5920\HW3_Gardocki\DefinedTurns\IMG\robocam_2025_04_06_21_55_51_776.jpg;0;0;1;0.6761255;103.2525;91.83344;358.4808;211.102;359.9915
C:\Mark's Python files\ME5920\HW3_Gardocki\DefinedTurns\IMG\robocam_2025_04_06_21_55_51_819.jpg;0;0;1;0.5372393;103.2341;91.82292;358.3751;211.0637;359.9925
C:\Mark's Python files\ME5920\HW3_Gardocki\DefinedTurns\IMG\robocam_2025_04_06_21_55_51_861.jpg;0.7986374;0;0;0.5186112;103.2158;91.81248;358.3898;211.031;359.9936
C:\Mark's Python files\ME5920\HW3_Gardocki\DefinedTurns\IMG\robocam_2025_04_06_21_55_51_904.jpg;2.642944;0;0;0.5117586;103.195;91.80053;358.5891;210.9964;359.9938
C:\Mark's Python files\ME5920\HW3_Gardocki\DefinedTurns\IMG\robocam_2025_04_06_21_55_51_947.jpg;4.536104;0;0;0.4913607;103.1627;91.78085;359.0496;211.0848;0.01595821
C:\Mark's Python files\ME5920\HW3_Gardocki\DefinedTurns\IMG\robocam_2025_04_06_21_55_51_987.jpg;6.3702;0;0;0.4887028;103.1421;91.7673;359.3409;211.2647;0.04626383
C:\Mark's Python files\ME5920\HW3_Gardocki\DefinedTurns\IMG\robocam_2025_04_06_21_55_52_028.jpg;8.305731;0;0;0.4868387;103.1222;91.75352;359.6129;211.5021;0.08705799
C:\Mark's Python files\ME5920\HW3_Gardocki\DefinedTurns\IMG\robocam_2025_04_06_21_55_52_070.jpg;10.1478;0;0;0.4850637;103.1029;91.73961;359.8656;211.7918;0.13255
C:\Mark's Python files\ME5920\HW3_Gardocki\DefinedTurns\IMG\robocam_2025_04_06_21_55_52_113.jpg;12.04422;0;0;0.4831517;103.0842;91.72559;0.09670161;212.1319;0.1819699
C:\Mark's Python files\ME5920\HW3_Gardocki\DefinedTurns\IMG\robocam_2025_04_06_21_55_52_155.jpg;13.99961;0;0;0.4801426;103.0661;91.71152;0.3046757;212.5114;0.2332726
C:\Mark's Python files\ME5920\HW3_Gardocki\DefinedTurns\IMG\robocam_2025_04_06_21_55_52_197.jpg;15;0;0;0.4786883;103.0489;91.69802;0.4602415;212.9156;0.258385
C:\Mark's Python files\ME5920\HW3_Gardocki\DefinedTurns\IMG\robocam_2025_04_06_21_55_52_239.jpg;15;0;0;0.4778309;103.0324;91.68459;0.5835198;213.3196;0.2776043
C:\Mark's Python files\ME5920\HW3_Gardocki\DefinedTurns\IMG\robocam_2025_04_06_21_55_52_281.jpg;15;0;0;0.4769275;103.0164;91.67136;0.6779692;213.7135;0.2888748
C:\Mark's Python files\ME5920\HW3_Gardocki\DefinedTurns\IMG\robocam_2025_04_06_21_55_52_324.jpg;15;0;0;0.4759965;103.001;91.65833;0.7466996;214.098;0.2937024
C:\Mark's Python files\ME5920\HW3_Gardocki\DefinedTurns\IMG\robocam_2025_04_06_21_55_52_366.jpg;15;0;0;0.475028;102.9785;91.63911;0.8073535;214.6589;0.29226
C:\Mark's Python files\ME5920\HW3_Gardocki\DefinedTurns\IMG\robocam_2025_04_06_21_55_52_407.jpg;15;0;0;0.4740112;102.9641;91.62649;0.8231683;215.0236;0.28748
C:\Mark's Python files\ME5920\HW3_Gardocki\DefinedTurns\IMG\robocam_2025_04_06_21_55_52_451.jpg;15;0;0;0.4729396;102.95;91.61399;0.822103;215.3818;0.2809837
C:\Mark's Python files\ME5920\HW3_Gardocki\DefinedTurns\IMG\robocam_2025_04_06_21_55_52_492.jpg;15;0;0;0.4718113;102.9361;91.60159;0.8064674;215.7343;0.2737293
C:\Mark's Python files\ME5920\HW3_Gardocki\DefinedTurns\IMG\robocam_2025_04_06_21_55_52_534.jpg;15;0;0;0.4700172;102.9226;91.58929;0.7784365;216.0818;0.2664964
C:\Mark's Python files\ME5920\HW3_Gardocki\DefinedTurns\IMG\robocam_2025_04_06_21_55_52_576.jpg;15;0;0;0.4687791;102.9093;91.57703;0.740023;216.4249;0.2599374
C:\Mark's Python files\ME5920\HW3_Gardocki\DefinedTurns\IMG\robocam_2025_04_06_21_55_52_617.jpg;15;0;0;0.4675234;102.8963;91.56484;0.6929643;216.7641;0.2545648
C:\Mark's Python files\ME5920\HW3_Gardocki\DefinedTurns\IMG\robocam_2025_04_06_21_55_52_666.jpg;15;0;0;0.4662489;102.8771;91.5466;0.6089333;217.2668;0.2487419
C:\Mark's Python files\ME5920\HW3_Gardocki\DefinedTurns\IMG\robocam_2025_04_06_21_55_52_706.jpg;15;0;0;0.4649519;102.8645;91.53448;0.5448344;217.5979;0.2452621
C:\Mark's Python files\ME5920\HW3_Gardocki\DefinedTurns\IMG\robocam_2025_04_06_21_55_52_748.jpg;15;0;0;0.4636286;102.8521;91.5224;0.475819;217.9262;0.2420797
C:\Mark's Python files\ME5920\HW3_Gardocki\DefinedTurns\IMG\robocam_2025_04_06_21_55_52_790.jpg;15;0;0;0.4622781;102.8399;91.51033;0.4032376;218.2523;0.2392531
C:\Mark's Python files\ME5920\HW3_Gardocki\DefinedTurns\IMG\robocam_2025_04_06_21_55_52_834.jpg;15;0;0;0.4602014;102.8278;91.49826;0.3283747;218.5764;0.236829
C:\Mark's Python files\ME5920\HW3_Gardocki\DefinedTurns\IMG\robocam_2025_04_06_21_55_52_877.jpg;15;0;0;0.4587831;102.8158;91.48617;0.2524396;218.899;0.2348458
C:\Mark's Python files\ME5920\HW3_Gardocki\DefinedTurns\IMG\robocam_2025_04_06_21_55_52_917.jpg;15;0;0;0.4573387;102.8039;91.47404;0.1765592;219.2204;0.2333236
C:\Mark's Python files\ME5920\HW3_Gardocki\DefinedTurns\IMG\robocam_2025_04_06_21_55_52_960.jpg;15;0;0;0.4558691;102.7921;91.46188;0.1017681;219.541;0.2322792
C:\Mark's Python files\ME5920\HW3_Gardocki\DefinedTurns\IMG\robocam_2025_04_06_21_55_53_001.jpg;15;0;0;0.454376;102.7804;91.44968;0.02900497;219.8611;0.2317134
C:\Mark's Python files\ME5920\HW3_Gardocki\DefinedTurns\IMG\robocam_2025_04_06_21_55_53_044.jpg;15;0.0813762;0;0.4469233;102.7689;91.43757;359.9546;220.1252;0.2306163
C:\Mark's Python files\ME5920\HW3_Gardocki\DefinedTurns\IMG\robocam_2025_04_06_21_55_53_084.jpg;15;0.204594;0;0.4542661;102.7573;91.42547;359.8844;220.24;0.2258956
C:\Mark's Python files\ME5920\HW3_Gardocki\DefinedTurns\IMG\robocam_2025_04_06_21_55_53_126.jpg;15;0.3292011;0;0.4518915;102.7399;91.40672;359.7977;220.6768;0.2255973
C:\Mark's Python files\ME5920\HW3_Gardocki\DefinedTurns\IMG\robocam_2025_04_06_21_55_53_169.jpg;15;0.4518372;0;0.4657527;102.7273;91.39323;359.774;220.8388;0.2271177
C:\Mark's Python files\ME5920\HW3_Gardocki\DefinedTurns\IMG\robocam_2025_04_06_21_55_53_210.jpg;15;0.5779914;0;0.485595;102.7142;91.37891;359.7751;221.0199;0.231362
C:\Mark's Python files\ME5920\HW3_Gardocki\DefinedTurns\IMG\robocam_2025_04_06_21_55_53_255.jpg;15;0.7059943;0;0.4942123;102.7004;91.36372;359.8025;221.3806;0.2386698
C:\Mark's Python files\ME5920\HW3_Gardocki\DefinedTurns\IMG\robocam_2025_04_06_21_55_53_297.jpg;15;0.8396044;0;0.5473919;102.6855;91.34702;359.8708;221.7976;0.2521082
C:\Mark's Python files\ME5920\HW3_Gardocki\DefinedTurns\IMG\robocam_2025_04_06_21_55_53_342.jpg;15;0.9709433;0;0.5711073;102.6689;91.32829;-0.004508859;222.1115;0.2704756
C:\Mark's Python files\ME5920\HW3_Gardocki\DefinedTurns\IMG\robocam_2025_04_06_21_55_53_383.jpg;15;1;0;0.6145905;102.6512;91.30828;0.1514322;222.5149;0.2880113
C:\Mark's Python files\ME5920\HW3_Gardocki\DefinedTurns\IMG\robocam_2025_04_06_21_55_53_424.jpg;15;1;0;0.6245058;102.633;91.28757;0.3048294;222.906;0.2926381
C:\Mark's Python files\ME5920\HW3_Gardocki\DefinedTurns\IMG\robocam_2025_04_06_21_55_53_470.jpg;15;1;0;0.6613382;102.6039;91.25372;0.5670125;223.7322;0.2868052
C:\Mark's Python files\ME5920\HW3_Gardocki\DefinedTurns\IMG\robocam_2025_04_06_21_55_53_512.jpg;15;1;0;0.702489;102.584;91.22997;0.7405692;224.2924;0.2750941
C:\Mark's Python files\ME5920\HW3_Gardocki\DefinedTurns\IMG\robocam_2025_04_06_21_55_53_554.jpg;15;1;0;0.7414888;102.5634;91.20517;0.9151548;224.8555;0.2543427
C:\Mark's Python files\ME5920\HW3_Gardocki\DefinedTurns\IMG\robocam_2025_04_06_21_55_53_596.jpg;15;1;0;0.7759889;102.5425;91.1797;1.067469;225.4851;0.2096394
C:\Mark's Python files\ME5920\HW3_Gardocki\DefinedTurns\IMG\robocam_2025_04_06_21_55_53_637.jpg;15;1;0;0.7952788;102.5214;91.15376;1.175121;226.1631;0.1267034
C:\Mark's Python files\ME5920\HW3_Gardocki\DefinedTurns\IMG\robocam_2025_04_06_21_55_53_678.jpg;15;1;0;0.8346061;102.5002;91.12698;1.238899;226.7743;0.01279815
C:\Mark's Python files\ME5920\HW3_Gardocki\DefinedTurns\IMG\robocam_2025_04_06_21_55_53_719.jpg;15;1;0;0.8698753;102.48;91.09872;1.255819;227.5346;359.9671
C:\Mark's Python files\ME5920\HW3_Gardocki\DefinedTurns\IMG\robocam_2025_04_06_21_55_53_760.jpg;15;1;0;0.9113759;102.4595;91.06911;1.245955;228.2486;359.9739
C:\Mark's Python files\ME5920\HW3_Gardocki\DefinedTurns\IMG\robocam_2025_04_06_21_55_53_802.jpg;15;1;0;0.9439769;102.4385;91.03892;1.212277;228.9876;359.9918
C:\Mark's Python files\ME5920\HW3_Gardocki\DefinedTurns\IMG\robocam_2025_04_06_21_55_53_845.jpg;15;1;0;0.9727858;102.4165;91.00752;1.194362;229.7017;-0.003870116
C:\Mark's Python files\ME5920\HW3_Gardocki\DefinedTurns\IMG\robocam_2025_04_06_21_55_53_886.jpg;15;1;0;0.9958736;102.3828;90.95783;1.188946;230.8152;0.0114687
C:\Mark's Python files\ME5920\HW3_Gardocki\DefinedTurns\IMG\robocam_2025_04_06_21_55_53_927.jpg;15;1;0;1.040255;102.3597;90.92276;1.20077;231.5143;0.01961159
C:\Mark's Python files\ME5920\HW3_Gardocki\DefinedTurns\IMG\robocam_2025_04_06_21_55_53_968.jpg;15;1;0;1.070156;102.3363;90.88635;1.213098;232.2145;0.02595733
C:\Mark's Python files\ME5920\HW3_Gardocki\DefinedTurns\IMG\robocam_2025_04_06_21_55_54_012.jpg;15;1;0;1.100406;102.3127;90.84878;1.213883;232.9377;0.02966229
C:\Mark's Python files\ME5920\HW3_Gardocki\DefinedTurns\IMG\robocam_2025_04_06_21_55_54_053.jpg;15;1;0;1.138737;102.2892;90.81012;1.203402;233.7052;0.03062871
C:\Mark's Python files\ME5920\HW3_Gardocki\DefinedTurns\IMG\robocam_2025_04_06_21_55_54_094.jpg;15;1;0;1.175262;102.2655;90.77002;1.197215;234.5031;0.03122825
C:\Mark's Python files\ME5920\HW3_Gardocki\DefinedTurns\IMG\robocam_2025_04_06_21_55_54_137.jpg;15;1;0;1.208417;102.2416;90.7284;1.197439;235.3017;0.03259243
C:\Mark's Python files\ME5920\HW3_Gardocki\DefinedTurns\IMG\robocam_2025_04_06_21_55_54_178.jpg;15;1;0;1.239628;102.2176;90.68539;1.19936;236.1283;0.03533425
C:\Mark's Python files\ME5920\HW3_Gardocki\DefinedTurns\IMG\robocam_2025_04_06_21_55_54_220.jpg;15;1;0;1.270364;102.1937;90.64093;1.20377;236.9738;0.03940042
C:\Mark's Python files\ME5920\HW3_Gardocki\DefinedTurns\IMG\robocam_2025_04_06_21_55_54_260.jpg;15;1;0;1.300768;102.1698;90.59503;1.209551;237.8363;0.04453115
C:\Mark's Python files\ME5920\HW3_Gardocki\DefinedTurns\IMG\robocam_2025_04_06_21_55_54_304.jpg;15;1;0;1.331461;102.146;90.54776;1.212398;238.7169;0.04692336
C:\Mark's Python files\ME5920\HW3_Gardocki\DefinedTurns\IMG\robocam_2025_04_06_21_55_54_348.jpg;14.80704;1;0;1.361101;102.1107;90.47435;1.206409;240.0721;0.04768255
C:\Mark's Python files\ME5920\HW3_Gardocki\DefinedTurns\IMG\robocam_2025_04_06_21_55_54_388.jpg;12.90842;1;0;1.391856;102.087;90.42372;1.203001;240.9169;0.04088625
C:\Mark's Python files\ME5920\HW3_Gardocki\DefinedTurns\IMG\robocam_2025_04_06_21_55_54_430.jpg;12.29765;1;0;1.42258;102.063;90.37175;1.204745;241.696;0.02976264
C:\Mark's Python files\ME5920\HW3_Gardocki\DefinedTurns\IMG\robocam_2025_04_06_21_55_54_473.jpg;12.95778;1;0;1.452066;102.0395;90.31821;1.208268;242.5216;0.02908344
C:\Mark's Python files\ME5920\HW3_Gardocki\DefinedTurns\IMG\robocam_2025_04_06_21_55_54_514.jpg;11.13504;1;0;1.48258;102.0158;90.2633;1.21674;243.3132;0.02596633
C:\Mark's Python files\ME5920\HW3_Gardocki\DefinedTurns\IMG\robocam_2025_04_06_21_55_54_554.jpg;9.264404;1;0;1.529803;101.9918;90.20708;1.231119;244.0167;0.01465745
C:\Mark's Python files\ME5920\HW3_Gardocki\DefinedTurns\IMG\robocam_2025_04_06_21_55_54_595.jpg;7.386271;1;0;1.560451;101.9672;90.1497;1.247933;244.618;359.9937
C:\Mark's Python files\ME5920\HW3_Gardocki\DefinedTurns\IMG\robocam_2025_04_06_21_55_54_643.jpg;5.230235;1;0;1.59188;101.9425;90.09114;1.256163;245.1205;359.9931
C:\Mark's Python files\ME5920\HW3_Gardocki\DefinedTurns\IMG\robocam_2025_04_06_21_55_54_685.jpg;3.364391;1;0;1.623567;101.9041;90.00148;1.259803;245.6434;-0.004586753
C:\Mark's Python files\ME5920\HW3_Gardocki\DefinedTurns\IMG\robocam_2025_04_06_21_55_54_726.jpg;1.498853;1;0;1.656436;101.8774;89.94032;1.269398;245.8335;-0.003332376
C:\Mark's Python files\ME5920\HW3_Gardocki\DefinedTurns\IMG\robocam_2025_04_06_21_55_54_766.jpg;0;1;0;1.685678;101.8499;89.8784;1.27003;245.9069;-0.002085374
C:\Mark's Python files\ME5920\HW3_Gardocki\DefinedTurns\IMG\robocam_2025_04_06_21_55_54_809.jpg;0.636678;1;0;1.716657;101.8216;89.81548;1.267678;245.931;-0.001267017
C:\Mark's Python files\ME5920\HW3_Gardocki\DefinedTurns\IMG\robocam_2025_04_06_21_55_54_851.jpg;2.552746;1;0;1.747781;101.7932;89.75115;1.271872;246.0278;-0.001796195
C:\Mark's Python files\ME5920\HW3_Gardocki\DefinedTurns\IMG\robocam_2025_04_06_21_55_54_892.jpg;4.434547;1;0;1.791787;101.765;89.68545;1.276299;246.2479;-0.002963089
C:\Mark's Python files\ME5920\HW3_Gardocki\DefinedTurns\IMG\robocam_2025_04_06_21_55_54_934.jpg;6.265125;1;0;1.821545;101.7373;89.61845;1.269741;246.5977;-0.0004365189
C:\Mark's Python files\ME5920\HW3_Gardocki\DefinedTurns\IMG\robocam_2025_04_06_21_55_54_977.jpg;8.093335;1;0;1.851105;101.7104;89.54986;1.262736;247.0867;0.01345538
C:\Mark's Python files\ME5920\HW3_Gardocki\DefinedTurns\IMG\robocam_2025_04_06_21_55_55_020.jpg;9.938474;1;0;1.879554;101.6844;89.47972;1.254953;247.7166;0.03897002
C:\Mark's Python files\ME5920\HW3_Gardocki\DefinedTurns\IMG\robocam_2025_04_06_21_55_55_061.jpg;11.78788;1;0;1.907154;101.6595;89.40828;1.232942;248.4907;0.06815284
C:\Mark's Python files\ME5920\HW3_Gardocki\DefinedTurns\IMG\robocam_2025_04_06_21_55_55_102.jpg;13.67737;1;0;1.934651;101.636;89.33552;1.192675;249.4162;0.1049751
C:\Mark's Python files\ME5920\HW3_Gardocki\DefinedTurns\IMG\robocam_2025_04_06_21_55_55_145.jpg;15;1;0;1.961335;101.6143;89.26141;1.133964;250.4915;0.1551098
C:\Mark's Python files\ME5920\HW3_Gardocki\DefinedTurns\IMG\robocam_2025_04_06_21_55_55_187.jpg;15;1;0;1.989188;101.5844;89.14786;1.019925;252.2354;0.2437367
C:\Mark's Python files\ME5920\HW3_Gardocki\DefinedTurns\IMG\robocam_2025_04_06_21_55_55_231.jpg;15;1;0;2.031312;101.5662;89.0704;0.9384292;253.4221;0.315699
C:\Mark's Python files\ME5920\HW3_Gardocki\DefinedTurns\IMG\robocam_2025_04_06_21_55_55_274.jpg;15;1;0;2.059824;101.5494;88.99158;0.8523931;254.6196;0.3939672
C:\Mark's Python files\ME5920\HW3_Gardocki\DefinedTurns\IMG\robocam_2025_04_06_21_55_55_317.jpg;15;1;0;2.087013;101.5339;88.91148;0.7621009;255.8241;0.4767998
C:\Mark's Python files\ME5920\HW3_Gardocki\DefinedTurns\IMG\robocam_2025_04_06_21_55_55_358.jpg;15;1;0;2.114625;101.5199;88.83015;0.6655061;257.0389;0.5616001
C:\Mark's Python files\ME5920\HW3_Gardocki\DefinedTurns\IMG\robocam_2025_04_06_21_55_55_399.jpg;15;1;0;2.142029;101.5073;88.74758;0.56375;258.2618;0.649028
C:\Mark's Python files\ME5920\HW3_Gardocki\DefinedTurns\IMG\robocam_2025_04_06_21_55_55_442.jpg;15;1;0;2.169224;101.4964;88.6638;0.4582448;259.4921;0.7391571
C:\Mark's Python files\ME5920\HW3_Gardocki\DefinedTurns\IMG\robocam_2025_04_06_21_55_55_484.jpg;15;1;0;2.196209;101.4872;88.57879;0.3503931;260.7296;0.8318434
C:\Mark's Python files\ME5920\HW3_Gardocki\DefinedTurns\IMG\robocam_2025_04_06_21_55_55_526.jpg;13.14884;1;0;2.224036;101.4758;88.44901;0.1896122;262.5144;0.9616668
C:\Mark's Python files\ME5920\HW3_Gardocki\DefinedTurns\IMG\robocam_2025_04_06_21_55_55_568.jpg;11.20876;1;0;2.252623;101.4695;88.36082;0.09123333;263.5738;1.033596
C:\Mark's Python files\ME5920\HW3_Gardocki\DefinedTurns\IMG\robocam_2025_04_06_21_55_55_609.jpg;9.297819;1;0;2.282063;101.4639;88.27108;0.01178063;264.487;1.093249
C:\Mark's Python files\ME5920\HW3_Gardocki\DefinedTurns\IMG\robocam_2025_04_06_21_55_55_651.jpg;7.420469;1;0;2.310265;101.4584;88.17945;359.9746;265.2388;1.11476
C:\Mark's Python files\ME5920\HW3_Gardocki\DefinedTurns\IMG\robocam_2025_04_06_21_55_55_694.jpg;5.527184;1;0;2.353432;101.4531;88.08552;0.002849333;265.8598;1.104196
C:\Mark's Python files\ME5920\HW3_Gardocki\DefinedTurns\IMG\robocam_2025_04_06_21_55_55_736.jpg;3.602013;1;0;2.380257;101.4479;87.99033;0.03563742;266.3365;1.064143
C:\Mark's Python files\ME5920\HW3_Gardocki\DefinedTurns\IMG\robocam_2025_04_06_21_55_55_777.jpg;1.709268;1;0;2.409373;101.4428;87.89373;0.07991819;266.6635;0.9981557
C:\Mark's Python files\ME5920\HW3_Gardocki\DefinedTurns\IMG\robocam_2025_04_06_21_55_55_818.jpg;0;1;0;2.438111;101.4374;87.79564;0.141478;266.8383;0.9129233
C:\Mark's Python files\ME5920\HW3_Gardocki\DefinedTurns\IMG\robocam_2025_04_06_21_55_55_860.jpg;0;1;0;2.465726;101.4318;87.69592;0.2296468;266.8951;0.8184372
C:\Mark's Python files\ME5920\HW3_Gardocki\DefinedTurns\IMG\robocam_2025_04_06_21_55_55_901.jpg;0;1;0;2.493357;101.4262;87.59469;0.3412573;266.9105;0.7192268
C:\Mark's Python files\ME5920\HW3_Gardocki\DefinedTurns\IMG\robocam_2025_04_06_21_55_55_944.jpg;0;1;0;2.520988;101.4205;87.492;0.4727865;266.9114;0.6158211
C:\Mark's Python files\ME5920\HW3_Gardocki\DefinedTurns\IMG\robocam_2025_04_06_21_55_55_987.jpg;0;1;0;2.548617;101.4118;87.33537;0.6995603;266.9024;0.453782
C:\Mark's Python files\ME5920\HW3_Gardocki\DefinedTurns\IMG\robocam_2025_04_06_21_55_56_028.jpg;0;1;0;2.576245;101.4057;87.22939;0.8622072;266.8895;0.3391281
C:\Mark's Python files\ME5920\HW3_Gardocki\DefinedTurns\IMG\robocam_2025_04_06_21_55_56_069.jpg;0;1;0;2.603493;101.3995;87.12234;1.022821;266.8718;0.2133356
C:\Mark's Python files\ME5920\HW3_Gardocki\DefinedTurns\IMG\robocam_2025_04_06_21_55_56_110.jpg;0;1;0;2.632078;101.3931;87.01412;1.185937;266.8551;0.08576194
C:\Mark's Python files\ME5920\HW3_Gardocki\DefinedTurns\IMG\robocam_2025_04_06_21_55_56_153.jpg;0;1;0;2.659864;101.3873;86.9048;1.345101;266.8564;-0.005087461
C:\Mark's Python files\ME5920\HW3_Gardocki\DefinedTurns\IMG\robocam_2025_04_06_21_55_56_194.jpg;1.283616;1;0;2.686851;101.383;86.7957;1.426805;266.9064;359.9911
C:\Mark's Python files\ME5920\HW3_Gardocki\DefinedTurns\IMG\robocam_2025_04_06_21_55_56_236.jpg;3.15635;1;0;2.736826;101.3789;86.68761;1.380302;267.0179;-0.003870605
C:\Mark's Python files\ME5920\HW3_Gardocki\DefinedTurns\IMG\robocam_2025_04_06_21_55_56_277.jpg;1.218582;1;0;2.76636;101.3744;86.57794;1.341999;267.1849;-0.003441865
C:\Mark's Python files\ME5920\HW3_Gardocki\DefinedTurns\IMG\robocam_2025_04_06_21_55_56_318.jpg;0;1;0;2.793817;101.3694;86.46689;1.321201;267.2801;-0.002721937
C:\Mark's Python files\ME5920\HW3_Gardocki\DefinedTurns\IMG\robocam_2025_04_06_21_55_56_359.jpg;0;1;0;2.821185;101.364;86.35448;1.315884;267.3124;-0.001990324
C:\Mark's Python files\ME5920\HW3_Gardocki\DefinedTurns\IMG\robocam_2025_04_06_21_55_56_400.jpg;0;1;0;2.848496;101.3584;86.24074;1.324439;267.3203;-0.001530224
C:\Mark's Python files\ME5920\HW3_Gardocki\DefinedTurns\IMG\robocam_2025_04_06_21_55_56_443.jpg;0;1;0;2.875782;101.3527;86.1257;1.345123;267.3176;-0.001218614
C:\Mark's Python files\ME5920\HW3_Gardocki\DefinedTurns\IMG\robocam_2025_04_06_21_55_56_484.jpg;0;1;0;2.902874;101.3469;86.0096;1.365308;267.3084;-0.00150558
C:\Mark's Python files\ME5920\HW3_Gardocki\DefinedTurns\IMG\robocam_2025_04_06_21_55_56_526.jpg;0;1;0;2.930561;101.338;85.83378;1.371264;267.295;-0.00147516
C:\Mark's Python files\ME5920\HW3_Gardocki\DefinedTurns\IMG\robocam_2025_04_06_21_55_56_567.jpg;0;1;0;2.959104;101.3319;85.71523;1.370696;267.2852;-0.001485878
C:\Mark's Python files\ME5920\HW3_Gardocki\DefinedTurns\IMG\robocam_2025_04_06_21_55_56_607.jpg;0;1;0;2.986793;101.3257;85.59562;1.368344;267.2767;-0.001481386
C:\Mark's Python files\ME5920\HW3_Gardocki\DefinedTurns\IMG\robocam_2025_04_06_21_55_56_650.jpg;0;1;0;3.014398;101.3195;85.47485;1.368816;267.2694;-0.001027593
C:\Mark's Python files\ME5920\HW3_Gardocki\DefinedTurns\IMG\robocam_2025_04_06_21_55_56_691.jpg;0;1;0;3.041625;101.3131;85.35297;1.370406;267.2587;-0.001469952
C:\Mark's Python files\ME5920\HW3_Gardocki\DefinedTurns\IMG\robocam_2025_04_06_21_55_56_733.jpg;0;1;0;3.069103;101.3067;85.23003;1.370345;267.2494;-0.001471413
C:\Mark's Python files\ME5920\HW3_Gardocki\DefinedTurns\IMG\robocam_2025_04_06_21_55_56_774.jpg;0;1;0;3.109895;101.3002;85.1059;1.376015;267.2401;-0.0013843
C:\Mark's Python files\ME5920\HW3_Gardocki\DefinedTurns\IMG\robocam_2025_04_06_21_55_56_822.jpg;0;1;0;3.137236;101.2937;84.98074;1.378563;267.23;-0.001501302
C:\Mark's Python files\ME5920\HW3_Gardocki\DefinedTurns\IMG\robocam_2025_04_06_21_55_56_864.jpg;0;1;0;3.164513;101.287;84.85453;1.378705;267.221;-0.001508341
C:\Mark's Python files\ME5920\HW3_Gardocki\DefinedTurns\IMG\robocam_2025_04_06_21_55_56_906.jpg;0;1;0;3.192157;101.2769;84.66312;1.382336;267.2073;-0.001426641
C:\Mark's Python files\ME5920\HW3_Gardocki\DefinedTurns\IMG\robocam_2025_04_06_21_55_56_947.jpg;0;1;0;3.21857;101.2701;84.5342;1.383314;267.1971;-0.001544603
C:\Mark's Python files\ME5920\HW3_Gardocki\DefinedTurns\IMG\robocam_2025_04_06_21_55_56_988.jpg;0;1;0;3.245662;101.2632;84.40416;1.385946;267.1888;-0.001074912
C:\Mark's Python files\ME5920\HW3_Gardocki\DefinedTurns\IMG\robocam_2025_04_06_21_55_57_029.jpg;0;1;0;3.272388;101.2562;84.27306;1.388359;267.1772;-0.001558121
C:\Mark's Python files\ME5920\HW3_Gardocki\DefinedTurns\IMG\robocam_2025_04_06_21_55_57_070.jpg;0;1;0;3.312838;101.2491;84.14095;1.387815;267.1674;-0.001568759
C:\Mark's Python files\ME5920\HW3_Gardocki\DefinedTurns\IMG\robocam_2025_04_06_21_55_57_114.jpg;0;1;0;3.339417;101.2419;84.00767;1.391961;267.1575;-0.001474759
C:\Mark's Python files\ME5920\HW3_Gardocki\DefinedTurns\IMG\robocam_2025_04_06_21_55_57_156.jpg;0;1;0;3.366252;101.2347;83.8734;1.392113;267.1469;-0.00156229
C:\Mark's Python files\ME5920\HW3_Gardocki\DefinedTurns\IMG\robocam_2025_04_06_21_55_57_198.jpg;0;1;0;3.392716;101.2274;83.73798;1.396627;267.1366;-0.001471589
C:\Mark's Python files\ME5920\HW3_Gardocki\DefinedTurns\IMG\robocam_2025_04_06_21_55_57_240.jpg;0;1;0;3.419438;101.2199;83.60159;1.396787;267.1258;-0.001579697
C:\Mark's Python files\ME5920\HW3_Gardocki\DefinedTurns\IMG\robocam_2025_04_06_21_55_57_281.jpg;0;1;0;3.445788;101.2125;83.46406;1.40101;267.1153;-0.001476606
C:\Mark's Python files\ME5920\HW3_Gardocki\DefinedTurns\IMG\robocam_2025_04_06_21_55_57_321.jpg;0;1;0;3.472398;101.2049;83.32556;1.400612;267.1043;-0.001594489
C:\Mark's Python files\ME5920\HW3_Gardocki\DefinedTurns\IMG\robocam_2025_04_06_21_55_57_363.jpg;0;1;0;3.498632;101.1972;83.18594;1.404102;267.0937;-0.001494573
C:\Mark's Python files\ME5920\HW3_Gardocki\DefinedTurns\IMG\robocam_2025_04_06_21_55_57_404.jpg;0;0.9746365;0;3.525536;101.1895;83.04527;1.407023;267.0834;-0.001161429
C:\Mark's Python files\ME5920\HW3_Gardocki\DefinedTurns\IMG\robocam_2025_04_06_21_55_57_446.jpg;0;0.8488171;0;3.549726;101.1777;82.83248;1.40789;267.0667;-0.001142471
C:\Mark's Python files\ME5920\HW3_Gardocki\DefinedTurns\IMG\robocam_2025_04_06_21_55_57_489.jpg;0;0.7264285;0;3.570862;101.1698;82.68958;1.409779;267.054;-0.001020161
C:\Mark's Python files\ME5920\HW3_Gardocki\DefinedTurns\IMG\robocam_2025_04_06_21_55_57_529.jpg;0;0.7682438;0;3.587667;101.1618;82.54603;1.409513;267.0394;-0.001011895
C:\Mark's Python files\ME5920\HW3_Gardocki\DefinedTurns\IMG\robocam_2025_04_06_21_55_57_573.jpg;0;0.6848513;0;3.605128;101.1537;82.40185;1.407689;267.0237;-0.0009959107
C:\Mark's Python files\ME5920\HW3_Gardocki\DefinedTurns\IMG\robocam_2025_04_06_21_55_57_614.jpg;0;0.559602;0;3.626368;101.1456;82.25717;1.400746;267.0078;-0.0009821432
C:\Mark's Python files\ME5920\HW3_Gardocki\DefinedTurns\IMG\robocam_2025_04_06_21_55_57_657.jpg;0;0.438528;0;3.635619;101.1374;82.11227;1.384413;266.9916;-0.0009638851
C:\Mark's Python files\ME5920\HW3_Gardocki\DefinedTurns\IMG\robocam_2025_04_06_21_55_57_702.jpg;0;0.2872095;0;3.640722;101.1291;81.96735;1.354745;266.9755;-0.0008870054
C:\Mark's Python files\ME5920\HW3_Gardocki\DefinedTurns\IMG\robocam_2025_04_06_21_55_57_743.jpg;0;0.1649463;0;3.641682;101.1209;81.82264;1.308461;266.9595;-0.0008324896
C:\Mark's Python files\ME5920\HW3_Gardocki\DefinedTurns\IMG\robocam_2025_04_06_21_55_57_785.jpg;0;0.04087795;0;3.638507;101.1085;81.60645;1.202449;266.9362;-0.0007104828
C:\Mark's Python files\ME5920\HW3_Gardocki\DefinedTurns\IMG\robocam_2025_04_06_21_55_57_827.jpg;0;0;0;3.632012;101.1002;81.4631;1.106411;266.9211;-0.0006161926
C:\Mark's Python files\ME5920\HW3_Gardocki\DefinedTurns\IMG\robocam_2025_04_06_21_55_57_868.jpg;0;0;0;3.624323;101.092;81.32037;0.9929196;266.9069;-0.0004516757
C:\Mark's Python files\ME5920\HW3_Gardocki\DefinedTurns\IMG\robocam_2025_04_06_21_55_57_909.jpg;0;0;0;3.616618;101.0838;81.1782;0.8655398;266.8932;-0.0002049174
C:\Mark's Python files\ME5920\HW3_Gardocki\DefinedTurns\IMG\robocam_2025_04_06_21_55_57_949.jpg;0;0;0.0986688;3.606943;101.0756;81.03683;0.7214372;266.8806;0.0007369584
C:\Mark's Python files\ME5920\HW3_Gardocki\DefinedTurns\IMG\robocam_2025_04_06_21_55_57_990.jpg;0;0;0.225006;3.584369;101.0676;80.89708;0.5455891;266.8719;0.006475956
C:\Mark's Python files\ME5920\HW3_Gardocki\DefinedTurns\IMG\robocam_2025_04_06_21_55_58_031.jpg;0;0;0.3430587;3.545827;101.0598;80.75985;0.3230463;266.8673;0.01988929
C:\Mark's Python files\ME5920\HW3_Gardocki\DefinedTurns\IMG\robocam_2025_04_06_21_55_58_073.jpg;0;0;0.4689666;3.460341;101.0525;80.62591;0.04150953;266.8674;0.04201654
C:\Mark's Python files\ME5920\HW3_Gardocki\DefinedTurns\IMG\robocam_2025_04_06_21_55_58_114.jpg;0;0;0.5910465;3.383131;101.0446;80.49581;359.708;266.8542;0.02777227
C:\Mark's Python files\ME5920\HW3_Gardocki\DefinedTurns\IMG\robocam_2025_04_06_21_55_58_155.jpg;0;0;0.710629;3.288784;101.037;80.37026;359.3196;266.8331;-0.002093705
C:\Mark's Python files\ME5920\HW3_Gardocki\DefinedTurns\IMG\robocam_2025_04_06_21_55_58_196.jpg;0;0;0.8375986;3.177896;101.0303;80.25001;358.8692;266.824;359.9942
C:\Mark's Python files\ME5920\HW3_Gardocki\DefinedTurns\IMG\robocam_2025_04_06_21_55_58_237.jpg;0;0;0.9633796;3.093628;101.0239;80.1332;358.4363;266.831;-0.005362261
C:\Mark's Python files\ME5920\HW3_Gardocki\DefinedTurns\IMG\robocam_2025_04_06_21_55_58_278.jpg;0;0;1;3.020516;101.0175;80.01858;358.0477;266.8353;359.9938
C:\Mark's Python files\ME5920\HW3_Gardocki\DefinedTurns\IMG\robocam_2025_04_06_21_55_58_319.jpg;0;0;1;2.938008;101.0113;79.90437;357.8306;266.8494;0.006057878
C:\Mark's Python files\ME5920\HW3_Gardocki\DefinedTurns\IMG\robocam_2025_04_06_21_55_58_363.jpg;0;0;1;2.851529;101.0047;79.79215;357.6828;266.8755;359.9937
C:\Mark's Python files\ME5920\HW3_Gardocki\DefinedTurns\IMG\robocam_2025_04_06_21_55_58_404.jpg;0;0;1;2.778318;100.9984;79.68222;357.5811;266.8784;359.983
C:\Mark's Python files\ME5920\HW3_Gardocki\DefinedTurns\IMG\robocam_2025_04_06_21_55_58_452.jpg;0;0;1;2.694569;100.9898;79.51965;357.6496;266.8857;0.006718293
C:\Mark's Python files\ME5920\HW3_Gardocki\DefinedTurns\IMG\robocam_2025_04_06_21_55_58_494.jpg;0;0;1;2.573345;100.9836;79.41301;357.8331;266.8826;359.9887
C:\Mark's Python files\ME5920\HW3_Gardocki\DefinedTurns\IMG\robocam_2025_04_06_21_55_58_541.jpg;0;0;1;2.489385;100.9779;79.3082;358.0902;266.8726;359.9896
C:\Mark's Python files\ME5920\HW3_Gardocki\DefinedTurns\IMG\robocam_2025_04_06_21_55_58_583.jpg;0;0;1;2.416282;100.9725;79.20564;358.3939;266.8812;0.006635998
C:\Mark's Python files\ME5920\HW3_Gardocki\DefinedTurns\IMG\robocam_2025_04_06_21_55_58_623.jpg;0;0;1;2.33647;100.9666;79.10387;358.8412;266.8842;-0.004002556
C:\Mark's Python files\ME5920\HW3_Gardocki\DefinedTurns\IMG\robocam_2025_04_06_21_55_58_664.jpg;0;0;1;2.132553;100.9615;79.01279;359.0649;266.8857;-0.003055988
C:\Mark's Python files\ME5920\HW3_Gardocki\DefinedTurns\IMG\robocam_2025_04_06_21_55_58_705.jpg;0;0;1;1.956633;100.955;78.89752;358.953;266.8843;-0.002008948
C:\Mark's Python files\ME5920\HW3_Gardocki\DefinedTurns\IMG\robocam_2025_04_06_21_55_58_747.jpg;0;0;1;1.796404;100.9514;78.83205;358.6809;266.8783;-0.003609251
C:\Mark's Python files\ME5920\HW3_Gardocki\DefinedTurns\IMG\robocam_2025_04_06_21_55_58_789.jpg;0;0;1;1.685352;100.9478;78.76988;358.4413;266.8731;359.9934
C:\Mark's Python files\ME5920\HW3_Gardocki\DefinedTurns\IMG\robocam_2025_04_06_21_55_58_829.jpg;0;0;1;1.609721;100.9444;78.70924;358.2903;266.8755;359.9937
C:\Mark's Python files\ME5920\HW3_Gardocki\DefinedTurns\IMG\robocam_2025_04_06_21_55_58_870.jpg;0;0;1;1.5323;100.9411;78.65017;358.2286;266.8798;359.994
C:\Mark's Python files\ME5920\HW3_Gardocki\DefinedTurns\IMG\robocam_2025_04_06_21_55_58_912.jpg;0;0;1;1.454757;100.9379;78.59264;358.2565;266.882;359.994
C:\Mark's Python files\ME5920\HW3_Gardocki\DefinedTurns\IMG\robocam_2025_04_06_21_55_58_955.jpg;0;0;1;1.325056;100.9347;78.53665;358.3738;266.8829;359.9939
C:\Mark's Python files\ME5920\HW3_Gardocki\DefinedTurns\IMG\robocam_2025_04_06_21_55_59_003.jpg;0;0;1;1.247887;100.9316;78.48219;358.5799;266.8838;359.9939
C:\Mark's Python files\ME5920\HW3_Gardocki\DefinedTurns\IMG\robocam_2025_04_06_21_55_59_044.jpg;0;0;1;1.11209;100.9288;78.43203;358.7818;266.8851;-0.003847777
C:\Mark's Python files\ME5920\HW3_Gardocki\DefinedTurns\IMG\robocam_2025_04_06_21_55_59_084.jpg;0;0;1;0.9627563;100.9265;78.39134;358.8043;266.8827;-0.001827046
C:\Mark's Python files\ME5920\HW3_Gardocki\DefinedTurns\IMG\robocam_2025_04_06_21_55_59_126.jpg;0;0;1;0.8116567;100.9239;78.34576;358.5854;266.8337;0.0006710038
C:\Mark's Python files\ME5920\HW3_Gardocki\DefinedTurns\IMG\robocam_2025_04_06_21_55_59_167.jpg;0;0;1;0.6708052;100.9227;78.32362;358.3891;266.8863;0.00512054
C:\Mark's Python files\ME5920\HW3_Gardocki\DefinedTurns\IMG\robocam_2025_04_06_21_55_59_210.jpg;0;0;1;0.5317555;100.9217;78.30695;358.1992;266.9366;0.004458942
C:\Mark's Python files\ME5920\HW3_Gardocki\DefinedTurns\IMG\robocam_2025_04_06_21_55_59_251.jpg;0;0;1;0.3904716;100.9211;78.29606;358.0078;266.9932;0.005587386
C:\Mark's Python files\ME5920\HW3_Gardocki\DefinedTurns\IMG\robocam_2025_04_06_21_55_59_293.jpg;0;0;1;0.2868815;100.9206;78.28714;357.9006;266.9879;0.002642081
C:\Mark's Python files\ME5920\HW3_Gardocki\DefinedTurns\IMG\robocam_2025_04_06_21_55_59_335.jpg;0;0;1;0.07558607;100.9216;78.2852;357.7787;267.2018;359.977
C:\Mark's Python files\ME5920\HW3_Gardocki\DefinedTurns\IMG\robocam_2025_04_06_21_55_59_377.jpg;0;0;1;0.02507957;100.9216;78.28512;357.7204;267.2058;359.9489
C:\Mark's Python files\ME5920\HW3_Gardocki\DefinedTurns\IMG\robocam_2025_04_06_21_55_59_421.jpg;0;0;1;-0.04937287;100.9218;78.28502;357.8096;267.2364;-0.001043627
C:\Mark's Python files\ME5920\HW3_Gardocki\DefinedTurns\IMG\robocam_2025_04_06_21_55_59_464.jpg;0;0;1;-0.09965848;100.9217;78.28496;358.0107;267.2264;0.003564799
C:\Mark's Python files\ME5920\HW3_Gardocki\DefinedTurns\IMG\robocam_2025_04_06_21_55_59_505.jpg;0;0;1;-0.1541748;100.9218;78.28493;358.3352;267.2355;359.9854
C:\Mark's Python files\ME5920\HW3_Gardocki\DefinedTurns\IMG\robocam_2025_04_06_21_55_59_547.jpg;0;0;1;-0.2073973;100.9218;78.28506;359.0124;267.2424;0.04355524
C:\Mark's Python files\ME5920\HW3_Gardocki\DefinedTurns\IMG\robocam_2025_04_06_21_55_59_590.jpg;0;0;1;-0.2056857;100.9218;78.28527;359.466;267.2426;0.08610482
C:\Mark's Python files\ME5920\HW3_Gardocki\DefinedTurns\IMG\robocam_2025_04_06_21_55_59_630.jpg;0;0;1;-0.1931962;100.9218;78.28545;359.9018;267.2421;0.1251189
C:\Mark's Python files\ME5920\HW3_Gardocki\DefinedTurns\IMG\robocam_2025_04_06_21_55_59_670.jpg;0.420192;0;1;-0.1833588;100.9218;78.28561;0.3171844;267.241;0.1604719
C:\Mark's Python files\ME5920\HW3_Gardocki\DefinedTurns\IMG\robocam_2025_04_06_21_55_59_712.jpg;0;0;0;-0.1617741;100.9218;78.28574;0.6873642;267.2388;0.1691843
C:\Mark's Python files\ME5920\HW3_Gardocki\DefinedTurns\IMG\robocam_2025_04_06_21_55_59_754.jpg;0;0;0;-0.1398962;100.9218;78.28586;1.011711;267.2375;0.1520708
C:\Mark's Python files\ME5920\HW3_Gardocki\DefinedTurns\IMG\robocam_2025_04_06_21_55_59_794.jpg;0;0;0;-0.1139451;100.9218;78.28594;1.281167;267.2371;0.1034351
C:\Mark's Python files\ME5920\HW3_Gardocki\DefinedTurns\IMG\robocam_2025_04_06_21_55_59_836.jpg;0;0;0;-0.06662688;100.9208;78.28609;1.439903;267.2386;359.9798
C:\Mark's Python files\ME5920\HW3_Gardocki\DefinedTurns\IMG\robocam_2025_04_06_21_55_59_877.jpg;0;0;0;-0.0376365;100.9214;78.28615;1.469305;267.2418;359.924
C:\Mark's Python files\ME5920\HW3_Gardocki\DefinedTurns\IMG\robocam_2025_04_06_21_55_59_919.jpg;0;0;0;0.03819659;100.9231;78.28611;1.3861;267.2422;359.9706
C:\Mark's Python files\ME5920\HW3_Gardocki\DefinedTurns\IMG\robocam_2025_04_06_21_55_59_960.jpg;0;0;0;0.06085815;100.9237;78.28608;1.241234;267.2402;0.009024046
C:\Mark's Python files\ME5920\HW3_Gardocki\DefinedTurns\IMG\robocam_2025_04_06_21_56_00_010.jpg;0;0;0;0.0753803;100.9233;78.28603;0.9749435;267.2397;0.02696536
C:\Mark's Python files\ME5920\HW3_Gardocki\DefinedTurns\IMG\robocam_2025_04_06_21_56_00_053.jpg;0;0;0;0.07754015;100.9233;78.28598;0.8026481;267.2395;0.05291506
C:\Mark's Python files\ME5920\HW3_Gardocki\DefinedTurns\IMG\robocam_2025_04_06_21_56_00_094.jpg;0;0;0;0.07702526;100.9232;78.28593;0.6316862;267.2394;0.0769699
C:\Mark's Python files\ME5920\HW3_Gardocki\DefinedTurns\IMG\robocam_2025_04_06_21_56_00_136.jpg;0;0;0;0.07585321;100.9232;78.28588;0.4635825;267.2394;0.09886161
C:\Mark's Python files\ME5920\HW3_Gardocki\DefinedTurns\IMG\robocam_2025_04_06_21_56_00_177.jpg;0;0;0;0.07295004;100.9232;78.28583;0.2997054;267.2396;0.1185262
C:\Mark's Python files\ME5920\HW3_Gardocki\DefinedTurns\IMG\robocam_2025_04_06_21_56_00_217.jpg;0.639378;0;0;0.0703416;100.9232;78.28577;0.1413445;267.2641;0.1358623
C:\Mark's Python files\ME5920\HW3_Gardocki\DefinedTurns\IMG\robocam_2025_04_06_21_56_00_259.jpg;2.565846;0;0;0.06726459;100.9231;78.28573;359.99;267.4607;0.1511128
C:\Mark's Python files\ME5920\HW3_Gardocki\DefinedTurns\IMG\robocam_2025_04_06_21_56_00_299.jpg;4.443143;0;0;0.06376667;100.9231;78.28567;359.8469;267.8753;0.1657003
C:\Mark's Python files\ME5920\HW3_Gardocki\DefinedTurns\IMG\robocam_2025_04_06_21_56_00_342.jpg;6.29198;0;0;0.05990191;100.9231;78.28561;359.713;268.4978;0.1809364
C:\Mark's Python files\ME5920\HW3_Gardocki\DefinedTurns\IMG\robocam_2025_04_06_21_56_00_383.jpg;8.143502;0;0;0.05572575;100.9231;78.28555;359.5893;269.3443;0.1979482
C:\Mark's Python files\ME5920\HW3_Gardocki\DefinedTurns\IMG\robocam_2025_04_06_21_56_00_423.jpg;8.718961;0;0;0.04649213;100.9231;78.2855;359.4861;270.4117;0.2055426
C:\Mark's Python files\ME5920\HW3_Gardocki\DefinedTurns\IMG\robocam_2025_04_06_21_56_00_464.jpg;6.879195;0;0;0.03996814;100.923;78.28546;359.3974;271.3707;0.2078112
C:\Mark's Python files\ME5920\HW3_Gardocki\DefinedTurns\IMG\robocam_2025_04_06_21_56_00_513.jpg;7.691683;0;0;0.03424294;100.923;78.28539;359.2892;272.6237;0.2017062
C:\Mark's Python files\ME5920\HW3_Gardocki\DefinedTurns\IMG\robocam_2025_04_06_21_56_00_558.jpg;9.910074;0;0;0.02677459;100.923;78.28537;359.2339;273.6967;0.1964815
C:\Mark's Python files\ME5920\HW3_Gardocki\DefinedTurns\IMG\robocam_2025_04_06_21_56_00_598.jpg;11.71363;0;0;0.02259914;100.923;78.28534;359.1912;274.9943;0.1915234
C:\Mark's Python files\ME5920\HW3_Gardocki\DefinedTurns\IMG\robocam_2025_04_06_21_56_00_639.jpg;13.51911;0;0;0.01925252;100.9231;78.28532;359.1603;276.5078;0.1870706
C:\Mark's Python files\ME5920\HW3_Gardocki\DefinedTurns\IMG\robocam_2025_04_06_21_56_00_680.jpg;15;0;0;0.01693455;100.9231;78.2853;359.1403;278.2367;0.1832918
C:\Mark's Python files\ME5920\HW3_Gardocki\DefinedTurns\IMG\robocam_2025_04_06_21_56_00_723.jpg;15;0;0;0.01571759;100.9231;78.28529;359.1297;280.0366;0.1782826
C:\Mark's Python files\ME5920\HW3_Gardocki\DefinedTurns\IMG\robocam_2025_04_06_21_56_00_764.jpg;15;0;0;0.01549458;100.9231;78.28529;359.1273;281.8365;0.1711153
C:\Mark's Python files\ME5920\HW3_Gardocki\DefinedTurns\IMG\robocam_2025_04_06_21_56_00_805.jpg;15;0;0;-0.01600053;100.9231;78.28529;359.1372;284.5363;0.1567253
C:\Mark's Python files\ME5920\HW3_Gardocki\DefinedTurns\IMG\robocam_2025_04_06_21_56_00_847.jpg;15;0;0;-0.01691489;100.9231;78.28531;359.1514;286.3361;0.1450127
C:\Mark's Python files\ME5920\HW3_Gardocki\DefinedTurns\IMG\robocam_2025_04_06_21_56_00_891.jpg;13.65619;0;0;-0.01798165;100.9232;78.28532;359.1704;288.0322;0.1305283
C:\Mark's Python files\ME5920\HW3_Gardocki\DefinedTurns\IMG\robocam_2025_04_06_21_56_00_933.jpg;11.67137;0;0;-0.01974033;100.9232;78.28533;359.1932;289.5164;0.11235
C:\Mark's Python files\ME5920\HW3_Gardocki\DefinedTurns\IMG\robocam_2025_04_06_21_56_00_974.jpg;9.774878;0;0;-0.02088358;100.9232;78.28535;359.2196;290.7897;0.09080939
C:\Mark's Python files\ME5920\HW3_Gardocki\DefinedTurns\IMG\robocam_2025_04_06_21_56_01_015.jpg;7.863601;0;0;-0.0219799;100.9232;78.28536;359.25;291.8397;0.06574117
C:\Mark's Python files\ME5920\HW3_Gardocki\DefinedTurns\IMG\robocam_2025_04_06_21_56_01_058.jpg;5.963998;0;0;-0.02297502;100.9232;78.28539;359.2841;292.6868;0.03800902
C:\Mark's Python files\ME5920\HW3_Gardocki\DefinedTurns\IMG\robocam_2025_04_06_21_56_01_099.jpg;4.017334;0;0;-0.02383445;100.9232;78.28539;359.3217;293.309;0.008010546
C:\Mark's Python files\ME5920\HW3_Gardocki\DefinedTurns\IMG\robocam_2025_04_06_21_56_01_140.jpg;2.160986;0;0;-0.02454091;100.9232;78.28542;359.3626;293.7105;359.9765
C:\Mark's Python files\ME5920\HW3_Gardocki\DefinedTurns\IMG\robocam_2025_04_06_21_56_01_182.jpg;0.2828882;0;0;-0.02508803;100.9233;78.28544;359.4068;293.92;359.9447
C:\Mark's Python files\ME5920\HW3_Gardocki\DefinedTurns\IMG\robocam_2025_04_06_21_56_01_225.jpg;0;0;0;-0.02546874;100.9233;78.28546;359.454;293.9323;359.9131
C:\Mark's Python files\ME5920\HW3_Gardocki\DefinedTurns\IMG\robocam_2025_04_06_21_56_01_266.jpg;1.686699;0;0;-0.0257103;100.9233;78.28549;359.5288;294.0704;359.8717
C:\Mark's Python files\ME5920\HW3_Gardocki\DefinedTurns\IMG\robocam_2025_04_06_21_56_01_307.jpg;3.57989;0;0;-0.02583247;100.9233;78.28552;359.58;294.4331;359.8492
C:\Mark's Python files\ME5920\HW3_Gardocki\DefinedTurns\IMG\robocam_2025_04_06_21_56_01_349.jpg;5.502681;0;0;-0.02577401;100.9233;78.28555;359.6315;294.9907;359.83
C:\Mark's Python files\ME5920\HW3_Gardocki\DefinedTurns\IMG\robocam_2025_04_06_21_56_01_390.jpg;7.299778;0;0;-0.02556665;100.9233;78.28558;359.6826;295.7719;359.8138
C:\Mark's Python files\ME5920\HW3_Gardocki\DefinedTurns\IMG\robocam_2025_04_06_21_56_01_431.jpg;9.175039;0;0;-0.02522374;100.9233;78.2856;359.7326;296.7747;359.7997
C:\Mark's Python files\ME5920\HW3_Gardocki\DefinedTurns\IMG\robocam_2025_04_06_21_56_01_471.jpg;10.57262;0;0;-0.02500241;100.9233;78.28562;359.7812;298.0002;359.7875
C:\Mark's Python files\ME5920\HW3_Gardocki\DefinedTurns\IMG\robocam_2025_04_06_21_56_01_515.jpg;9.961454;0;0;-0.02446206;100.9233;78.28564;359.8285;299.2707;359.776
C:\Mark's Python files\ME5920\HW3_Gardocki\DefinedTurns\IMG\robocam_2025_04_06_21_56_01_556.jpg;8.088202;0;0;-0.02377774;100.9232;78.28567;359.8752;300.3148;359.7647
C:\Mark's Python files\ME5920\HW3_Gardocki\DefinedTurns\IMG\robocam_2025_04_06_21_56_01_597.jpg;6.144845;0;0;-0.02248477;100.9232;78.28569;359.9213;301.1407;359.7543
C:\Mark's Python files\ME5920\HW3_Gardocki\DefinedTurns\IMG\robocam_2025_04_06_21_56_01_639.jpg;4.303833;0;0;-0.02147233;100.9232;78.28571;359.9662;301.7685;359.7454
C:\Mark's Python files\ME5920\HW3_Gardocki\DefinedTurns\IMG\robocam_2025_04_06_21_56_01_679.jpg;2.409949;0;0;-0.02035693;100.9232;78.28574;0.01014172;302.1722;359.7384
C:\Mark's Python files\ME5920\HW3_Gardocki\DefinedTurns\IMG\robocam_2025_04_06_21_56_01_721.jpg;0.5010441;0;0;-0.01916113;100.9232;78.28575;0.05274325;302.3482;359.7339
C:\Mark's Python files\ME5920\HW3_Gardocki\DefinedTurns\IMG\robocam_2025_04_06_21_56_01_764.jpg;0;0;0;-0.01791004;100.9232;78.28576;0.09355374;302.3533;359.7322
C:\Mark's Python files\ME5920\HW3_Gardocki\DefinedTurns\IMG\robocam_2025_04_06_21_56_01_807.jpg;0;0;0;-0.01663875;100.9232;78.28578;0.1494721;302.3534;359.7344
C:\Mark's Python files\ME5920\HW3_Gardocki\DefinedTurns\IMG\robocam_2025_04_06_21_56_01_849.jpg;0;0;0;-0.01536435;100.9232;78.28579;0.1829304;302.3534;359.7388
C:\Mark's Python files\ME5920\HW3_Gardocki\DefinedTurns\IMG\robocam_2025_04_06_21_56_01_892.jpg;0;0;0;-0.01410506;100.9232;78.2858;0.2131652;302.3534;359.7454
C:\Mark's Python files\ME5920\HW3_Gardocki\DefinedTurns\IMG\robocam_2025_04_06_21_56_01_934.jpg;0;0;0;-0.01252836;100.9232;78.28581;0.2383014;302.3534;359.7559
C:\Mark's Python files\ME5920\HW3_Gardocki\DefinedTurns\IMG\robocam_2025_04_06_21_56_01_974.jpg;0;0;0.0857085;-0.01137636;100.9232;78.28581;0.2596812;302.3534;359.7686
C:\Mark's Python files\ME5920\HW3_Gardocki\DefinedTurns\IMG\robocam_2025_04_06_21_56_02_020.jpg;0;0;0.2340189;-0.01001536;100.9232;78.28582;0.277471;302.3534;359.783
C:\Mark's Python files\ME5920\HW3_Gardocki\DefinedTurns\IMG\robocam_2025_04_06_21_56_02_061.jpg;0;0;0.3593913;0;100.9232;78.28582;0.2917944;302.3534;359.7988
C:\Mark's Python files\ME5920\HW3_Gardocki\DefinedTurns\IMG\robocam_2025_04_06_21_56_02_104.jpg;0;0;0.4836285;0;100.9232;78.28582;0.302929;302.3534;359.8155
C:\Mark's Python files\ME5920\HW3_Gardocki\DefinedTurns\IMG\robocam_2025_04_06_21_56_02_145.jpg;0;0;0.6049615;0;100.9231;78.28582;0.3137813;302.3534;359.8418
C:\Mark's Python files\ME5920\HW3_Gardocki\DefinedTurns\IMG\robocam_2025_04_06_21_56_02_194.jpg;0;0;0.7461214;0;100.9231;78.28581;0.3172076;302.3534;359.8599
C:\Mark's Python files\ME5920\HW3_Gardocki\DefinedTurns\IMG\robocam_2025_04_06_21_56_02_237.jpg;0;0;0.8715947;0;100.9231;78.28581;0.3177214;302.3534;359.8782
C:\Mark's Python files\ME5920\HW3_Gardocki\DefinedTurns\IMG\robocam_2025_04_06_21_56_02_280.jpg;0;0;0.9993035;0;100.9231;78.28581;0.315461;302.3534;359.8965
C:\Mark's Python files\ME5920\HW3_Gardocki\DefinedTurns\IMG\robocam_2025_04_06_21_56_02_321.jpg;0;0;1;0;100.9231;78.2858;0.3105828;302.3534;359.9148
C:\Mark's Python files\ME5920\HW3_Gardocki\DefinedTurns\IMG\robocam_2025_04_06_21_56_02_363.jpg;0;0;1;0;100.9231;78.2858;0.3032573;302.3534;359.9327
C:\Mark's Python files\ME5920\HW3_Gardocki\DefinedTurns\IMG\robocam_2025_04_06_21_56_02_404.jpg;0;0;1;0;100.9231;78.28579;0.2936675;302.3534;359.9503
C:\Mark's Python files\ME5920\HW3_Gardocki\DefinedTurns\IMG\robocam_2025_04_06_21_56_02_445.jpg;0;0;1;0;100.9231;78.28578;0.2754657;302.3534;359.9754
C:\Mark's Python files\ME5920\HW3_Gardocki\DefinedTurns\IMG\robocam_2025_04_06_21_56_02_488.jpg;0;0;1;0;100.9231;78.28577;0.2610843;302.3534;359.9912
C:\Mark's Python files\ME5920\HW3_Gardocki\DefinedTurns\IMG\robocam_2025_04_06_21_56_02_529.jpg;0;0;1;0;100.9231;78.28577;0.2451506;302.3534;0.00620527
C:\Mark's Python files\ME5920\HW3_Gardocki\DefinedTurns\IMG\robocam_2025_04_06_21_56_02_571.jpg;0;0;1;0;100.9231;78.28575;0.2278795;302.3534;0.02023324
C:\Mark's Python files\ME5920\HW3_Gardocki\DefinedTurns\IMG\robocam_2025_04_06_21_56_02_613.jpg;0;0;1;0.01001046;100.9231;78.28575;0.2094855;302.3534;0.03323925
C:\Mark's Python files\ME5920\HW3_Gardocki\DefinedTurns\IMG\robocam_2025_04_06_21_56_02_654.jpg;0;0;1;0.01009638;100.9231;78.28574;0.1901819;302.3534;0.04516454
C:\Mark's Python files\ME5920\HW3_Gardocki\DefinedTurns\IMG\robocam_2025_04_06_21_56_02_697.jpg;0;0;1;0.0101275;100.9231;78.28574;0.1701827;302.3534;0.05596077
C:\Mark's Python files\ME5920\HW3_Gardocki\DefinedTurns\IMG\robocam_2025_04_06_21_56_02_738.jpg;0;0;1;0.01007109;100.9231;78.28573;0.1496935;302.3534;0.06559422
C:\Mark's Python files\ME5920\HW3_Gardocki\DefinedTurns\IMG\robocam_2025_04_06_21_56_02_780.jpg;0;0;1;0;100.9231;78.28572;0.1289164;302.3534;0.07404537
C:\Mark's Python files\ME5920\HW3_Gardocki\DefinedTurns\IMG\robocam_2025_04_06_21_56_02_822.jpg;0;0;1;0;100.9231;78.28571;0.1080449;302.3534;0.08130498
C:\Mark's Python files\ME5920\HW3_Gardocki\DefinedTurns\IMG\robocam_2025_04_06_21_56_02_861.jpg;0;0;1;0;100.9231;78.2857;0.0872636;302.3534;0.08737674
C:\Mark's Python files\ME5920\HW3_Gardocki\DefinedTurns\IMG\robocam_2025_04_06_21_56_02_904.jpg;0;0;1;0;100.9231;78.28569;0.066749;302.3534;0.09227446
C:\Mark's Python files\ME5920\HW3_Gardocki\DefinedTurns\IMG\robocam_2025_04_06_21_56_02_948.jpg;0;0;1;0;100.9231;78.28568;0.03683327;302.3534;0.09747536
C:\Mark's Python files\ME5920\HW3_Gardocki\DefinedTurns\IMG\robocam_2025_04_06_21_56_02_989.jpg;0;0;1;0;100.9231;78.28568;0.01767815;302.3534;0.09956412
C:\Mark's Python files\ME5920\HW3_Gardocki\DefinedTurns\IMG\robocam_2025_04_06_21_56_03_029.jpg;0;0;1;0;100.9231;78.28567;-0.0006889153;302.3534;0.1006017
C:\Mark's Python files\ME5920\HW3_Gardocki\DefinedTurns\IMG\robocam_2025_04_06_21_56_03_070.jpg;0;0;1;0;100.9231;78.28566;359.9818;302.3535;0.1006416
C:\Mark's Python files\ME5920\HW3_Gardocki\DefinedTurns\IMG\robocam_2025_04_06_21_56_03_113.jpg;0;0;1;0;100.9231;78.28566;359.9654;302.3535;0.0997412
C:\Mark's Python files\ME5920\HW3_Gardocki\DefinedTurns\IMG\robocam_2025_04_06_21_56_03_154.jpg;0;0;1;0;100.9231;78.28565;359.9501;302.3535;0.09796584
C:\Mark's Python files\ME5920\HW3_Gardocki\DefinedTurns\IMG\robocam_2025_04_06_21_56_03_200.jpg;0;0;1;0;100.9231;78.28565;359.9359;302.3535;0.09538388
C:\Mark's Python files\ME5920\HW3_Gardocki\DefinedTurns\IMG\robocam_2025_04_06_21_56_03_241.jpg;0;0;1;0;100.9231;78.28564;359.923;302.3535;0.09206763
C:\Mark's Python files\ME5920\HW3_Gardocki\DefinedTurns\IMG\robocam_2025_04_06_21_56_03_283.jpg;0;0;1;0;100.9231;78.28564;359.9114;302.3535;0.08809077
C:\Mark's Python files\ME5920\HW3_Gardocki\DefinedTurns\IMG\robocam_2025_04_06_21_56_03_324.jpg;0;0;1;0;100.9231;78.28564;359.9012;302.3535;0.0835289
C:\Mark's Python files\ME5920\HW3_Gardocki\DefinedTurns\IMG\robocam_2025_04_06_21_56_03_366.jpg;0;0;0;0;100.9231;78.28564;359.8883;302.3535;0.07576047
C:\Mark's Python files\ME5920\HW3_Gardocki\DefinedTurns\IMG\robocam_2025_04_06_21_56_03_407.jpg;0;0;0;0;100.9231;78.28564;359.8815;302.3535;0.070076
C:\Mark's Python files\ME5920\HW3_Gardocki\DefinedTurns\IMG\robocam_2025_04_06_21_56_03_448.jpg;0;0;0;0;100.9231;78.28564;359.876;302.3535;0.0640768
C:\Mark's Python files\ME5920\HW3_Gardocki\DefinedTurns\IMG\robocam_2025_04_06_21_56_03_496.jpg;0;0;0;0;100.9231;78.28563;359.8719;302.3535;0.05783663
C:\Mark's Python files\ME5920\HW3_Gardocki\DefinedTurns\IMG\robocam_2025_04_06_21_56_03_537.jpg;0;0.121092;0;0.02082194;100.9235;78.28504;359.8852;302.3493;0.0513671
C:\Mark's Python files\ME5920\HW3_Gardocki\DefinedTurns\IMG\robocam_2025_04_06_21_56_03_580.jpg;0;0.2439498;0;0;100.9237;78.28474;359.8901;302.2247;0.04474016
C:\Mark's Python files\ME5920\HW3_Gardocki\DefinedTurns\IMG\robocam_2025_04_06_21_56_03_621.jpg;0;0.3661764;0;0.01542675;100.9242;78.284;359.9081;302.1929;0.03816609
C:\Mark's Python files\ME5920\HW3_Gardocki\DefinedTurns\IMG\robocam_2025_04_06_21_56_03_664.jpg;0;0.4900959;0;0.03191982;100.9252;78.28232;359.9495;302.1543;0.03162282
C:\Mark's Python files\ME5920\HW3_Gardocki\DefinedTurns\IMG\robocam_2025_04_06_21_56_03_705.jpg;0;0.6159318;0;0.05787626;100.9268;78.27979;0.01253273;302.1646;0.0252903
C:\Mark's Python files\ME5920\HW3_Gardocki\DefinedTurns\IMG\robocam_2025_04_06_21_56_03_746.jpg;0;0.7370169;0;0.07419417;100.9305;78.27406;0.1498958;302.2523;0.01590372
C:\Mark's Python files\ME5920\HW3_Gardocki\DefinedTurns\IMG\robocam_2025_04_06_21_56_03_787.jpg;0;0.8642171;0;0.08211337;100.9337;78.26894;0.2684816;302.2298;0.01017702
C:\Mark's Python files\ME5920\HW3_Gardocki\DefinedTurns\IMG\robocam_2025_04_06_21_56_03_829.jpg;0;0.9898316;0;0.1223806;100.9379;78.26231;0.4173627;302.3311;0.00395986
C:\Mark's Python files\ME5920\HW3_Gardocki\DefinedTurns\IMG\robocam_2025_04_06_21_56_03_870.jpg;0;1;0;0.1620649;100.943;78.25429;0.5767661;302.3164;-0.001018003
C:\Mark's Python files\ME5920\HW3_Gardocki\DefinedTurns\IMG\robocam_2025_04_06_21_56_03_911.jpg;0;1;0;0.1888985;100.9487;78.24515;0.7437114;302.2322;0.0002533253
C:\Mark's Python files\ME5920\HW3_Gardocki\DefinedTurns\IMG\robocam_2025_04_06_21_56_03_953.jpg;0;1;0;0.2304738;100.9556;78.23407;0.9351749;302.1076;4.765758E-05
C:\Mark's Python files\ME5920\HW3_Gardocki\DefinedTurns\IMG\robocam_2025_04_06_21_56_03_993.jpg;0;1;0;0.2660393;100.9634;78.22166;1.132899;302.0175;-0.0001538427
C:\Mark's Python files\ME5920\HW3_Gardocki\DefinedTurns\IMG\robocam_2025_04_06_21_56_04_034.jpg;0;1;0;0.3145261;100.9712;78.20908;1.292082;302.1013;-0.002349809
C:\Mark's Python files\ME5920\HW3_Gardocki\DefinedTurns\IMG\robocam_2025_04_06_21_56_04_076.jpg;0;1;0;0.3326522;100.978;78.19714;1.326264;302.3077;359.993
C:\Mark's Python files\ME5920\HW3_Gardocki\DefinedTurns\IMG\robocam_2025_04_06_21_56_04_117.jpg;0;1;0;0.3735183;100.9844;78.18617;1.223262;302.2867;0.001269477
C:\Mark's Python files\ME5920\HW3_Gardocki\DefinedTurns\IMG\robocam_2025_04_06_21_56_04_159.jpg;0;1;0;0.4242588;100.9921;78.17371;1.130626;302.225;0.0004695068
C:\Mark's Python files\ME5920\HW3_Gardocki\DefinedTurns\IMG\robocam_2025_04_06_21_56_04_200.jpg;0;1;0;0.4585554;101.0013;78.15885;1.093096;302.1857;-0.0001529867
C:\Mark's Python files\ME5920\HW3_Gardocki\DefinedTurns\IMG\robocam_2025_04_06_21_56_04_241.jpg;0;1;0;0.4820135;101.0114;78.14278;1.076881;302.1678;0.0006237383
C:\Mark's Python files\ME5920\HW3_Gardocki\DefinedTurns\IMG\robocam_2025_04_06_21_56_04_283.jpg;0;1;0;0.5266986;101.0225;78.12497;1.093108;302.2377;-0.00156792
C:\Mark's Python files\ME5920\HW3_Gardocki\DefinedTurns\IMG\robocam_2025_04_06_21_56_04_324.jpg;0;1;0;0.5458282;101.0343;78.10627;1.119101;302.3713;-0.001361442
C:\Mark's Python files\ME5920\HW3_Gardocki\DefinedTurns\IMG\robocam_2025_04_06_21_56_04_366.jpg;0;1;0;0.5886271;101.0536;78.07549;1.193629;302.2944;0.0006017741
C:\Mark's Python files\ME5920\HW3_Gardocki\DefinedTurns\IMG\robocam_2025_04_06_21_56_04_406.jpg;0;1;0;0.6147637;101.0672;78.05394;1.231147;302.2681;-0.001028688
C:\Mark's Python files\ME5920\HW3_Gardocki\DefinedTurns\IMG\robocam_2025_04_06_21_56_04_449.jpg;0;1;0;0.6340938;101.081;78.03192;1.235595;302.3015;-0.001334438
C:\Mark's Python files\ME5920\HW3_Gardocki\DefinedTurns\IMG\robocam_2025_04_06_21_56_04_489.jpg;0;1;0;0.6777836;101.0956;78.00886;1.230154;302.2415;0.0001576376
C:\Mark's Python files\ME5920\HW3_Gardocki\DefinedTurns\IMG\robocam_2025_04_06_21_56_04_531.jpg;0;1;0;0.7104644;101.1107;77.98465;1.218091;302.2249;-0.0004678669
C:\Mark's Python files\ME5920\HW3_Gardocki\DefinedTurns\IMG\robocam_2025_04_06_21_56_04_571.jpg;-1.184382;1;0;0.7524977;101.1268;77.95883;1.21324;302.2005;-0.0009049094
C:\Mark's Python files\ME5920\HW3_Gardocki\DefinedTurns\IMG\robocam_2025_04_06_21_56_04_612.jpg;-3.011922;1;0;0.7827485;101.143;77.932;1.198024;302.0289;0.0007616258
C:\Mark's Python files\ME5920\HW3_Gardocki\DefinedTurns\IMG\robocam_2025_04_06_21_56_04_654.jpg;-4.911255;1;0;0.8143362;101.1596;77.90365;1.194348;301.8703;0.0008302617
C:\Mark's Python files\ME5920\HW3_Gardocki\DefinedTurns\IMG\robocam_2025_04_06_21_56_04_696.jpg;-6.789965;1;0;0.8481352;101.1765;77.87379;1.196789;301.5737;0.002155288
C:\Mark's Python files\ME5920\HW3_Gardocki\DefinedTurns\IMG\robocam_2025_04_06_21_56_04_738.jpg;-8.645557;1;0;0.8798047;101.1936;77.84234;1.205666;301.2503;0.001698051
C:\Mark's Python files\ME5920\HW3_Gardocki\DefinedTurns\IMG\robocam_2025_04_06_21_56_04_779.jpg;-10.52685;1;0;0.9283752;101.2106;77.80968;1.210175;300.851;0.001838505
C:\Mark's Python files\ME5920\HW3_Gardocki\DefinedTurns\IMG\robocam_2025_04_06_21_56_04_820.jpg;-12.4574;1;0;0.9661564;101.2277;77.77538;1.216534;300.3669;0.002803837
C:\Mark's Python files\ME5920\HW3_Gardocki\DefinedTurns\IMG\robocam_2025_04_06_21_56_04_861.jpg;-11.84593;1;0;0.993913;101.2447;77.73986;1.212893;299.794;0.001652395
C:\Mark's Python files\ME5920\HW3_Gardocki\DefinedTurns\IMG\robocam_2025_04_06_21_56_04_901.jpg;-9.981463;1;0;1.021206;101.262;77.70343;1.203837;299.2154;0.004342023
C:\Mark's Python files\ME5920\HW3_Gardocki\DefinedTurns\IMG\robocam_2025_04_06_21_56_04_944.jpg;-8.107515;1;0;1.059498;101.2801;77.66531;1.214053;298.7272;0.003164368
C:\Mark's Python files\ME5920\HW3_Gardocki\DefinedTurns\IMG\robocam_2025_04_06_21_56_04_986.jpg;-6.223279;1;0;1.090407;101.3083;77.60622;1.219788;298.1829;0.002619331
C:\Mark's Python files\ME5920\HW3_Gardocki\DefinedTurns\IMG\robocam_2025_04_06_21_56_05_028.jpg;-4.295916;1;0;1.124899;101.328;77.5653;1.229036;297.9069;0.002215785
C:\Mark's Python files\ME5920\HW3_Gardocki\DefinedTurns\IMG\robocam_2025_04_06_21_56_05_071.jpg;-2.500381;1;0;1.154305;101.3485;77.5236;1.22976;297.7365;0.001052705
C:\Mark's Python files\ME5920\HW3_Gardocki\DefinedTurns\IMG\robocam_2025_04_06_21_56_05_118.jpg;-0.2328757;1;0;1.201209;101.37;77.48103;1.228615;297.636;0.0006423722
C:\Mark's Python files\ME5920\HW3_Gardocki\DefinedTurns\IMG\robocam_2025_04_06_21_56_05_158.jpg;0;1;0;1.230311;101.3923;77.43753;1.228287;297.5881;-0.0002720428
C:\Mark's Python files\ME5920\HW3_Gardocki\DefinedTurns\IMG\robocam_2025_04_06_21_56_05_200.jpg;0;1;0;1.263045;101.4154;77.39291;1.230703;297.5602;-0.0005668229
C:\Mark's Python files\ME5920\HW3_Gardocki\DefinedTurns\IMG\robocam_2025_04_06_21_56_05_241.jpg;0;1;0;1.292286;101.439;77.34724;1.231049;297.5461;-0.0008258963
C:\Mark's Python files\ME5920\HW3_Gardocki\DefinedTurns\IMG\robocam_2025_04_06_21_56_05_282.jpg;0;1;0;1.324575;101.4633;77.30033;1.235489;297.5249;-0.0007668936
C:\Mark's Python files\ME5920\HW3_Gardocki\DefinedTurns\IMG\robocam_2025_04_06_21_56_05_322.jpg;0;1;0;1.35752;101.4881;77.25234;1.238304;297.5089;-0.0007550456
C:\Mark's Python files\ME5920\HW3_Gardocki\DefinedTurns\IMG\robocam_2025_04_06_21_56_05_363.jpg;-0.399033;1;0;1.387173;101.5134;77.20327;1.238899;297.4997;-0.0008952842
C:\Mark's Python files\ME5920\HW3_Gardocki\DefinedTurns\IMG\robocam_2025_04_06_21_56_05_410.jpg;-2.226182;1;0;1.41893;101.552;77.12727;1.241685;297.3849;-0.0002602219
C:\Mark's Python files\ME5920\HW3_Gardocki\DefinedTurns\IMG\robocam_2025_04_06_21_56_05_453.jpg;-4.056687;1;0;1.450942;101.5777;77.07487;1.243283;297.1796;0.0004542345
C:\Mark's Python files\ME5920\HW3_Gardocki\DefinedTurns\IMG\robocam_2025_04_06_21_56_05_495.jpg;-6.054876;1;0;1.480601;101.6033;77.021;1.246063;296.8702;0.001569687
C:\Mark's Python files\ME5920\HW3_Gardocki\DefinedTurns\IMG\robocam_2025_04_06_21_56_05_536.jpg;-7.983072;1;0;1.525886;101.6287;76.96577;1.24556;296.436;0.001891795
C:\Mark's Python files\ME5920\HW3_Gardocki\DefinedTurns\IMG\robocam_2025_04_06_21_56_05_579.jpg;-9.824747;1;0;1.555817;101.6535;76.90902;1.242941;295.8837;-0.003391693
C:\Mark's Python files\ME5920\HW3_Gardocki\DefinedTurns\IMG\robocam_2025_04_06_21_56_05_621.jpg;-11.70862;1;0;1.585633;101.6776;76.85069;1.239136;295.2059;359.9789
C:\Mark's Python files\ME5920\HW3_Gardocki\DefinedTurns\IMG\robocam_2025_04_06_21_56_05_661.jpg;-13.55059;1;0;1.61361;101.7008;76.79086;1.229577;294.3925;359.9512
C:\Mark's Python files\ME5920\HW3_Gardocki\DefinedTurns\IMG\robocam_2025_04_06_21_56_05_701.jpg;-12.8806;1;0;1.642518;101.723;76.72977;1.203428;293.4652;359.9234
C:\Mark's Python files\ME5920\HW3_Gardocki\DefinedTurns\IMG\robocam_2025_04_06_21_56_05_743.jpg;-11.03733;1;0;1.674136;101.745;76.66744;1.170884;292.5816;359.9068
C:\Mark's Python files\ME5920\HW3_Gardocki\DefinedTurns\IMG\robocam_2025_04_06_21_56_05_783.jpg;-9.141292;1;0;1.705326;101.7672;76.60372;1.14502;291.8036;359.8961
C:\Mark's Python files\ME5920\HW3_Gardocki\DefinedTurns\IMG\robocam_2025_04_06_21_56_05_826.jpg;-7.281253;1;0;1.736349;101.8011;76.50559;1.122609;290.8555;359.8969
C:\Mark's Python files\ME5920\HW3_Gardocki\DefinedTurns\IMG\robocam_2025_04_06_21_56_05_871.jpg;-5.360779;1;0;1.767689;101.8242;76.43831;1.129801;290.3716;359.9013
C:\Mark's Python files\ME5920\HW3_Gardocki\DefinedTurns\IMG\robocam_2025_04_06_21_56_05_912.jpg;-3.491528;1;0;1.797157;101.848;76.36975;1.15109;290.0221;359.9179
C:\Mark's Python files\ME5920\HW3_Gardocki\DefinedTurns\IMG\robocam_2025_04_06_21_56_05_960.jpg;-1.274904;1;0;1.842842;101.8726;76.29993;1.185563;289.789;359.9457
C:\Mark's Python files\ME5920\HW3_Gardocki\DefinedTurns\IMG\robocam_2025_04_06_21_56_06_001.jpg;0;1;0;1.872416;101.8982;76.22899;1.232471;289.702;359.99
C:\Mark's Python files\ME5920\HW3_Gardocki\DefinedTurns\IMG\robocam_2025_04_06_21_56_06_044.jpg;0;1;0;1.901357;101.9238;76.1566;1.288838;289.6683;-0.0002839115
C:\Mark's Python files\ME5920\HW3_Gardocki\DefinedTurns\IMG\robocam_2025_04_06_21_56_06_086.jpg;0;1;0;1.931253;101.9626;76.04645;1.337018;289.6467;-0.001577536
C:\Mark's Python files\ME5920\HW3_Gardocki\DefinedTurns\IMG\robocam_2025_04_06_21_56_06_127.jpg;0;1;0;1.962382;101.9887;75.97223;1.327841;289.6384;-0.001351206
C:\Mark's Python files\ME5920\HW3_Gardocki\DefinedTurns\IMG\robocam_2025_04_06_21_56_06_170.jpg;0;1;0;1.993831;102.0152;75.89708;1.303828;289.6308;-0.001157616
C:\Mark's Python files\ME5920\HW3_Gardocki\DefinedTurns\IMG\robocam_2025_04_06_21_56_06_211.jpg;0;1;0;2.025358;102.0422;75.82053;1.292821;289.6228;-0.0006111507
C:\Mark's Python files\ME5920\HW3_Gardocki\DefinedTurns\IMG\robocam_2025_04_06_21_56_06_254.jpg;0;1;0;2.054431;102.0696;75.74267;1.295266;289.6125;-0.001012181
C:\Mark's Python files\ME5920\HW3_Gardocki\DefinedTurns\IMG\robocam_2025_04_06_21_56_06_297.jpg;0;1;0;2.083197;102.0974;75.66365;1.300778;289.6033;-0.001130754
C:\Mark's Python files\ME5920\HW3_Gardocki\DefinedTurns\IMG\robocam_2025_04_06_21_56_06_339.jpg;0;1;0;2.126947;102.1255;75.58354;1.305343;289.597;-0.001179741
C:\Mark's Python files\ME5920\HW3_Gardocki\DefinedTurns\IMG\robocam_2025_04_06_21_56_06_381.jpg;0;1;0;2.157223;102.1541;75.5023;1.309935;289.5882;-0.001188056
C:\Mark's Python files\ME5920\HW3_Gardocki\DefinedTurns\IMG\robocam_2025_04_06_21_56_06_423.jpg;0;1;0;2.186907;102.183;75.42002;1.309757;289.5811;-0.001176714
C:\Mark's Python files\ME5920\HW3_Gardocki\DefinedTurns\IMG\robocam_2025_04_06_21_56_06_464.jpg;0;1;0;2.216232;102.2123;75.33657;1.312803;289.5729;-0.00121684
C:\Mark's Python files\ME5920\HW3_Gardocki\DefinedTurns\IMG\robocam_2025_04_06_21_56_06_506.jpg;0;1;0;2.244983;102.257;75.20935;1.314189;289.5623;-0.001191835
C:\Mark's Python files\ME5920\HW3_Gardocki\DefinedTurns\IMG\robocam_2025_04_06_21_56_06_548.jpg;0;1;0;2.274989;102.2872;75.12313;1.316255;289.5541;-0.001225729
C:\Mark's Python files\ME5920\HW3_Gardocki\DefinedTurns\IMG\robocam_2025_04_06_21_56_06_595.jpg;0;1;0;2.30412;102.3178;75.03577;1.320333;289.5465;-0.001230628
C:\Mark's Python files\ME5920\HW3_Gardocki\DefinedTurns\IMG\robocam_2025_04_06_21_56_06_635.jpg;0;1;0;2.333199;102.3488;74.94735;1.321908;289.5405;-0.001263334
C:\Mark's Python files\ME5920\HW3_Gardocki\DefinedTurns\IMG\robocam_2025_04_06_21_56_06_676.jpg;0;1;0;2.376991;102.3802;74.85783;1.322478;289.5316;-0.001230295
C:\Mark's Python files\ME5920\HW3_Gardocki\DefinedTurns\IMG\robocam_2025_04_06_21_56_06_719.jpg;0;1;0;2.405901;102.4119;74.76719;1.324758;289.5237;-0.001280642
C:\Mark's Python files\ME5920\HW3_Gardocki\DefinedTurns\IMG\robocam_2025_04_06_21_56_06_763.jpg;0;1;0;2.434755;102.444;74.67543;1.328397;289.5161;-0.001285061
C:\Mark's Python files\ME5920\HW3_Gardocki\DefinedTurns\IMG\robocam_2025_04_06_21_56_06_803.jpg;0;1;0;2.463559;102.4765;74.58257;1.332938;289.5087;-0.001309403
C:\Mark's Python files\ME5920\HW3_Gardocki\DefinedTurns\IMG\robocam_2025_04_06_21_56_06_846.jpg;0;1;0;2.492594;102.5259;74.44137;1.330608;289.4972;-0.001280939
C:\Mark's Python files\ME5920\HW3_Gardocki\DefinedTurns\IMG\robocam_2025_04_06_21_56_06_889.jpg;0;1;0;2.521251;102.5592;74.34584;1.331122;289.489;-0.001279591
C:\Mark's Python files\ME5920\HW3_Gardocki\DefinedTurns\IMG\robocam_2025_04_06_21_56_06_932.jpg;0;1;0;2.549837;102.593;74.2492;1.332867;289.4811;-0.001277391
C:\Mark's Python files\ME5920\HW3_Gardocki\DefinedTurns\IMG\robocam_2025_04_06_21_56_06_975.jpg;0;1;0;2.578359;102.6271;74.15146;1.335607;289.4732;-0.001316263
C:\Mark's Python files\ME5920\HW3_Gardocki\DefinedTurns\IMG\robocam_2025_04_06_21_56_07_016.jpg;0;1;0;2.606825;102.6616;74.05263;1.339016;289.4653;-0.001311741
C:\Mark's Python files\ME5920\HW3_Gardocki\DefinedTurns\IMG\robocam_2025_04_06_21_56_07_057.jpg;0;1;0;2.649423;102.6964;73.95272;1.342723;289.4575;-0.001329731
C:\Mark's Python files\ME5920\HW3_Gardocki\DefinedTurns\IMG\robocam_2025_04_06_21_56_07_098.jpg;0;1;0;2.677758;102.7317;73.85173;1.346347;289.4498;-0.001358969
C:\Mark's Python files\ME5920\HW3_Gardocki\DefinedTurns\IMG\robocam_2025_04_06_21_56_07_141.jpg;0;1;0;2.706039;102.7672;73.74968;1.349573;289.4421;-0.001363801
C:\Mark's Python files\ME5920\HW3_Gardocki\DefinedTurns\IMG\robocam_2025_04_06_21_56_07_183.jpg;-1.302417;1;0;2.734252;102.8031;73.64655;1.352104;289.4222;-0.00134356
C:\Mark's Python files\ME5920\HW3_Gardocki\DefinedTurns\IMG\robocam_2025_04_06_21_56_07_227.jpg;-3.280379;1;0;2.761739;102.8564;73.48957;1.350121;289.1885;0.000255963
C:\Mark's Python files\ME5920\HW3_Gardocki\DefinedTurns\IMG\robocam_2025_04_06_21_56_07_270.jpg;-5.17352;1;0;2.78926;102.8912;73.38327;1.345568;288.8391;0.0011033
C:\Mark's Python files\ME5920\HW3_Gardocki\DefinedTurns\IMG\robocam_2025_04_06_21_56_07_311.jpg;-7.110216;1;0;2.816816;102.9251;73.27554;1.341942;288.321;0.001769944
C:\Mark's Python files\ME5920\HW3_Gardocki\DefinedTurns\IMG\robocam_2025_04_06_21_56_07_353.jpg;-6.460011;1;0;2.84335;102.958;73.16644;1.335261;287.6838;-0.005107513
C:\Mark's Python files\ME5920\HW3_Gardocki\DefinedTurns\IMG\robocam_2025_04_06_21_56_07_396.jpg;-4.626041;1;0;2.871106;102.9907;73.05614;1.32846;287.1079;359.9901
C:\Mark's Python files\ME5920\HW3_Gardocki\DefinedTurns\IMG\robocam_2025_04_06_21_56_07_438.jpg;-2.762906;1;0;2.913128;103.0236;72.94469;1.323077;286.6663;359.9937
C:\Mark's Python files\ME5920\HW3_Gardocki\DefinedTurns\IMG\robocam_2025_04_06_21_56_07_480.jpg;-0.8280089;1;0;2.941172;103.0568;72.83193;1.330258;286.3816;-0.001636538
C:\Mark's Python files\ME5920\HW3_Gardocki\DefinedTurns\IMG\robocam_2025_04_06_21_56_07_523.jpg;0;1;0;2.967719;103.0904;72.71801;1.345529;286.2565;-0.002577413
C:\Mark's Python files\ME5920\HW3_Gardocki\DefinedTurns\IMG\robocam_2025_04_06_21_56_07_564.jpg;0;1;0;2.995237;103.1242;72.60307;1.358755;286.2087;-0.002569834
C:\Mark's Python files\ME5920\HW3_Gardocki\DefinedTurns\IMG\robocam_2025_04_06_21_56_07_608.jpg;0;1;0;3.023508;103.1751;72.42873;1.367889;286.1786;-0.002681347
C:\Mark's Python files\ME5920\HW3_Gardocki\DefinedTurns\IMG\robocam_2025_04_06_21_56_07_650.jpg;0;1;0;3.050539;103.2092;72.31118;1.369763;286.1686;-0.002483243
C:\Mark's Python files\ME5920\HW3_Gardocki\DefinedTurns\IMG\robocam_2025_04_06_21_56_07_693.jpg;0;1;0;3.077985;103.2435;72.19249;1.374126;286.1653;-0.001985769
C:\Mark's Python files\ME5920\HW3_Gardocki\DefinedTurns\IMG\robocam_2025_04_06_21_56_07_735.jpg;0;1;0;3.105061;103.278;72.07272;1.378948;286.1601;-0.002247316
C:\Mark's Python files\ME5920\HW3_Gardocki\DefinedTurns\IMG\robocam_2025_04_06_21_56_07_779.jpg;0;1;0;3.132407;103.3127;71.95193;1.381133;286.1561;-0.002145289
C:\Mark's Python files\ME5920\HW3_Gardocki\DefinedTurns\IMG\robocam_2025_04_06_21_56_07_822.jpg;0;1;0;3.173311;103.3476;71.83012;1.380777;286.1519;-0.00194761
C:\Mark's Python files\ME5920\HW3_Gardocki\DefinedTurns\IMG\robocam_2025_04_06_21_56_07_863.jpg;0;1;0;3.200925;103.3828;71.70721;1.382367;286.1477;-0.001315728
C:\Mark's Python files\ME5920\HW3_Gardocki\DefinedTurns\IMG\robocam_2025_04_06_21_56_07_905.jpg;0;1;0;3.22731;103.436;71.52087;1.384087;286.1344;-0.00157331
C:\Mark's Python files\ME5920\HW3_Gardocki\DefinedTurns\IMG\robocam_2025_04_06_21_56_07_948.jpg;0;1;0;3.254385;103.4718;71.39529;1.386219;286.1268;-0.001092616
C:\Mark's Python files\ME5920\HW3_Gardocki\DefinedTurns\IMG\robocam_2025_04_06_21_56_07_988.jpg;0;1;0;3.281092;103.5078;71.2687;1.388181;286.1156;-0.001540873
C:\Mark's Python files\ME5920\HW3_Gardocki\DefinedTurns\IMG\robocam_2025_04_06_21_56_08_029.jpg;0;1;0;3.308053;103.5441;71.14104;1.391387;286.1069;-0.001081423
C:\Mark's Python files\ME5920\HW3_Gardocki\DefinedTurns\IMG\robocam_2025_04_06_21_56_08_072.jpg;0;1;0;3.334646;103.5807;71.01235;1.393972;286.0952;-0.001554381
C:\Mark's Python files\ME5920\HW3_Gardocki\DefinedTurns\IMG\robocam_2025_04_06_21_56_08_113.jpg;0;1;0;3.361501;103.6175;70.88268;1.393162;286.0853;-0.001565883
C:\Mark's Python files\ME5920\HW3_Gardocki\DefinedTurns\IMG\robocam_2025_04_06_21_56_08_154.jpg;0;1;0;3.388707;103.6546;70.7519;1.396725;286.0752;-0.001480029
C:\Mark's Python files\ME5920\HW3_Gardocki\DefinedTurns\IMG\robocam_2025_04_06_21_56_08_196.jpg;0;1;0;3.428469;103.692;70.62009;1.400156;286.0654;-0.001123755
C:\Mark's Python files\ME5920\HW3_Gardocki\DefinedTurns\IMG\robocam_2025_04_06_21_56_08_238.jpg;0;1;0;3.454395;103.7296;70.48728;1.402384;286.0531;-0.001582783
C:\Mark's Python files\ME5920\HW3_Gardocki\DefinedTurns\IMG\robocam_2025_04_06_21_56_08_278.jpg;0;1;0;3.481403;103.7675;70.35345;1.40484;286.0436;-0.001122223
C:\Mark's Python files\ME5920\HW3_Gardocki\DefinedTurns\IMG\robocam_2025_04_06_21_56_08_319.jpg;0;1;0;3.507218;103.8056;70.21861;1.40588;286.0314;-0.001627809
C:\Mark's Python files\ME5920\HW3_Gardocki\DefinedTurns\IMG\robocam_2025_04_06_21_56_08_361.jpg;0;1;0;3.534101;103.8441;70.08275;1.407086;286.0219;-0.001148392
C:\Mark's Python files\ME5920\HW3_Gardocki\DefinedTurns\IMG\robocam_2025_04_06_21_56_08_402.jpg;0;1;0;3.560208;103.8828;69.94582;1.411029;286.0104;-0.001159362
C:\Mark's Python files\ME5920\HW3_Gardocki\DefinedTurns\IMG\robocam_2025_04_06_21_56_08_445.jpg;0;1;0;3.58586;103.9412;69.73862;1.412263;285.9918;-0.001638035
C:\Mark's Python files\ME5920\HW3_Gardocki\DefinedTurns\IMG\robocam_2025_04_06_21_56_08_489.jpg;0;1;0;3.612576;103.9805;69.59916;1.415019;285.9807;-0.001517298
C:\Mark's Python files\ME5920\HW3_Gardocki\DefinedTurns\IMG\robocam_2025_04_06_21_56_08_530.jpg;0;1;0;3.638112;104.0201;69.45872;1.416566;285.97;-0.001177433
C:\Mark's Python files\ME5920\HW3_Gardocki\DefinedTurns\IMG\robocam_2025_04_06_21_56_08_571.jpg;0;1;0;3.677466;104.06;69.31725;1.420263;285.9578;-0.001205498
C:\Mark's Python files\ME5920\HW3_Gardocki\DefinedTurns\IMG\robocam_2025_04_06_21_56_08_614.jpg;0;1;0;3.702871;104.1;69.1748;1.421452;285.9442;-0.001654482
C:\Mark's Python files\ME5920\HW3_Gardocki\DefinedTurns\IMG\robocam_2025_04_06_21_56_08_656.jpg;0;1;0;3.728618;104.1403;69.03132;1.425054;285.9322;-0.0015686
C:\Mark's Python files\ME5920\HW3_Gardocki\DefinedTurns\IMG\robocam_2025_04_06_21_56_08_697.jpg;0;1;0;3.755019;104.1809;68.88685;1.426705;285.921;-0.001231096
C:\Mark's Python files\ME5920\HW3_Gardocki\DefinedTurns\IMG\robocam_2025_04_06_21_56_08_739.jpg;0;1;0;3.780653;104.2217;68.74136;1.429874;285.9084;-0.001233553
C:\Mark's Python files\ME5920\HW3_Gardocki\DefinedTurns\IMG\robocam_2025_04_06_21_56_08_780.jpg;0;1;0;3.805845;104.2628;68.59494;1.429991;285.8945;-0.001727495
C:\Mark's Python files\ME5920\HW3_Gardocki\DefinedTurns\IMG\robocam_2025_04_06_21_56_08_821.jpg;0;1;0;3.831369;104.3041;68.44748;1.432111;285.8822;-0.001591184
C:\Mark's Python files\ME5920\HW3_Gardocki\DefinedTurns\IMG\robocam_2025_04_06_21_56_08_863.jpg;0;1;0;3.85684;104.3456;68.29901;1.43531;285.869;-0.001607573
C:\Mark's Python files\ME5920\HW3_Gardocki\DefinedTurns\IMG\robocam_2025_04_06_21_56_08_904.jpg;0;1;0;3.882955;104.3874;68.14959;1.435977;285.8571;-0.001240282
C:\Mark's Python files\ME5920\HW3_Gardocki\DefinedTurns\IMG\robocam_2025_04_06_21_56_08_945.jpg;0;1;0;3.907613;104.4505;67.92354;1.440622;285.8354;-0.001738819
C:\Mark's Python files\ME5920\HW3_Gardocki\DefinedTurns\IMG\robocam_2025_04_06_21_56_08_986.jpg;0;1;0;3.933625;104.4929;67.77162;1.442829;285.8222;-0.001661023
C:\Mark's Python files\ME5920\HW3_Gardocki\DefinedTurns\IMG\robocam_2025_04_06_21_56_09_026.jpg;0;1;0;3.958876;104.5356;67.61871;1.445462;285.8085;-0.001673876
C:\Mark's Python files\ME5920\HW3_Gardocki\DefinedTurns\IMG\robocam_2025_04_06_21_56_09_075.jpg;0;1;0;3.996808;104.5784;67.46486;1.444996;285.7962;-0.001278866
C:\Mark's Python files\ME5920\HW3_Gardocki\DefinedTurns\IMG\robocam_2025_04_06_21_56_09_115.jpg;0;1;0;4.021224;104.6215;67.30997;1.448477;285.7811;-0.001667566
C:\Mark's Python files\ME5920\HW3_Gardocki\DefinedTurns\IMG\robocam_2025_04_06_21_56_09_156.jpg;0;1;0;4.046288;104.6648;67.15411;1.451933;285.7664;-0.001698741
C:\Mark's Python files\ME5920\HW3_Gardocki\DefinedTurns\IMG\robocam_2025_04_06_21_56_09_199.jpg;0;0.9568894;0;4.071784;104.7084;66.99734;1.451659;285.7534;-0.001300461
C:\Mark's Python files\ME5920\HW3_Gardocki\DefinedTurns\IMG\robocam_2025_04_06_21_56_09_240.jpg;0;0.8297395;0;4.09367;104.7521;66.83963;1.452764;285.7383;-0.001685317
C:\Mark's Python files\ME5920\HW3_Gardocki\DefinedTurns\IMG\robocam_2025_04_06_21_56_09_282.jpg;0;0.7023892;0;4.11231;104.796;66.68122;1.450927;285.7239;-0.001195773
C:\Mark's Python files\ME5920\HW3_Gardocki\DefinedTurns\IMG\robocam_2025_04_06_21_56_09_323.jpg;0;0.5765461;0;4.126486;104.84;66.52229;1.444171;285.707;-0.001114515
C:\Mark's Python files\ME5920\HW3_Gardocki\DefinedTurns\IMG\robocam_2025_04_06_21_56_09_363.jpg;0;0.4516916;0;4.136697;104.884;66.36307;1.428279;285.689;-0.001102511
C:\Mark's Python files\ME5920\HW3_Gardocki\DefinedTurns\IMG\robocam_2025_04_06_21_56_09_404.jpg;0;0.3587735;0;4.142836;104.928;66.20377;1.399318;285.6707;-0.001057754
C:\Mark's Python files\ME5920\HW3_Gardocki\DefinedTurns\IMG\robocam_2025_04_06_21_56_09_445.jpg;0;0.2349845;0;4.144834;104.9719;66.04462;1.353957;285.6522;-0.0009929357
C:\Mark's Python files\ME5920\HW3_Gardocki\DefinedTurns\IMG\robocam_2025_04_06_21_56_09_485.jpg;0;0.1170536;0;4.142766;105.0375;65.80663;1.249716;285.6251;-0.0008649717
C:\Mark's Python files\ME5920\HW3_Gardocki\DefinedTurns\IMG\robocam_2025_04_06_21_56_09_527.jpg;0;0;0;4.137199;105.081;65.6487;1.153944;285.6076;-0.0007769048
C:\Mark's Python files\ME5920\HW3_Gardocki\DefinedTurns\IMG\robocam_2025_04_06_21_56_09_569.jpg;0;0;0;4.12857;105.1243;65.49144;1.038148;285.5909;-0.0006439843
C:\Mark's Python files\ME5920\HW3_Gardocki\DefinedTurns\IMG\robocam_2025_04_06_21_56_09_610.jpg;0;0;0;4.119782;105.1673;65.33481;0.9060959;285.5751;-0.0004233645
C:\Mark's Python files\ME5920\HW3_Gardocki\DefinedTurns\IMG\robocam_2025_04_06_21_56_09_657.jpg;0;0;0;4.11098;105.2102;65.17874;0.761449;285.5603;-0.000128551
C:\Mark's Python files\ME5920\HW3_Gardocki\DefinedTurns\IMG\robocam_2025_04_06_21_56_09_698.jpg;0;0;0;4.097721;105.253;65.02319;0.6075833;285.5469;0.001197365
C:\Mark's Python files\ME5920\HW3_Gardocki\DefinedTurns\IMG\robocam_2025_04_06_21_56_09_742.jpg;0;0;0;4.088899;105.2957;64.86809;0.447791;285.5363;0.00568027
C:\Mark's Python files\ME5920\HW3_Gardocki\DefinedTurns\IMG\robocam_2025_04_06_21_56_09_784.jpg;0;0;0;4.080064;105.3383;64.71339;0.2848811;285.5277;0.01303424
C:\Mark's Python files\ME5920\HW3_Gardocki\DefinedTurns\IMG\robocam_2025_04_06_21_56_09_825.jpg;0;0;0;4.071135;105.4022;64.48206;0.04021412;285.5195;0.03010021
C:\Mark's Python files\ME5920\HW3_Gardocki\DefinedTurns\IMG\robocam_2025_04_06_21_56_09_872.jpg;0;0;0;4.06214;105.4446;64.32785;359.898;285.5088;0.02636217
C:\Mark's Python files\ME5920\HW3_Gardocki\DefinedTurns\IMG\robocam_2025_04_06_21_56_09_914.jpg;0;0;0;4.052659;105.4868;64.17366;359.776;285.4947;0.0100102
C:\Mark's Python files\ME5920\HW3_Gardocki\DefinedTurns\IMG\robocam_2025_04_06_21_56_09_957.jpg;0;0;0;4.043067;105.5292;64.01963;359.6674;285.4824;359.9908
C:\Mark's Python files\ME5920\HW3_Gardocki\DefinedTurns\IMG\robocam_2025_04_06_21_56_10_000.jpg;0;0;0;4.028889;105.5716;63.86589;359.5657;285.4735;359.9716
C:\Mark's Python files\ME5920\HW3_Gardocki\DefinedTurns\IMG\robocam_2025_04_06_21_56_10_043.jpg;0;0;0.0871698;4.017483;105.6145;63.71232;359.4872;285.4803;359.9831
C:\Mark's Python files\ME5920\HW3_Gardocki\DefinedTurns\IMG\robocam_2025_04_06_21_56_10_084.jpg;0;0;0.2120118;3.991822;105.6568;63.55984;359.3884;285.4827;359.9854
C:\Mark's Python files\ME5920\HW3_Gardocki\DefinedTurns\IMG\robocam_2025_04_06_21_56_10_127.jpg;0;0;0.3364551;3.94948;105.7198;63.33478;359.205;285.5016;0.02898698
C:\Mark's Python files\ME5920\HW3_Gardocki\DefinedTurns\IMG\robocam_2025_04_06_21_56_10_168.jpg;0;0;0.4641111;3.893244;105.7599;63.18818;359.032;285.4926;0.01443014
C:\Mark's Python files\ME5920\HW3_Gardocki\DefinedTurns\IMG\robocam_2025_04_06_21_56_10_208.jpg;0;0;0.5878903;3.82306;105.7991;63.04538;358.805;285.4792;-0.002013783
C:\Mark's Python files\ME5920\HW3_Gardocki\DefinedTurns\IMG\robocam_2025_04_06_21_56_10_251.jpg;0;0;0.7137376;3.736304;105.8375;62.9065;358.5634;285.4711;359.9913
C:\Mark's Python files\ME5920\HW3_Gardocki\DefinedTurns\IMG\robocam_2025_04_06_21_56_10_294.jpg;0;0;0.8391652;3.653643;105.8757;62.77026;358.3323;285.4948;0.01527421
C:\Mark's Python files\ME5920\HW3_Gardocki\DefinedTurns\IMG\robocam_2025_04_06_21_56_10_334.jpg;0;0;0;3.580241;105.9132;62.63301;358.2947;285.507;359.9939
C:\Mark's Python files\ME5920\HW3_Gardocki\DefinedTurns\IMG\robocam_2025_04_06_21_56_10_374.jpg;0;0;0;3.556727;105.9517;62.49379;358.4088;285.5182;359.9915
C:\Mark's Python files\ME5920\HW3_Gardocki\DefinedTurns\IMG\robocam_2025_04_06_21_56_10_420.jpg;0;0;0;3.550352;105.991;62.35262;358.6639;285.5292;-0.001839021
C:\Mark's Python files\ME5920\HW3_Gardocki\DefinedTurns\IMG\robocam_2025_04_06_21_56_10_463.jpg;0;0;0;3.462056;106.0292;62.2145;358.9394;285.532;-0.002991842
C:\Mark's Python files\ME5920\HW3_Gardocki\DefinedTurns\IMG\robocam_2025_04_06_21_56_10_510.jpg;0;0;0;3.440303;106.0862;62.00933;359.3138;285.5345;0.003954923
C:\Mark's Python files\ME5920\HW3_Gardocki\DefinedTurns\IMG\robocam_2025_04_06_21_56_10_550.jpg;0;0;0;3.432719;106.124;61.87334;359.5375;285.5351;0.008300065
C:\Mark's Python files\ME5920\HW3_Gardocki\DefinedTurns\IMG\robocam_2025_04_06_21_56_10_591.jpg;0;0;0;3.425188;106.1616;61.73803;359.7386;285.5354;0.01233317
C:\Mark's Python files\ME5920\HW3_Gardocki\DefinedTurns\IMG\robocam_2025_04_06_21_56_10_632.jpg;0;0;0;3.413991;106.199;61.60339;359.9165;285.5355;0.01601937
C:\Mark's Python files\ME5920\HW3_Gardocki\DefinedTurns\IMG\robocam_2025_04_06_21_56_10_674.jpg;0;0;0;3.406589;106.2363;61.46944;0.07036667;285.5355;0.01933911
C:\Mark's Python files\ME5920\HW3_Gardocki\DefinedTurns\IMG\robocam_2025_04_06_21_56_10_715.jpg;0;0;0;3.399229;106.2733;61.33619;0.2001761;285.5356;0.02228106
C:\Mark's Python files\ME5920\HW3_Gardocki\DefinedTurns\IMG\robocam_2025_04_06_21_56_10_756.jpg;0;0;0.1107027;3.386492;106.3101;61.20383;0.3011245;285.5356;0.02484181
C:\Mark's Python files\ME5920\HW3_Gardocki\DefinedTurns\IMG\robocam_2025_04_06_21_56_10_796.jpg;0;0;0.2343171;3.360458;106.3463;61.07312;0.3534283;285.5338;0.02260174
C:\Mark's Python files\ME5920\HW3_Gardocki\DefinedTurns\IMG\robocam_2025_04_06_21_56_10_838.jpg;0;0;0.3566088;3.318157;106.3819;60.94495;0.342246;285.5323;0.02069291
C:\Mark's Python files\ME5920\HW3_Gardocki\DefinedTurns\IMG\robocam_2025_04_06_21_56_10_879.jpg;0;0;0.4769817;3.260117;106.4165;60.82021;0.2529749;285.5327;0.02251474
C:\Mark's Python files\ME5920\HW3_Gardocki\DefinedTurns\IMG\robocam_2025_04_06_21_56_10_921.jpg;0;0;0.6039891;3.185703;106.45;60.6998;0.06692967;285.5331;0.02408443
C:\Mark's Python files\ME5920\HW3_Gardocki\DefinedTurns\IMG\robocam_2025_04_06_21_56_10_961.jpg;0;0;0.7090859;3.095675;106.482;60.58456;359.7715;285.5334;0.02537894
C:\Mark's Python files\ME5920\HW3_Gardocki\DefinedTurns\IMG\robocam_2025_04_06_21_56_11_005.jpg;0;0;0.8341662;2.989327;106.512;60.47447;359.3954;285.5164;359.989
C:\Mark's Python files\ME5920\HW3_Gardocki\DefinedTurns\IMG\robocam_2025_04_06_21_56_11_045.jpg;0;0;0.9543347;2.865573;106.5412;60.37066;358.9352;285.5237;0.002120046
C:\Mark's Python files\ME5920\HW3_Gardocki\DefinedTurns\IMG\robocam_2025_04_06_21_56_11_087.jpg;0;0;0;2.791088;106.5828;60.21995;358.2979;285.5278;359.9939
C:\Mark's Python files\ME5920\HW3_Gardocki\DefinedTurns\IMG\robocam_2025_04_06_21_56_11_127.jpg;0;0;0;2.781127;106.6114;60.11703;358.0467;285.5314;-0.003622291
C:\Mark's Python files\ME5920\HW3_Gardocki\DefinedTurns\IMG\robocam_2025_04_06_21_56_11_171.jpg;0;0;0;2.764887;106.6411;60.0104;358.0522;285.5404;0.00303991
C:\Mark's Python files\ME5920\HW3_Gardocki\DefinedTurns\IMG\robocam_2025_04_06_21_56_11_212.jpg;0;0;0;2.751847;106.6711;59.90127;358.2199;285.558;359.9939
C:\Mark's Python files\ME5920\HW3_Gardocki\DefinedTurns\IMG\robocam_2025_04_06_21_56_11_254.jpg;0;0;0;2.746333;106.7018;59.79015;358.5279;285.5599;359.9873
C:\Mark's Python files\ME5920\HW3_Gardocki\DefinedTurns\IMG\robocam_2025_04_06_21_56_11_294.jpg;0;0;0;2.702603;106.7331;59.67868;358.9662;285.5719;0.003749237
C:\Mark's Python files\ME5920\HW3_Gardocki\DefinedTurns\IMG\robocam_2025_04_06_21_56_11_337.jpg;0;0;0;2.692203;106.764;59.56794;359.3807;285.5818;0.02087932
C:\Mark's Python files\ME5920\HW3_Gardocki\DefinedTurns\IMG\robocam_2025_04_06_21_56_11_377.jpg;0;0;0;2.686467;106.7947;59.45797;359.7617;285.5849;0.03527456
C:\Mark's Python files\ME5920\HW3_Gardocki\DefinedTurns\IMG\robocam_2025_04_06_21_56_11_419.jpg;0;0;0;2.680814;106.8251;59.34882;0.1067414;285.586;0.04824976
C:\Mark's Python files\ME5920\HW3_Gardocki\DefinedTurns\IMG\robocam_2025_04_06_21_56_11_460.jpg;0;0;0;2.675411;106.855;59.24066;0.4013728;285.5805;0.04630071
C:\Mark's Python files\ME5920\HW3_Gardocki\DefinedTurns\IMG\robocam_2025_04_06_21_56_11_501.jpg;0;0;0;2.670656;106.8844;59.13365;0.6356414;285.5701;0.02364134
C:\Mark's Python files\ME5920\HW3_Gardocki\DefinedTurns\IMG\robocam_2025_04_06_21_56_11_542.jpg;0;0;0;2.665379;106.9136;59.02762;0.8249128;285.5618;-0.0001200477
C:\Mark's Python files\ME5920\HW3_Gardocki\DefinedTurns\IMG\robocam_2025_04_06_21_56_11_583.jpg;0;0;0;2.659917;106.9429;58.92263;0.9704646;285.563;-0.001676679
C:\Mark's Python files\ME5920\HW3_Gardocki\DefinedTurns\IMG\robocam_2025_04_06_21_56_11_624.jpg;0;0;0;2.654491;106.972;58.8185;1.076857;285.5648;-0.001798271
C:\Mark's Python files\ME5920\HW3_Gardocki\DefinedTurns\IMG\robocam_2025_04_06_21_56_11_664.jpg;0;0;0;2.649139;107.0008;58.71517;1.146861;285.566;-0.001880493
C:\Mark's Python files\ME5920\HW3_Gardocki\DefinedTurns\IMG\robocam_2025_04_06_21_56_11_705.jpg;0;0;0;2.643844;107.0294;58.61259;1.183432;285.5664;-0.001817565
C:\Mark's Python files\ME5920\HW3_Gardocki\DefinedTurns\IMG\robocam_2025_04_06_21_56_11_746.jpg;0;0;0;2.638511;107.0719;58.46003;1.182759;285.5653;-0.001672378
C:\Mark's Python files\ME5920\HW3_Gardocki\DefinedTurns\IMG\robocam_2025_04_06_21_56_11_787.jpg;0;0;0;2.633127;107.0999;58.3591;1.150321;285.5637;-0.001546776
C:\Mark's Python files\ME5920\HW3_Gardocki\DefinedTurns\IMG\robocam_2025_04_06_21_56_11_828.jpg;0;0;0;2.627686;107.1278;58.25875;1.096319;285.5616;-0.001427224
C:\Mark's Python files\ME5920\HW3_Gardocki\DefinedTurns\IMG\robocam_2025_04_06_21_56_11_870.jpg;0;0;0;2.622192;107.1555;58.15892;1.024123;285.5594;-0.001319758
C:\Mark's Python files\ME5920\HW3_Gardocki\DefinedTurns\IMG\robocam_2025_04_06_21_56_11_911.jpg;0;0;0;2.616683;107.183;58.05956;0.9368873;285.5572;-0.001221406
C:\Mark's Python files\ME5920\HW3_Gardocki\DefinedTurns\IMG\robocam_2025_04_06_21_56_11_952.jpg;0;0;0;2.608419;107.2105;57.96061;0.8376123;285.5551;-0.001046198
C:\Mark's Python files\ME5920\HW3_Gardocki\DefinedTurns\IMG\robocam_2025_04_06_21_56_11_993.jpg;0;0;0;2.602889;107.2379;57.86204;0.7291275;285.5529;-0.0008577984
C:\Mark's Python files\ME5920\HW3_Gardocki\DefinedTurns\IMG\robocam_2025_04_06_21_56_12_034.jpg;0;0;0;2.597314;107.2651;57.76379;0.61412;285.5509;-0.0006373118
C:\Mark's Python files\ME5920\HW3_Gardocki\DefinedTurns\IMG\robocam_2025_04_06_21_56_12_085.jpg;0;0;0;2.591718;107.3058;57.61695;0.4347621;285.5479;-0.0002741893
C:\Mark's Python files\ME5920\HW3_Gardocki\DefinedTurns\IMG\robocam_2025_04_06_21_56_12_128.jpg;0;0;0;2.586086;107.3329;57.51936;0.3138716;285.5461;9.566411E-05
C:\Mark's Python files\ME5920\HW3_Gardocki\DefinedTurns\IMG\robocam_2025_04_06_21_56_12_170.jpg;0;0;0;2.580433;107.36;57.42199;0.1936846;285.5457;0.003497846
C:\Mark's Python files\ME5920\HW3_Gardocki\DefinedTurns\IMG\robocam_2025_04_06_21_56_12_211.jpg;0;0;0;2.574751;107.387;57.32486;0.07274429;285.5457;0.007504382
C:\Mark's Python files\ME5920\HW3_Gardocki\DefinedTurns\IMG\robocam_2025_04_06_21_56_12_253.jpg;0;0;0;2.569033;107.4139;57.22794;359.9521;285.5457;0.01118196
C:\Mark's Python files\ME5920\HW3_Gardocki\DefinedTurns\IMG\robocam_2025_04_06_21_56_12_294.jpg;0;0;0;2.563281;107.4407;57.13098;359.8432;285.5404;0.002293269
C:\Mark's Python files\ME5920\HW3_Gardocki\DefinedTurns\IMG\robocam_2025_04_06_21_56_12_334.jpg;0;0;0;2.557212;107.4676;57.03408;359.7476;285.5384;-0.001258128
C:\Mark's Python files\ME5920\HW3_Gardocki\DefinedTurns\IMG\robocam_2025_04_06_21_56_12_376.jpg;0;0;0;2.548054;107.4945;56.93724;359.6641;285.5384;-0.0007829405
C:\Mark's Python files\ME5920\HW3_Gardocki\DefinedTurns\IMG\robocam_2025_04_06_21_56_12_418.jpg;0;0;0;2.542013;107.5214;56.84048;359.589;285.5384;-0.0005789868
C:\Mark's Python files\ME5920\HW3_Gardocki\DefinedTurns\IMG\robocam_2025_04_06_21_56_12_459.jpg;0;0;0;2.535812;107.5485;56.74375;359.529;285.5435;0.01236832
C:\Mark's Python files\ME5920\HW3_Gardocki\DefinedTurns\IMG\robocam_2025_04_06_21_56_12_500.jpg;0;0;0;2.529993;107.5754;56.64716;359.4722;285.5451;0.02084786
C:\Mark's Python files\ME5920\HW3_Gardocki\DefinedTurns\IMG\robocam_2025_04_06_21_56_12_543.jpg;0;0;0;2.523664;107.6021;56.5504;359.4348;285.5387;0.01044237
C:\Mark's Python files\ME5920\HW3_Gardocki\DefinedTurns\IMG\robocam_2025_04_06_21_56_12_584.jpg;0;0;0;2.517853;107.6288;56.45391;359.3983;285.5369;0.006920357
C:\Mark's Python files\ME5920\HW3_Gardocki\DefinedTurns\IMG\robocam_2025_04_06_21_56_12_625.jpg;0;0;0;2.512072;107.6556;56.35761;359.3649;285.5363;0.004277776
C:\Mark's Python files\ME5920\HW3_Gardocki\DefinedTurns\IMG\robocam_2025_04_06_21_56_12_668.jpg;0;0;0;2.505596;107.6957;56.21304;359.3471;285.5337;-0.005197811
C:\Mark's Python files\ME5920\HW3_Gardocki\DefinedTurns\IMG\robocam_2025_04_06_21_56_12_709.jpg;0;0;0;2.499816;107.7224;56.11692;359.3369;285.5335;359.9911
C:\Mark's Python files\ME5920\HW3_Gardocki\DefinedTurns\IMG\robocam_2025_04_06_21_56_12_750.jpg;0;0;0;2.491214;107.7491;56.021;359.3287;285.5334;359.9879
C:\Mark's Python files\ME5920\HW3_Gardocki\DefinedTurns\IMG\robocam_2025_04_06_21_56_12_793.jpg;0;0;0;2.48513;107.7759;55.92518;359.3309;285.538;-0.004731262
C:\Mark's Python files\ME5920\HW3_Gardocki\DefinedTurns\IMG\robocam_2025_04_06_21_56_12_836.jpg;0;0;0;2.479143;107.8026;55.82944;359.3406;285.5414;0.005104877
C:\Mark's Python files\ME5920\HW3_Gardocki\DefinedTurns\IMG\robocam_2025_04_06_21_56_12_881.jpg;0;0;0;2.473466;107.8292;55.7339;359.3507;285.5425;0.01241925
C:\Mark's Python files\ME5920\HW3_Gardocki\DefinedTurns\IMG\robocam_2025_04_06_21_56_12_925.jpg;0;0;0;2.467809;107.8557;55.63857;359.3611;285.5428;0.01882618
C:\Mark's Python files\ME5920\HW3_Gardocki\DefinedTurns\IMG\robocam_2025_04_06_21_56_12_967.jpg;0;0;0;2.462171;107.8954;55.49597;359.3769;285.5429;0.02726891
C:\Mark's Python files\ME5920\HW3_Gardocki\DefinedTurns\IMG\robocam_2025_04_06_21_56_13_007.jpg;0;0;0;2.45655;107.9216;55.401;359.3952;285.5386;0.02235213
C:\Mark's Python files\ME5920\HW3_Gardocki\DefinedTurns\IMG\robocam_2025_04_06_21_56_13_053.jpg;0;0;0;2.447603;107.9478;55.30622;359.4176;285.5358;0.01585723
C:\Mark's Python files\ME5920\HW3_Gardocki\DefinedTurns\IMG\robocam_2025_04_06_21_56_13_094.jpg;0;0;0;2.442032;107.9741;55.2117;359.4385;285.5349;0.01121591
C:\Mark's Python files\ME5920\HW3_Gardocki\DefinedTurns\IMG\robocam_2025_04_06_21_56_13_136.jpg;0;0;0;2.436482;108.0003;55.11742;359.4576;285.5346;0.007045543
C:\Mark's Python files\ME5920\HW3_Gardocki\DefinedTurns\IMG\robocam_2025_04_06_21_56_13_178.jpg;1.616301;0;0;2.430888;108.0267;55.02348;359.4749;285.5721;0.00973631
C:\Mark's Python files\ME5920\HW3_Gardocki\DefinedTurns\IMG\robocam_2025_04_06_21_56_13_218.jpg;1.001939;0;0;2.425262;108.0536;54.92993;359.4901;285.6841;0.02489466
C:\Mark's Python files\ME5920\HW3_Gardocki\DefinedTurns\IMG\robocam_2025_04_06_21_56_13_270.jpg;0;0;0;2.419777;108.0934;54.78995;359.5093;285.7723;0.03586504
C:\Mark's Python files\ME5920\HW3_Gardocki\DefinedTurns\IMG\robocam_2025_04_06_21_56_13_311.jpg;0;0;0;2.414114;108.1195;54.69667;359.5306;285.7808;0.02651692
C:\Mark's Python files\ME5920\HW3_Gardocki\DefinedTurns\IMG\robocam_2025_04_06_21_56_13_355.jpg;0;0;0;2.408446;108.1458;54.60372;359.5481;285.784;0.02151942
C:\Mark's Python files\ME5920\HW3_Gardocki\DefinedTurns\IMG\robocam_2025_04_06_21_56_13_395.jpg;0;0;0;2.402999;108.172;54.51103;359.5628;285.785;0.0172324
C:\Mark's Python files\ME5920\HW3_Gardocki\DefinedTurns\IMG\robocam_2025_04_06_21_56_13_436.jpg;0;0;0;2.39757;108.1981;54.41859;359.5747;285.7853;0.01318838
C:\Mark's Python files\ME5920\HW3_Gardocki\DefinedTurns\IMG\robocam_2025_04_06_21_56_13_478.jpg;0;0;0;2.389456;108.2242;54.32642;359.5839;285.7855;0.009306834
C:\Mark's Python files\ME5920\HW3_Gardocki\DefinedTurns\IMG\robocam_2025_04_06_21_56_13_519.jpg;0;0;0;2.384063;108.2501;54.23449;359.5905;285.7855;0.005590312
C:\Mark's Python files\ME5920\HW3_Gardocki\DefinedTurns\IMG\robocam_2025_04_06_21_56_13_563.jpg;0;0;0;2.378681;108.2761;54.14281;359.5945;285.7855;0.002057496
C:\Mark's Python files\ME5920\HW3_Gardocki\DefinedTurns\IMG\robocam_2025_04_06_21_56_13_604.jpg;0;0;0;2.373172;108.3019;54.0513;359.6013;285.7857;-0.0007694287
C:\Mark's Python files\ME5920\HW3_Gardocki\DefinedTurns\IMG\robocam_2025_04_06_21_56_13_645.jpg;0;0;0;2.367624;108.3407;53.91441;359.613;285.7861;-0.003476529
C:\Mark's Python files\ME5920\HW3_Gardocki\DefinedTurns\IMG\robocam_2025_04_06_21_56_13_686.jpg;0;0;0;2.36228;108.3664;53.82346;359.6173;285.7862;-0.005264399
C:\Mark's Python files\ME5920\HW3_Gardocki\DefinedTurns\IMG\robocam_2025_04_06_21_56_13_728.jpg;0;0;0;2.356951;108.392;53.73276;359.619;285.7862;359.9931
C:\Mark's Python files\ME5920\HW3_Gardocki\DefinedTurns\IMG\robocam_2025_04_06_21_56_13_773.jpg;0;0;0;2.351635;108.4176;53.64231;359.6183;285.7863;359.9916
C:\Mark's Python files\ME5920\HW3_Gardocki\DefinedTurns\IMG\robocam_2025_04_06_21_56_13_817.jpg;0;0;0;2.343408;108.4433;53.55199;359.624;285.7899;-0.0003696619
C:\Mark's Python files\ME5920\HW3_Gardocki\DefinedTurns\IMG\robocam_2025_04_06_21_56_13_858.jpg;0;0;0;2.338111;108.4688;53.46191;359.6266;285.7908;0.004243101
C:\Mark's Python files\ME5920\HW3_Gardocki\DefinedTurns\IMG\robocam_2025_04_06_21_56_13_899.jpg;0;0;0;2.332835;108.4942;53.37207;359.6266;285.7911;0.00813994
C:\Mark's Python files\ME5920\HW3_Gardocki\DefinedTurns\IMG\robocam_2025_04_06_21_56_13_942.jpg;0.604755;0;0;2.327571;108.5195;53.28246;359.6244;285.7912;0.01165782
C:\Mark's Python files\ME5920\HW3_Gardocki\DefinedTurns\IMG\robocam_2025_04_06_21_56_13_984.jpg;2.504403;0;0;2.321842;108.5452;53.19307;359.6287;285.856;0.01706371
C:\Mark's Python files\ME5920\HW3_Gardocki\DefinedTurns\IMG\robocam_2025_04_06_21_56_14_030.jpg;4.648626;0;0;2.316012;108.5856;53.06011;359.6285;286.2221;0.07380916
C:\Mark's Python files\ME5920\HW3_Gardocki\DefinedTurns\IMG\robocam_2025_04_06_21_56_14_070.jpg;6.474681;0;0;2.309642;108.6138;52.97207;359.6373;286.6533;0.131044
C:\Mark's Python files\ME5920\HW3_Gardocki\DefinedTurns\IMG\robocam_2025_04_06_21_56_14_112.jpg;8.37761;0;0;2.299067;108.6435;52.88475;359.6481;287.2359;0.2141901
C:\Mark's Python files\ME5920\HW3_Gardocki\DefinedTurns\IMG\robocam_2025_04_06_21_56_14_153.jpg;10.24874;0;0;2.291202;108.6749;52.7984;359.6579;287.9728;0.3306389
C:\Mark's Python files\ME5920\HW3_Gardocki\DefinedTurns\IMG\robocam_2025_04_06_21_56_14_195.jpg;12.09432;0;0;2.282463;108.708;52.7128;359.6809;288.8567;0.4630429
C:\Mark's Python files\ME5920\HW3_Gardocki\DefinedTurns\IMG\robocam_2025_04_06_21_56_14_236.jpg;13.99974;0;0;2.272723;108.7431;52.62835;359.71;289.8961;0.6247433
C:\Mark's Python files\ME5920\HW3_Gardocki\DefinedTurns\IMG\robocam_2025_04_06_21_56_14_276.jpg;15;0;0;2.26265;108.7803;52.54514;359.7468;291.0677;0.8113887
C:\Mark's Python files\ME5920\HW3_Gardocki\DefinedTurns\IMG\robocam_2025_04_06_21_56_14_316.jpg;14.40215;0;0;2.258368;108.819;52.4628;359.8003;292.2823;1.000075
C:\Mark's Python files\ME5920\HW3_Gardocki\DefinedTurns\IMG\robocam_2025_04_06_21_56_14_358.jpg;12.45634;0;0;2.248724;108.8585;52.38041;359.8947;293.4084;1.141661
C:\Mark's Python files\ME5920\HW3_Gardocki\DefinedTurns\IMG\robocam_2025_04_06_21_56_14_400.jpg;10.61056;0;0;2.242162;108.8984;52.29774;0.03208863;294.4159;1.204477
C:\Mark's Python files\ME5920\HW3_Gardocki\DefinedTurns\IMG\robocam_2025_04_06_21_56_14_443.jpg;8.716286;0;0;2.236698;108.9375;52.21742;0.04294823;295.2882;1.174771
C:\Mark's Python files\ME5920\HW3_Gardocki\DefinedTurns\IMG\robocam_2025_04_06_21_56_14_484.jpg;6.844453;0;0;2.233685;108.9768;52.13855;359.9879;296.0511;1.086338
C:\Mark's Python files\ME5920\HW3_Gardocki\DefinedTurns\IMG\robocam_2025_04_06_21_56_14_524.jpg;5.030697;0;0;2.22938;109.0178;52.06041;359.9428;296.6349;1.010422
C:\Mark's Python files\ME5920\HW3_Gardocki\DefinedTurns\IMG\robocam_2025_04_06_21_56_14_565.jpg;3.170014;0;0;2.224673;109.0591;51.98254;359.9018;297.0674;0.9332085
C:\Mark's Python files\ME5920\HW3_Gardocki\DefinedTurns\IMG\robocam_2025_04_06_21_56_14_605.jpg;1.277782;0;0;2.219858;109.1207;51.86591;359.8372;297.4373;0.8010763
C:\Mark's Python files\ME5920\HW3_Gardocki\DefinedTurns\IMG\robocam_2025_04_06_21_56_14_651.jpg;0;0;0;2.212243;109.1613;51.78818;359.791;297.5119;0.6992341
C:\Mark's Python files\ME5920\HW3_Gardocki\DefinedTurns\IMG\robocam_2025_04_06_21_56_14_692.jpg;0;0;0;2.207261;109.2018;51.7106;359.7436;297.5341;0.5959206
C:\Mark's Python files\ME5920\HW3_Gardocki\DefinedTurns\IMG\robocam_2025_04_06_21_56_14_734.jpg;0.957474;0;0;2.202316;109.2423;51.63326;359.6964;297.5534;0.4959063
C:\Mark's Python files\ME5920\HW3_Gardocki\DefinedTurns\IMG\robocam_2025_04_06_21_56_14_781.jpg;2.858684;0;0;2.197332;109.2833;51.5564;359.6504;297.6575;0.4127096
C:\Mark's Python files\ME5920\HW3_Gardocki\DefinedTurns\IMG\robocam_2025_04_06_21_56_14_824.jpg;4.776052;0;0;2.192023;109.3251;51.48023;359.6055;297.9;0.3553539
C:\Mark's Python files\ME5920\HW3_Gardocki\DefinedTurns\IMG\robocam_2025_04_06_21_56_14_865.jpg;6.637095;0;0;2.186035;109.3679;51.40466;359.5708;298.2883;0.3173406
C:\Mark's Python files\ME5920\HW3_Gardocki\DefinedTurns\IMG\robocam_2025_04_06_21_56_14_907.jpg;8.497278;0;0;2.179878;109.4343;51.29305;359.5258;299.1533;0.3187541
C:\Mark's Python files\ME5920\HW3_Gardocki\DefinedTurns\IMG\robocam_2025_04_06_21_56_14_948.jpg;10.38262;0;0;2.172867;109.4804;51.22;359.5019;299.9117;0.3613047
C:\Mark's Python files\ME5920\HW3_Gardocki\DefinedTurns\IMG\robocam_2025_04_06_21_56_14_989.jpg;12.25371;0;0;2.165301;109.528;51.14799;359.4926;300.8175;0.4275611
C:\Mark's Python files\ME5920\HW3_Gardocki\DefinedTurns\IMG\robocam_2025_04_06_21_56_15_029.jpg;14.17742;0;0;2.15705;109.5773;51.07742;359.4908;301.8715;0.5279805
C:\Mark's Python files\ME5920\HW3_Gardocki\DefinedTurns\IMG\robocam_2025_04_06_21_56_15_073.jpg;15;0;0;2.148076;109.6282;51.00812;359.5052;303.0324;0.6485724
C:\Mark's Python files\ME5920\HW3_Gardocki\DefinedTurns\IMG\robocam_2025_04_06_21_56_15_115.jpg;15;0;0;2.140147;109.6803;50.93942;359.5547;304.2009;0.7577008
C:\Mark's Python files\ME5920\HW3_Gardocki\DefinedTurns\IMG\robocam_2025_04_06_21_56_15_159.jpg;15;0;0;2.127902;109.7338;50.87121;359.6515;305.3529;0.8432186
C:\Mark's Python files\ME5920\HW3_Gardocki\DefinedTurns\IMG\robocam_2025_04_06_21_56_15_201.jpg;15;0;0;2.118845;109.7889;50.80402;359.7831;306.5194;0.9207212
C:\Mark's Python files\ME5920\HW3_Gardocki\DefinedTurns\IMG\robocam_2025_04_06_21_56_15_244.jpg;15;0;0;2.110965;109.8457;50.73847;359.9236;307.7258;1.011704
C:\Mark's Python files\ME5920\HW3_Gardocki\DefinedTurns\IMG\robocam_2025_04_06_21_56_15_284.jpg;14.59691;0;0;2.103539;109.9033;50.67493;0.03124478;308.9611;1.106791
C:\Mark's Python files\ME5920\HW3_Gardocki\DefinedTurns\IMG\robocam_2025_04_06_21_56_15_326.jpg;12.77802;0;0;2.100195;109.9886;50.58248;0.04934183;310.707;1.130314
C:\Mark's Python files\ME5920\HW3_Gardocki\DefinedTurns\IMG\robocam_2025_04_06_21_56_15_367.jpg;10.93599;0;0;2.096821;110.0453;50.52299;359.9784;311.7076;1.095281
C:\Mark's Python files\ME5920\HW3_Gardocki\DefinedTurns\IMG\robocam_2025_04_06_21_56_15_411.jpg;8.99655;0;0;2.093518;110.1032;50.46417;359.9277;312.538;1.0559
C:\Mark's Python files\ME5920\HW3_Gardocki\DefinedTurns\IMG\robocam_2025_04_06_21_56_15_451.jpg;7.235689;0;0;2.089144;110.1616;50.40555;359.8969;313.2209;1.003554
C:\Mark's Python files\ME5920\HW3_Gardocki\DefinedTurns\IMG\robocam_2025_04_06_21_56_15_492.jpg;5.38331;0;0;2.08471;110.2202;50.34711;359.8774;313.7745;0.9408793
C:\Mark's Python files\ME5920\HW3_Gardocki\DefinedTurns\IMG\robocam_2025_04_06_21_56_15_534.jpg;3.562268;0;0;2.080213;110.2789;50.28886;359.8584;314.1874;0.871521
C:\Mark's Python files\ME5920\HW3_Gardocki\DefinedTurns\IMG\robocam_2025_04_06_21_56_15_575.jpg;1.665324;0;0;2.073516;110.3373;50.23064;359.8359;314.4606;0.7939738
C:\Mark's Python files\ME5920\HW3_Gardocki\DefinedTurns\IMG\robocam_2025_04_06_21_56_15_618.jpg;0;0;0;2.068785;110.3953;50.17227;359.8087;314.5839;0.7037074
C:\Mark's Python files\ME5920\HW3_Gardocki\DefinedTurns\IMG\robocam_2025_04_06_21_56_15_659.jpg;0;0;0;2.064113;110.453;50.11388;359.7786;314.6174;0.6065766
C:\Mark's Python files\ME5920\HW3_Gardocki\DefinedTurns\IMG\robocam_2025_04_06_21_56_15_701.jpg;0;0;0;2.059471;110.5105;50.05565;359.7471;314.627;0.5097032
C:\Mark's Python files\ME5920\HW3_Gardocki\DefinedTurns\IMG\robocam_2025_04_06_21_56_15_742.jpg;0;0;0;2.054822;110.5679;49.99757;359.7149;314.6299;0.4143104
C:\Mark's Python files\ME5920\HW3_Gardocki\DefinedTurns\IMG\robocam_2025_04_06_21_56_15_783.jpg;0;0;0;2.050165;110.6252;49.93963;359.6826;314.6309;0.3211113
C:\Mark's Python files\ME5920\HW3_Gardocki\DefinedTurns\IMG\robocam_2025_04_06_21_56_15_825.jpg;0;0;0;2.045501;110.6824;49.88184;359.6507;314.6314;0.2307818
C:\Mark's Python files\ME5920\HW3_Gardocki\DefinedTurns\IMG\robocam_2025_04_06_21_56_15_867.jpg;0;0;0;2.04083;110.7679;49.79539;359.6044;314.6318;0.1020337
C:\Mark's Python files\ME5920\HW3_Gardocki\DefinedTurns\IMG\robocam_2025_04_06_21_56_15_909.jpg;0;0;0;2.033819;110.8248;49.73791;359.5752;314.632;0.02150787
C:\Mark's Python files\ME5920\HW3_Gardocki\DefinedTurns\IMG\robocam_2025_04_06_21_56_15_952.jpg;0;0;0;2.029143;110.8816;49.68055;359.5476;314.6321;359.9458
C:\Mark's Python files\ME5920\HW3_Gardocki\DefinedTurns\IMG\robocam_2025_04_06_21_56_15_994.jpg;0;0;0;2.024469;110.9383;49.62331;359.5219;314.6322;359.8752
C:\Mark's Python files\ME5920\HW3_Gardocki\DefinedTurns\IMG\robocam_2025_04_06_21_56_16_036.jpg;0;0;0;2.019212;110.9953;49.56617;359.5176;314.6409;359.8318
C:\Mark's Python files\ME5920\HW3_Gardocki\DefinedTurns\IMG\robocam_2025_04_06_21_56_16_078.jpg;0;0;0;2.014308;111.0522;49.50903;359.5172;314.6467;359.7921
C:\Mark's Python files\ME5920\HW3_Gardocki\DefinedTurns\IMG\robocam_2025_04_06_21_56_16_118.jpg;0;0;0;2.009402;111.1089;49.45189;359.5216;314.6497;359.7571
C:\Mark's Python files\ME5920\HW3_Gardocki\DefinedTurns\IMG\robocam_2025_04_06_21_56_16_159.jpg;0.612387;0;0;2.004794;111.1654;49.39482;359.5259;314.6505;359.7251
C:\Mark's Python files\ME5920\HW3_Gardocki\DefinedTurns\IMG\robocam_2025_04_06_21_56_16_201.jpg;2.459727;0;0;1.999755;111.2224;49.33827;359.541;314.7288;359.7226
C:\Mark's Python files\ME5920\HW3_Gardocki\DefinedTurns\IMG\robocam_2025_04_06_21_56_16_243.jpg;4.320513;0;0;1.994722;111.2798;49.28244;359.5519;314.9343;359.7398
C:\Mark's Python files\ME5920\HW3_Gardocki\DefinedTurns\IMG\robocam_2025_04_06_21_56_16_284.jpg;6.187415;0;0;1.989302;111.3378;49.22762;359.5599;315.2839;359.7846
C:\Mark's Python files\ME5920\HW3_Gardocki\DefinedTurns\IMG\robocam_2025_04_06_21_56_16_325.jpg;8.027113;0;0;1.983433;111.4261;49.14754;359.5658;316.0707;359.9066
C:\Mark's Python files\ME5920\HW3_Gardocki\DefinedTurns\IMG\robocam_2025_04_06_21_56_16_368.jpg;9.966482;0;0;1.977107;111.4859;49.09586;359.5657;316.7686;0.026984
C:\Mark's Python files\ME5920\HW3_Gardocki\DefinedTurns\IMG\robocam_2025_04_06_21_56_16_412.jpg;11.85202;0;0;1.970051;111.5467;49.0458;359.5622;317.6115;0.1810098
C:\Mark's Python files\ME5920\HW3_Gardocki\DefinedTurns\IMG\robocam_2025_04_06_21_56_16_451.jpg;13.76927;0;0;1.961946;111.6085;48.99703;359.5767;318.5859;0.3446337
C:\Mark's Python files\ME5920\HW3_Gardocki\DefinedTurns\IMG\robocam_2025_04_06_21_56_16_494.jpg;14.28683;0;0;1.952823;111.6712;48.94984;359.6039;319.6581;0.5234699
C:\Mark's Python files\ME5920\HW3_Gardocki\DefinedTurns\IMG\robocam_2025_04_06_21_56_16_536.jpg;12.42086;0;0;1.945549;111.7346;48.90364;359.6433;320.7028;0.6994294
C:\Mark's Python files\ME5920\HW3_Gardocki\DefinedTurns\IMG\robocam_2025_04_06_21_56_16_577.jpg;10.5218;0;0;1.938187;111.7982;48.85783;359.6985;321.6293;0.8539649
C:\Mark's Python files\ME5920\HW3_Gardocki\DefinedTurns\IMG\robocam_2025_04_06_21_56_16_624.jpg;8.444518;0;0;1.93311;111.8622;48.81206;359.7821;322.422;0.9706016
C:\Mark's Python files\ME5920\HW3_Gardocki\DefinedTurns\IMG\robocam_2025_04_06_21_56_16_666.jpg;6.485912;0;0;1.928115;111.9588;48.74328;359.9624;323.3481;1.063274
C:\Mark's Python files\ME5920\HW3_Gardocki\DefinedTurns\IMG\robocam_2025_04_06_21_56_16_710.jpg;4.604048;0;0;1.923427;112.0227;48.69794;0.05249041;323.8058;1.082106
C:\Mark's Python files\ME5920\HW3_Gardocki\DefinedTurns\IMG\robocam_2025_04_06_21_56_16_751.jpg;2.726157;0;0;1.9203;112.0855;48.65289;0.08966793;324.1275;1.049448
C:\Mark's Python files\ME5920\HW3_Gardocki\DefinedTurns\IMG\robocam_2025_04_06_21_56_16_795.jpg;0.8296775;0;0;1.917363;112.1476;48.60826;0.08319235;324.3156;0.984809
C:\Mark's Python files\ME5920\HW3_Gardocki\DefinedTurns\IMG\robocam_2025_04_06_21_56_16_835.jpg;0;0;0;1.913685;112.2095;48.56383;0.06398427;324.3739;0.91209
C:\Mark's Python files\ME5920\HW3_Gardocki\DefinedTurns\IMG\robocam_2025_04_06_21_56_16_876.jpg;0;0;0;1.907435;112.2711;48.5196;0.03933194;324.3892;0.8367943
C:\Mark's Python files\ME5920\HW3_Gardocki\DefinedTurns\IMG\robocam_2025_04_06_21_56_16_919.jpg;0;0;0;1.903258;112.3326;48.47553;0.009769679;324.3935;0.7588046
C:\Mark's Python files\ME5920\HW3_Gardocki\DefinedTurns\IMG\robocam_2025_04_06_21_56_16_961.jpg;0;0;0;1.899068;112.3939;48.43161;359.9763;324.3949;0.6787986
C:\Mark's Python files\ME5920\HW3_Gardocki\DefinedTurns\IMG\robocam_2025_04_06_21_56_17_001.jpg;0;0;0;1.894865;112.455;48.38785;359.9396;324.3956;0.5975584
C:\Mark's Python files\ME5920\HW3_Gardocki\DefinedTurns\IMG\robocam_2025_04_06_21_56_17_044.jpg;0;0;0;1.890649;112.516;48.34422;359.9006;324.3961;0.5158811
C:\Mark's Python files\ME5920\HW3_Gardocki\DefinedTurns\IMG\robocam_2025_04_06_21_56_17_086.jpg;0;0;0;1.886421;112.6072;48.279;359.8394;324.3966;0.3942143
C:\Mark's Python files\ME5920\HW3_Gardocki\DefinedTurns\IMG\robocam_2025_04_06_21_56_17_130.jpg;0;0;0;1.882182;112.6678;48.23566;359.7977;324.3969;0.3147036
C:\Mark's Python files\ME5920\HW3_Gardocki\DefinedTurns\IMG\robocam_2025_04_06_21_56_17_171.jpg;0;0;0;1.877933;112.7282;48.19244;359.7561;324.3971;0.2372279
C:\Mark's Python files\ME5920\HW3_Gardocki\DefinedTurns\IMG\robocam_2025_04_06_21_56_17_211.jpg;0;0;0;1.873674;112.7886;48.14931;359.7151;324.3973;0.1623691
C:\Mark's Python files\ME5920\HW3_Gardocki\DefinedTurns\IMG\robocam_2025_04_06_21_56_17_253.jpg;0;0;0;1.869407;112.8488;48.10628;359.6754;324.3975;0.09065162
C:\Mark's Python files\ME5920\HW3_Gardocki\DefinedTurns\IMG\robocam_2025_04_06_21_56_17_294.jpg;0;0;0;1.865134;112.909;48.06334;359.6372;324.3976;0.02253585
C:\Mark's Python files\ME5920\HW3_Gardocki\DefinedTurns\IMG\robocam_2025_04_06_21_56_17_335.jpg;0;0;0;1.858717;112.969;48.02048;359.6011;324.3977;359.9584
C:\Mark's Python files\ME5920\HW3_Gardocki\DefinedTurns\IMG\robocam_2025_04_06_21_56_17_378.jpg;0;0;0;1.854235;113.0291;47.97776;359.5764;324.4026;359.9098
C:\Mark's Python files\ME5920\HW3_Gardocki\DefinedTurns\IMG\robocam_2025_04_06_21_56_17_419.jpg;0;0;0;1.849641;113.0892;47.935;359.5579;324.4053;359.8651
C:\Mark's Python files\ME5920\HW3_Gardocki\DefinedTurns\IMG\robocam_2025_04_06_21_56_17_460.jpg;0;0;0.0864057;1.842367;113.1492;47.89235;359.5507;324.4109;359.8357
C:\Mark's Python files\ME5920\HW3_Gardocki\DefinedTurns\IMG\robocam_2025_04_06_21_56_17_500.jpg;0;0;0.2079879;1.820234;113.2083;47.85019;359.5232;324.4117;359.8047
C:\Mark's Python files\ME5920\HW3_Gardocki\DefinedTurns\IMG\robocam_2025_04_06_21_56_17_541.jpg;0;0;0.3298188;1.781722;113.266;47.80926;359.4705;324.418;359.7932
C:\Mark's Python files\ME5920\HW3_Gardocki\DefinedTurns\IMG\robocam_2025_04_06_21_56_17_583.jpg;0;0;0.4588975;1.727351;113.3214;47.77003;359.368;324.4252;359.7925
C:\Mark's Python files\ME5920\HW3_Gardocki\DefinedTurns\IMG\robocam_2025_04_06_21_56_17_623.jpg;0;0;0.5793988;1.655801;113.3738;47.73303;359.2039;324.4347;359.8066
C:\Mark's Python files\ME5920\HW3_Gardocki\DefinedTurns\IMG\robocam_2025_04_06_21_56_17_666.jpg;0;0;0.7026411;1.569292;113.4455;47.68248;358.8311;324.4291;359.8618
C:\Mark's Python files\ME5920\HW3_Gardocki\DefinedTurns\IMG\robocam_2025_04_06_21_56_17_707.jpg;0;0;0.8305098;1.472019;113.4898;47.65196;358.5652;324.4587;359.9604
C:\Mark's Python files\ME5920\HW3_Gardocki\DefinedTurns\IMG\robocam_2025_04_06_21_56_17_754.jpg;0;0;0.9780321;1.379617;113.5328;47.62143;358.4053;324.5087;0.02738969
C:\Mark's Python files\ME5920\HW3_Gardocki\DefinedTurns\IMG\robocam_2025_04_06_21_56_17_795.jpg;0;0;1;1.301908;113.5739;47.59044;358.3454;324.4796;359.994
C:\Mark's Python files\ME5920\HW3_Gardocki\DefinedTurns\IMG\robocam_2025_04_06_21_56_17_836.jpg;0;0;1;1.225842;113.6143;47.5611;358.3723;324.4164;-0.00196634
C:\Mark's Python files\ME5920\HW3_Gardocki\DefinedTurns\IMG\robocam_2025_04_06_21_56_17_883.jpg;0;0;1;1.149529;113.6534;47.53252;358.4897;324.3609;-0.001687803
C:\Mark's Python files\ME5920\HW3_Gardocki\DefinedTurns\IMG\robocam_2025_04_06_21_56_17_924.jpg;0;0;1;1.073378;113.6912;47.50481;358.6945;324.308;-0.001334421
C:\Mark's Python files\ME5920\HW3_Gardocki\DefinedTurns\IMG\robocam_2025_04_06_21_56_17_965.jpg;0;0;1;0.9242851;113.7363;47.47174;358.7895;324.2806;-0.002487278
C:\Mark's Python files\ME5920\HW3_Gardocki\DefinedTurns\IMG\robocam_2025_04_06_21_56_18_007.jpg;0;0;1;0.7665898;113.7578;47.45599;358.668;324.2769;-0.003130353
C:\Mark's Python files\ME5920\HW3_Gardocki\DefinedTurns\IMG\robocam_2025_04_06_21_56_18_047.jpg;0;0;1;0.6100013;113.7731;47.44466;358.4741;324.2858;359.9933
C:\Mark's Python files\ME5920\HW3_Gardocki\DefinedTurns\IMG\robocam_2025_04_06_21_56_18_089.jpg;0;0;1;0.3724118;113.7833;47.43713;358.2563;324.3196;359.9936
C:\Mark's Python files\ME5920\HW3_Gardocki\DefinedTurns\IMG\robocam_2025_04_06_21_56_18_130.jpg;0;0;1;0.155193;113.7868;47.43481;357.9785;324.3141;359.9917
C:\Mark's Python files\ME5920\HW3_Gardocki\DefinedTurns\IMG\robocam_2025_04_06_21_56_18_170.jpg;0;0;1;0.09338455;113.7869;47.43475;357.74;324.3173;0.008761624
C:\Mark's Python files\ME5920\HW3_Gardocki\DefinedTurns\IMG\robocam_2025_04_06_21_56_18_212.jpg;0;0;1;0.03926143;113.787;47.43468;357.6263;324.3182;359.9937
C:\Mark's Python files\ME5920\HW3_Gardocki\DefinedTurns\IMG\robocam_2025_04_06_21_56_18_252.jpg;0;0;1;-0.01689866;113.7871;47.43465;357.6378;324.321;0.003754565
C:\Mark's Python files\ME5920\HW3_Gardocki\DefinedTurns\IMG\robocam_2025_04_06_21_56_18_293.jpg;0;0;1;-0.07113253;113.7872;47.43462;357.7751;324.3257;359.9904
C:\Mark's Python files\ME5920\HW3_Gardocki\DefinedTurns\IMG\robocam_2025_04_06_21_56_18_334.jpg;0;0;1;-0.09929471;113.7872;47.43461;358.036;324.3289;0.007723772
C:\Mark's Python files\ME5920\HW3_Gardocki\DefinedTurns\IMG\robocam_2025_04_06_21_56_18_375.jpg;0;0;1;-0.1532519;113.7872;47.43462;358.4193;324.3334;359.9912
C:\Mark's Python files\ME5920\HW3_Gardocki\DefinedTurns\IMG\robocam_2025_04_06_21_56_18_416.jpg;0;0;1;-0.2068192;113.7872;47.43467;358.8987;324.3362;0.009028083
C:\Mark's Python files\ME5920\HW3_Gardocki\DefinedTurns\IMG\robocam_2025_04_06_21_56_18_461.jpg;0;0;1;-0.2089482;113.787;47.43479;359.3698;324.3363;0.02158622
C:\Mark's Python files\ME5920\HW3_Gardocki\DefinedTurns\IMG\robocam_2025_04_06_21_56_18_502.jpg;0;0;1;-0.2003348;113.7869;47.43489;359.8231;324.3362;0.0331374
C:\Mark's Python files\ME5920\HW3_Gardocki\DefinedTurns\IMG\robocam_2025_04_06_21_56_18_545.jpg;0;0;0;-0.1904706;113.7867;47.43503;0.4633929;324.3357;0.04848332
C:\Mark's Python files\ME5920\HW3_Gardocki\DefinedTurns\IMG\robocam_2025_04_06_21_56_18_587.jpg;0;0;0;-0.1697176;113.7865;47.4351;0.8310874;324.3347;0.02701768
C:\Mark's Python files\ME5920\HW3_Gardocki\DefinedTurns\IMG\robocam_2025_04_06_21_56_18_630.jpg;0;0;0;-0.1505587;113.7865;47.43517;1.158169;324.3348;359.9892
C:\Mark's Python files\ME5920\HW3_Gardocki\DefinedTurns\IMG\robocam_2025_04_06_21_56_18_670.jpg;0;0;0;-0.1265388;113.7866;47.43558;1.411633;324.3374;359.992
C:\Mark's Python files\ME5920\HW3_Gardocki\DefinedTurns\IMG\robocam_2025_04_06_21_56_18_720.jpg;0;0;0;-0.04148156;113.7867;47.43594;1.533028;324.3332;0.01622729
C:\Mark's Python files\ME5920\HW3_Gardocki\DefinedTurns\IMG\robocam_2025_04_06_21_56_18_762.jpg;0;0;0;0.01819957;113.7864;47.43558;1.519738;324.334;359.9927
C:\Mark's Python files\ME5920\HW3_Gardocki\DefinedTurns\IMG\robocam_2025_04_06_21_56_18_804.jpg;0;0;0;0.05450868;113.7863;47.43553;1.397969;324.3339;359.9929
C:\Mark's Python files\ME5920\HW3_Gardocki\DefinedTurns\IMG\robocam_2025_04_06_21_56_18_845.jpg;0;0;0;0.08115456;113.7861;47.43525;1.116222;324.3324;0.009558583
C:\Mark's Python files\ME5920\HW3_Gardocki\DefinedTurns\IMG\robocam_2025_04_06_21_56_18_889.jpg;-2.332845;0;0;0.08671752;113.786;47.43495;0.9147735;324.1178;0.01627228
C:\Mark's Python files\ME5920\HW3_Gardocki\DefinedTurns\IMG\robocam_2025_04_06_21_56_18_939.jpg;-4.31545;0;0;0.08657838;113.786;47.4349;0.7197106;323.7083;0.03466474
C:\Mark's Python files\ME5920\HW3_Gardocki\DefinedTurns\IMG\robocam_2025_04_06_21_56_18_979.jpg;-6.176227;0;0;0.08503554;113.786;47.43486;0.5274047;323.0766;0.05091251
C:\Mark's Python files\ME5920\HW3_Gardocki\DefinedTurns\IMG\robocam_2025_04_06_21_56_19_020.jpg;-8.032905;0;0;0.08277441;113.7861;47.4348;0.3394421;322.222;0.06294692
C:\Mark's Python files\ME5920\HW3_Gardocki\DefinedTurns\IMG\robocam_2025_04_06_21_56_19_062.jpg;-9.856332;0;0;0.079879;113.7861;47.43476;0.1573205;321.15;0.0689408
C:\Mark's Python files\ME5920\HW3_Gardocki\DefinedTurns\IMG\robocam_2025_04_06_21_56_19_101.jpg;-11.74226;0;0;0.07641826;113.7862;47.43471;359.9825;319.8661;0.06744477
C:\Mark's Python files\ME5920\HW3_Gardocki\DefinedTurns\IMG\robocam_2025_04_06_21_56_19_150.jpg;-13.75205;0;0;0.07245056;113.7863;47.43465;359.7372;317.5267;0.04885565
C:\Mark's Python files\ME5920\HW3_Gardocki\DefinedTurns\IMG\robocam_2025_04_06_21_56_19_190.jpg;-15;0;0;0.0680363;113.7863;47.43461;359.5871;315.733;0.02487542
C:\Mark's Python files\ME5920\HW3_Gardocki\DefinedTurns\IMG\robocam_2025_04_06_21_56_19_233.jpg;-15;0;0;0.06322679;113.7864;47.43458;359.4492;313.9329;359.9933
C:\Mark's Python files\ME5920\HW3_Gardocki\DefinedTurns\IMG\robocam_2025_04_06_21_56_19_275.jpg;-15;0;0;0.05443283;113.7864;47.43454;359.3348;312.1329;359.9677
C:\Mark's Python files\ME5920\HW3_Gardocki\DefinedTurns\IMG\robocam_2025_04_06_21_56_19_317.jpg;-15;0;0;0.04166596;113.7864;47.43451;359.2397;310.3329;359.945
C:\Mark's Python files\ME5920\HW3_Gardocki\DefinedTurns\IMG\robocam_2025_04_06_21_56_19_368.jpg;-15;0;0;0.03438225;113.7865;47.43446;359.1294;307.6328;359.9154
C:\Mark's Python files\ME5920\HW3_Gardocki\DefinedTurns\IMG\robocam_2025_04_06_21_56_19_410.jpg;-15;0;0;0.02776133;113.7865;47.43444;359.0758;305.8328;359.8991
C:\Mark's Python files\ME5920\HW3_Gardocki\DefinedTurns\IMG\robocam_2025_04_06_21_56_19_451.jpg;-15;0;0;0.02204513;113.7865;47.43442;359.0368;304.0328;359.8859
C:\Mark's Python files\ME5920\HW3_Gardocki\DefinedTurns\IMG\robocam_2025_04_06_21_56_19_492.jpg;-15;0;0;0.01724223;113.7865;47.43441;359.0111;302.2328;359.8757
C:\Mark's Python files\ME5920\HW3_Gardocki\DefinedTurns\IMG\robocam_2025_04_06_21_56_19_535.jpg;-15;0;0;0.01387957;113.7865;47.43439;358.9975;300.433;359.8688
C:\Mark's Python files\ME5920\HW3_Gardocki\DefinedTurns\IMG\robocam_2025_04_06_21_56_19_577.jpg;-15;0;0;0.01322049;113.7865;47.43438;358.9988;298.6332;359.8695
C:\Mark's Python files\ME5920\HW3_Gardocki\DefinedTurns\IMG\robocam_2025_04_06_21_56_19_618.jpg;-15;0;0;-0.01623355;113.7865;47.43437;359.01;296.8334;359.8741
C:\Mark's Python files\ME5920\HW3_Gardocki\DefinedTurns\IMG\robocam_2025_04_06_21_56_19_660.jpg;-15;0;0;-0.0179497;113.7865;47.43436;359.0286;295.0335;359.881
C:\Mark's Python files\ME5920\HW3_Gardocki\DefinedTurns\IMG\robocam_2025_04_06_21_56_19_700.jpg;-15;0;0;-0.01967421;113.7865;47.43436;359.0535;293.2337;359.8898
C:\Mark's Python files\ME5920\HW3_Gardocki\DefinedTurns\IMG\robocam_2025_04_06_21_56_19_745.jpg;-15;0;0;-0.02137794;113.7865;47.43436;359.0836;291.4339;359.9004
C:\Mark's Python files\ME5920\HW3_Gardocki\DefinedTurns\IMG\robocam_2025_04_06_21_56_19_787.jpg;-15;0;0;-0.02299283;113.7865;47.43437;359.1369;288.7342;359.919
C:\Mark's Python files\ME5920\HW3_Gardocki\DefinedTurns\IMG\robocam_2025_04_06_21_56_19_836.jpg;-15;0;0;-0.02527645;113.7864;47.43438;359.1772;286.9343;359.9338
C:\Mark's Python files\ME5920\HW3_Gardocki\DefinedTurns\IMG\robocam_2025_04_06_21_56_19_876.jpg;-15;0;0;-0.02669321;113.7864;47.43439;359.2208;285.1343;359.9509
C:\Mark's Python files\ME5920\HW3_Gardocki\DefinedTurns\IMG\robocam_2025_04_06_21_56_19_917.jpg;-15;0;0;-0.02791;113.7864;47.4344;359.2672;283.3344;359.97
C:\Mark's Python files\ME5920\HW3_Gardocki\DefinedTurns\IMG\robocam_2025_04_06_21_56_19_958.jpg;-15;0;0;-0.02890291;113.7864;47.43441;359.3158;281.5344;359.991
C:\Mark's Python files\ME5920\HW3_Gardocki\DefinedTurns\IMG\robocam_2025_04_06_21_56_19_999.jpg;-15;0;0;-0.02966299;113.7864;47.43443;359.3658;279.7345;0.01388312
C:\Mark's Python files\ME5920\HW3_Gardocki\DefinedTurns\IMG\robocam_2025_04_06_21_56_20_041.jpg;-15;0;0;-0.03018551;113.7864;47.43444;359.4168;277.9345;0.03829336
C:\Mark's Python files\ME5920\HW3_Gardocki\DefinedTurns\IMG\robocam_2025_04_06_21_56_20_081.jpg;-15;0;0;-0.030475;113.7864;47.43446;359.4683;276.1345;0.0640146
C:\Mark's Python files\ME5920\HW3_Gardocki\DefinedTurns\IMG\robocam_2025_04_06_21_56_20_124.jpg;-15;0;0;-0.03053493;113.7863;47.43448;359.5197;274.3345;0.09076921
C:\Mark's Python files\ME5920\HW3_Gardocki\DefinedTurns\IMG\robocam_2025_04_06_21_56_20_165.jpg;-15;0;0;-0.03037594;113.7863;47.43451;359.5956;271.6346;0.1321787
C:\Mark's Python files\ME5920\HW3_Gardocki\DefinedTurns\IMG\robocam_2025_04_06_21_56_20_207.jpg;-15;0;0;-0.03001115;113.7863;47.43452;359.645;269.8345;0.1601785
C:\Mark's Python files\ME5920\HW3_Gardocki\DefinedTurns\IMG\robocam_2025_04_06_21_56_20_249.jpg;-15;0;0;-0.02945199;113.7863;47.43454;359.6929;268.0345;0.1881134
C:\Mark's Python files\ME5920\HW3_Gardocki\DefinedTurns\IMG\robocam_2025_04_06_21_56_20_288.jpg;-15;0;0;-0.0287183;113.7863;47.43457;359.739;266.2344;0.2156644
C:\Mark's Python files\ME5920\HW3_Gardocki\DefinedTurns\IMG\robocam_2025_04_06_21_56_20_329.jpg;-13.80284;0;0;-0.02782417;113.7863;47.43459;359.7837;264.527;0.2428506
C:\Mark's Python files\ME5920\HW3_Gardocki\DefinedTurns\IMG\robocam_2025_04_06_21_56_20_370.jpg;-11.94387;0;0;-0.02676964;113.7863;47.43461;359.8272;263.0433;0.2695101
C:\Mark's Python files\ME5920\HW3_Gardocki\DefinedTurns\IMG\robocam_2025_04_06_21_56_20_410.jpg;-10.0644;0;0;-0.02557181;113.7862;47.43463;359.8697;261.7811;0.2948419
C:\Mark's Python files\ME5920\HW3_Gardocki\DefinedTurns\IMG\robocam_2025_04_06_21_56_20_452.jpg;-8.242572;0;0;-0.02425613;113.7862;47.43465;359.9114;260.7363;0.3181255
C:\Mark's Python files\ME5920\HW3_Gardocki\DefinedTurns\IMG\robocam_2025_04_06_21_56_20_500.jpg;-6.159135;0;0;-0.02212935;113.7862;47.43467;359.9521;259.8929;0.3387206
C:\Mark's Python files\ME5920\HW3_Gardocki\DefinedTurns\IMG\robocam_2025_04_06_21_56_20_546.jpg;-3.967918;0;0;-0.020651;113.7862;47.43469;0.01147357;259.0264;0.363477
C:\Mark's Python files\ME5920\HW3_Gardocki\DefinedTurns\IMG\robocam_2025_04_06_21_56_20_594.jpg;-1.871426;0;0;-0.01840963;113.7862;47.4347;0.04992541;258.7151;0.3753004
C:\Mark's Python files\ME5920\HW3_Gardocki\DefinedTurns\IMG\robocam_2025_04_06_21_56_20_635.jpg;-0.05161305;0;0;-0.01694296;113.7862;47.43472;0.08736684;258.623;0.3830232
C:\Mark's Python files\ME5920\HW3_Gardocki\DefinedTurns\IMG\robocam_2025_04_06_21_56_20_675.jpg;0;0;0;-0.01447737;113.7862;47.43473;0.1209781;258.623;0.384732
C:\Mark's Python files\ME5920\HW3_Gardocki\DefinedTurns\IMG\robocam_2025_04_06_21_56_20_716.jpg;0;0;0;-0.01283786;113.7862;47.43475;0.1500931;258.623;0.3807595
C:\Mark's Python files\ME5920\HW3_Gardocki\DefinedTurns\IMG\robocam_2025_04_06_21_56_20_756.jpg;0;0;0;-0.0117525;113.7862;47.43475;0.1754162;258.623;0.3722548
C:\Mark's Python files\ME5920\HW3_Gardocki\DefinedTurns\IMG\robocam_2025_04_06_21_56_20_797.jpg;0;0;0;-0.01108037;113.7862;47.43476;0.1970115;258.623;0.3597186
C:\Mark's Python files\ME5920\HW3_Gardocki\DefinedTurns\IMG\robocam_2025_04_06_21_56_20_838.jpg;0;0;0;-0.01083145;113.7862;47.43477;0.2153573;258.623;0.3440225
C:\Mark's Python files\ME5920\HW3_Gardocki\DefinedTurns\IMG\robocam_2025_04_06_21_56_20_878.jpg;0;0;0;-0.01060297;113.7863;47.43478;0.2306804;258.623;0.3257527
C:\Mark's Python files\ME5920\HW3_Gardocki\DefinedTurns\IMG\robocam_2025_04_06_21_56_20_931.jpg;0;0;0.07900919;-0.0106342;113.7863;47.43478;0.2484627;258.623;0.2947023
C:\Mark's Python files\ME5920\HW3_Gardocki\DefinedTurns\IMG\robocam_2025_04_06_21_56_20_973.jpg;0;0;0.2079933;-0.0107271;113.7863;47.43479;0.2570084;258.623;0.2721498
C:\Mark's Python files\ME5920\HW3_Gardocki\DefinedTurns\IMG\robocam_2025_04_06_21_56_21_015.jpg;0;0;0.3332262;-0.01087403;113.7863;47.43479;0.2629107;258.623;0.2484047
C:\Mark's Python files\ME5920\HW3_Gardocki\DefinedTurns\IMG\robocam_2025_04_06_21_56_21_056.jpg;0;0;0.4572006;-0.01104969;113.7863;47.43479;0.2662483;258.623;0.2237587
C:\Mark's Python files\ME5920\HW3_Gardocki\DefinedTurns\IMG\robocam_2025_04_06_21_56_21_099.jpg;0;0;0.5858415;-0.01132029;113.7863;47.43479;0.2671187;258.623;0.1984941
C:\Mark's Python files\ME5920\HW3_Gardocki\DefinedTurns\IMG\robocam_2025_04_06_21_56_21_140.jpg;0;0;0.7078646;0.01148089;113.7863;47.43479;0.2656354;258.623;0.1728824
C:\Mark's Python files\ME5920\HW3_Gardocki\DefinedTurns\IMG\robocam_2025_04_06_21_56_21_181.jpg;0;0;0.8355227;0.01160967;113.7863;47.43478;0.2619253;258.623;0.1471829
C:\Mark's Python files\ME5920\HW3_Gardocki\DefinedTurns\IMG\robocam_2025_04_06_21_56_21_224.jpg;0;0;0.9595178;0.01169828;113.7863;47.43478;0.2561313;258.623;0.1216398
C:\Mark's Python files\ME5920\HW3_Gardocki\DefinedTurns\IMG\robocam_2025_04_06_21_56_21_264.jpg;0;0;1;0.01174192;113.7863;47.43478;0.2484048;258.623;0.09648004
C:\Mark's Python files\ME5920\HW3_Gardocki\DefinedTurns\IMG\robocam_2025_04_06_21_56_21_305.jpg;0;0;1;0.01173532;113.7864;47.43476;0.233549;258.623;0.05991908
C:\Mark's Python files\ME5920\HW3_Gardocki\DefinedTurns\IMG\robocam_2025_04_06_21_56_21_346.jpg;0;0;1;0.01167777;113.7864;47.43476;0.2217153;258.623;0.03660468
C:\Mark's Python files\ME5920\HW3_Gardocki\DefinedTurns\IMG\robocam_2025_04_06_21_56_21_390.jpg;0;0;1;0.01156927;113.7864;47.43475;0.2085453;258.623;0.01433264
C:\Mark's Python files\ME5920\HW3_Gardocki\DefinedTurns\IMG\robocam_2025_04_06_21_56_21_431.jpg;0;0;1;0.01140964;113.7864;47.43475;0.1942174;258.623;359.9933
C:\Mark's Python files\ME5920\HW3_Gardocki\DefinedTurns\IMG\robocam_2025_04_06_21_56_21_472.jpg;0;0;1;0.01120286;113.7864;47.43474;0.1789131;258.623;359.9735
C:\Mark's Python files\ME5920\HW3_Gardocki\DefinedTurns\IMG\robocam_2025_04_06_21_56_21_514.jpg;0;0;1;0.01095033;113.7864;47.43473;0.1628121;258.623;359.9551
C:\Mark's Python files\ME5920\HW3_Gardocki\DefinedTurns\IMG\robocam_2025_04_06_21_56_21_556.jpg;0;0;1;0.01065698;113.7864;47.43472;0.1460933;258.623;359.9383
C:\Mark's Python files\ME5920\HW3_Gardocki\DefinedTurns\IMG\robocam_2025_04_06_21_56_21_597.jpg;0;0;1;0.0101489;113.7864;47.43472;0.1289315;258.623;359.923
C:\Mark's Python files\ME5920\HW3_Gardocki\DefinedTurns\IMG\robocam_2025_04_06_21_56_21_640.jpg;0;0;1;0;113.7864;47.43472;0.1114972;258.623;359.9094
C:\Mark's Python files\ME5920\HW3_Gardocki\DefinedTurns\IMG\robocam_2025_04_06_21_56_21_683.jpg;0;0;1;0;113.7864;47.4347;0.09395561;258.623;359.8974
C:\Mark's Python files\ME5920\HW3_Gardocki\DefinedTurns\IMG\robocam_2025_04_06_21_56_21_726.jpg;0;0;1;0;113.7864;47.43469;0.06778108;258.623;359.8825
C:\Mark's Python files\ME5920\HW3_Gardocki\DefinedTurns\IMG\robocam_2025_04_06_21_56_21_767.jpg;0;0;0;0;113.7864;47.43468;0.05063819;258.623;359.8747
C:\Mark's Python files\ME5920\HW3_Gardocki\DefinedTurns\IMG\robocam_2025_04_06_21_56_21_810.jpg;0;0;0;0;113.7864;47.43468;0.03389988;258.623;359.8685
C:\Mark's Python files\ME5920\HW3_Gardocki\DefinedTurns\IMG\robocam_2025_04_06_21_56_21_850.jpg;0;0;0;0;113.7864;47.43467;0.01769062;258.623;359.8639
C:\Mark's Python files\ME5920\HW3_Gardocki\DefinedTurns\IMG\robocam_2025_04_06_21_56_21_892.jpg;0;0.0416196;0;0;113.7864;47.43463;0.00308695;258.6227;359.8609
C:\Mark's Python files\ME5920\HW3_Gardocki\DefinedTurns\IMG\robocam_2025_04_06_21_56_21_934.jpg;0;0.1656831;0;0.01240806;113.7864;47.43457;359.9894;258.5745;359.8596
C:\Mark's Python files\ME5920\HW3_Gardocki\DefinedTurns\IMG\robocam_2025_04_06_21_56_21_977.jpg;0;0.2898627;0;0.02041509;113.7862;47.43341;0.001100494;258.4927;359.8595
C:\Mark's Python files\ME5920\HW3_Gardocki\DefinedTurns\IMG\robocam_2025_04_06_21_56_22_019.jpg;0;0.4479753;0;0.0360091;113.7858;47.43155;0.02838046;258.4744;359.8608
C:\Mark's Python files\ME5920\HW3_Gardocki\DefinedTurns\IMG\robocam_2025_04_06_21_56_22_059.jpg;0;0.5737962;0;0.04823989;113.7854;47.42944;0.05905108;258.6249;359.863
C:\Mark's Python files\ME5920\HW3_Gardocki\DefinedTurns\IMG\robocam_2025_04_06_21_56_22_099.jpg;0;0.6951228;0;0.06175964;113.7848;47.42635;0.1096631;258.7313;359.8664
C:\Mark's Python files\ME5920\HW3_Gardocki\DefinedTurns\IMG\robocam_2025_04_06_21_56_22_141.jpg;0;0.7861139;0;0.08105069;113.7839;47.4221;0.182317;258.7578;359.8709
C:\Mark's Python files\ME5920\HW3_Gardocki\DefinedTurns\IMG\robocam_2025_04_06_21_56_22_182.jpg;0;0.9107577;0;0.1099102;113.7826;47.41563;0.2999665;258.6548;359.8769
C:\Mark's Python files\ME5920\HW3_Gardocki\DefinedTurns\IMG\robocam_2025_04_06_21_56_22_224.jpg;0;1;0;0.1447688;113.7814;47.40843;0.4148138;258.6909;359.8981
C:\Mark's Python files\ME5920\HW3_Gardocki\DefinedTurns\IMG\robocam_2025_04_06_21_56_22_266.jpg;0;1;0;0.183577;113.7787;47.39413;0.6358002;258.5557;359.9408
C:\Mark's Python files\ME5920\HW3_Gardocki\DefinedTurns\IMG\robocam_2025_04_06_21_56_22_309.jpg;0;1;0;0.2216404;113.7765;47.38244;0.8069186;258.5475;359.9774
C:\Mark's Python files\ME5920\HW3_Gardocki\DefinedTurns\IMG\robocam_2025_04_06_21_56_22_350.jpg;0;1;0;0.2587306;113.7737;47.36887;0.9958093;258.5774;0.008617978
C:\Mark's Python files\ME5920\HW3_Gardocki\DefinedTurns\IMG\robocam_2025_04_06_21_56_22_391.jpg;0;1;0;0.2815516;113.7705;47.35475;1.166223;258.5533;0.01828291
C:\Mark's Python files\ME5920\HW3_Gardocki\DefinedTurns\IMG\robocam_2025_04_06_21_56_22_434.jpg;0;1;0;0.3166801;113.7669;47.33926;1.317435;258.4872;-0.001389244
C:\Mark's Python files\ME5920\HW3_Gardocki\DefinedTurns\IMG\robocam_2025_04_06_21_56_22_475.jpg;0;1;0;0.3415048;113.7643;47.32585;1.310345;258.4319;-0.00314874
C:\Mark's Python files\ME5920\HW3_Gardocki\DefinedTurns\IMG\robocam_2025_04_06_21_56_22_516.jpg;0;1;0;0.4160273;113.7614;47.31173;1.223169;258.4209;-0.0008627215
C:\Mark's Python files\ME5920\HW3_Gardocki\DefinedTurns\IMG\robocam_2025_04_06_21_56_22_559.jpg;0;1;0;0.4531932;113.7581;47.29553;1.150031;258.3132;0.0002998416
C:\Mark's Python files\ME5920\HW3_Gardocki\DefinedTurns\IMG\robocam_2025_04_06_21_56_22_600.jpg;0;1;0;0.4962158;113.7542;47.27717;1.116496;258.2855;-0.000502261
C:\Mark's Python files\ME5920\HW3_Gardocki\DefinedTurns\IMG\robocam_2025_04_06_21_56_22_642.jpg;0;1;0;0.4989484;113.7503;47.25805;1.089301;258.3147;9.770804E-05
C:\Mark's Python files\ME5920\HW3_Gardocki\DefinedTurns\IMG\robocam_2025_04_06_21_56_22_684.jpg;0;1;0;0.5504681;113.7457;47.23656;1.103716;258.3648;-0.001305088
C:\Mark's Python files\ME5920\HW3_Gardocki\DefinedTurns\IMG\robocam_2025_04_06_21_56_22_726.jpg;0;1;0;0.5800914;113.7385;47.20194;1.151323;258.42;-0.0006724557
C:\Mark's Python files\ME5920\HW3_Gardocki\DefinedTurns\IMG\robocam_2025_04_06_21_56_22_768.jpg;0;1;0;0.6111143;113.7332;47.17656;1.20964;258.3697;-0.0003341267
C:\Mark's Python files\ME5920\HW3_Gardocki\DefinedTurns\IMG\robocam_2025_04_06_21_56_22_812.jpg;0;1;0;0.6301284;113.7278;47.15099;1.237694;258.3627;-0.001546345
C:\Mark's Python files\ME5920\HW3_Gardocki\DefinedTurns\IMG\robocam_2025_04_06_21_56_22_852.jpg;0;1;0;0.6631402;113.7223;47.12421;1.246283;258.4542;-0.002366834
C:\Mark's Python files\ME5920\HW3_Gardocki\DefinedTurns\IMG\robocam_2025_04_06_21_56_22_893.jpg;0;1;0;0.7063755;113.7165;47.09636;1.237396;258.4645;-0.0009132571
C:\Mark's Python files\ME5920\HW3_Gardocki\DefinedTurns\IMG\robocam_2025_04_06_21_56_22_935.jpg;0;1;0;0.7431685;113.7104;47.06744;1.216857;258.4937;-0.001689679
C:\Mark's Python files\ME5920\HW3_Gardocki\DefinedTurns\IMG\robocam_2025_04_06_21_56_22_978.jpg;0;1;0;0.7882007;113.7041;47.03718;1.194845;258.4954;-0.001155727
C:\Mark's Python files\ME5920\HW3_Gardocki\DefinedTurns\IMG\robocam_2025_04_06_21_56_23_019.jpg;0;1;0;0.8242849;113.6975;47.00553;1.186957;258.4745;-0.0002658608
C:\Mark's Python files\ME5920\HW3_Gardocki\DefinedTurns\IMG\robocam_2025_04_06_21_56_23_061.jpg;0;1;0;0.859364;113.6905;46.97208;1.203346;258.5172;-0.001181803
C:\Mark's Python files\ME5920\HW3_Gardocki\DefinedTurns\IMG\robocam_2025_04_06_21_56_23_102.jpg;0;1;0;0.887085;113.6834;46.93737;1.218715;258.5283;-0.0003955334
C:\Mark's Python files\ME5920\HW3_Gardocki\DefinedTurns\IMG\robocam_2025_04_06_21_56_23_144.jpg;0;1;0;0.9243746;113.6758;46.90101;1.238254;258.528;-0.0009452948
C:\Mark's Python files\ME5920\HW3_Gardocki\DefinedTurns\IMG\robocam_2025_04_06_21_56_23_186.jpg;0;1;0;0.9579597;113.6641;46.84423;1.2517;258.5219;-0.0009816603
C:\Mark's Python files\ME5920\HW3_Gardocki\DefinedTurns\IMG\robocam_2025_04_06_21_56_23_228.jpg;0;1;0;0.990742;113.656;46.80508;1.245379;258.5173;-0.0009674473
C:\Mark's Python files\ME5920\HW3_Gardocki\DefinedTurns\IMG\robocam_2025_04_06_21_56_23_270.jpg;0;1;0;1.023187;113.6476;46.76481;1.230528;258.5125;-0.00089795
C:\Mark's Python files\ME5920\HW3_Gardocki\DefinedTurns\IMG\robocam_2025_04_06_21_56_23_313.jpg;0;1;0;1.055399;113.6391;46.72352;1.212013;258.5084;-0.0004392581
C:\Mark's Python files\ME5920\HW3_Gardocki\DefinedTurns\IMG\robocam_2025_04_06_21_56_23_355.jpg;0;1;0;1.09012;113.6302;46.68055;1.215618;258.5236;-0.001185705
C:\Mark's Python files\ME5920\HW3_Gardocki\DefinedTurns\IMG\robocam_2025_04_06_21_56_23_396.jpg;0;1;0;1.134738;113.6209;46.63613;1.227377;258.5109;-0.000790709
C:\Mark's Python files\ME5920\HW3_Gardocki\DefinedTurns\IMG\robocam_2025_04_06_21_56_23_438.jpg;0;1;0;1.164406;113.6115;46.5907;1.230556;258.4935;-0.0007233397
C:\Mark's Python files\ME5920\HW3_Gardocki\DefinedTurns\IMG\robocam_2025_04_06_21_56_23_480.jpg;0;1;0;1.192178;113.6019;46.5444;1.222585;258.4808;-0.0008393705
C:\Mark's Python files\ME5920\HW3_Gardocki\DefinedTurns\IMG\robocam_2025_04_06_21_56_23_523.jpg;0;1;0;1.229057;113.592;46.49632;1.232383;258.476;-0.0008318213
C:\Mark's Python files\ME5920\HW3_Gardocki\DefinedTurns\IMG\robocam_2025_04_06_21_56_23_564.jpg;0;1;0;1.256485;113.5818;46.44738;1.230645;258.4713;-0.0008853807
C:\Mark's Python files\ME5920\HW3_Gardocki\DefinedTurns\IMG\robocam_2025_04_06_21_56_23_606.jpg;0;1;0;1.28964;113.566;46.37156;1.231336;258.4397;-0.0008257764
C:\Mark's Python files\ME5920\HW3_Gardocki\DefinedTurns\IMG\robocam_2025_04_06_21_56_23_649.jpg;0;1;0;1.322652;113.5551;46.31936;1.237385;258.4187;-0.0008321297
C:\Mark's Python files\ME5920\HW3_Gardocki\DefinedTurns\IMG\robocam_2025_04_06_21_56_23_689.jpg;0;1;0;1.352244;113.544;46.26605;1.239558;258.4116;-0.000915673
C:\Mark's Python files\ME5920\HW3_Gardocki\DefinedTurns\IMG\robocam_2025_04_06_21_56_23_732.jpg;0;1;0;1.383151;113.5326;46.21148;1.241506;258.3985;-0.0007703914
C:\Mark's Python files\ME5920\HW3_Gardocki\DefinedTurns\IMG\robocam_2025_04_06_21_56_23_774.jpg;0;1;0;1.415558;113.5209;46.15564;1.245618;258.3856;-0.0008429672
C:\Mark's Python files\ME5920\HW3_Gardocki\DefinedTurns\IMG\robocam_2025_04_06_21_56_23_814.jpg;0;1;0;1.446919;113.509;46.09864;1.24685;258.3792;-0.0009510756
C:\Mark's Python files\ME5920\HW3_Gardocki\DefinedTurns\IMG\robocam_2025_04_06_21_56_23_856.jpg;0;1;0;1.479343;113.4967;46.04035;1.250199;258.3691;-0.0009410825
C:\Mark's Python files\ME5920\HW3_Gardocki\DefinedTurns\IMG\robocam_2025_04_06_21_56_23_897.jpg;0;1;0;1.526138;113.4843;45.98089;1.251313;258.3604;-0.0009210145
C:\Mark's Python files\ME5920\HW3_Gardocki\DefinedTurns\IMG\robocam_2025_04_06_21_56_23_938.jpg;0;1;0;1.556166;113.4715;45.92015;1.256269;258.3534;-0.0009840506
C:\Mark's Python files\ME5920\HW3_Gardocki\DefinedTurns\IMG\robocam_2025_04_06_21_56_23_980.jpg;0;1;0;1.588078;113.4585;45.85824;1.258314;258.3455;-0.0009594461
C:\Mark's Python files\ME5920\HW3_Gardocki\DefinedTurns\IMG\robocam_2025_04_06_21_56_24_020.jpg;0;1;0;1.618942;113.4452;45.79511;1.260673;258.3379;-0.0009706019
C:\Mark's Python files\ME5920\HW3_Gardocki\DefinedTurns\IMG\robocam_2025_04_06_21_56_24_061.jpg;-1.818891;1;0;1.649693;113.4315;45.73083;1.262968;258.2926;-0.0007603633
C:\Mark's Python files\ME5920\HW3_Gardocki\DefinedTurns\IMG\robocam_2025_04_06_21_56_24_102.jpg;-3.69572;1;0;1.679414;113.4169;45.66557;1.260702;258.1456;-1.402396E-05
C:\Mark's Python files\ME5920\HW3_Gardocki\DefinedTurns\IMG\robocam_2025_04_06_21_56_24_144.jpg;-5.520384;1;0;1.709249;113.4013;45.59919;1.264635;257.8694;0.0008216906
C:\Mark's Python files\ME5920\HW3_Gardocki\DefinedTurns\IMG\robocam_2025_04_06_21_56_24_185.jpg;-7.377444;1;0;1.739715;113.3845;45.53198;1.261975;257.4621;0.002006535
C:\Mark's Python files\ME5920\HW3_Gardocki\DefinedTurns\IMG\robocam_2025_04_06_21_56_24_226.jpg;-8.001387;1;0;1.768487;113.3569;45.42951;1.26028;256.6202;-0.0021211
C:\Mark's Python files\ME5920\HW3_Gardocki\DefinedTurns\IMG\robocam_2025_04_06_21_56_24_267.jpg;-6.150375;1;0;1.798969;113.3377;45.35978;1.26222;256.0969;0.002386409
C:\Mark's Python files\ME5920\HW3_Gardocki\DefinedTurns\IMG\robocam_2025_04_06_21_56_24_309.jpg;-4.323568;1;0;1.82891;113.318;45.28885;1.267159;255.677;0.002251458
C:\Mark's Python files\ME5920\HW3_Gardocki\DefinedTurns\IMG\robocam_2025_04_06_21_56_24_352.jpg;-2.377391;1;0;1.859342;113.2981;45.2167;1.274299;255.3864;0.001133905
C:\Mark's Python files\ME5920\HW3_Gardocki\DefinedTurns\IMG\robocam_2025_04_06_21_56_24_393.jpg;-0.5097512;1;0;1.88977;113.278;45.14334;1.280658;255.2189;0.0004966735
C:\Mark's Python files\ME5920\HW3_Gardocki\DefinedTurns\IMG\robocam_2025_04_06_21_56_24_434.jpg;0;1;0;1.92056;113.2578;45.06874;1.28826;255.1615;-0.0005641535
C:\Mark's Python files\ME5920\HW3_Gardocki\DefinedTurns\IMG\robocam_2025_04_06_21_56_24_475.jpg;0;1;0;1.95072;113.2374;44.993;1.293174;255.1392;-0.0009802084
C:\Mark's Python files\ME5920\HW3_Gardocki\DefinedTurns\IMG\robocam_2025_04_06_21_56_24_518.jpg;0;1;0;1.995192;113.2167;44.91615;1.295149;255.1273;-0.001096432
C:\Mark's Python files\ME5920\HW3_Gardocki\DefinedTurns\IMG\robocam_2025_04_06_21_56_24_558.jpg;0;1;0;2.025758;113.1957;44.83811;1.298221;255.1169;-0.001138733
C:\Mark's Python files\ME5920\HW3_Gardocki\DefinedTurns\IMG\robocam_2025_04_06_21_56_24_599.jpg;0;1;0;2.054898;113.1743;44.75895;1.300666;255.1104;-0.001158896
C:\Mark's Python files\ME5920\HW3_Gardocki\DefinedTurns\IMG\robocam_2025_04_06_21_56_24_641.jpg;0;1;0;2.085333;113.1526;44.67862;1.303667;255.1017;-0.001148596
C:\Mark's Python files\ME5920\HW3_Gardocki\DefinedTurns\IMG\robocam_2025_04_06_21_56_24_681.jpg;0;1;0;2.115157;113.1306;44.59722;1.302644;255.0947;-0.00116665
C:\Mark's Python files\ME5920\HW3_Gardocki\DefinedTurns\IMG\robocam_2025_04_06_21_56_24_724.jpg;0;1;0;2.144622;113.1082;44.51461;1.305595;255.0866;-0.001174871
C:\Mark's Python files\ME5920\HW3_Gardocki\DefinedTurns\IMG\robocam_2025_04_06_21_56_24_766.jpg;0;1;0;2.174039;113.0741;44.38855;1.311008;255.0769;-0.001224859
C:\Mark's Python files\ME5920\HW3_Gardocki\DefinedTurns\IMG\robocam_2025_04_06_21_56_24_806.jpg;0;1;0;2.203692;113.051;44.3031;1.313509;255.0683;-0.001185122
C:\Mark's Python files\ME5920\HW3_Gardocki\DefinedTurns\IMG\robocam_2025_04_06_21_56_24_847.jpg;0;1;0;2.247095;113.0275;44.21656;1.314171;255.062;-0.001229411
C:\Mark's Python files\ME5920\HW3_Gardocki\DefinedTurns\IMG\robocam_2025_04_06_21_56_24_888.jpg;0;1;0;2.277094;113.0037;44.12888;1.314548;255.0532;-0.001197866
C:\Mark's Python files\ME5920\HW3_Gardocki\DefinedTurns\IMG\robocam_2025_04_06_21_56_24_929.jpg;0;1;0;2.306215;112.9796;44.04004;1.317262;255.0453;-0.001257034
C:\Mark's Python files\ME5920\HW3_Gardocki\DefinedTurns\IMG\robocam_2025_04_06_21_56_24_970.jpg;0;1;0;2.335283;112.9552;43.95005;1.321867;255.0378;-0.001248216
C:\Mark's Python files\ME5920\HW3_Gardocki\DefinedTurns\IMG\robocam_2025_04_06_21_56_25_011.jpg;0;1;0;2.363795;112.9305;43.859;1.323787;255.0318;-0.001280348
C:\Mark's Python files\ME5920\HW3_Gardocki\DefinedTurns\IMG\robocam_2025_04_06_21_56_25_051.jpg;0;1;0;2.393546;112.9054;43.76683;1.324468;255.0229;-0.001236288
C:\Mark's Python files\ME5920\HW3_Gardocki\DefinedTurns\IMG\robocam_2025_04_06_21_56_25_093.jpg;0;1;0;2.422426;112.88;43.67352;1.326666;255.015;-0.001271503
C:\Mark's Python files\ME5920\HW3_Gardocki\DefinedTurns\IMG\robocam_2025_04_06_21_56_25_145.jpg;0;1;0;2.451247;112.8543;43.57908;1.330062;255.0074;-0.00130014
C:\Mark's Python files\ME5920\HW3_Gardocki\DefinedTurns\IMG\robocam_2025_04_06_21_56_25_185.jpg;0;1;0;2.480017;112.8283;43.48352;1.334225;255;-0.001309537
C:\Mark's Python files\ME5920\HW3_Gardocki\DefinedTurns\IMG\robocam_2025_04_06_21_56_25_226.jpg;0;1;0;2.509017;112.7888;43.33826;1.331248;254.9885;-0.001290961
C:\Mark's Python files\ME5920\HW3_Gardocki\DefinedTurns\IMG\robocam_2025_04_06_21_56_25_267.jpg;0;1;0;2.537635;112.762;43.24;1.331349;254.9803;-0.001269077
C:\Mark's Python files\ME5920\HW3_Gardocki\DefinedTurns\IMG\robocam_2025_04_06_21_56_25_308.jpg;0;1;0;2.56618;112.7349;43.14062;1.332751;254.9723;-0.001308322
C:\Mark's Python files\ME5920\HW3_Gardocki\DefinedTurns\IMG\robocam_2025_04_06_21_56_25_348.jpg;0;1;0;2.59466;112.7074;43.04013;1.335254;254.9643;-0.001329139
C:\Mark's Python files\ME5920\HW3_Gardocki\DefinedTurns\IMG\robocam_2025_04_06_21_56_25_394.jpg;0;1;0;2.637272;112.6797;42.93853;1.338545;254.9563;-0.001304975
C:\Mark's Python files\ME5920\HW3_Gardocki\DefinedTurns\IMG\robocam_2025_04_06_21_56_25_436.jpg;0;1;0;2.665614;112.6516;42.83583;1.342269;254.9483;-0.001351814
C:\Mark's Python files\ME5920\HW3_Gardocki\DefinedTurns\IMG\robocam_2025_04_06_21_56_25_477.jpg;0;1;0;2.693904;112.6233;42.73204;1.346025;254.9405;-0.001334603
C:\Mark's Python files\ME5920\HW3_Gardocki\DefinedTurns\IMG\robocam_2025_04_06_21_56_25_524.jpg;0;1;0;2.722144;112.5946;42.62717;1.349461;254.9327;-0.001405288
C:\Mark's Python files\ME5920\HW3_Gardocki\DefinedTurns\IMG\robocam_2025_04_06_21_56_25_571.jpg;0;1;0;2.750329;112.551;42.46785;1.353459;254.9211;-0.001415284
C:\Mark's Python files\ME5920\HW3_Gardocki\DefinedTurns\IMG\robocam_2025_04_06_21_56_25_614.jpg;0;1;0;2.792495;112.5215;42.3603;1.355133;254.9134;-0.001425413
C:\Mark's Python files\ME5920\HW3_Gardocki\DefinedTurns\IMG\robocam_2025_04_06_21_56_25_655.jpg;0;1;0;2.820524;112.4917;42.25169;1.355969;254.9057;-0.001406505
C:\Mark's Python files\ME5920\HW3_Gardocki\DefinedTurns\IMG\robocam_2025_04_06_21_56_25_696.jpg;0;1;0;2.848486;112.4617;42.14201;1.356066;254.8978;-0.001420597
C:\Mark's Python files\ME5920\HW3_Gardocki\DefinedTurns\IMG\robocam_2025_04_06_21_56_25_739.jpg;0;1;0;2.876374;112.4313;42.03128;1.355581;254.8898;-0.001406332
C:\Mark's Python files\ME5920\HW3_Gardocki\DefinedTurns\IMG\robocam_2025_04_06_21_56_25_781.jpg;0;1;0;2.904655;112.4006;41.9194;1.358732;254.8828;-0.0009608988
C:\Mark's Python files\ME5920\HW3_Gardocki\DefinedTurns\IMG\robocam_2025_04_06_21_56_25_824.jpg;0.6210585;1;0;2.931671;112.3695;41.80645;1.363406;254.8722;-0.001438803
C:\Mark's Python files\ME5920\HW3_Gardocki\DefinedTurns\IMG\robocam_2025_04_06_21_56_25_866.jpg;2.479207;1;0;2.959208;112.3232;41.63487;1.367191;255.0041;-0.002534601
C:\Mark's Python files\ME5920\HW3_Gardocki\DefinedTurns\IMG\robocam_2025_04_06_21_56_25_907.jpg;4.372524;1;0;2.986394;112.2932;41.51893;1.366475;255.2709;-0.003797665
C:\Mark's Python files\ME5920\HW3_Gardocki\DefinedTurns\IMG\robocam_2025_04_06_21_56_25_949.jpg;6.278252;1;0;3.013191;112.2644;41.40168;1.360084;255.7173;0.006497594
C:\Mark's Python files\ME5920\HW3_Gardocki\DefinedTurns\IMG\robocam_2025_04_06_21_56_25_991.jpg;8.331985;1;0;3.039268;112.2372;41.28318;1.341781;256.3561;0.03620188
C:\Mark's Python files\ME5920\HW3_Gardocki\DefinedTurns\IMG\robocam_2025_04_06_21_56_26_031.jpg;10.17607;1;0;3.064523;112.2121;41.16363;1.299643;257.1926;0.08042574
C:\Mark's Python files\ME5920\HW3_Gardocki\DefinedTurns\IMG\robocam_2025_04_06_21_56_26_073.jpg;12.00413;1;0;3.101972;112.1894;41.04303;1.233489;258.2119;0.144167
C:\Mark's Python files\ME5920\HW3_Gardocki\DefinedTurns\IMG\robocam_2025_04_06_21_56_26_116.jpg;13.9405;1;0;3.125402;112.1695;40.92148;1.139272;259.4069;0.2302368
C:\Mark's Python files\ME5920\HW3_Gardocki\DefinedTurns\IMG\robocam_2025_04_06_21_56_26_156.jpg;15;1;0;3.148572;112.1527;40.79925;1.006854;260.7845;0.3355775
C:\Mark's Python files\ME5920\HW3_Gardocki\DefinedTurns\IMG\robocam_2025_04_06_21_56_26_199.jpg;14.41284;1;0;3.172271;112.1391;40.67615;0.8498715;262.246;0.4686453
C:\Mark's Python files\ME5920\HW3_Gardocki\DefinedTurns\IMG\robocam_2025_04_06_21_56_26_244.jpg;12.25358;1;0;3.197668;112.128;40.55219;0.67485;263.6606;0.6137827
C:\Mark's Python files\ME5920\HW3_Gardocki\DefinedTurns\IMG\robocam_2025_04_06_21_56_26_285.jpg;10.45907;1;0;3.224099;112.1191;40.42722;0.4908741;264.9434;0.7643548
C:\Mark's Python files\ME5920\HW3_Gardocki\DefinedTurns\IMG\robocam_2025_04_06_21_56_26_325.jpg;8.597602;1;0;3.250012;112.1119;40.30118;0.304453;266.0614;0.9134238
C:\Mark's Python files\ME5920\HW3_Gardocki\DefinedTurns\IMG\robocam_2025_04_06_21_56_26_366.jpg;6.778131;1;0;3.27595;112.1038;40.11005;0.02679195;267.4125;1.111229
C:\Mark's Python files\ME5920\HW3_Gardocki\DefinedTurns\IMG\robocam_2025_04_06_21_56_26_415.jpg;4.749003;1;0;3.313529;112.0991;39.9804;359.8942;268.0652;1.177697
C:\Mark's Python files\ME5920\HW3_Gardocki\DefinedTurns\IMG\robocam_2025_04_06_21_56_26_457.jpg;2.984508;1;0;3.319981;112.094;39.84805;359.8693;268.4963;1.150453
C:\Mark's Python files\ME5920\HW3_Gardocki\DefinedTurns\IMG\robocam_2025_04_06_21_56_26_498.jpg;1.124928;1;0;3.362563;112.0894;39.71295;359.9408;268.7747;1.071138
C:\Mark's Python files\ME5920\HW3_Gardocki\DefinedTurns\IMG\robocam_2025_04_06_21_56_26_539.jpg;0;1;0;3.386991;112.0859;39.5762;0.03362805;268.9385;1.000367
C:\Mark's Python files\ME5920\HW3_Gardocki\DefinedTurns\IMG\robocam_2025_04_06_21_56_26_581.jpg;0;1;0;3.412693;112.0827;39.43822;0.1358835;269.0001;0.9208419
C:\Mark's Python files\ME5920\HW3_Gardocki\DefinedTurns\IMG\robocam_2025_04_06_21_56_26_624.jpg;0;1;0;3.438398;112.0798;39.29893;0.2535827;269.0214;0.8368077
C:\Mark's Python files\ME5920\HW3_Gardocki\DefinedTurns\IMG\robocam_2025_04_06_21_56_26_664.jpg;0;1;0;3.463588;112.077;39.1585;0.3781497;269.0211;0.74024
C:\Mark's Python files\ME5920\HW3_Gardocki\DefinedTurns\IMG\robocam_2025_04_06_21_56_26_705.jpg;1.818032;1;0;3.489426;112.0743;39.01696;0.5071759;269.0539;0.6371114
C:\Mark's Python files\ME5920\HW3_Gardocki\DefinedTurns\IMG\robocam_2025_04_06_21_56_26_745.jpg;3.662019;1;0;3.514926;112.0723;38.80257;0.7105686;269.337;0.5044947
C:\Mark's Python files\ME5920\HW3_Gardocki\DefinedTurns\IMG\robocam_2025_04_06_21_56_26_787.jpg;5.492782;1;0;3.540433;112.0726;38.6585;0.8392586;269.7263;0.4322463
C:\Mark's Python files\ME5920\HW3_Gardocki\DefinedTurns\IMG\robocam_2025_04_06_21_56_26_828.jpg;7.339699;1;0;3.565276;112.0746;38.51385;0.9460191;270.3012;0.3698284
C:\Mark's Python files\ME5920\HW3_Gardocki\DefinedTurns\IMG\robocam_2025_04_06_21_56_26_870.jpg;9.217197;1;0;3.590392;112.0789;38.36875;1.023916;271.0771;0.323543
C:\Mark's Python files\ME5920\HW3_Gardocki\DefinedTurns\IMG\robocam_2025_04_06_21_56_26_912.jpg;11.108;1;0;3.61494;112.0858;38.22341;1.066067;272.0571;0.2985111
C:\Mark's Python files\ME5920\HW3_Gardocki\DefinedTurns\IMG\robocam_2025_04_06_21_56_26_953.jpg;10.51007;1;0;3.638732;112.0955;38.07795;1.066799;273.1797;0.2892528
C:\Mark's Python files\ME5920\HW3_Gardocki\DefinedTurns\IMG\robocam_2025_04_06_21_56_26_996.jpg;8.629633;1;0;3.664933;112.1073;37.93201;1.044452;274.2492;0.2961735
C:\Mark's Python files\ME5920\HW3_Gardocki\DefinedTurns\IMG\robocam_2025_04_06_21_56_27_037.jpg;6.720598;1;0;3.70414;112.1211;37.78538;1.010665;275.1733;0.3190131
C:\Mark's Python files\ME5920\HW3_Gardocki\DefinedTurns\IMG\robocam_2025_04_06_21_56_27_078.jpg;4.895358;1;0;3.730631;112.1364;37.63791;0.9717544;275.9236;0.3521754
C:\Mark's Python files\ME5920\HW3_Gardocki\DefinedTurns\IMG\robocam_2025_04_06_21_56_27_119.jpg;3.022161;1;0;3.756398;112.1528;37.48955;0.9319467;276.495;0.3881264
C:\Mark's Python files\ME5920\HW3_Gardocki\DefinedTurns\IMG\robocam_2025_04_06_21_56_27_160.jpg;1.198612;1;0;3.782112;112.1699;37.34021;0.8921018;276.8871;0.415484
C:\Mark's Python files\ME5920\HW3_Gardocki\DefinedTurns\IMG\robocam_2025_04_06_21_56_27_206.jpg;0;1;0;3.807633;112.196;37.1142;0.8368303;277.1457;0.4247686
C:\Mark's Python files\ME5920\HW3_Gardocki\DefinedTurns\IMG\robocam_2025_04_06_21_56_27_248.jpg;0;1;0;3.833401;112.214;36.96201;0.817341;277.1996;0.4263762
C:\Mark's Python files\ME5920\HW3_Gardocki\DefinedTurns\IMG\robocam_2025_04_06_21_56_27_289.jpg;0;1;0;3.858165;112.2325;36.80855;0.8154345;277.2142;0.4253387
C:\Mark's Python files\ME5920\HW3_Gardocki\DefinedTurns\IMG\robocam_2025_04_06_21_56_27_331.jpg;0;1;0;3.882908;112.2512;36.65384;0.8298564;277.2109;0.4182132
C:\Mark's Python files\ME5920\HW3_Gardocki\DefinedTurns\IMG\robocam_2025_04_06_21_56_27_373.jpg;0;1;0;3.907614;112.2701;36.49789;0.8591514;277.1992;0.4036325
C:\Mark's Python files\ME5920\HW3_Gardocki\DefinedTurns\IMG\robocam_2025_04_06_21_56_27_413.jpg;0;1;0;3.931814;112.2891;36.34082;0.8959966;277.1808;0.3753921
C:\Mark's Python files\ME5920\HW3_Gardocki\DefinedTurns\IMG\robocam_2025_04_06_21_56_27_453.jpg;0;1;0;3.957079;112.3082;36.1826;0.9428064;277.1603;0.3385182
C:\Mark's Python files\ME5920\HW3_Gardocki\DefinedTurns\IMG\robocam_2025_04_06_21_56_27_494.jpg;0;1;0;3.98184;112.3274;36.02321;0.9992158;277.1409;0.2946348
C:\Mark's Python files\ME5920\HW3_Gardocki\DefinedTurns\IMG\robocam_2025_04_06_21_56_27_537.jpg;0;1;0;4.018577;112.3468;35.86267;1.06582;277.12;0.2464633
C:\Mark's Python files\ME5920\HW3_Gardocki\DefinedTurns\IMG\robocam_2025_04_06_21_56_27_577.jpg;0;1;0;4.043028;112.3663;35.701;1.140917;277.0976;0.1938853
C:\Mark's Python files\ME5920\HW3_Gardocki\DefinedTurns\IMG\robocam_2025_04_06_21_56_27_618.jpg;0;1;0;4.067009;112.3857;35.53828;1.219372;277.0711;0.133702
C:\Mark's Python files\ME5920\HW3_Gardocki\DefinedTurns\IMG\robocam_2025_04_06_21_56_27_659.jpg;0;0.8711854;0;4.090628;112.4052;35.37456;1.300503;277.0465;0.06881233
C:\Mark's Python files\ME5920\HW3_Gardocki\DefinedTurns\IMG\robocam_2025_04_06_21_56_27_700.jpg;0;0.749302;0;4.109589;112.4248;35.21006;1.380136;277.0233;0.006000094
C:\Mark's Python files\ME5920\HW3_Gardocki\DefinedTurns\IMG\robocam_2025_04_06_21_56_27_743.jpg;0;0.6240138;0;4.124324;112.4452;35.04531;1.442572;277.0224;-0.004060981
C:\Mark's Python files\ME5920\HW3_Gardocki\DefinedTurns\IMG\robocam_2025_04_06_21_56_27_785.jpg;0;0.4988213;0;4.136149;112.4758;34.79865;1.456975;277.0192;-0.003562281
C:\Mark's Python files\ME5920\HW3_Gardocki\DefinedTurns\IMG\robocam_2025_04_06_21_56_27_828.jpg;0;0.3693517;0;4.144825;112.496;34.63437;1.432448;277.0145;-0.002608707
C:\Mark's Python files\ME5920\HW3_Gardocki\DefinedTurns\IMG\robocam_2025_04_06_21_56_27_875.jpg;0;0.2309462;0;4.148235;112.516;34.4703;1.389661;277.0085;-0.002468452
C:\Mark's Python files\ME5920\HW3_Gardocki\DefinedTurns\IMG\robocam_2025_04_06_21_56_27_917.jpg;0;0.102148;0;4.147308;112.5358;34.30667;1.325734;277.0015;-0.00225544
C:\Mark's Python files\ME5920\HW3_Gardocki\DefinedTurns\IMG\robocam_2025_04_06_21_56_27_958.jpg;0;0;0;4.137929;112.5555;34.1437;1.238673;276.9939;-0.002029534
C:\Mark's Python files\ME5920\HW3_Gardocki\DefinedTurns\IMG\robocam_2025_04_06_21_56_28_000.jpg;0;0;0;4.129144;112.5751;33.98146;1.129499;276.9858;-0.001826023
C:\Mark's Python files\ME5920\HW3_Gardocki\DefinedTurns\IMG\robocam_2025_04_06_21_56_28_042.jpg;0;0;0;4.120304;112.5946;33.81989;1.002176;276.9776;-0.001540337
C:\Mark's Python files\ME5920\HW3_Gardocki\DefinedTurns\IMG\robocam_2025_04_06_21_56_28_083.jpg;0;0;0;4.111432;112.6139;33.65892;0.8606363;276.9695;-0.001252574
C:\Mark's Python files\ME5920\HW3_Gardocki\DefinedTurns\IMG\robocam_2025_04_06_21_56_28_126.jpg;0;0;0;4.10254;112.6428;33.41849;0.6296039;276.9577;-0.0007340696
C:\Mark's Python files\ME5920\HW3_Gardocki\DefinedTurns\IMG\robocam_2025_04_06_21_56_28_167.jpg;0;0;0;4.093635;112.662;33.25879;0.4680247;276.9503;-0.0004405602
C:\Mark's Python files\ME5920\HW3_Gardocki\DefinedTurns\IMG\robocam_2025_04_06_21_56_28_209.jpg;0;0;0;4.080348;112.6812;33.09948;0.3041041;276.9433;-0.0001531211
C:\Mark's Python files\ME5920\HW3_Gardocki\DefinedTurns\IMG\robocam_2025_04_06_21_56_28_251.jpg;0;0;0;4.071472;112.7002;32.94053;0.1401457;276.9369;0.0008181435
C:\Mark's Python files\ME5920\HW3_Gardocki\DefinedTurns\IMG\robocam_2025_04_06_21_56_28_293.jpg;0;0;0;4.062498;112.7194;32.78192;359.9782;276.933;0.006063583
C:\Mark's Python files\ME5920\HW3_Gardocki\DefinedTurns\IMG\robocam_2025_04_06_21_56_28_334.jpg;0;0;0;4.053039;112.7384;32.62312;359.847;276.9248;-0.0006051809
C:\Mark's Python files\ME5920\HW3_Gardocki\DefinedTurns\IMG\robocam_2025_04_06_21_56_28_375.jpg;0;0;0;4.043535;112.7576;32.46442;359.7335;276.9222;0.002401904
C:\Mark's Python files\ME5920\HW3_Gardocki\DefinedTurns\IMG\robocam_2025_04_06_21_56_28_417.jpg;0;0;0;4.03389;112.7767;32.30585;359.6343;276.9178;-0.0002419997
C:\Mark's Python files\ME5920\HW3_Gardocki\DefinedTurns\IMG\robocam_2025_04_06_21_56_28_457.jpg;0;0;0;4.024415;112.7958;32.14748;359.5451;276.9151;-0.001408898
C:\Mark's Python files\ME5920\HW3_Gardocki\DefinedTurns\IMG\robocam_2025_04_06_21_56_28_498.jpg;0;0;0;4.014897;112.815;31.98936;359.4646;276.9139;-0.0005669204
C:\Mark's Python files\ME5920\HW3_Gardocki\DefinedTurns\IMG\robocam_2025_04_06_21_56_28_540.jpg;0;0;0;4.005781;112.8341;31.83158;359.3851;276.9133;0.0005040956
C:\Mark's Python files\ME5920\HW3_Gardocki\DefinedTurns\IMG\robocam_2025_04_06_21_56_28_580.jpg;0;0;0;3.995657;112.8532;31.67364;359.3371;276.9118;-0.001021725
C:\Mark's Python files\ME5920\HW3_Gardocki\DefinedTurns\IMG\robocam_2025_04_06_21_56_28_621.jpg;0;0;0;3.986489;112.8723;31.51613;359.2859;276.9118;0.0007347892
C:\Mark's Python files\ME5920\HW3_Gardocki\DefinedTurns\IMG\robocam_2025_04_06_21_56_28_669.jpg;0;0;0;3.977408;112.9006;31.28024;359.2263;276.904;359.985
C:\Mark's Python files\ME5920\HW3_Gardocki\DefinedTurns\IMG\robocam_2025_04_06_21_56_28_710.jpg;0;0;0;3.967139;112.9193;31.12313;359.2052;276.8954;359.9611
C:\Mark's Python files\ME5920\HW3_Gardocki\DefinedTurns\IMG\robocam_2025_04_06_21_56_28_751.jpg;0;0;0;3.958023;112.9382;30.9664;359.1842;276.8915;359.9432
C:\Mark's Python files\ME5920\HW3_Gardocki\DefinedTurns\IMG\robocam_2025_04_06_21_56_28_792.jpg;0;0;0;3.948999;112.9572;30.81003;359.1635;276.8898;359.9282
C:\Mark's Python files\ME5920\HW3_Gardocki\DefinedTurns\IMG\robocam_2025_04_06_21_56_28_833.jpg;0;0;0;3.934154;112.9767;30.65359;359.1738;276.9032;359.9499
C:\Mark's Python files\ME5920\HW3_Gardocki\DefinedTurns\IMG\robocam_2025_04_06_21_56_28_873.jpg;0;0;0;3.925113;112.9957;30.49754;359.1805;276.9089;359.9611
C:\Mark's Python files\ME5920\HW3_Gardocki\DefinedTurns\IMG\robocam_2025_04_06_21_56_28_913.jpg;0;0;0;3.916181;113.0146;30.34187;359.1855;276.9114;359.9697
C:\Mark's Python files\ME5920\HW3_Gardocki\DefinedTurns\IMG\robocam_2025_04_06_21_56_28_960.jpg;0;0;0;3.907279;113.0335;30.18656;359.189;276.9125;359.9773
C:\Mark's Python files\ME5920\HW3_Gardocki\DefinedTurns\IMG\robocam_2025_04_06_21_56_29_001.jpg;0;0.0819144;0;3.898821;113.0522;30.03163;359.1912;276.913;359.9844
C:\Mark's Python files\ME5920\HW3_Gardocki\DefinedTurns\IMG\robocam_2025_04_06_21_56_29_041.jpg;0;0.205659;0;3.89354;113.071;29.87689;359.1958;276.9131;359.9912
C:\Mark's Python files\ME5920\HW3_Gardocki\DefinedTurns\IMG\robocam_2025_04_06_21_56_29_084.jpg;0;0.3302478;0;3.892318;113.0897;29.72211;359.2082;276.9132;-0.00242236
C:\Mark's Python files\ME5920\HW3_Gardocki\DefinedTurns\IMG\robocam_2025_04_06_21_56_29_125.jpg;0;0.4485252;0;3.893775;113.1085;29.56659;359.2614;276.9117;-6.086977E-05
C:\Mark's Python files\ME5920\HW3_Gardocki\DefinedTurns\IMG\robocam_2025_04_06_21_56_29_170.jpg;0;0.591293;0;3.900646;113.1369;29.3324;359.3671;276.911;0.005610202
C:\Mark's Python files\ME5920\HW3_Gardocki\DefinedTurns\IMG\robocam_2025_04_06_21_56_29_211.jpg;0;0.7178133;0;3.918118;113.1559;29.17531;359.4615;276.9108;0.009196446
C:\Mark's Python files\ME5920\HW3_Gardocki\DefinedTurns\IMG\robocam_2025_04_06_21_56_29_259.jpg;0;0.6888086;0;3.933695;113.1751;29.01726;359.5771;276.9107;0.01249489
C:\Mark's Python files\ME5920\HW3_Gardocki\DefinedTurns\IMG\robocam_2025_04_06_21_56_29_300.jpg;0;0.5700638;0;3.946402;113.1943;28.85838;359.7087;276.9106;0.01547334
C:\Mark's Python files\ME5920\HW3_Gardocki\DefinedTurns\IMG\robocam_2025_04_06_21_56_29_342.jpg;0;0.4464777;0;3.955173;113.2136;28.699;359.8476;276.9106;0.01812074
C:\Mark's Python files\ME5920\HW3_Gardocki\DefinedTurns\IMG\robocam_2025_04_06_21_56_29_383.jpg;0;0.3191921;0;3.96009;113.2329;28.53939;359.9855;276.9106;0.02043587
C:\Mark's Python files\ME5920\HW3_Gardocki\DefinedTurns\IMG\robocam_2025_04_06_21_56_29_426.jpg;0;0.4407719;0;3.9634;113.2619;28.29991;0.1809425;276.9106;0.02328735
C:\Mark's Python files\ME5920\HW3_Gardocki\DefinedTurns\IMG\robocam_2025_04_06_21_56_29_468.jpg;0;0.5672598;0;3.969772;113.2813;28.13999;0.3071593;276.9105;0.02478157
C:\Mark's Python files\ME5920\HW3_Gardocki\DefinedTurns\IMG\robocam_2025_04_06_21_56_29_509.jpg;0;0.6026847;0;3.980267;113.3007;27.97962;0.4344152;276.9105;0.02595866
C:\Mark's Python files\ME5920\HW3_Gardocki\DefinedTurns\IMG\robocam_2025_04_06_21_56_29_550.jpg;0;0.4808919;0;3.990999;113.3201;27.81901;0.5515394;276.907;0.01901788
C:\Mark's Python files\ME5920\HW3_Gardocki\DefinedTurns\IMG\robocam_2025_04_06_21_56_29_592.jpg;0;0.3569462;0;3.997757;113.3392;27.65843;0.6522146;276.8997;0.004294836
C:\Mark's Python files\ME5920\HW3_Gardocki\DefinedTurns\IMG\robocam_2025_04_06_21_56_29_634.jpg;0;0.4009766;0;4.000805;113.3585;27.49806;0.7346537;276.8959;-0.001202382
C:\Mark's Python files\ME5920\HW3_Gardocki\DefinedTurns\IMG\robocam_2025_04_06_21_56_29_674.jpg;0;0.5284415;0;4.005289;113.3779;27.33772;0.8031694;276.8947;-0.001649122
C:\Mark's Python files\ME5920\HW3_Gardocki\DefinedTurns\IMG\robocam_2025_04_06_21_56_29_714.jpg;0;0.65372;0;4.019908;113.3973;27.17713;0.8634909;276.8935;-0.001864283
C:\Mark's Python files\ME5920\HW3_Gardocki\DefinedTurns\IMG\robocam_2025_04_06_21_56_29_755.jpg;0;0.5304039;0;4.031062;113.4166;27.01618;0.9169155;276.8917;-0.001796443
C:\Mark's Python files\ME5920\HW3_Gardocki\DefinedTurns\IMG\robocam_2025_04_06_21_56_29_797.jpg;0;0.4046457;0;4.038295;113.436;26.8551;0.9590227;276.8887;-0.001711646
C:\Mark's Python files\ME5920\HW3_Gardocki\DefinedTurns\IMG\robocam_2025_04_06_21_56_29_838.jpg;0;0.3181485;0;4.041397;113.4553;26.69411;0.9851713;276.8846;-0.00163243
C:\Mark's Python files\ME5920\HW3_Gardocki\DefinedTurns\IMG\robocam_2025_04_06_21_56_29_884.jpg;0;0.4608776;0;4.045037;113.4745;26.53328;0.9954783;276.8794;-0.001560934
C:\Mark's Python files\ME5920\HW3_Gardocki\DefinedTurns\IMG\robocam_2025_04_06_21_56_29_923.jpg;0;0.5017329;0;4.052341;113.4937;26.37234;0.9960387;276.8732;-0.00147535
C:\Mark's Python files\ME5920\HW3_Gardocki\DefinedTurns\IMG\robocam_2025_04_06_21_56_29_966.jpg;0;0.3739589;0;4.059552;113.5223;26.13066;0.9821391;276.8621;-0.00127265
C:\Mark's Python files\ME5920\HW3_Gardocki\DefinedTurns\IMG\robocam_2025_04_06_21_56_30_017.jpg;0;0.2406875;0;4.063303;113.5414;25.96962;0.9582151;276.8536;-0.001104964
C:\Mark's Python files\ME5920\HW3_Gardocki\DefinedTurns\IMG\robocam_2025_04_06_21_56_30_060.jpg;0;0.1174482;0;4.061121;113.5603;25.8089;0.9187457;276.8444;-0.0009538479
C:\Mark's Python files\ME5920\HW3_Gardocki\DefinedTurns\IMG\robocam_2025_04_06_21_56_30_100.jpg;0;0.2431764;0;4.058146;113.5792;25.64857;0.8640001;276.8347;-0.0008499315
C:\Mark's Python files\ME5920\HW3_Gardocki\DefinedTurns\IMG\robocam_2025_04_06_21_56_30_144.jpg;0;0.3694784;0;4.058725;113.598;25.48842;0.8000686;276.8248;-0.0007115529
C:\Mark's Python files\ME5920\HW3_Gardocki\DefinedTurns\IMG\robocam_2025_04_06_21_56_30_186.jpg;0;0.2408333;0;4.060317;113.6261;25.24824;0.6951932;276.8096;-0.0005409921
C:\Mark's Python files\ME5920\HW3_Gardocki\DefinedTurns\IMG\robocam_2025_04_06_21_56_30_226.jpg;0;0.1199037;0;4.058869;113.6448;25.08837;0.6163629;276.7997;-0.0004302935
C:\Mark's Python files\ME5920\HW3_Gardocki\DefinedTurns\IMG\robocam_2025_04_06_21_56_30_268.jpg;0;0;0;4.053352;113.6634;24.92896;0.526697;276.7906;-0.0003794217
C:\Mark's Python files\ME5920\HW3_Gardocki\DefinedTurns\IMG\robocam_2025_04_06_21_56_30_310.jpg;0;0.0839409;0;4.045287;113.682;24.77002;0.4272408;276.7821;-0.0002803607
C:\Mark's Python files\ME5920\HW3_Gardocki\DefinedTurns\IMG\robocam_2025_04_06_21_56_30_350.jpg;0;0.2060733;0;4.039888;113.7006;24.61131;0.3246005;276.7743;-0.0001758685
C:\Mark's Python files\ME5920\HW3_Gardocki\DefinedTurns\IMG\robocam_2025_04_06_21_56_30_392.jpg;0;0.3303027;0;4.038417;113.7192;24.45256;0.2257695;276.7672;-7.855861E-05
C:\Mark's Python files\ME5920\HW3_Gardocki\DefinedTurns\IMG\robocam_2025_04_06_21_56_30_436.jpg;0;0.1761288;0;4.039163;113.7378;24.29369;0.1331919;276.7612;0.000195759
C:\Mark's Python files\ME5920\HW3_Gardocki\DefinedTurns\IMG\robocam_2025_04_06_21_56_30_476.jpg;0;0.05631601;0;4.034642;113.7565;24.13493;0.04225068;276.7571;0.002375442
C:\Mark's Python files\ME5920\HW3_Gardocki\DefinedTurns\IMG\robocam_2025_04_06_21_56_30_516.jpg;0;0;0;4.026497;113.7751;23.97635;359.9576;276.7518;-0.0001399647
C:\Mark's Python files\ME5920\HW3_Gardocki\DefinedTurns\IMG\robocam_2025_04_06_21_56_30_563.jpg;0;0;0;4.017257;113.7937;23.81797;359.8828;276.7485;-0.001262528
C:\Mark's Python files\ME5920\HW3_Gardocki\DefinedTurns\IMG\robocam_2025_04_06_21_56_30_605.jpg;0;0;0;4.008032;113.8124;23.6599;359.8112;276.7466;-0.0006011574
C:\Mark's Python files\ME5920\HW3_Gardocki\DefinedTurns\IMG\robocam_2025_04_06_21_56_30_647.jpg;0;0;0;3.998827;113.8403;23.42336;359.7111;276.7442;-0.001062395
C:\Mark's Python files\ME5920\HW3_Gardocki\DefinedTurns\IMG\robocam_2025_04_06_21_56_30_687.jpg;0;0;0;3.989477;113.8589;23.26608;359.6473;276.744;0.0007225131
C:\Mark's Python files\ME5920\HW3_Gardocki\DefinedTurns\IMG\robocam_2025_04_06_21_56_30_733.jpg;0;0;0;3.975742;113.8774;23.109;359.5926;276.7422;-0.001281643
C:\Mark's Python files\ME5920\HW3_Gardocki\DefinedTurns\IMG\robocam_2025_04_06_21_56_30_774.jpg;0;0;0.1024722;3.961787;113.8959;22.95241;359.5373;276.7418;-0.0005387471
C:\Mark's Python files\ME5920\HW3_Gardocki\DefinedTurns\IMG\robocam_2025_04_06_21_56_30_814.jpg;0;0;0.2239578;3.933066;113.9142;22.79724;359.4575;276.7417;0.000246865
C:\Mark's Python files\ME5920\HW3_Gardocki\DefinedTurns\IMG\robocam_2025_04_06_21_56_30_856.jpg;0;0;0.3411858;3.887851;113.9323;22.64394;359.3635;276.7408;-0.0006017174
C:\Mark's Python files\ME5920\HW3_Gardocki\DefinedTurns\IMG\robocam_2025_04_06_21_56_30_897.jpg;0;0;0.4652871;3.826688;113.95;22.4941;359.2008;276.7414;0.001921958
C:\Mark's Python files\ME5920\HW3_Gardocki\DefinedTurns\IMG\robocam_2025_04_06_21_56_30_937.jpg;0;0;0.5903631;3.748802;113.9672;22.3478;359.0041;276.7394;-0.001315791
C:\Mark's Python files\ME5920\HW3_Gardocki\DefinedTurns\IMG\robocam_2025_04_06_21_56_30_978.jpg;0;0;0.7146982;3.656776;113.9838;22.20619;358.7395;276.7377;-0.003836713
C:\Mark's Python files\ME5920\HW3_Gardocki\DefinedTurns\IMG\robocam_2025_04_06_21_56_31_019.jpg;0;0;0.8350881;3.598213;114.0003;22.06686;358.4956;276.7337;-0.005406711
C:\Mark's Python files\ME5920\HW3_Gardocki\DefinedTurns\IMG\robocam_2025_04_06_21_56_31_066.jpg;0;0;0.9777637;3.526361;114.025;21.85897;358.3761;276.752;0.01547285
C:\Mark's Python files\ME5920\HW3_Gardocki\DefinedTurns\IMG\robocam_2025_04_06_21_56_31_111.jpg;0;0;1;3.40843;114.0407;21.7218;358.4368;276.7582;359.9921
C:\Mark's Python files\ME5920\HW3_Gardocki\DefinedTurns\IMG\robocam_2025_04_06_21_56_31_153.jpg;0;0;1;3.325356;114.0566;21.58663;358.5641;276.7591;359.9896
C:\Mark's Python files\ME5920\HW3_Gardocki\DefinedTurns\IMG\robocam_2025_04_06_21_56_31_195.jpg;0;0;1;3.251452;114.0725;21.45386;358.7302;276.7744;0.008980196
C:\Mark's Python files\ME5920\HW3_Gardocki\DefinedTurns\IMG\robocam_2025_04_06_21_56_31_235.jpg;0;0;1;3.108564;114.0871;21.32781;358.8379;276.7762;0.0001680946
C:\Mark's Python files\ME5920\HW3_Gardocki\DefinedTurns\IMG\robocam_2025_04_06_21_56_31_276.jpg;0;0;1;2.916824;114.1007;21.2112;358.7691;276.7759;-0.004094803
C:\Mark's Python files\ME5920\HW3_Gardocki\DefinedTurns\IMG\robocam_2025_04_06_21_56_31_317.jpg;0;0;0;2.837634;114.1138;21.09926;358.6732;276.7737;-0.004711966
C:\Mark's Python files\ME5920\HW3_Gardocki\DefinedTurns\IMG\robocam_2025_04_06_21_56_31_358.jpg;0;0;0;2.8325;114.127;20.98662;358.677;276.7632;359.994
C:\Mark's Python files\ME5920\HW3_Gardocki\DefinedTurns\IMG\robocam_2025_04_06_21_56_31_399.jpg;0;0;0.08330069;2.780158;114.1405;20.87469;358.7626;276.7709;0.009931156
C:\Mark's Python files\ME5920\HW3_Gardocki\DefinedTurns\IMG\robocam_2025_04_06_21_56_31_441.jpg;0;0;0.2066685;2.752108;114.1532;20.7632;358.8683;276.7699;-0.0009855471
C:\Mark's Python files\ME5920\HW3_Gardocki\DefinedTurns\IMG\robocam_2025_04_06_21_56_31_489.jpg;0;0;0.3421452;2.713977;114.1723;20.59979;358.9673;276.7655;-0.003273353
C:\Mark's Python files\ME5920\HW3_Gardocki\DefinedTurns\IMG\robocam_2025_04_06_21_56_31_529.jpg;0;0;0;2.660525;114.1848;20.49409;358.9808;276.7645;-0.002277935
C:\Mark's Python files\ME5920\HW3_Gardocki\DefinedTurns\IMG\robocam_2025_04_06_21_56_31_571.jpg;0;0;0;2.645993;114.1974;20.38863;359.0052;276.7645;0.001001574
C:\Mark's Python files\ME5920\HW3_Gardocki\DefinedTurns\IMG\robocam_2025_04_06_21_56_31_617.jpg;0;0;0;2.636731;114.2098;20.28335;359.033;276.7646;0.003906681
C:\Mark's Python files\ME5920\HW3_Gardocki\DefinedTurns\IMG\robocam_2025_04_06_21_56_31_658.jpg;0;0;0;2.630626;114.2223;20.17827;359.0635;276.7646;0.006560629
C:\Mark's Python files\ME5920\HW3_Gardocki\DefinedTurns\IMG\robocam_2025_04_06_21_56_31_699.jpg;0;0;0;2.624551;114.2347;20.07339;359.0962;276.7645;0.008981965
C:\Mark's Python files\ME5920\HW3_Gardocki\DefinedTurns\IMG\robocam_2025_04_06_21_56_31_740.jpg;0;0;0;2.618503;114.2472;19.96873;359.1303;276.7645;0.0111666
C:\Mark's Python files\ME5920\HW3_Gardocki\DefinedTurns\IMG\robocam_2025_04_06_21_56_31_782.jpg;0;0;0;2.61248;114.2595;19.86429;359.1653;276.7645;0.01311227
C:\Mark's Python files\ME5920\HW3_Gardocki\DefinedTurns\IMG\robocam_2025_04_06_21_56_31_824.jpg;0;0;0;2.606484;114.2719;19.76008;359.2007;276.7645;0.01481418
C:\Mark's Python files\ME5920\HW3_Gardocki\DefinedTurns\IMG\robocam_2025_04_06_21_56_31_865.jpg;0;0;0;2.600513;114.2842;19.65611;359.236;276.7645;0.01627432
C:\Mark's Python files\ME5920\HW3_Gardocki\DefinedTurns\IMG\robocam_2025_04_06_21_56_31_905.jpg;0;0;0;2.593863;114.3024;19.50024;359.3102;276.7567;-0.004980869
C:\Mark's Python files\ME5920\HW3_Gardocki\DefinedTurns\IMG\robocam_2025_04_06_21_56_31_946.jpg;0;0;0;2.587928;114.3147;19.3967;359.3564;276.7556;359.9859
C:\Mark's Python files\ME5920\HW3_Gardocki\DefinedTurns\IMG\robocam_2025_04_06_21_56_31_987.jpg;0;0;0;2.582042;114.3269;19.29345;359.3994;276.7552;359.9778
C:\Mark's Python files\ME5920\HW3_Gardocki\DefinedTurns\IMG\robocam_2025_04_06_21_56_32_027.jpg;0;0;0;2.576184;114.3391;19.19049;359.4392;276.7551;359.9706
C:\Mark's Python files\ME5920\HW3_Gardocki\DefinedTurns\IMG\robocam_2025_04_06_21_56_32_068.jpg;0;0;0;2.570352;114.3513;19.08782;359.4753;276.7551;359.964
C:\Mark's Python files\ME5920\HW3_Gardocki\DefinedTurns\IMG\robocam_2025_04_06_21_56_32_109.jpg;0;0;0;2.561646;114.3635;18.98545;359.5076;276.7551;359.9582
C:\Mark's Python files\ME5920\HW3_Gardocki\DefinedTurns\IMG\robocam_2025_04_06_21_56_32_151.jpg;0;0;0;2.555867;114.3756;18.88338;359.5359;276.7551;359.9532
C:\Mark's Python files\ME5920\HW3_Gardocki\DefinedTurns\IMG\robocam_2025_04_06_21_56_32_194.jpg;0;0;0;2.550108;114.3876;18.78161;359.5602;276.7551;359.9488
C:\Mark's Python files\ME5920\HW3_Gardocki\DefinedTurns\IMG\robocam_2025_04_06_21_56_32_234.jpg;0;0;0;2.544365;114.3997;18.68013;359.5805;276.7552;359.9453
C:\Mark's Python files\ME5920\HW3_Gardocki\DefinedTurns\IMG\robocam_2025_04_06_21_56_32_275.jpg;0;0;0;2.538639;114.4117;18.57895;359.5969;276.7552;359.9424
C:\Mark's Python files\ME5920\HW3_Gardocki\DefinedTurns\IMG\robocam_2025_04_06_21_56_32_321.jpg;0;0;0;2.532927;114.4236;18.47807;359.6093;276.7552;359.9402
C:\Mark's Python files\ME5920\HW3_Gardocki\DefinedTurns\IMG\robocam_2025_04_06_21_56_32_368.jpg;0;0;0;2.526942;114.4417;18.3271;359.634;276.7596;359.9512
C:\Mark's Python files\ME5920\HW3_Gardocki\DefinedTurns\IMG\robocam_2025_04_06_21_56_32_408.jpg;0;0;0;2.52125;114.4536;18.22681;359.645;276.7602;359.9562
C:\Mark's Python files\ME5920\HW3_Gardocki\DefinedTurns\IMG\robocam_2025_04_06_21_56_32_451.jpg;0;0;0;2.515583;114.4655;18.12683;359.6519;276.7604;359.9611
C:\Mark's Python files\ME5920\HW3_Gardocki\DefinedTurns\IMG\robocam_2025_04_06_21_56_32_491.jpg;0;0;0;2.50993;114.4773;18.02713;359.6552;276.7604;359.966
C:\Mark's Python files\ME5920\HW3_Gardocki\DefinedTurns\IMG\robocam_2025_04_06_21_56_32_534.jpg;0;0;0.0414219;2.500669;114.4891;17.92774;359.6542;276.7605;359.9709
C:\Mark's Python files\ME5920\HW3_Gardocki\DefinedTurns\IMG\robocam_2025_04_06_21_56_32_573.jpg;0;0;0.1592262;2.483115;114.5009;17.8291;359.6428;276.7631;359.9817
C:\Mark's Python files\ME5920\HW3_Gardocki\DefinedTurns\IMG\robocam_2025_04_06_21_56_32_614.jpg;0;0;0.2853753;2.449653;114.5124;17.73219;359.5994;276.7652;359.9939
C:\Mark's Python files\ME5920\HW3_Gardocki\DefinedTurns\IMG\robocam_2025_04_06_21_56_32_655.jpg;0;0;0;2.420591;114.5236;17.63716;359.5254;276.7637;-0.0006729618
C:\Mark's Python files\ME5920\HW3_Gardocki\DefinedTurns\IMG\robocam_2025_04_06_21_56_32_697.jpg;0;0;0;2.414823;114.5348;17.54233;359.4591;276.7623;0.003670296
C:\Mark's Python files\ME5920\HW3_Gardocki\DefinedTurns\IMG\robocam_2025_04_06_21_56_32_738.jpg;0;0;0;2.408921;114.5459;17.44746;359.4072;276.758;-0.0003298844
C:\Mark's Python files\ME5920\HW3_Gardocki\DefinedTurns\IMG\robocam_2025_04_06_21_56_32_779.jpg;0;0;0;2.403044;114.557;17.35265;359.3667;276.7556;-0.00360187
C:\Mark's Python files\ME5920\HW3_Gardocki\DefinedTurns\IMG\robocam_2025_04_06_21_56_32_819.jpg;0;0;0;2.397497;114.5682;17.25798;359.3306;276.7548;-0.005469597
C:\Mark's Python files\ME5920\HW3_Gardocki\DefinedTurns\IMG\robocam_2025_04_06_21_56_32_861.jpg;0;0;0;2.391554;114.5795;17.16331;359.3086;276.7567;-0.001923899
C:\Mark's Python files\ME5920\HW3_Gardocki\DefinedTurns\IMG\robocam_2025_04_06_21_56_32_903.jpg;0;0;0;2.385716;114.5908;17.0687;359.2967;276.7583;0.002950334
C:\Mark's Python files\ME5920\HW3_Gardocki\DefinedTurns\IMG\robocam_2025_04_06_21_56_32_943.jpg;0;0;0;2.380212;114.602;16.97426;359.2879;276.7589;0.006574668
C:\Mark's Python files\ME5920\HW3_Gardocki\DefinedTurns\IMG\robocam_2025_04_06_21_56_32_984.jpg;0;0;0;2.374725;114.6132;16.87997;359.282;276.759;0.009753962
C:\Mark's Python files\ME5920\HW3_Gardocki\DefinedTurns\IMG\robocam_2025_04_06_21_56_33_024.jpg;0;0;0;2.368857;114.6241;16.7857;359.2873;276.7545;0.00214723
C:\Mark's Python files\ME5920\HW3_Gardocki\DefinedTurns\IMG\robocam_2025_04_06_21_56_33_065.jpg;0;0;0;2.363115;114.6352;16.69153;359.3009;276.7512;359.9922
C:\Mark's Python files\ME5920\HW3_Gardocki\DefinedTurns\IMG\robocam_2025_04_06_21_56_33_105.jpg;0;0;0;2.357685;114.6519;16.55067;359.3232;276.75;359.9815
C:\Mark's Python files\ME5920\HW3_Gardocki\DefinedTurns\IMG\robocam_2025_04_06_21_56_33_147.jpg;0;0;0.0816879;2.3499;114.6629;16.45732;359.332;276.7498;359.9754
C:\Mark's Python files\ME5920\HW3_Gardocki\DefinedTurns\IMG\robocam_2025_04_06_21_56_33_188.jpg;0;0;0.2362251;2.315197;114.6738;16.36533;359.3159;276.7497;359.9699
C:\Mark's Python files\ME5920\HW3_Gardocki\DefinedTurns\IMG\robocam_2025_04_06_21_56_33_228.jpg;0;0;0.3559563;2.271548;114.6848;16.27541;359.2735;276.7579;359.9857
C:\Mark's Python files\ME5920\HW3_Gardocki\DefinedTurns\IMG\robocam_2025_04_06_21_56_33_270.jpg;0;0;0;2.26148;114.6954;16.18655;359.2147;276.7601;359.9933
C:\Mark's Python files\ME5920\HW3_Gardocki\DefinedTurns\IMG\robocam_2025_04_06_21_56_33_311.jpg;0;0;0.0317769;2.255613;114.7059;16.09756;359.1761;276.7603;-0.001522069
C:\Mark's Python files\ME5920\HW3_Gardocki\DefinedTurns\IMG\robocam_2025_04_06_21_56_33_351.jpg;0;0;0.1484769;2.238482;114.7164;16.00906;359.1404;276.7604;0.004055881
C:\Mark's Python files\ME5920\HW3_Gardocki\DefinedTurns\IMG\robocam_2025_04_06_21_56_33_391.jpg;0;0;0;2.20571;114.7267;15.92216;359.0788;276.7604;0.009277336
C:\Mark's Python files\ME5920\HW3_Gardocki\DefinedTurns\IMG\robocam_2025_04_06_21_56_33_440.jpg;0;0;0;2.195984;114.7366;15.8356;359.034;276.7509;359.99
C:\Mark's Python files\ME5920\HW3_Gardocki\DefinedTurns\IMG\robocam_2025_04_06_21_56_33_485.jpg;0;0;0;2.190755;114.7468;15.74915;358.998;276.7481;359.9794
C:\Mark's Python files\ME5920\HW3_Gardocki\DefinedTurns\IMG\robocam_2025_04_06_21_56_33_526.jpg;0;0;0.1093575;2.183079;114.7624;15.61974;358.9666;276.7539;359.9824
C:\Mark's Python files\ME5920\HW3_Gardocki\DefinedTurns\IMG\robocam_2025_04_06_21_56_33_567.jpg;0;0;0.2309343;2.160726;114.7726;15.53476;358.9375;276.7588;359.9926
C:\Mark's Python files\ME5920\HW3_Gardocki\DefinedTurns\IMG\robocam_2025_04_06_21_56_33_608.jpg;0;0;0.352932;2.123103;114.7824;15.45205;358.8702;276.7603;-0.0003769076
C:\Mark's Python files\ME5920\HW3_Gardocki\DefinedTurns\IMG\robocam_2025_04_06_21_56_33_657.jpg;0;0;0;2.087018;114.792;15.37002;358.8156;276.7573;-0.001986736
C:\Mark's Python files\ME5920\HW3_Gardocki\DefinedTurns\IMG\robocam_2025_04_06_21_56_33_698.jpg;0;0;0.0396336;2.079306;114.8017;15.28752;358.8037;276.7564;0.002115665
C:\Mark's Python files\ME5920\HW3_Gardocki\DefinedTurns\IMG\robocam_2025_04_06_21_56_33_740.jpg;0;0;0.1624065;2.061985;114.8114;15.20478;358.8417;276.7531;-0.000434713
C:\Mark's Python files\ME5920\HW3_Gardocki\DefinedTurns\IMG\robocam_2025_04_06_21_56_33_782.jpg;0;0;0.2880951;2.025603;114.821;15.12325;358.8794;276.7507;-0.001847406
C:\Mark's Python files\ME5920\HW3_Gardocki\DefinedTurns\IMG\robocam_2025_04_06_21_56_33_821.jpg;0;0;0;1.978178;114.8303;15.04399;358.8877;276.7496;-0.00117368
C:\Mark's Python files\ME5920\HW3_Gardocki\DefinedTurns\IMG\robocam_2025_04_06_21_56_33_864.jpg;0;0;0;1.96517;114.8395;14.96573;358.8958;276.7485;-0.001812224
C:\Mark's Python files\ME5920\HW3_Gardocki\DefinedTurns\IMG\robocam_2025_04_06_21_56_33_904.jpg;0;0;0;1.959892;114.8488;14.88729;358.9266;276.7486;-1.519717E-05
C:\Mark's Python files\ME5920\HW3_Gardocki\DefinedTurns\IMG\robocam_2025_04_06_21_56_33_944.jpg;0;0;0;1.955256;114.8581;14.80892;358.9642;276.7487;0.001579873
C:\Mark's Python files\ME5920\HW3_Gardocki\DefinedTurns\IMG\robocam_2025_04_06_21_56_33_985.jpg;0;0;0;1.950647;114.8674;14.73065;359.0069;276.7487;0.003044467
C:\Mark's Python files\ME5920\HW3_Gardocki\DefinedTurns\IMG\robocam_2025_04_06_21_56_34_025.jpg;0;0;0;1.946067;114.8812;14.61346;359.0782;276.7487;0.005013551
C:\Mark's Python files\ME5920\HW3_Gardocki\DefinedTurns\IMG\robocam_2025_04_06_21_56_34_067.jpg;0;0;0.0367668;1.939251;114.8904;14.5355;359.1292;276.7487;0.006168903
C:\Mark's Python files\ME5920\HW3_Gardocki\DefinedTurns\IMG\robocam_2025_04_06_21_56_34_107.jpg;0;0;0.1595763;1.922523;114.8996;14.45824;359.1696;276.7487;0.007197888
C:\Mark's Python files\ME5920\HW3_Gardocki\DefinedTurns\IMG\robocam_2025_04_06_21_56_34_149.jpg;0;0;0.281781;1.889763;114.9084;14.38251;359.1856;276.7445;-0.001430752
C:\Mark's Python files\ME5920\HW3_Gardocki\DefinedTurns\IMG\robocam_2025_04_06_21_56_34_190.jpg;0;0;0;1.860469;114.917;14.30877;359.1689;276.7416;359.9879
C:\Mark's Python files\ME5920\HW3_Gardocki\DefinedTurns\IMG\robocam_2025_04_06_21_56_34_231.jpg;0;0;0;1.856175;114.9257;14.23521;359.1564;276.7409;359.9796
C:\Mark's Python files\ME5920\HW3_Gardocki\DefinedTurns\IMG\robocam_2025_04_06_21_56_34_271.jpg;0;0;0.1149285;1.844262;114.9346;14.16189;359.1527;276.7455;359.9831
C:\Mark's Python files\ME5920\HW3_Gardocki\DefinedTurns\IMG\robocam_2025_04_06_21_56_34_311.jpg;0;0;0.2047989;1.83244;114.9432;14.08972;359.1346;276.7485;359.9883
C:\Mark's Python files\ME5920\HW3_Gardocki\DefinedTurns\IMG\robocam_2025_04_06_21_56_34_352.jpg;0;0;0;1.799482;114.9516;14.0191;359.0908;276.7493;359.9917
C:\Mark's Python files\ME5920\HW3_Gardocki\DefinedTurns\IMG\robocam_2025_04_06_21_56_34_394.jpg;0;0;0;1.792385;114.96;13.94839;359.0662;276.7509;-0.001880389
C:\Mark's Python files\ME5920\HW3_Gardocki\DefinedTurns\IMG\robocam_2025_04_06_21_56_34_436.jpg;0;0;0;1.785061;114.9684;13.87761;359.0568;276.752;0.005255281
C:\Mark's Python files\ME5920\HW3_Gardocki\DefinedTurns\IMG\robocam_2025_04_06_21_56_34_476.jpg;0;0;0.1157772;1.77623;114.9768;13.807;359.052;276.7523;0.01133167
C:\Mark's Python files\ME5920\HW3_Gardocki\DefinedTurns\IMG\robocam_2025_04_06_21_56_34_516.jpg;0;0;0.2363097;1.752286;114.985;13.73745;359.0322;276.7523;0.01686183
C:\Mark's Python files\ME5920\HW3_Gardocki\DefinedTurns\IMG\robocam_2025_04_06_21_56_34_558.jpg;0;0;0;1.729021;114.9928;13.66905;359.0085;276.7441;0.0005267438
C:\Mark's Python files\ME5920\HW3_Gardocki\DefinedTurns\IMG\robocam_2025_04_06_21_56_34_598.jpg;0;0;0;1.724853;115.0008;13.60079;358.9911;276.7424;359.9929
C:\Mark's Python files\ME5920\HW3_Gardocki\DefinedTurns\IMG\robocam_2025_04_06_21_56_34_640.jpg;0;0;0;1.720711;115.0089;13.53253;358.9836;276.742;359.9864
C:\Mark's Python files\ME5920\HW3_Gardocki\DefinedTurns\IMG\robocam_2025_04_06_21_56_34_681.jpg;0;0;0;1.715714;115.0172;13.46405;359.0009;276.7484;-0.002344185
C:\Mark's Python files\ME5920\HW3_Gardocki\DefinedTurns\IMG\robocam_2025_04_06_21_56_34_733.jpg;0;0;0;1.711607;115.0294;13.36141;359.039;276.7499;0.005518835
C:\Mark's Python files\ME5920\HW3_Gardocki\DefinedTurns\IMG\robocam_2025_04_06_21_56_34_775.jpg;0;0;0.0350097;1.705515;115.0375;13.29306;359.0716;276.7501;0.009890358
C:\Mark's Python files\ME5920\HW3_Gardocki\DefinedTurns\IMG\robocam_2025_04_06_21_56_34_817.jpg;0;0;0.1597113;1.691967;115.0455;13.22517;359.1002;276.7501;0.01388181
C:\Mark's Python files\ME5920\HW3_Gardocki\DefinedTurns\IMG\robocam_2025_04_06_21_56_34_858.jpg;0;0;0.2829129;1.662262;115.0534;13.15876;359.1025;276.7502;0.01749909
C:\Mark's Python files\ME5920\HW3_Gardocki\DefinedTurns\IMG\robocam_2025_04_06_21_56_34_898.jpg;0;0;0;1.636182;115.0608;13.09399;359.0818;276.7451;0.008930315
C:\Mark's Python files\ME5920\HW3_Gardocki\DefinedTurns\IMG\robocam_2025_04_06_21_56_34_939.jpg;0;0;0;1.632017;115.0684;13.02924;359.0743;276.7422;-0.0005559993
C:\Mark's Python files\ME5920\HW3_Gardocki\DefinedTurns\IMG\robocam_2025_04_06_21_56_34_980.jpg;0;0;0.078393;1.625757;115.0761;12.9646;359.0732;276.7415;359.9921
C:\Mark's Python files\ME5920\HW3_Gardocki\DefinedTurns\IMG\robocam_2025_04_06_21_56_35_021.jpg;0;0;0.2002311;1.609468;115.0836;12.90061;359.0656;276.7414;359.9854
C:\Mark's Python files\ME5920\HW3_Gardocki\DefinedTurns\IMG\robocam_2025_04_06_21_56_35_061.jpg;0;0;0.2913705;1.576443;115.0913;12.83797;359.0476;276.748;-0.00319701
C:\Mark's Python files\ME5920\HW3_Gardocki\DefinedTurns\IMG\robocam_2025_04_06_21_56_35_102.jpg;0;0;0;1.548344;115.0985;12.77728;358.9947;276.7495;0.001647416
C:\Mark's Python files\ME5920\HW3_Gardocki\DefinedTurns\IMG\robocam_2025_04_06_21_56_35_144.jpg;0;0;0;1.543963;115.1056;12.71642;358.9639;276.7469;-0.0008485229
C:\Mark's Python files\ME5920\HW3_Gardocki\DefinedTurns\IMG\robocam_2025_04_06_21_56_35_187.jpg;0;0;0.0439845;1.539858;115.1164;12.62502;358.9469;276.7457;-0.001550455
C:\Mark's Python files\ME5920\HW3_Gardocki\DefinedTurns\IMG\robocam_2025_04_06_21_56_35_228.jpg;0;0;0.171108;1.525713;115.1235;12.56501;358.927;276.7456;-0.001566843
C:\Mark's Python files\ME5920\HW3_Gardocki\DefinedTurns\IMG\robocam_2025_04_06_21_56_35_268.jpg;0;0;0.2929803;1.495332;115.1304;12.50673;358.8876;276.7455;-0.001834925
C:\Mark's Python files\ME5920\HW3_Gardocki\DefinedTurns\IMG\robocam_2025_04_06_21_56_35_310.jpg;0;0;0.4172988;1.450266;115.137;12.45101;358.8124;276.7466;0.001248905
C:\Mark's Python files\ME5920\HW3_Gardocki\DefinedTurns\IMG\robocam_2025_04_06_21_56_35_352.jpg;0;0;0.5738301;1.357845;115.1432;12.39802;358.7253;276.7451;-0.0008024122
C:\Mark's Python files\ME5920\HW3_Gardocki\DefinedTurns\IMG\robocam_2025_04_06_21_56_35_391.jpg;0;0;0;1.335673;115.1493;12.34526;358.7064;276.7444;-0.001312371
C:\Mark's Python files\ME5920\HW3_Gardocki\DefinedTurns\IMG\robocam_2025_04_06_21_56_35_433.jpg;0;0;0;1.327583;115.1557;12.29099;358.7934;276.7468;0.002013391
C:\Mark's Python files\ME5920\HW3_Gardocki\DefinedTurns\IMG\robocam_2025_04_06_21_56_35_474.jpg;0;0;0;1.323296;115.1621;12.23613;358.9283;276.7451;0.001719261
C:\Mark's Python files\ME5920\HW3_Gardocki\DefinedTurns\IMG\robocam_2025_04_06_21_56_35_516.jpg;0;0;0;1.319611;115.1685;12.18154;359.0551;276.7455;0.009042385
C:\Mark's Python files\ME5920\HW3_Gardocki\DefinedTurns\IMG\robocam_2025_04_06_21_56_35_557.jpg;0;0;0.0404319;1.316497;115.1749;12.12719;359.1786;276.7456;0.01581986
C:\Mark's Python files\ME5920\HW3_Gardocki\DefinedTurns\IMG\robocam_2025_04_06_21_56_35_598.jpg;0;0;0.1645848;1.294402;115.1812;12.07373;359.2831;276.7457;0.02203607
C:\Mark's Python files\ME5920\HW3_Gardocki\DefinedTurns\IMG\robocam_2025_04_06_21_56_35_638.jpg;0;0;0;1.276823;115.1874;12.02165;359.3583;276.7457;0.02766854
C:\Mark's Python files\ME5920\HW3_Gardocki\DefinedTurns\IMG\robocam_2025_04_06_21_56_35_679.jpg;0;0;0;1.273891;115.1935;11.96975;359.4315;276.7457;0.03270333
C:\Mark's Python files\ME5920\HW3_Gardocki\DefinedTurns\IMG\robocam_2025_04_06_21_56_35_720.jpg;0;0;0.044526;1.270964;115.1996;11.918;359.5026;276.7457;0.03713129
C:\Mark's Python files\ME5920\HW3_Gardocki\DefinedTurns\IMG\robocam_2025_04_06_21_56_35_760.jpg;0;0;0.1657242;1.255077;115.2057;11.867;359.5577;276.7458;0.04095019
C:\Mark's Python files\ME5920\HW3_Gardocki\DefinedTurns\IMG\robocam_2025_04_06_21_56_35_801.jpg;0;0;0;1.222775;115.2115;11.81778;359.5744;276.7458;0.04416271
C:\Mark's Python files\ME5920\HW3_Gardocki\DefinedTurns\IMG\robocam_2025_04_06_21_56_35_843.jpg;0;0;0;1.218714;115.2172;11.76927;359.5787;276.7458;0.04677767
C:\Mark's Python files\ME5920\HW3_Gardocki\DefinedTurns\IMG\robocam_2025_04_06_21_56_35_885.jpg;0;0;0;1.215897;115.2229;11.72084;359.5846;276.7458;0.04880383
C:\Mark's Python files\ME5920\HW3_Gardocki\DefinedTurns\IMG\robocam_2025_04_06_21_56_35_927.jpg;0;0;0.1281585;1.20556;115.2314;11.6492;359.5773;276.7459;0.05078206
C:\Mark's Python files\ME5920\HW3_Gardocki\DefinedTurns\IMG\robocam_2025_04_06_21_56_35_970.jpg;0;0;0;1.178473;115.2369;11.60289;359.5453;276.746;0.05142754
C:\Mark's Python files\ME5920\HW3_Gardocki\DefinedTurns\IMG\robocam_2025_04_06_21_56_36_011.jpg;0;0;0;1.175606;115.2423;11.55656;359.5215;276.744;0.04694333
C:\Mark's Python files\ME5920\HW3_Gardocki\DefinedTurns\IMG\robocam_2025_04_06_21_56_36_051.jpg;0;0;0.0664059;1.169794;115.2477;11.51032;359.5034;276.743;0.04138346
C:\Mark's Python files\ME5920\HW3_Gardocki\DefinedTurns\IMG\robocam_2025_04_06_21_56_36_094.jpg;0;0;0.1932072;1.149513;115.2531;11.46498;359.4705;276.7428;0.03625717
C:\Mark's Python files\ME5920\HW3_Gardocki\DefinedTurns\IMG\robocam_2025_04_06_21_56_36_134.jpg;0;0;0.3177384;1.109569;115.2581;11.42147;359.4087;276.7383;0.02102446
C:\Mark's Python files\ME5920\HW3_Gardocki\DefinedTurns\IMG\robocam_2025_04_06_21_56_36_185.jpg;0;0;0;1.108896;115.2656;11.35684;359.324;276.7338;-0.005548648
C:\Mark's Python files\ME5920\HW3_Gardocki\DefinedTurns\IMG\robocam_2025_04_06_21_56_36_227.jpg;0;0;0;1.106026;115.2708;11.31358;359.288;276.7366;359.9869
C:\Mark's Python files\ME5920\HW3_Gardocki\DefinedTurns\IMG\robocam_2025_04_06_21_56_36_267.jpg;0;0;0.1220115;1.097399;115.2759;11.2708;359.2514;276.7382;359.9801
C:\Mark's Python files\ME5920\HW3_Gardocki\DefinedTurns\IMG\robocam_2025_04_06_21_56_36_309.jpg;0;0;0.2453943;1.071877;115.281;11.22928;359.2006;276.743;359.9832
C:\Mark's Python files\ME5920\HW3_Gardocki\DefinedTurns\IMG\robocam_2025_04_06_21_56_36_350.jpg;0;0;0;1.030491;115.2857;11.1898;359.116;276.7513;359.9852
C:\Mark's Python files\ME5920\HW3_Gardocki\DefinedTurns\IMG\robocam_2025_04_06_21_56_36_391.jpg;0;0;0;1.02789;115.2906;11.14989;359.0626;276.7571;0.001886816
C:\Mark's Python files\ME5920\HW3_Gardocki\DefinedTurns\IMG\robocam_2025_04_06_21_56_36_433.jpg;0;0;0.1150746;1.023012;115.2952;11.10993;359.0231;276.7523;0.002767319
C:\Mark's Python files\ME5920\HW3_Gardocki\DefinedTurns\IMG\robocam_2025_04_06_21_56_36_474.jpg;0;0;0.2409699;0.9942926;115.2998;11.07127;358.9684;276.702;0.001701833
C:\Mark's Python files\ME5920\HW3_Gardocki\DefinedTurns\IMG\robocam_2025_04_06_21_56_36_526.jpg;0;0;0.3671835;0.9569804;115.3062;11.01634;358.8547;276.6152;-0.001521895
C:\Mark's Python files\ME5920\HW3_Gardocki\DefinedTurns\IMG\robocam_2025_04_06_21_56_36_566.jpg;0;0;0.487074;0.8938218;115.3099;10.98378;358.7331;276.4289;359.9906
C:\Mark's Python files\ME5920\HW3_Gardocki\DefinedTurns\IMG\robocam_2025_04_06_21_56_36_607.jpg;0;0;0.6088311;0.7672735;115.3122;10.95725;358.5492;276.1877;359.9858
C:\Mark's Python files\ME5920\HW3_Gardocki\DefinedTurns\IMG\robocam_2025_04_06_21_56_36_647.jpg;0;0;0.7289078;0.6467404;115.3137;10.9355;358.3882;276.0009;-0.0004321871
C:\Mark's Python files\ME5920\HW3_Gardocki\DefinedTurns\IMG\robocam_2025_04_06_21_56_36_687.jpg;0;0;0.8513126;0.5082433;115.3143;10.91914;358.2333;275.8531;0.001849799
C:\Mark's Python files\ME5920\HW3_Gardocki\DefinedTurns\IMG\robocam_2025_04_06_21_56_36_729.jpg;0;0;0.9727199;0.3666811;115.3141;10.90841;358.0797;275.7212;0.0008778857
C:\Mark's Python files\ME5920\HW3_Gardocki\DefinedTurns\IMG\robocam_2025_04_06_21_56_36_768.jpg;0;0;0;0.2943703;115.3142;10.89693;358.0686;275.6;0.003831024
C:\Mark's Python files\ME5920\HW3_Gardocki\DefinedTurns\IMG\robocam_2025_04_06_21_56_36_810.jpg;0;0;0;0.2868074;115.3145;10.88253;358.2424;275.4748;0.001635346
C:\Mark's Python files\ME5920\HW3_Gardocki\DefinedTurns\IMG\robocam_2025_04_06_21_56_36_851.jpg;0;0;0.0819657;0.2805032;115.315;10.86709;358.5582;275.3687;0.00283973
C:\Mark's Python files\ME5920\HW3_Gardocki\DefinedTurns\IMG\robocam_2025_04_06_21_56_36_891.jpg;0;0;0.2070237;0.1261115;115.3152;10.85865;358.7837;275.3719;0.01036753
C:\Mark's Python files\ME5920\HW3_Gardocki\DefinedTurns\IMG\robocam_2025_04_06_21_56_36_933.jpg;0;0;0.3255147;0.02052969;115.316;10.85771;358.8817;275.5118;0.02193146
C:\Mark's Python files\ME5920\HW3_Gardocki\DefinedTurns\IMG\robocam_2025_04_06_21_56_36_974.jpg;0;0;0.4532679;-0.03434339;115.316;10.85774;358.9652;275.5114;0.01351689
C:\Mark's Python files\ME5920\HW3_Gardocki\DefinedTurns\IMG\robocam_2025_04_06_21_56_37_016.jpg;0;0;0.5779281;-0.0378459;115.316;10.85778;359.0535;275.5111;0.005986667
C:\Mark's Python files\ME5920\HW3_Gardocki\DefinedTurns\IMG\robocam_2025_04_06_21_56_37_058.jpg;0;0;0.7350588;-0.04087074;115.316;10.85782;359.1439;275.511;0.001001575
C:\Mark's Python files\ME5920\HW3_Gardocki\DefinedTurns\IMG\robocam_2025_04_06_21_56_37_098.jpg;0;0;0.8587713;-0.04205481;115.316;10.85786;359.2373;275.511;-0.003689399
C:\Mark's Python files\ME5920\HW3_Gardocki\DefinedTurns\IMG\robocam_2025_04_06_21_56_37_139.jpg;0;0;0.9480453;-0.04282277;115.316;10.8579;359.3327;275.511;359.9919
C:\Mark's Python files\ME5920\HW3_Gardocki\DefinedTurns\IMG\robocam_2025_04_06_21_56_37_181.jpg;0;0;1;-0.04318696;115.316;10.85794;359.4291;275.511;359.9879
C:\Mark's Python files\ME5920\HW3_Gardocki\DefinedTurns\IMG\robocam_2025_04_06_21_56_37_221.jpg;0;0;1;-0.04316317;115.316;10.85798;359.5257;275.511;359.9843
C:\Mark's Python files\ME5920\HW3_Gardocki\DefinedTurns\IMG\robocam_2025_04_06_21_56_37_263.jpg;0;0;1;-0.04276909;115.316;10.85802;359.6217;275.511;359.981
C:\Mark's Python files\ME5920\HW3_Gardocki\DefinedTurns\IMG\robocam_2025_04_06_21_56_37_304.jpg;0;0;1;-0.04202618;115.316;10.85805;359.7163;275.511;359.978
C:\Mark's Python files\ME5920\HW3_Gardocki\DefinedTurns\IMG\robocam_2025_04_06_21_56_37_345.jpg;0;0;1;-0.04095791;115.316;10.85809;359.8087;275.511;359.9755
C:\Mark's Python files\ME5920\HW3_Gardocki\DefinedTurns\IMG\robocam_2025_04_06_21_56_37_386.jpg;0;0;1;-0.03958904;115.316;10.85814;359.9417;275.5111;359.9724
C:\Mark's Python files\ME5920\HW3_Gardocki\DefinedTurns\IMG\robocam_2025_04_06_21_56_37_428.jpg;0;0;1;-0.03702937;115.316;10.85817;0.02576023;275.5111;359.9709
C:\Mark's Python files\ME5920\HW3_Gardocki\DefinedTurns\IMG\robocam_2025_04_06_21_56_37_468.jpg;0;0;1;-0.03502727;115.316;10.8582;0.105469;275.5112;359.9697
C:\Mark's Python files\ME5920\HW3_Gardocki\DefinedTurns\IMG\robocam_2025_04_06_21_56_37_509.jpg;0;0;1;-0.03282085;115.316;10.85823;0.1803597;275.5112;359.9688
C:\Mark's Python files\ME5920\HW3_Gardocki\DefinedTurns\IMG\robocam_2025_04_06_21_56_37_550.jpg;0;0;0;-0.03044027;115.316;10.85826;0.25002;275.5112;359.9683
C:\Mark's Python files\ME5920\HW3_Gardocki\DefinedTurns\IMG\robocam_2025_04_06_21_56_37_593.jpg;0;0;0;-0.02791474;115.316;10.85828;0.3141029;275.5112;359.9682
C:\Mark's Python files\ME5920\HW3_Gardocki\DefinedTurns\IMG\robocam_2025_04_06_21_56_37_633.jpg;0;0;0;-0.02527337;115.316;10.8583;0.3723262;275.5113;359.9683
C:\Mark's Python files\ME5920\HW3_Gardocki\DefinedTurns\IMG\robocam_2025_04_06_21_56_37_674.jpg;0;0;0;-0.02391749;115.316;10.85832;0.4244701;275.5113;359.9688
C:\Mark's Python files\ME5920\HW3_Gardocki\DefinedTurns\IMG\robocam_2025_04_06_21_56_37_716.jpg;0;0;0;-0.02115516;115.316;10.85834;0.4703822;275.5113;359.9695
C:\Mark's Python files\ME5920\HW3_Gardocki\DefinedTurns\IMG\robocam_2025_04_06_21_56_37_757.jpg;0;0;0;-0.01834751;115.316;10.85835;0.50997;275.5113;359.9704
C:\Mark's Python files\ME5920\HW3_Gardocki\DefinedTurns\IMG\robocam_2025_04_06_21_56_37_798.jpg;0;0;0;-0.01333971;115.316;10.85836;0.5403466;275.5113;359.9746
C:\Mark's Python files\ME5920\HW3_Gardocki\DefinedTurns\IMG\robocam_2025_04_06_21_56_37_838.jpg;0;0;0.0395943;-0.01014273;115.316;10.85837;0.5633079;275.5113;359.9801
C:\Mark's Python files\ME5920\HW3_Gardocki\DefinedTurns\IMG\robocam_2025_04_06_21_56_37_880.jpg;0;0;0.1643937;0;115.316;10.85838;0.5789681;275.5113;359.9868
C:\Mark's Python files\ME5920\HW3_Gardocki\DefinedTurns\IMG\robocam_2025_04_06_21_56_37_924.jpg;0;0;0.3213498;0;115.316;10.85838;0.5886748;275.5113;359.9936
C:\Mark's Python files\ME5920\HW3_Gardocki\DefinedTurns\IMG\robocam_2025_04_06_21_56_37_975.jpg;0;0;0.4487085;0;115.316;10.85838;0.591973;275.5113;0.003039906
C:\Mark's Python files\ME5920\HW3_Gardocki\DefinedTurns\IMG\robocam_2025_04_06_21_56_38_016.jpg;0;0;0.5722488;0;115.316;10.85838;0.5868863;275.5113;0.007976876
C:\Mark's Python files\ME5920\HW3_Gardocki\DefinedTurns\IMG\robocam_2025_04_06_21_56_38_058.jpg;0;0;0.696523;0;115.316;10.85838;0.576708;275.5113;0.01221974
C:\Mark's Python files\ME5920\HW3_Gardocki\DefinedTurns\IMG\robocam_2025_04_06_21_56_38_099.jpg;0;0;0.8518879;0;115.3159;10.85838;0.5620252;275.5113;0.01605752
C:\Mark's Python files\ME5920\HW3_Gardocki\DefinedTurns\IMG\robocam_2025_04_06_21_56_38_151.jpg;0;0;0.9760509;0;115.3159;10.85837;0.5323631;275.5113;0.02110229
C:\Mark's Python files\ME5920\HW3_Gardocki\DefinedTurns\IMG\robocam_2025_04_06_21_56_38_193.jpg;0;0;1;0.01125519;115.3159;10.85836;0.5080304;275.5113;0.02397806
C:\Mark's Python files\ME5920\HW3_Gardocki\DefinedTurns\IMG\robocam_2025_04_06_21_56_38_244.jpg;0;0;1;0.01261385;115.3159;10.85835;0.4804985;275.5113;0.02645986
C:\Mark's Python files\ME5920\HW3_Gardocki\DefinedTurns\IMG\robocam_2025_04_06_21_56_38_286.jpg;0;0;1;0.013804;115.3159;10.85834;0.4340676;275.5113;0.0294439
C:\Mark's Python files\ME5920\HW3_Gardocki\DefinedTurns\IMG\robocam_2025_04_06_21_56_38_328.jpg;0;0;1;0.01482056;115.3159;10.85833;0.4002764;275.5113;0.03094853
C:\Mark's Python files\ME5920\HW3_Gardocki\DefinedTurns\IMG\robocam_2025_04_06_21_56_38_370.jpg;0;0;0;0.01566285;115.316;10.85831;0.3646827;275.5113;0.03207406
C:\Mark's Python files\ME5920\HW3_Gardocki\DefinedTurns\IMG\robocam_2025_04_06_21_56_38_412.jpg;0;0;0;0.01660101;115.316;10.8583;0.3276826;275.5113;0.0328348
C:\Mark's Python files\ME5920\HW3_Gardocki\DefinedTurns\IMG\robocam_2025_04_06_21_56_38_451.jpg;0;0;0;0.01701286;115.316;10.85829;0.289665;275.5113;0.03324512
C:\Mark's Python files\ME5920\HW3_Gardocki\DefinedTurns\IMG\robocam_2025_04_06_21_56_38_494.jpg;0;0.0793914;0;0.01696796;115.316;10.85828;0.2510997;275.5113;0.033299
C:\Mark's Python files\ME5920\HW3_Gardocki\DefinedTurns\IMG\robocam_2025_04_06_21_56_38_534.jpg;0;0.2019777;0;0.02447883;115.3159;10.85837;0.2094373;275.5144;0.03306836
C:\Mark's Python files\ME5920\HW3_Gardocki\DefinedTurns\IMG\robocam_2025_04_06_21_56_38_576.jpg;0;0.2546253;0;0.03397231;115.3161;10.85723;0.1961575;275.5276;0.03245771
C:\Mark's Python files\ME5920\HW3_Gardocki\DefinedTurns\IMG\robocam_2025_04_06_21_56_38_617.jpg;0;0.1323936;0;0.04509134;115.3162;10.85594;0.1844944;275.4575;0.03177407
C:\Mark's Python files\ME5920\HW3_Gardocki\DefinedTurns\IMG\robocam_2025_04_06_21_56_38_658.jpg;0;0.009085234;0;0.04155804;115.3163;10.85419;0.1815314;275.4279;0.03074513
C:\Mark's Python files\ME5920\HW3_Gardocki\DefinedTurns\IMG\robocam_2025_04_06_21_56_38_698.jpg;0;0.0426333;0;0.02999311;115.3164;10.85305;0.1640145;275.5844;0.02893412
C:\Mark's Python files\ME5920\HW3_Gardocki\DefinedTurns\IMG\robocam_2025_04_06_21_56_38_740.jpg;0;0.0721455;0;0.05178926;115.3166;10.85097;0.1670311;275.5649;0.02755413
C:\Mark's Python files\ME5920\HW3_Gardocki\DefinedTurns\IMG\robocam_2025_04_06_21_56_38_781.jpg;0;0;0;0.04498885;115.3168;10.84914;0.1625384;275.491;0.02624826
C:\Mark's Python files\ME5920\HW3_Gardocki\DefinedTurns\IMG\robocam_2025_04_06_21_56_38_823.jpg;0;0;0;0.04502984;115.317;10.84753;0.1521955;275.4907;0.02448119
C:\Mark's Python files\ME5920\HW3_Gardocki\DefinedTurns\IMG\robocam_2025_04_06_21_56_38_864.jpg;0;0;0;0.04497164;115.3171;10.84594;0.140447;275.4907;0.02259513
C:\Mark's Python files\ME5920\HW3_Gardocki\DefinedTurns\IMG\robocam_2025_04_06_21_56_38_906.jpg;0;0.0857271;0;0.05497898;115.3173;10.84341;0.1248413;275.4739;0.01963731
C:\Mark's Python files\ME5920\HW3_Gardocki\DefinedTurns\IMG\robocam_2025_04_06_21_56_38_947.jpg;0;0;0;0.05133272;115.3175;10.84154;0.1176085;275.5548;0.01734907
C:\Mark's Python files\ME5920\HW3_Gardocki\DefinedTurns\IMG\robocam_2025_04_06_21_56_38_988.jpg;0;0;0;0.04886168;115.3177;10.83977;0.1077438;275.5552;0.01527361
C:\Mark's Python files\ME5920\HW3_Gardocki\DefinedTurns\IMG\robocam_2025_04_06_21_56_39_030.jpg;0;0.0323634;0;0.04878066;115.3179;10.83801;0.09703144;275.5552;0.01318098
C:\Mark's Python files\ME5920\HW3_Gardocki\DefinedTurns\IMG\robocam_2025_04_06_21_56_39_081.jpg;0;0.1590456;0;0.05728079;115.318;10.83643;0.08184145;275.5513;0.01109688
C:\Mark's Python files\ME5920\HW3_Gardocki\DefinedTurns\IMG\robocam_2025_04_06_21_56_39_123.jpg;0;0.1085793;0;0.06732525;115.3183;10.83414;0.08309911;275.418;0.009196891
C:\Mark's Python files\ME5920\HW3_Gardocki\DefinedTurns\IMG\robocam_2025_04_06_21_56_39_164.jpg;0;0;0;0.07280751;115.3185;10.83115;0.09902968;275.301;0.007248066
C:\Mark's Python files\ME5920\HW3_Gardocki\DefinedTurns\IMG\robocam_2025_04_06_21_56_39_204.jpg;0;0;0;0.05896445;115.3188;10.82882;0.09834144;275.2925;0.005056874
C:\Mark's Python files\ME5920\HW3_Gardocki\DefinedTurns\IMG\robocam_2025_04_06_21_56_39_246.jpg;0;0.1276221;0;0.07470107;115.3192;10.82423;0.1197055;275.3047;0.001725682
C:\Mark's Python files\ME5920\HW3_Gardocki\DefinedTurns\IMG\robocam_2025_04_06_21_56_39_288.jpg;0;0.2526924;0;0.06767134;115.3195;10.82137;0.1269404;275.1403;3.288954E-05
C:\Mark's Python files\ME5920\HW3_Gardocki\DefinedTurns\IMG\robocam_2025_04_06_21_56_39_329.jpg;0;0.1306092;0;0.07332371;115.3198;10.81786;0.1476677;275.1481;-0.001915106
C:\Mark's Python files\ME5920\HW3_Gardocki\DefinedTurns\IMG\robocam_2025_04_06_21_56_39_371.jpg;0;0.004438805;0;0.08513712;115.3201;10.81439;0.165135;275.2235;-0.004018681
C:\Mark's Python files\ME5920\HW3_Gardocki\DefinedTurns\IMG\robocam_2025_04_06_21_56_39_411.jpg;0;0.0385563;0;0.07654811;115.3204;10.81085;0.1818833;275.2184;-0.005669929
C:\Mark's Python files\ME5920\HW3_Gardocki\DefinedTurns\IMG\robocam_2025_04_06_21_56_39_453.jpg;0;0.1641612;0;0.07803457;115.3207;10.80731;0.1956755;275.0509;359.9934
C:\Mark's Python files\ME5920\HW3_Gardocki\DefinedTurns\IMG\robocam_2025_04_06_21_56_39_495.jpg;0;0.2875074;0;0.09184705;115.3211;10.8032;0.2200783;275.028;359.9919
C:\Mark's Python files\ME5920\HW3_Gardocki\DefinedTurns\IMG\robocam_2025_04_06_21_56_39_537.jpg;0;0.1619418;0;0.0989297;115.3215;10.7987;0.2500424;275.1553;359.9901
C:\Mark's Python files\ME5920\HW3_Gardocki\DefinedTurns\IMG\robocam_2025_04_06_21_56_39_578.jpg;0;0.03820769;0;0.1106552;115.3219;10.79384;0.2842454;275.0801;359.9893
C:\Mark's Python files\ME5920\HW3_Gardocki\DefinedTurns\IMG\robocam_2025_04_06_21_56_39_620.jpg;0;0;0;0.09881049;115.3223;10.78964;0.2994573;275.0732;359.9883
C:\Mark's Python files\ME5920\HW3_Gardocki\DefinedTurns\IMG\robocam_2025_04_06_21_56_39_667.jpg;0;0;0;0.09869546;115.3229;10.78353;0.3120486;275.0731;359.9871
C:\Mark's Python files\ME5920\HW3_Gardocki\DefinedTurns\IMG\robocam_2025_04_06_21_56_39_708.jpg;0;0;0;0.09858349;115.3232;10.77957;0.3139468;275.0731;359.9864
C:\Mark's Python files\ME5920\HW3_Gardocki\DefinedTurns\IMG\robocam_2025_04_06_21_56_39_750.jpg;0;0;0;0.09846889;115.3236;10.77569;0.3110855;275.0731;359.9859
C:\Mark's Python files\ME5920\HW3_Gardocki\DefinedTurns\IMG\robocam_2025_04_06_21_56_39_791.jpg;0;0;0;0.09828927;115.3239;10.7719;0.3038792;275.0731;359.9856
C:\Mark's Python files\ME5920\HW3_Gardocki\DefinedTurns\IMG\robocam_2025_04_06_21_56_39_833.jpg;0;0;0;0.09816281;115.3242;10.76818;0.2927725;275.073;359.9854
C:\Mark's Python files\ME5920\HW3_Gardocki\DefinedTurns\IMG\robocam_2025_04_06_21_56_39_873.jpg;0;0;0;0.09802995;115.3246;10.76453;0.2782272;275.073;359.9854
C:\Mark's Python files\ME5920\HW3_Gardocki\DefinedTurns\IMG\robocam_2025_04_06_21_56_39_924.jpg;0;0;0;0.09789005;115.3249;10.76093;0.2607138;275.073;359.9855
C:\Mark's Python files\ME5920\HW3_Gardocki\DefinedTurns\IMG\robocam_2025_04_06_21_56_39_965.jpg;0;0;0;0.09774253;115.3253;10.75563;0.2299209;275.073;359.9859
C:\Mark's Python files\ME5920\HW3_Gardocki\DefinedTurns\IMG\robocam_2025_04_06_21_56_40_007.jpg;0;0;0;0.09758703;115.3257;10.75214;0.2070595;275.073;359.9864
C:\Mark's Python files\ME5920\HW3_Gardocki\DefinedTurns\IMG\robocam_2025_04_06_21_56_40_047.jpg;0;0;0;0.09733833;115.326;10.74868;0.1828659;275.073;359.9868
C:\Mark's Python files\ME5920\HW3_Gardocki\DefinedTurns\IMG\robocam_2025_04_06_21_56_40_089.jpg;0;0;0;0.09716212;115.3263;10.74524;0.157776;275.073;359.9875
C:\Mark's Python files\ME5920\HW3_Gardocki\DefinedTurns\IMG\robocam_2025_04_06_21_56_40_129.jpg;0;0;0;0.09707092;115.3266;10.74182;0.1322062;275.073;359.9881
C:\Mark's Python files\ME5920\HW3_Gardocki\DefinedTurns\IMG\robocam_2025_04_06_21_56_40_169.jpg;0;0;0;0.0968824;115.3269;10.73841;0.106544;275.073;359.9889
C:\Mark's Python files\ME5920\HW3_Gardocki\DefinedTurns\IMG\robocam_2025_04_06_21_56_40_210.jpg;0;0;0;0.09668599;115.3272;10.735;0.08115075;275.073;359.9897
C:\Mark's Python files\ME5920\HW3_Gardocki\DefinedTurns\IMG\robocam_2025_04_06_21_56_40_252.jpg;0;0;0;0.09648208;115.3275;10.73159;0.0563528;275.073;359.9905
C:\Mark's Python files\ME5920\HW3_Gardocki\DefinedTurns\IMG\robocam_2025_04_06_21_56_40_294.jpg;0;0;0;0.09627104;115.3278;10.72817;0.0324411;275.073;359.9914
C:\Mark's Python files\ME5920\HW3_Gardocki\DefinedTurns\IMG\robocam_2025_04_06_21_56_40_334.jpg;0;0;0;0.09605338;115.3281;10.72474;0.009677188;275.073;359.9923
C:\Mark's Python files\ME5920\HW3_Gardocki\DefinedTurns\IMG\robocam_2025_04_06_21_56_40_376.jpg;0;0;0;0.09582969;115.3284;10.7213;359.9883;275.073;359.9933
C:\Mark's Python files\ME5920\HW3_Gardocki\DefinedTurns\IMG\robocam_2025_04_06_21_56_40_416.jpg;0;0;0;0.09560054;115.3287;10.71784;359.9684;275.073;359.9942
C:\Mark's Python files\ME5920\HW3_Gardocki\DefinedTurns\IMG\robocam_2025_04_06_21_56_40_458.jpg;0;0;0;0.09524806;115.329;10.71436;359.9503;275.073;-0.004850277
C:\Mark's Python files\ME5920\HW3_Gardocki\DefinedTurns\IMG\robocam_2025_04_06_21_56_40_510.jpg;0;0;0;0.09500814;115.3295;10.70909;359.9265;275.073;-0.003475697
C:\Mark's Python files\ME5920\HW3_Gardocki\DefinedTurns\IMG\robocam_2025_04_06_21_56_40_551.jpg;0;0;0;0.09476516;115.3298;10.70555;359.9131;275.073;-0.002585907
C:\Mark's Python files\ME5920\HW3_Gardocki\DefinedTurns\IMG\robocam_2025_04_06_21_56_40_593.jpg;0;0;0;0.04681424;115.33;10.70355;359.8659;275.0755;-0.001693055
C:\Mark's Python files\ME5920\HW3_Gardocki\DefinedTurns\IMG\robocam_2025_04_06_21_56_40_633.jpg;0;0;0;0.03771396;115.33;10.70351;359.78;275.0758;-0.0008763951
C:\Mark's Python files\ME5920\HW3_Gardocki\DefinedTurns\IMG\robocam_2025_04_06_21_56_40_674.jpg;0;0;0;0.03634572;115.33;10.70348;359.7001;275.0758;-0.0001075661
C:\Mark's Python files\ME5920\HW3_Gardocki\DefinedTurns\IMG\robocam_2025_04_06_21_56_40_717.jpg;0;0;0;0.03348625;115.33;10.70345;359.6268;275.0758;0.0006166194
C:\Mark's Python files\ME5920\HW3_Gardocki\DefinedTurns\IMG\robocam_2025_04_06_21_56_40_757.jpg;0;0;0;0.02754986;115.33;10.70343;359.5639;275.0759;-0.0006955605
C:\Mark's Python files\ME5920\HW3_Gardocki\DefinedTurns\IMG\robocam_2025_04_06_21_56_40_798.jpg;0;0;0;0.02267609;115.33;10.7034;359.5118;275.0759;0.0008873782
C:\Mark's Python files\ME5920\HW3_Gardocki\DefinedTurns\IMG\robocam_2025_04_06_21_56_40_851.jpg;0;0;0;0.01886616;115.33;10.70337;359.4499;275.0759;0.001832795
C:\Mark's Python files\ME5920\HW3_Gardocki\DefinedTurns\IMG\robocam_2025_04_06_21_56_40_893.jpg;0;0;0;0.01519375;115.33;10.70336;359.4189;275.076;0.0003472052
C:\Mark's Python files\ME5920\HW3_Gardocki\DefinedTurns\IMG\robocam_2025_04_06_21_56_40_934.jpg;0;0;0;0.01160495;115.33;10.70335;359.396;275.076;-0.0007134124
C:\Mark's Python files\ME5920\HW3_Gardocki\DefinedTurns\IMG\robocam_2025_04_06_21_56_40_974.jpg;0;0;0;0;115.33;10.70334;359.3805;275.076;0.000652723
C:\Mark's Python files\ME5920\HW3_Gardocki\DefinedTurns\IMG\robocam_2025_04_06_21_56_41_015.jpg;0;0;0;0;115.33;10.70334;359.3723;275.076;0.0005738487
C:\Mark's Python files\ME5920\HW3_Gardocki\DefinedTurns\IMG\robocam_2025_04_06_21_56_41_055.jpg;0;0;0;0;115.33;10.70334;359.3708;275.076;-0.0001248953
C:\Mark's Python files\ME5920\HW3_Gardocki\DefinedTurns\IMG\robocam_2025_04_06_21_56_41_097.jpg;0;0;0;0;115.33;10.70334;359.3751;275.076;-0.0001816195
C:\Mark's Python files\ME5920\HW3_Gardocki\DefinedTurns\IMG\robocam_2025_04_06_21_56_41_148.jpg;0;0;0;0;115.33;10.70334;359.3914;275.076;0.0001647776
C:\Mark's Python files\ME5920\HW3_Gardocki\DefinedTurns\IMG\robocam_2025_04_06_21_56_41_189.jpg;0;0;0;0;115.33;10.70335;359.4082;275.076;0.0003804598
C:\Mark's Python files\ME5920\HW3_Gardocki\DefinedTurns\IMG\robocam_2025_04_06_21_56_41_230.jpg;0;0;0;0;115.33;10.70336;359.4293;275.076;0.0005806265
C:\Mark's Python files\ME5920\HW3_Gardocki\DefinedTurns\IMG\robocam_2025_04_06_21_56_41_271.jpg;0;0;0.0062526;-0.01073137;115.33;10.70337;359.4543;275.076;0.0007632131
C:\Mark's Python files\ME5920\HW3_Gardocki\DefinedTurns\IMG\robocam_2025_04_06_21_56_41_312.jpg;0;0;0.128529;-0.01233769;115.33;10.70338;359.4828;275.076;0.0009272509
C:\Mark's Python files\ME5920\HW3_Gardocki\DefinedTurns\IMG\robocam_2025_04_06_21_56_41_353.jpg;0;0;0.2514828;-0.01375867;115.33;10.70339;359.5143;275.076;0.001073269
C:\Mark's Python files\ME5920\HW3_Gardocki\DefinedTurns\IMG\robocam_2025_04_06_21_56_41_394.jpg;0;0;0.3733287;-0.0149901;115.33;10.7034;359.5485;275.076;0.001200263
C:\Mark's Python files\ME5920\HW3_Gardocki\DefinedTurns\IMG\robocam_2025_04_06_21_56_41_434.jpg;0;0;0.4965876;-0.01603196;115.33;10.70342;359.5849;275.0761;0.001308996
C:\Mark's Python files\ME5920\HW3_Gardocki\DefinedTurns\IMG\robocam_2025_04_06_21_56_41_475.jpg;0;0;0.6491058;-0.01723768;115.33;10.70343;359.6232;275.0761;0.00139907
C:\Mark's Python files\ME5920\HW3_Gardocki\DefinedTurns\IMG\robocam_2025_04_06_21_56_41_517.jpg;0;0;0.7745631;-0.01780837;115.33;10.70345;359.6628;275.0761;0.001471202
C:\Mark's Python files\ME5920\HW3_Gardocki\DefinedTurns\IMG\robocam_2025_04_06_21_56_41_557.jpg;0;0;0.8638185;-0.01802504;115.33;10.70347;359.7034;275.0761;0.001525786
C:\Mark's Python files\ME5920\HW3_Gardocki\DefinedTurns\IMG\robocam_2025_04_06_21_56_41_604.jpg;0;0;0.9934713;-0.01840824;115.33;10.70348;359.7446;275.0761;0.001562826
C:\Mark's Python files\ME5920\HW3_Gardocki\DefinedTurns\IMG\robocam_2025_04_06_21_56_41_645.jpg;0;0;1;-0.01845075;115.33;10.70351;359.8065;275.0761;0.001586342
C:\Mark's Python files\ME5920\HW3_Gardocki\DefinedTurns\IMG\robocam_2025_04_06_21_56_41_686.jpg;0;0;1;-0.01833125;115.33;10.70352;359.8475;275.0761;0.001583204
C:\Mark's Python files\ME5920\HW3_Gardocki\DefinedTurns\IMG\robocam_2025_04_06_21_56_41_726.jpg;0;0;1;-0.01805934;115.33;10.70354;359.8878;275.0761;0.0015649
C:\Mark's Python files\ME5920\HW3_Gardocki\DefinedTurns\IMG\robocam_2025_04_06_21_56_41_767.jpg;0;0;1;-0.01764441;115.33;10.70355;359.9271;275.0761;0.001533315
C:\Mark's Python files\ME5920\HW3_Gardocki\DefinedTurns\IMG\robocam_2025_04_06_21_56_41_807.jpg;0;0;1;-0.01709742;115.33;10.70357;359.9651;275.0761;0.001489707
C:\Mark's Python files\ME5920\HW3_Gardocki\DefinedTurns\IMG\robocam_2025_04_06_21_56_41_848.jpg;0;0;1;-0.01642897;115.33;10.70358;0.001477975;275.0761;0.001434636
C:\Mark's Python files\ME5920\HW3_Gardocki\DefinedTurns\IMG\robocam_2025_04_06_21_56_41_888.jpg;0;0;1;-0.01565211;115.33;10.70359;0.03610366;275.0761;0.00136966
C:\Mark's Python files\ME5920\HW3_Gardocki\DefinedTurns\IMG\robocam_2025_04_06_21_56_41_930.jpg;0;0;1;-0.01477763;115.33;10.70361;0.06872015;275.0761;0.00129533
C:\Mark's Python files\ME5920\HW3_Gardocki\DefinedTurns\IMG\robocam_2025_04_06_21_56_41_971.jpg;0;0;1;-0.01381874;115.33;10.70362;0.09914437;275.0761;0.001213905
C:\Mark's Python files\ME5920\HW3_Gardocki\DefinedTurns\IMG\robocam_2025_04_06_21_56_42_012.jpg;0;0;1;-0.01278675;115.33;10.70363;0.1272196;275.076;0.001125182
C:\Mark's Python files\ME5920\HW3_Gardocki\DefinedTurns\IMG\robocam_2025_04_06_21_56_42_053.jpg;0;0;1;-0.0116956;115.33;10.70364;0.1528192;275.076;0.001030857
C:\Mark's Python files\ME5920\HW3_Gardocki\DefinedTurns\IMG\robocam_2025_04_06_21_56_42_095.jpg;0;0;1;-0.01055711;115.33;10.70365;0.1758423;275.076;0.0009332941
C:\Mark's Python files\ME5920\HW3_Gardocki\DefinedTurns\IMG\robocam_2025_04_06_21_56_42_138.jpg;0;0;0;0;115.33;10.70366;0.1962159;275.076;0.0008321707
C:\Mark's Python files\ME5920\HW3_Gardocki\DefinedTurns\IMG\robocam_2025_04_06_21_56_42_179.jpg;0;0;0;0;115.33;10.70366;0.2138942;275.076;0.0007297272
C:\Mark's Python files\ME5920\HW3_Gardocki\DefinedTurns\IMG\robocam_2025_04_06_21_56_42_221.jpg;0;0;0;0;115.33;10.70367;0.2288549;275.076;0.0006264756
C:\Mark's Python files\ME5920\HW3_Gardocki\DefinedTurns\IMG\robocam_2025_04_06_21_56_42_261.jpg;0;0;0;0;115.33;10.70367;0.2411033;275.076;0.0005231319
C:\Mark's Python files\ME5920\HW3_Gardocki\DefinedTurns\IMG\robocam_2025_04_06_21_56_42_303.jpg;0;0.1236084;0;0;115.33;10.70366;0.2515148;275.0298;0.0006257321
C:\Mark's Python files\ME5920\HW3_Gardocki\DefinedTurns\IMG\robocam_2025_04_06_21_56_42_345.jpg;0;0.2513406;0;0;115.33;10.70339;0.2661011;275.1873;-0.0002646352
C:\Mark's Python files\ME5920\HW3_Gardocki\DefinedTurns\IMG\robocam_2025_04_06_21_56_42_387.jpg;0;0.3795027;0;0.01145127;115.3301;10.70221;0.2944351;275.2847;-0.0007601062
C:\Mark's Python files\ME5920\HW3_Gardocki\DefinedTurns\IMG\robocam_2025_04_06_21_56_42_430.jpg;0;0.5051923;0;0.02783895;115.3303;10.70013;0.3390996;275.3247;-0.00119103
C:\Mark's Python files\ME5920\HW3_Gardocki\DefinedTurns\IMG\robocam_2025_04_06_21_56_42_471.jpg;0;0.6271573;0;0.0535275;115.3306;10.69699;0.4026825;275.2752;-0.0009655517
C:\Mark's Python files\ME5920\HW3_Gardocki\DefinedTurns\IMG\robocam_2025_04_06_21_56_42_512.jpg;0;0.7514595;0;0.05460999;115.3309;10.69327;0.4665614;275.1942;0.0003878695
C:\Mark's Python files\ME5920\HW3_Gardocki\DefinedTurns\IMG\robocam_2025_04_06_21_56_42_552.jpg;0;0.8717034;0;0.08763473;115.3314;10.68834;0.5447557;275.2639;-0.0007981192
C:\Mark's Python files\ME5920\HW3_Gardocki\DefinedTurns\IMG\robocam_2025_04_06_21_56_42_594.jpg;0;0.996805;0;0.1172886;115.332;10.68141;0.6523045;275.314;-0.0007245139
C:\Mark's Python files\ME5920\HW3_Gardocki\DefinedTurns\IMG\robocam_2025_04_06_21_56_42_635.jpg;0;1;0;0.1676793;115.3328;10.67249;0.7846993;275.2273;4.232246E-05
C:\Mark's Python files\ME5920\HW3_Gardocki\DefinedTurns\IMG\robocam_2025_04_06_21_56_42_676.jpg;0;1;0;0.191126;115.3338;10.66209;0.9287373;275.2455;-0.0007494482
C:\Mark's Python files\ME5920\HW3_Gardocki\DefinedTurns\IMG\robocam_2025_04_06_21_56_42_718.jpg;0;1;0;0.2375391;115.3348;10.65041;1.076727;275.3069;-0.0009625996
C:\Mark's Python files\ME5920\HW3_Gardocki\DefinedTurns\IMG\robocam_2025_04_06_21_56_42_769.jpg;0;1;0;0.2664904;115.3366;10.63027;1.292415;275.3452;-0.001888547
C:\Mark's Python files\ME5920\HW3_Gardocki\DefinedTurns\IMG\robocam_2025_04_06_21_56_42_811.jpg;0;1;0;0.3223398;115.3376;10.61672;1.325466;275.3723;-0.003572304
C:\Mark's Python files\ME5920\HW3_Gardocki\DefinedTurns\IMG\robocam_2025_04_06_21_56_42_852.jpg;0;1;0;0.3310828;115.3385;10.60483;1.211073;275.397;-0.00165192
C:\Mark's Python files\ME5920\HW3_Gardocki\DefinedTurns\IMG\robocam_2025_04_06_21_56_42_893.jpg;0;1;0;0.3760476;115.3398;10.59097;1.120143;275.4091;0.0001742065
C:\Mark's Python files\ME5920\HW3_Gardocki\DefinedTurns\IMG\robocam_2025_04_06_21_56_42_934.jpg;0;1;0;0.4352154;115.3413;10.57411;1.087459;275.2292;0.002276043
C:\Mark's Python files\ME5920\HW3_Gardocki\DefinedTurns\IMG\robocam_2025_04_06_21_56_42_976.jpg;0;1;0;0.4513482;115.3429;10.55562;1.080004;275.2112;-0.0004414661
C:\Mark's Python files\ME5920\HW3_Gardocki\DefinedTurns\IMG\robocam_2025_04_06_21_56_43_019.jpg;0;1;0;0.5032002;115.3447;10.5357;1.091766;275.2034;-0.0003883874
C:\Mark's Python files\ME5920\HW3_Gardocki\DefinedTurns\IMG\robocam_2025_04_06_21_56_43_058.jpg;0;1;0;0.5344737;115.3466;10.51428;1.121986;275.1866;0.0002312169
C:\Mark's Python files\ME5920\HW3_Gardocki\DefinedTurns\IMG\robocam_2025_04_06_21_56_43_111.jpg;0;1;0;0.5710737;115.3496;10.47981;1.184983;275.2487;-0.001209299
C:\Mark's Python files\ME5920\HW3_Gardocki\DefinedTurns\IMG\robocam_2025_04_06_21_56_43_152.jpg;0;1;0;0.5935988;115.3518;10.45476;1.23393;275.2238;-0.0006351781
C:\Mark's Python files\ME5920\HW3_Gardocki\DefinedTurns\IMG\robocam_2025_04_06_21_56_43_193.jpg;0;1;0;0.6428694;115.3541;10.42842;1.261129;275.2159;-0.001335872
C:\Mark's Python files\ME5920\HW3_Gardocki\DefinedTurns\IMG\robocam_2025_04_06_21_56_43_235.jpg;0;0.912904;0;0.6703987;115.3564;10.4025;1.222568;275.2386;-0.00181625
C:\Mark's Python files\ME5920\HW3_Gardocki\DefinedTurns\IMG\robocam_2025_04_06_21_56_43_276.jpg;0;0.7859473;0;0.6928436;115.3587;10.37603;1.164188;275.2336;-0.0001165942
C:\Mark's Python files\ME5920\HW3_Gardocki\DefinedTurns\IMG\robocam_2025_04_06_21_56_43_318.jpg;0;0.6657127;0;0.7286844;115.3612;10.34736;1.143779;275.2243;-7.095738E-05
C:\Mark's Python files\ME5920\HW3_Gardocki\DefinedTurns\IMG\robocam_2025_04_06_21_56_43_359.jpg;0;0.5074099;0;0.7529166;115.3637;10.3181;1.125771;275.1524;9.088773E-05
C:\Mark's Python files\ME5920\HW3_Gardocki\DefinedTurns\IMG\robocam_2025_04_06_21_56_43_399.jpg;0;0.4176793;0;0.7609456;115.3664;10.28806;1.113831;275.1336;1.990736E-05
C:\Mark's Python files\ME5920\HW3_Gardocki\DefinedTurns\IMG\robocam_2025_04_06_21_56_43_441.jpg;0;0.2906678;0;0.7746378;115.369;10.25746;1.103147;275.1107;-0.0001120886
C:\Mark's Python files\ME5920\HW3_Gardocki\DefinedTurns\IMG\robocam_2025_04_06_21_56_43_482.jpg;0;0.1678055;0;0.7813165;115.3717;10.22665;1.086597;275.1064;-0.0002071307
C:\Mark's Python files\ME5920\HW3_Gardocki\DefinedTurns\IMG\robocam_2025_04_06_21_56_43_524.jpg;0;0.04424808;0;0.7830758;115.3743;10.19591;1.059334;275.1015;-7.920103E-05
C:\Mark's Python files\ME5920\HW3_Gardocki\DefinedTurns\IMG\robocam_2025_04_06_21_56_43_564.jpg;0;0;0;0.7821132;115.3769;10.16545;1.017943;275.1004;-6.78657E-05
C:\Mark's Python files\ME5920\HW3_Gardocki\DefinedTurns\IMG\robocam_2025_04_06_21_56_43_604.jpg;0;0;0;0.7806873;115.3795;10.13524;0.9648036;275.0974;-1.763159E-05
C:\Mark's Python files\ME5920\HW3_Gardocki\DefinedTurns\IMG\robocam_2025_04_06_21_56_43_645.jpg;0;0;0;0.7792242;115.3834;10.09035;0.867003;275.094;0.001657788
C:\Mark's Python files\ME5920\HW3_Gardocki\DefinedTurns\IMG\robocam_2025_04_06_21_56_43_696.jpg;0;0;0;0.7769904;115.386;10.06067;0.7925268;275.0931;0.005341111
C:\Mark's Python files\ME5920\HW3_Gardocki\DefinedTurns\IMG\robocam_2025_04_06_21_56_43_736.jpg;0;0;0;0.7754732;115.3886;10.03115;0.7121828;275.0931;0.0106154
C:\Mark's Python files\ME5920\HW3_Gardocki\DefinedTurns\IMG\robocam_2025_04_06_21_56_43_777.jpg;0;0;0;0.7739275;115.3912;10.0018;0.6258692;275.0931;0.01551953
C:\Mark's Python files\ME5920\HW3_Gardocki\DefinedTurns\IMG\robocam_2025_04_06_21_56_43_817.jpg;0;0;0;0.77235;115.3938;9.972591;0.5352583;275.0931;0.02000361
C:\Mark's Python files\ME5920\HW3_Gardocki\DefinedTurns\IMG\robocam_2025_04_06_21_56_43_858.jpg;0;0;0;0.7707426;115.3964;9.943489;0.4419699;275.0931;0.02403083
C:\Mark's Python files\ME5920\HW3_Gardocki\DefinedTurns\IMG\robocam_2025_04_06_21_56_43_902.jpg;0;0;0;0.7691067;115.3989;9.914471;0.3475206;275.0931;0.02759398
C:\Mark's Python files\ME5920\HW3_Gardocki\DefinedTurns\IMG\robocam_2025_04_06_21_56_43_943.jpg;0;0;0;0.7674434;115.4015;9.885514;0.2533121;275.0931;0.03068692
C:\Mark's Python files\ME5920\HW3_Gardocki\DefinedTurns\IMG\robocam_2025_04_06_21_56_43_983.jpg;0;0;0;0.7657543;115.4041;9.856599;0.1606269;275.0931;0.03331023
C:\Mark's Python files\ME5920\HW3_Gardocki\DefinedTurns\IMG\robocam_2025_04_06_21_56_44_023.jpg;0;0;0;0.764041;115.4067;9.827704;0.07062748;275.0931;0.03546805
C:\Mark's Python files\ME5920\HW3_Gardocki\DefinedTurns\IMG\robocam_2025_04_06_21_56_44_064.jpg;0;0;0;0.7623051;115.4092;9.798816;359.9843;275.0932;0.03717036
C:\Mark's Python files\ME5920\HW3_Gardocki\DefinedTurns\IMG\robocam_2025_04_06_21_56_44_106.jpg;0;0;0;0.7605489;115.4131;9.755458;359.8638;275.0932;0.03889358
C:\Mark's Python files\ME5920\HW3_Gardocki\DefinedTurns\IMG\robocam_2025_04_06_21_56_44_148.jpg;0;0;0;0.7587748;115.4156;9.72652;359.7904;275.0932;0.03951175
C:\Mark's Python files\ME5920\HW3_Gardocki\DefinedTurns\IMG\robocam_2025_04_06_21_56_44_189.jpg;0;0;0;0.756085;115.4182;9.697543;359.7233;275.0933;0.03972964
C:\Mark's Python files\ME5920\HW3_Gardocki\DefinedTurns\IMG\robocam_2025_04_06_21_56_44_229.jpg;0;0;0;0.7542761;115.4208;9.668523;359.6629;275.0933;0.0395699
C:\Mark's Python files\ME5920\HW3_Gardocki\DefinedTurns\IMG\robocam_2025_04_06_21_56_44_271.jpg;0;0;0;0.7524577;115.4234;9.639453;359.6095;275.0933;0.03905391
C:\Mark's Python files\ME5920\HW3_Gardocki\DefinedTurns\IMG\robocam_2025_04_06_21_56_44_312.jpg;0;0;0;0.7504327;115.4259;9.610208;359.5702;275.0906;0.03081497
C:\Mark's Python files\ME5920\HW3_Gardocki\DefinedTurns\IMG\robocam_2025_04_06_21_56_44_354.jpg;0;0;0;0.7495195;115.4285;9.580892;359.5396;275.0886;0.02193797
C:\Mark's Python files\ME5920\HW3_Gardocki\DefinedTurns\IMG\robocam_2025_04_06_21_56_44_394.jpg;0;0;0.1286409;0.7312654;115.4309;9.552565;359.4943;275.0856;0.01091407
C:\Mark's Python files\ME5920\HW3_Gardocki\DefinedTurns\IMG\robocam_2025_04_06_21_56_44_436.jpg;0;0;0.2508612;0.6585388;115.4327;9.532497;359.2827;275.0871;-0.001782619
C:\Mark's Python files\ME5920\HW3_Gardocki\DefinedTurns\IMG\robocam_2025_04_06_21_56_44_478.jpg;0;0;0.3776793;0.421425;115.4335;9.52423;358.8531;275.0884;-0.004442964
C:\Mark's Python files\ME5920\HW3_Gardocki\DefinedTurns\IMG\robocam_2025_04_06_21_56_44_520.jpg;0;0;0.5076855;0.2269343;115.4334;9.523885;358.3261;275.0887;359.9932
C:\Mark's Python files\ME5920\HW3_Gardocki\DefinedTurns\IMG\robocam_2025_04_06_21_56_44_561.jpg;0;0;0.6624936;0.1701972;115.4339;9.523767;357.9145;275.0895;0.03419754
C:\Mark's Python files\ME5920\HW3_Gardocki\DefinedTurns\IMG\robocam_2025_04_06_21_56_44_601.jpg;0;0;0.7843824;0.1177553;115.4339;9.523642;357.6237;275.0837;0.004107689
C:\Mark's Python files\ME5920\HW3_Gardocki\DefinedTurns\IMG\robocam_2025_04_06_21_56_44_643.jpg;0;0;0.8729061;0.06069288;115.4339;9.523539;357.4626;275.0828;359.9571
C:\Mark's Python files\ME5920\HW3_Gardocki\DefinedTurns\IMG\robocam_2025_04_06_21_56_44_684.jpg;0;0;1;0.01116707;115.4341;9.523462;357.4251;275.1099;359.9693
C:\Mark's Python files\ME5920\HW3_Gardocki\DefinedTurns\IMG\robocam_2025_04_06_21_56_44_724.jpg;0;0;1;-0.04403905;115.4341;9.523408;357.4983;275.114;0.01930712
C:\Mark's Python files\ME5920\HW3_Gardocki\DefinedTurns\IMG\robocam_2025_04_06_21_56_44_765.jpg;0;0;1;-0.1065385;115.434;9.523322;357.7281;275.1024;359.9849
C:\Mark's Python files\ME5920\HW3_Gardocki\DefinedTurns\IMG\robocam_2025_04_06_21_56_44_805.jpg;0;0;1;-0.1607965;115.4341;9.523297;358.2845;275.1153;0.000668978
C:\Mark's Python files\ME5920\HW3_Gardocki\DefinedTurns\IMG\robocam_2025_04_06_21_56_44_845.jpg;0;0;1;-0.2151934;115.4341;9.52333;358.806;275.1197;0.008245288
C:\Mark's Python files\ME5920\HW3_Gardocki\DefinedTurns\IMG\robocam_2025_04_06_21_56_44_887.jpg;0;0;1;-0.2410716;115.4341;9.523569;359.3398;275.12;0.02800529
C:\Mark's Python files\ME5920\HW3_Gardocki\DefinedTurns\IMG\robocam_2025_04_06_21_56_44_938.jpg;0;0;1;-0.2267292;115.4341;9.523783;359.8528;275.1198;0.04645503
C:\Mark's Python files\ME5920\HW3_Gardocki\DefinedTurns\IMG\robocam_2025_04_06_21_56_44_978.jpg;0;0;1;-0.2153047;115.4341;9.523969;0.3418629;275.1193;0.06328189
C:\Mark's Python files\ME5920\HW3_Gardocki\DefinedTurns\IMG\robocam_2025_04_06_21_56_45_019.jpg;0;0;1;-0.1913095;115.434;9.524127;0.7798273;275.1177;0.05354699
C:\Mark's Python files\ME5920\HW3_Gardocki\DefinedTurns\IMG\robocam_2025_04_06_21_56_45_061.jpg;0;0;1;-0.1667135;115.434;9.524255;1.164613;275.1175;0.01666054
C:\Mark's Python files\ME5920\HW3_Gardocki\DefinedTurns\IMG\robocam_2025_04_06_21_56_45_101.jpg;0;0;1;-0.1235089;115.4346;9.524433;1.468392;275.1182;359.9919
C:\Mark's Python files\ME5920\HW3_Gardocki\DefinedTurns\IMG\robocam_2025_04_06_21_56_45_145.jpg;0;0;1;-0.06098494;115.4351;9.52461;1.63625;275.1141;-0.0002571441
C:\Mark's Python files\ME5920\HW3_Gardocki\DefinedTurns\IMG\robocam_2025_04_06_21_56_45_186.jpg;0;0;1;0;115.4354;9.524775;1.651073;275.1127;0.0034243
C:\Mark's Python files\ME5920\HW3_Gardocki\DefinedTurns\IMG\robocam_2025_04_06_21_56_45_226.jpg;0;0;1;0.05782337;115.4352;9.524837;1.47808;275.1107;0.004367451
C:\Mark's Python files\ME5920\HW3_Gardocki\DefinedTurns\IMG\robocam_2025_04_06_21_56_45_268.jpg;0;0;0;0.09178305;115.435;9.524813;1.234149;275.1066;0.008944296
C:\Mark's Python files\ME5920\HW3_Gardocki\DefinedTurns\IMG\robocam_2025_04_06_21_56_45_309.jpg;0;0;0;0.1130197;115.4347;9.524713;0.9560716;275.1064;0.01709278
C:\Mark's Python files\ME5920\HW3_Gardocki\DefinedTurns\IMG\robocam_2025_04_06_21_56_45_351.jpg;0;0;0;0.1181045;115.4346;9.524622;0.6919158;275.1061;0.04357718
C:\Mark's Python files\ME5920\HW3_Gardocki\DefinedTurns\IMG\robocam_2025_04_06_21_56_45_392.jpg;0;0;0;0.1152838;115.4346;9.524534;0.4361975;275.1061;0.07169672
C:\Mark's Python files\ME5920\HW3_Gardocki\DefinedTurns\IMG\robocam_2025_04_06_21_56_45_434.jpg;0;0;0;0.1116981;115.4345;9.524445;0.1891139;275.1063;0.09745309
C:\Mark's Python files\ME5920\HW3_Gardocki\DefinedTurns\IMG\robocam_2025_04_06_21_56_45_476.jpg;0;0;0;0.1072521;115.4345;9.524356;359.9525;275.1067;0.1207635
C:\Mark's Python files\ME5920\HW3_Gardocki\DefinedTurns\IMG\robocam_2025_04_06_21_56_45_517.jpg;-0.5825745;0;0;0.1020638;115.4345;9.524266;359.7278;275.0723;0.1414092
C:\Mark's Python files\ME5920\HW3_Gardocki\DefinedTurns\IMG\robocam_2025_04_06_21_56_45_558.jpg;-2.444949;0;0;0.08851225;115.4343;9.524162;359.5235;274.859;0.1444635
C:\Mark's Python files\ME5920\HW3_Gardocki\DefinedTurns\IMG\robocam_2025_04_06_21_56_45_599.jpg;-4.336965;0;0;0.07860883;115.4342;9.524071;359.343;274.4549;0.1326746
C:\Mark's Python files\ME5920\HW3_Gardocki\DefinedTurns\IMG\robocam_2025_04_06_21_56_45_640.jpg;-6.168163;0;0;0.0693561;115.4341;9.523993;359.1837;273.8267;0.109017
C:\Mark's Python files\ME5920\HW3_Gardocki\DefinedTurns\IMG\robocam_2025_04_06_21_56_45_681.jpg;-7.978436;0;0;0.06054857;115.4341;9.523925;359.0452;272.9805;0.07351067
C:\Mark's Python files\ME5920\HW3_Gardocki\DefinedTurns\IMG\robocam_2025_04_06_21_56_45_723.jpg;-10.31635;0;0;0.05211845;115.4341;9.523865;358.9274;271.9139;0.02692236
C:\Mark's Python files\ME5920\HW3_Gardocki\DefinedTurns\IMG\robocam_2025_04_06_21_56_45_763.jpg;-12.13132;0;0;0.04074595;115.4341;9.523815;358.8322;270.6294;359.9803
C:\Mark's Python files\ME5920\HW3_Gardocki\DefinedTurns\IMG\robocam_2025_04_06_21_56_45_804.jpg;-13.96436;0;0;0.02017578;115.4341;9.52377;358.7782;269.1285;359.9502
C:\Mark's Python files\ME5920\HW3_Gardocki\DefinedTurns\IMG\robocam_2025_04_06_21_56_45_845.jpg;-15;0;0;-0.02371337;115.4341;9.523732;358.7873;267.4063;359.9545
C:\Mark's Python files\ME5920\HW3_Gardocki\DefinedTurns\IMG\robocam_2025_04_06_21_56_45_886.jpg;-15;0;0;-0.04113092;115.4341;9.523737;358.8722;264.7072;0.006868929
C:\Mark's Python files\ME5920\HW3_Gardocki\DefinedTurns\IMG\robocam_2025_04_06_21_56_45_926.jpg;-15;0;0;-0.04262171;115.4341;9.523757;358.9397;262.9074;0.03938996
C:\Mark's Python files\ME5920\HW3_Gardocki\DefinedTurns\IMG\robocam_2025_04_06_21_56_45_966.jpg;-15;0;0;-0.04333121;115.434;9.523786;359.0104;261.1077;0.07280327
C:\Mark's Python files\ME5920\HW3_Gardocki\DefinedTurns\IMG\robocam_2025_04_06_21_56_46_010.jpg;-15;0;0;-0.0442261;115.434;9.523815;359.0858;259.3078;0.1049709
C:\Mark's Python files\ME5920\HW3_Gardocki\DefinedTurns\IMG\robocam_2025_04_06_21_56_46_051.jpg;-15;0;0;-0.04504318;115.434;9.523849;359.162;257.508;0.1394884
C:\Mark's Python files\ME5920\HW3_Gardocki\DefinedTurns\IMG\robocam_2025_04_06_21_56_46_093.jpg;-15;0;0;-0.04543271;115.434;9.523884;359.2386;255.7081;0.1754016
C:\Mark's Python files\ME5920\HW3_Gardocki\DefinedTurns\IMG\robocam_2025_04_06_21_56_46_134.jpg;-15;0;0;-0.04541285;115.434;9.52392;359.3151;253.9082;0.2123413
C:\Mark's Python files\ME5920\HW3_Gardocki\DefinedTurns\IMG\robocam_2025_04_06_21_56_46_176.jpg;-15;0;0;-0.04501724;115.4339;9.523957;359.3908;252.1083;0.2499139
C:\Mark's Python files\ME5920\HW3_Gardocki\DefinedTurns\IMG\robocam_2025_04_06_21_56_46_217.jpg;-15;0;0;-0.04433669;115.4339;9.523994;359.4651;250.3082;0.2877043
C:\Mark's Python files\ME5920\HW3_Gardocki\DefinedTurns\IMG\robocam_2025_04_06_21_56_46_261.jpg;-15;0;0;-0.04339325;115.4339;9.524032;359.5375;248.5082;0.3252866
C:\Mark's Python files\ME5920\HW3_Gardocki\DefinedTurns\IMG\robocam_2025_04_06_21_56_46_302.jpg;-15;0;0;-0.0421902;115.4339;9.524068;359.6075;246.7081;0.3622664
C:\Mark's Python files\ME5920\HW3_Gardocki\DefinedTurns\IMG\robocam_2025_04_06_21_56_46_344.jpg;-15;0;0;-0.04081169;115.4339;9.524103;359.6749;244.9079;0.3982235
C:\Mark's Python files\ME5920\HW3_Gardocki\DefinedTurns\IMG\robocam_2025_04_06_21_56_46_386.jpg;-15;0;0;-0.03925562;115.4339;9.524156;359.7702;242.2077;0.4492764
C:\Mark's Python files\ME5920\HW3_Gardocki\DefinedTurns\IMG\robocam_2025_04_06_21_56_46_429.jpg;-15;0;0;-0.0375494;115.4339;9.52419;359.8296;240.4075;0.4808331
C:\Mark's Python files\ME5920\HW3_Gardocki\DefinedTurns\IMG\robocam_2025_04_06_21_56_46_469.jpg;-15;0;0;-0.03572665;115.4339;9.524221;359.8854;238.6073;0.5099981
C:\Mark's Python files\ME5920\HW3_Gardocki\DefinedTurns\IMG\robocam_2025_04_06_21_56_46_511.jpg;-15;0;0;-0.03382242;115.4339;9.524253;359.9376;236.8071;0.5364564
C:\Mark's Python files\ME5920\HW3_Gardocki\DefinedTurns\IMG\robocam_2025_04_06_21_56_46_554.jpg;-15;0;0;-0.03187317;115.4339;9.524282;359.9861;235.0069;0.5599288
C:\Mark's Python files\ME5920\HW3_Gardocki\DefinedTurns\IMG\robocam_2025_04_06_21_56_46_597.jpg;-15;0;0;-0.02992055;115.4339;9.52431;0.03096644;233.2067;0.5801783
C:\Mark's Python files\ME5920\HW3_Gardocki\DefinedTurns\IMG\robocam_2025_04_06_21_56_46_639.jpg;-15;0;0;-0.02541564;115.4339;9.524335;0.06670635;231.4064;0.5909017
C:\Mark's Python files\ME5920\HW3_Gardocki\DefinedTurns\IMG\robocam_2025_04_06_21_56_46_681.jpg;-15;0;0;-0.02195166;115.4339;9.524355;0.09696743;229.6061;0.5952067
C:\Mark's Python files\ME5920\HW3_Gardocki\DefinedTurns\IMG\robocam_2025_04_06_21_56_46_721.jpg;-15;0;0;-0.01996593;115.4339;9.52437;0.1228068;227.806;0.5938094
C:\Mark's Python files\ME5920\HW3_Gardocki\DefinedTurns\IMG\robocam_2025_04_06_21_56_46_763.jpg;-15;0;0;-0.01873619;115.434;9.524383;0.1449663;226.0058;0.5872163
C:\Mark's Python files\ME5920\HW3_Gardocki\DefinedTurns\IMG\robocam_2025_04_06_21_56_46_804.jpg;-15;0;0;-0.01805937;115.434;9.524391;0.1643103;224.2057;0.5762426
C:\Mark's Python files\ME5920\HW3_Gardocki\DefinedTurns\IMG\robocam_2025_04_06_21_56_46_845.jpg;-15;0;0;-0.0179084;115.434;9.524396;0.1811951;222.4057;0.5611213
C:\Mark's Python files\ME5920\HW3_Gardocki\DefinedTurns\IMG\robocam_2025_04_06_21_56_46_887.jpg;-15;0;0;-0.01814388;115.434;9.524398;0.2029101;219.7055;0.5317882
C:\Mark's Python files\ME5920\HW3_Gardocki\DefinedTurns\IMG\robocam_2025_04_06_21_56_46_928.jpg;-15;0;0;-0.01864766;115.434;9.524397;0.2155979;217.9055;0.5085942
C:\Mark's Python files\ME5920\HW3_Gardocki\DefinedTurns\IMG\robocam_2025_04_06_21_56_46_969.jpg;-15;0;0;-0.01898674;115.434;9.524393;0.2274712;216.1054;0.4832963
C:\Mark's Python files\ME5920\HW3_Gardocki\DefinedTurns\IMG\robocam_2025_04_06_21_56_47_010.jpg;-15;0;0;-0.01936156;115.434;9.524388;0.2380295;214.3054;0.4555592
C:\Mark's Python files\ME5920\HW3_Gardocki\DefinedTurns\IMG\robocam_2025_04_06_21_56_47_051.jpg;-15;0;0;-0.01963326;115.4341;9.524383;0.248024;212.5054;0.4263695
C:\Mark's Python files\ME5920\HW3_Gardocki\DefinedTurns\IMG\robocam_2025_04_06_21_56_47_091.jpg;-15;0;0;-0.01983125;115.4341;9.524376;0.257421;210.7054;0.395958
C:\Mark's Python files\ME5920\HW3_Gardocki\DefinedTurns\IMG\robocam_2025_04_06_21_56_47_133.jpg;-15;0;0;-0.01994712;115.4341;9.524367;0.2662436;208.9054;0.3646173
C:\Mark's Python files\ME5920\HW3_Gardocki\DefinedTurns\IMG\robocam_2025_04_06_21_56_47_173.jpg;-15;0;0;-0.01997533;115.4341;9.524359;0.274501;207.1054;0.3326293
C:\Mark's Python files\ME5920\HW3_Gardocki\DefinedTurns\IMG\robocam_2025_04_06_21_56_47_214.jpg;-15;0;0;-0.01991399;115.4341;9.524349;0.2821915;205.3055;0.3002659
C:\Mark's Python files\ME5920\HW3_Gardocki\DefinedTurns\IMG\robocam_2025_04_06_21_56_47_260.jpg;-15;0;0;-0.0197633;115.4341;9.524338;0.2893017;203.5056;0.2677866
C:\Mark's Python files\ME5920\HW3_Gardocki\DefinedTurns\IMG\robocam_2025_04_06_21_56_47_301.jpg;-15;0;0;-0.01952645;115.4341;9.524326;0.2958093;201.7057;0.2354334
C:\Mark's Python files\ME5920\HW3_Gardocki\DefinedTurns\IMG\robocam_2025_04_06_21_56_47_350.jpg;-15;0;0;-0.01920858;115.4342;9.52431;0.304364;199.0059;0.1876274
C:\Mark's Python files\ME5920\HW3_Gardocki\DefinedTurns\IMG\robocam_2025_04_06_21_56_47_392.jpg;-15;0;0;-0.01881562;115.4342;9.524299;0.3092044;197.206;0.1565368
C:\Mark's Python files\ME5920\HW3_Gardocki\DefinedTurns\IMG\robocam_2025_04_06_21_56_47_434.jpg;-15;0;0;-0.01835597;115.4342;9.524285;0.3133019;195.4061;0.1262795
C:\Mark's Python files\ME5920\HW3_Gardocki\DefinedTurns\IMG\robocam_2025_04_06_21_56_47_476.jpg;-15;0;0;-0.01783906;115.4342;9.524272;0.3166073;193.6061;0.09701063
C:\Mark's Python files\ME5920\HW3_Gardocki\DefinedTurns\IMG\robocam_2025_04_06_21_56_47_516.jpg;-15;0;0;-0.01727387;115.4342;9.524261;0.3190718;191.8063;0.06886997
C:\Mark's Python files\ME5920\HW3_Gardocki\DefinedTurns\IMG\robocam_2025_04_06_21_56_47_558.jpg;-15;0;0;-0.01636045;115.4342;9.524248;0.3206469;190.0064;0.04197165
C:\Mark's Python files\ME5920\HW3_Gardocki\DefinedTurns\IMG\robocam_2025_04_06_21_56_47_599.jpg;-15;0;0;-0.01572491;115.4342;9.524236;0.3212862;188.2065;0.01641163
C:\Mark's Python files\ME5920\HW3_Gardocki\DefinedTurns\IMG\robocam_2025_04_06_21_56_47_640.jpg;-14.40568;0;0;0.01508142;115.4342;9.524223;0.3209479;186.4066;359.9923
C:\Mark's Python files\ME5920\HW3_Gardocki\DefinedTurns\IMG\robocam_2025_04_06_21_56_47_686.jpg;-12.16047;0;0;0.01441327;115.4342;9.524207;0.318261;184.0629;359.9569
C:\Mark's Python files\ME5920\HW3_Gardocki\DefinedTurns\IMG\robocam_2025_04_06_21_56_47_727.jpg;-10.31365;0;0;0.01373432;115.4342;9.524197;0.314631;182.7669;359.934
C:\Mark's Python files\ME5920\HW3_Gardocki\DefinedTurns\IMG\robocam_2025_04_06_21_56_47_775.jpg;-8.247353;0;0;0.01272324;115.4342;9.524186;0.3092565;181.6902;359.9117
C:\Mark's Python files\ME5920\HW3_Gardocki\DefinedTurns\IMG\robocam_2025_04_06_21_56_47_820.jpg;-6.089157;0;0;0.01207867;115.4342;9.524178;0.3019583;180.8311;359.8902
C:\Mark's Python files\ME5920\HW3_Gardocki\DefinedTurns\IMG\robocam_2025_04_06_21_56_47_861.jpg;-4.239437;0;0;0.01147425;115.4342;9.524168;0.2926002;180.1897;359.8697
C:\Mark's Python files\ME5920\HW3_Gardocki\DefinedTurns\IMG\robocam_2025_04_06_21_56_47_902.jpg;-2.356857;0;0;0.01092174;115.4342;9.52416;0.2810745;179.7725;359.8504
C:\Mark's Python files\ME5920\HW3_Gardocki\DefinedTurns\IMG\robocam_2025_04_06_21_56_47_943.jpg;-2.928029;0;0;0.01043851;115.4342;9.524154;0.2674865;179.5255;359.8327
C:\Mark's Python files\ME5920\HW3_Gardocki\DefinedTurns\IMG\robocam_2025_04_06_21_56_47_983.jpg;-4.684783;0;0;0.01007247;115.4342;9.524147;0.2529707;179.0917;359.8182
C:\Mark's Python files\ME5920\HW3_Gardocki\DefinedTurns\IMG\robocam_2025_04_06_21_56_48_024.jpg;-6.552967;0;0;0;115.4342;9.524141;0.2379058;178.4395;359.8069
C:\Mark's Python files\ME5920\HW3_Gardocki\DefinedTurns\IMG\robocam_2025_04_06_21_56_48_064.jpg;-8.377704;0;0;0;115.4342;9.524137;0.2224615;177.585;359.7986
C:\Mark's Python files\ME5920\HW3_Gardocki\DefinedTurns\IMG\robocam_2025_04_06_21_56_48_106.jpg;-10.19126;0;0;0;115.4342;9.524133;0.1990983;175.8995;359.7908
C:\Mark's Python files\ME5920\HW3_Gardocki\DefinedTurns\IMG\robocam_2025_04_06_21_56_48_147.jpg;-12.04082;0;0;0;115.4342;9.524131;0.1835681;174.5105;359.7884
C:\Mark's Python files\ME5920\HW3_Gardocki\DefinedTurns\IMG\robocam_2025_04_06_21_56_48_188.jpg;-13.81497;0;0;0;115.4341;9.524131;0.1681979;172.9036;359.7878
C:\Mark's Python files\ME5920\HW3_Gardocki\DefinedTurns\IMG\robocam_2025_04_06_21_56_48_229.jpg;-15;0;0;0;115.4341;9.52413;0.1529196;171.1149;359.7887
C:\Mark's Python files\ME5920\HW3_Gardocki\DefinedTurns\IMG\robocam_2025_04_06_21_56_48_273.jpg;-15;0;0;0.01000713;115.4341;9.52413;0.1371908;169.3148;359.7904
C:\Mark's Python files\ME5920\HW3_Gardocki\DefinedTurns\IMG\robocam_2025_04_06_21_56_48_314.jpg;-13.82274;0;0;0.01010499;115.4341;9.524131;0.1208212;167.5854;359.7927
C:\Mark's Python files\ME5920\HW3_Gardocki\DefinedTurns\IMG\robocam_2025_04_06_21_56_48_355.jpg;-12.00495;0;0;0.01016592;115.4341;9.524132;0.1034332;166.0736;359.7953
C:\Mark's Python files\ME5920\HW3_Gardocki\DefinedTurns\IMG\robocam_2025_04_06_21_56_48_398.jpg;-10.06359;0;0;0.01017291;115.4341;9.524134;0.08518828;164.7828;359.7982
C:\Mark's Python files\ME5920\HW3_Gardocki\DefinedTurns\IMG\robocam_2025_04_06_21_56_48_441.jpg;-8.108836;0;0;0.01012324;115.4341;9.524137;0.06633756;163.6928;359.8018
C:\Mark's Python files\ME5920\HW3_Gardocki\DefinedTurns\IMG\robocam_2025_04_06_21_56_48_483.jpg;-6.223557;0;0;0.01002864;115.4341;9.52414;0.04697395;162.8328;359.806
C:\Mark's Python files\ME5920\HW3_Gardocki\DefinedTurns\IMG\robocam_2025_04_06_21_56_48_525.jpg;-4.330106;0;0;0;115.4341;9.524145;0.02732327;162.1974;359.8112
C:\Mark's Python files\ME5920\HW3_Gardocki\DefinedTurns\IMG\robocam_2025_04_06_21_56_48_567.jpg;-2.496838;0;0;0;115.4341;9.524151;-0.002118472;161.6322;359.8207
C:\Mark's Python files\ME5920\HW3_Gardocki\DefinedTurns\IMG\robocam_2025_04_06_21_56_48_611.jpg;-0.5366284;0;0;0;115.4341;9.524156;359.9785;161.527;359.8285
C:\Mark's Python files\ME5920\HW3_Gardocki\DefinedTurns\IMG\robocam_2025_04_06_21_56_48_651.jpg;0;0;0;0;115.4341;9.52416;359.9601;161.527;359.8374
C:\Mark's Python files\ME5920\HW3_Gardocki\DefinedTurns\IMG\robocam_2025_04_06_21_56_48_693.jpg;0;0;0;0;115.4341;9.524166;359.9428;161.527;359.8473
C:\Mark's Python files\ME5920\HW3_Gardocki\DefinedTurns\IMG\robocam_2025_04_06_21_56_48_734.jpg;0;0.0836289;0;0;115.4332;9.524462;359.9478;161.5213;359.8581
C:\Mark's Python files\ME5920\HW3_Gardocki\DefinedTurns\IMG\robocam_2025_04_06_21_56_48_774.jpg;0;0.2081676;0;0.01741526;115.4326;9.524651;359.9457;161.5189;359.8696
C:\Mark's Python files\ME5920\HW3_Gardocki\DefinedTurns\IMG\robocam_2025_04_06_21_56_48_816.jpg;0;0.3344547;0;0.02399075;115.432;9.524855;359.944;161.538;359.8815
C:\Mark's Python files\ME5920\HW3_Gardocki\DefinedTurns\IMG\robocam_2025_04_06_21_56_48_858.jpg;0;0.4525944;0;0.03132574;115.4304;9.525389;359.9662;161.5887;359.894
C:\Mark's Python files\ME5920\HW3_Gardocki\DefinedTurns\IMG\robocam_2025_04_06_21_56_48_899.jpg;0;0.575619;0;0.06341391;115.4278;9.526263;0.01066152;161.5392;359.9065
C:\Mark's Python files\ME5920\HW3_Gardocki\DefinedTurns\IMG\robocam_2025_04_06_21_56_48_940.jpg;0;0.7015135;0;0.07281782;115.4243;9.527456;0.0750186;161.502;359.9192
C:\Mark's Python files\ME5920\HW3_Gardocki\DefinedTurns\IMG\robocam_2025_04_06_21_56_48_982.jpg;0;0.8279529;0;0.1016509;115.4187;9.529324;0.18292;161.5151;359.9319
C:\Mark's Python files\ME5920\HW3_Gardocki\DefinedTurns\IMG\robocam_2025_04_06_21_56_49_024.jpg;0;0.9514629;0;0.1284331;115.4122;9.531507;0.3050504;161.5714;359.9442
C:\Mark's Python files\ME5920\HW3_Gardocki\DefinedTurns\IMG\robocam_2025_04_06_21_56_49_065.jpg;0;1;0;0.1601709;115.3997;9.535368;0.5207779;161.8365;359.9794
C:\Mark's Python files\ME5920\HW3_Gardocki\DefinedTurns\IMG\robocam_2025_04_06_21_56_49_107.jpg;0;1;0;0.2007587;115.3891;9.538679;0.6914051;161.9779;0.0122701
C:\Mark's Python files\ME5920\HW3_Gardocki\DefinedTurns\IMG\robocam_2025_04_06_21_56_49_150.jpg;0;1;0;0.2209591;115.3775;9.542757;0.8604042;161.9969;0.02276545
C:\Mark's Python files\ME5920\HW3_Gardocki\DefinedTurns\IMG\robocam_2025_04_06_21_56_49_193.jpg;0;1;0;0.2631432;115.3642;9.547333;1.045268;162.1071;0.02133172
C:\Mark's Python files\ME5920\HW3_Gardocki\DefinedTurns\IMG\robocam_2025_04_06_21_56_49_233.jpg;0;1;0;0.297172;115.3493;9.552432;1.233975;162.027;0.009639792
C:\Mark's Python files\ME5920\HW3_Gardocki\DefinedTurns\IMG\robocam_2025_04_06_21_56_49_273.jpg;0;1;0;0.3239016;115.3347;9.557092;1.341438;161.9401;-0.001883674
C:\Mark's Python files\ME5920\HW3_Gardocki\DefinedTurns\IMG\robocam_2025_04_06_21_56_49_314.jpg;0;1;0;0.3745134;115.3215;9.561077;1.289954;161.8209;-0.002032069
C:\Mark's Python files\ME5920\HW3_Gardocki\DefinedTurns\IMG\robocam_2025_04_06_21_56_49_355.jpg;0;0.9454107;0;0.4154676;115.3079;9.565373;1.174611;161.786;-0.002081297
C:\Mark's Python files\ME5920\HW3_Gardocki\DefinedTurns\IMG\robocam_2025_04_06_21_56_49_397.jpg;0;0.8214646;0;0.4533212;115.292;9.570566;1.101711;161.8408;-0.0006811705
C:\Mark's Python files\ME5920\HW3_Gardocki\DefinedTurns\IMG\robocam_2025_04_06_21_56_49_440.jpg;0;0.6959671;0;0.4824626;115.2746;9.576311;1.05521;161.8297;-0.0004968204
C:\Mark's Python files\ME5920\HW3_Gardocki\DefinedTurns\IMG\robocam_2025_04_06_21_56_49_481.jpg;0;0.571906;0;0.4945958;115.2563;9.58236;1.023281;161.9739;-0.001456823
C:\Mark's Python files\ME5920\HW3_Gardocki\DefinedTurns\IMG\robocam_2025_04_06_21_56_49_522.jpg;0;0.6196913;0;0.5189884;115.2372;9.588608;0.9983802;162.0903;-0.001461615
C:\Mark's Python files\ME5920\HW3_Gardocki\DefinedTurns\IMG\robocam_2025_04_06_21_56_49_567.jpg;0;0.7710592;0;0.5363393;115.2067;9.598591;0.988108;162.118;-0.0004040017
C:\Mark's Python files\ME5920\HW3_Gardocki\DefinedTurns\IMG\robocam_2025_04_06_21_56_49_609.jpg;0;0.8918836;0;0.5586544;115.1851;9.605634;0.9964478;162.1544;-0.0004212408
C:\Mark's Python files\ME5920\HW3_Gardocki\DefinedTurns\IMG\robocam_2025_04_06_21_56_49_651.jpg;0;1;0;0.594023;115.1618;9.61321;1.030734;162.1551;0.0003172282
C:\Mark's Python files\ME5920\HW3_Gardocki\DefinedTurns\IMG\robocam_2025_04_06_21_56_49_692.jpg;0;1;0;0.6209287;115.1366;9.621386;1.091424;162.2224;-0.0009655796
C:\Mark's Python files\ME5920\HW3_Gardocki\DefinedTurns\IMG\robocam_2025_04_06_21_56_49_734.jpg;0;1;0;0.6642653;115.1104;9.629911;1.157686;162.1146;0.0008276356
C:\Mark's Python files\ME5920\HW3_Gardocki\DefinedTurns\IMG\robocam_2025_04_06_21_56_49_774.jpg;0;1;0;0.689968;115.0834;9.638771;1.218044;162.0345;-0.0003579187
C:\Mark's Python files\ME5920\HW3_Gardocki\DefinedTurns\IMG\robocam_2025_04_06_21_56_49_815.jpg;0;1;0;0.7362258;115.0549;9.648106;1.270638;161.9739;-0.0006816391
C:\Mark's Python files\ME5920\HW3_Gardocki\DefinedTurns\IMG\robocam_2025_04_06_21_56_49_856.jpg;0;1;0;0.755947;115.0262;9.657515;1.268143;161.9621;-0.001485236
C:\Mark's Python files\ME5920\HW3_Gardocki\DefinedTurns\IMG\robocam_2025_04_06_21_56_49_898.jpg;0;1;0;0.8012986;114.9962;9.667378;1.240759;162.01;-0.002190229
C:\Mark's Python files\ME5920\HW3_Gardocki\DefinedTurns\IMG\robocam_2025_04_06_21_56_49_938.jpg;0;1;0;0.8476756;114.9651;9.677622;1.207911;161.9812;-0.0006330537
C:\Mark's Python files\ME5920\HW3_Gardocki\DefinedTurns\IMG\robocam_2025_04_06_21_56_49_979.jpg;0;1;0;0.8669302;114.9327;9.688252;1.186028;162.0847;-0.001265884
C:\Mark's Python files\ME5920\HW3_Gardocki\DefinedTurns\IMG\robocam_2025_04_06_21_56_50_021.jpg;0;1;0;0.8918089;114.8991;9.699247;1.179426;162.1335;-0.0005901359
C:\Mark's Python files\ME5920\HW3_Gardocki\DefinedTurns\IMG\robocam_2025_04_06_21_56_50_061.jpg;0;1;0;0.9318763;114.8636;9.710865;1.203705;162.1397;-0.0001723936
C:\Mark's Python files\ME5920\HW3_Gardocki\DefinedTurns\IMG\robocam_2025_04_06_21_56_50_103.jpg;0;1;0;0.9723523;114.8265;9.722975;1.235631;162.1143;-0.0006151803
C:\Mark's Python files\ME5920\HW3_Gardocki\DefinedTurns\IMG\robocam_2025_04_06_21_56_50_146.jpg;0;1;0;1.006297;114.7687;9.741825;1.262799;162.0929;-0.00101501
C:\Mark's Python files\ME5920\HW3_Gardocki\DefinedTurns\IMG\robocam_2025_04_06_21_56_50_189.jpg;0;1;0;1.038261;114.729;9.754809;1.259727;162.0695;-0.0009390576
C:\Mark's Python files\ME5920\HW3_Gardocki\DefinedTurns\IMG\robocam_2025_04_06_21_56_50_233.jpg;0;1;0;1.067073;114.6884;9.768075;1.240436;162.0146;-0.0005087548
C:\Mark's Python files\ME5920\HW3_Gardocki\DefinedTurns\IMG\robocam_2025_04_06_21_56_50_274.jpg;0;1;0;1.101754;114.6468;9.781733;1.216354;161.9925;-0.001026894
C:\Mark's Python files\ME5920\HW3_Gardocki\DefinedTurns\IMG\robocam_2025_04_06_21_56_50_317.jpg;0;1;0;1.134246;114.6034;9.795994;1.217297;161.99;-0.001067672
C:\Mark's Python files\ME5920\HW3_Gardocki\DefinedTurns\IMG\robocam_2025_04_06_21_56_50_357.jpg;0;1;0;1.180947;114.5586;9.81076;1.22904;161.9743;-0.0008088163
C:\Mark's Python files\ME5920\HW3_Gardocki\DefinedTurns\IMG\robocam_2025_04_06_21_56_50_399.jpg;0;1;0;1.208523;114.5128;9.82582;1.230395;161.9574;-0.0007186161
C:\Mark's Python files\ME5920\HW3_Gardocki\DefinedTurns\IMG\robocam_2025_04_06_21_56_50_443.jpg;0;1;0;1.242428;114.466;9.841262;1.229144;161.9351;-0.0005659687
C:\Mark's Python files\ME5920\HW3_Gardocki\DefinedTurns\IMG\robocam_2025_04_06_21_56_50_484.jpg;0;1;0;1.272912;114.4179;9.857141;1.231361;161.9125;-0.0007298248
C:\Mark's Python files\ME5920\HW3_Gardocki\DefinedTurns\IMG\robocam_2025_04_06_21_56_50_524.jpg;0;1;0;1.302546;114.3687;9.873401;1.230975;161.9038;-0.0008982703
C:\Mark's Python files\ME5920\HW3_Gardocki\DefinedTurns\IMG\robocam_2025_04_06_21_56_50_566.jpg;0;0.8725;0;1.333511;114.2926;9.898587;1.235392;161.8727;-0.0007555519
C:\Mark's Python files\ME5920\HW3_Gardocki\DefinedTurns\IMG\robocam_2025_04_06_21_56_50_608.jpg;0;0.7468342;0;1.360212;114.2407;9.915795;1.236997;161.8592;-0.00081928
C:\Mark's Python files\ME5920\HW3_Gardocki\DefinedTurns\IMG\robocam_2025_04_06_21_56_50_652.jpg;0;0.5952471;0;1.393404;114.188;9.933282;1.237621;161.8554;-0.0005982079
C:\Mark's Python files\ME5920\HW3_Gardocki\DefinedTurns\IMG\robocam_2025_04_06_21_56_50_693.jpg;0;0.470988;0;1.408309;114.1347;9.950972;1.233736;161.8521;-0.000498933
C:\Mark's Python files\ME5920\HW3_Gardocki\DefinedTurns\IMG\robocam_2025_04_06_21_56_50_735.jpg;0;0.3461433;0;1.419112;114.0811;9.968803;1.226306;161.8472;-0.000367954
C:\Mark's Python files\ME5920\HW3_Gardocki\DefinedTurns\IMG\robocam_2025_04_06_21_56_50_778.jpg;0;0.2205645;0;1.425813;114.0272;9.986692;1.210217;161.8416;-0.0003467095
C:\Mark's Python files\ME5920\HW3_Gardocki\DefinedTurns\IMG\robocam_2025_04_06_21_56_50_821.jpg;0;0.09553108;0;1.428935;113.9734;10.00457;1.182109;161.8359;-0.0002980838
C:\Mark's Python files\ME5920\HW3_Gardocki\DefinedTurns\IMG\robocam_2025_04_06_21_56_50_864.jpg;0;0;0;1.427833;113.9199;10.02237;1.138811;161.8302;-0.0002355813
C:\Mark's Python files\ME5920\HW3_Gardocki\DefinedTurns\IMG\robocam_2025_04_06_21_56_50_906.jpg;0;0;0;1.425329;113.8403;10.04885;1.045704;161.822;-0.0001441517
C:\Mark's Python files\ME5920\HW3_Gardocki\DefinedTurns\IMG\robocam_2025_04_06_21_56_50_947.jpg;0;0;0;1.422472;113.7876;10.06638;0.9681829;161.8167;-3.591698E-05
C:\Mark's Python files\ME5920\HW3_Gardocki\DefinedTurns\IMG\robocam_2025_04_06_21_56_50_988.jpg;0;0;0;1.419592;113.7352;10.08381;0.8812218;161.8117;0.0006657286
C:\Mark's Python files\ME5920\HW3_Gardocki\DefinedTurns\IMG\robocam_2025_04_06_21_56_51_029.jpg;0;0;0;1.416689;113.683;10.10112;0.7869676;161.808;0.003898725
C:\Mark's Python files\ME5920\HW3_Gardocki\DefinedTurns\IMG\robocam_2025_04_06_21_56_51_071.jpg;0;0;0;1.413762;113.631;10.11832;0.6875145;161.8058;0.009851948
C:\Mark's Python files\ME5920\HW3_Gardocki\DefinedTurns\IMG\robocam_2025_04_06_21_56_51_111.jpg;0;0;0;1.41081;113.5791;10.13542;0.5848094;161.805;0.01854944
C:\Mark's Python files\ME5920\HW3_Gardocki\DefinedTurns\IMG\robocam_2025_04_06_21_56_51_153.jpg;0;0;0;1.406331;113.5274;10.15243;0.4789471;161.8051;0.02808539
C:\Mark's Python files\ME5920\HW3_Gardocki\DefinedTurns\IMG\robocam_2025_04_06_21_56_51_198.jpg;0;0;0;1.403301;113.4758;10.16939;0.370248;161.8051;0.03680718
C:\Mark's Python files\ME5920\HW3_Gardocki\DefinedTurns\IMG\robocam_2025_04_06_21_56_51_238.jpg;0;0;0;1.400238;113.4244;10.18631;0.2605093;161.8051;0.04467493
C:\Mark's Python files\ME5920\HW3_Gardocki\DefinedTurns\IMG\robocam_2025_04_06_21_56_51_281.jpg;0;0;0;1.397144;113.3731;10.20318;0.1513695;161.8052;0.05165325
C:\Mark's Python files\ME5920\HW3_Gardocki\DefinedTurns\IMG\robocam_2025_04_06_21_56_51_324.jpg;0;0;0;1.394022;113.3219;10.22004;0.04430976;161.8052;0.05773155
C:\Mark's Python files\ME5920\HW3_Gardocki\DefinedTurns\IMG\robocam_2025_04_06_21_56_51_365.jpg;0;0;0;1.390874;113.2707;10.23687;359.9406;161.8053;0.06290872
C:\Mark's Python files\ME5920\HW3_Gardocki\DefinedTurns\IMG\robocam_2025_04_06_21_56_51_407.jpg;0;0;0;1.387704;113.1941;10.26209;359.7941;161.8054;0.06900407
C:\Mark's Python files\ME5920\HW3_Gardocki\DefinedTurns\IMG\robocam_2025_04_06_21_56_51_449.jpg;0;0;0;1.384513;113.1429;10.27902;359.7086;161.8028;0.06594367
C:\Mark's Python files\ME5920\HW3_Gardocki\DefinedTurns\IMG\robocam_2025_04_06_21_56_51_490.jpg;0;0;0;1.381031;113.0917;10.29598;359.6374;161.7993;0.05650429
C:\Mark's Python files\ME5920\HW3_Gardocki\DefinedTurns\IMG\robocam_2025_04_06_21_56_51_533.jpg;0;0;0;1.377592;113.0404;10.31287;359.5754;161.7979;0.04701874
C:\Mark's Python files\ME5920\HW3_Gardocki\DefinedTurns\IMG\robocam_2025_04_06_21_56_51_574.jpg;0;0;0;1.37426;112.9891;10.32986;359.5272;161.7948;0.0305882
C:\Mark's Python files\ME5920\HW3_Gardocki\DefinedTurns\IMG\robocam_2025_04_06_21_56_51_614.jpg;0;0;0;1.370901;112.9377;10.34675;359.4845;161.7943;0.01745629
C:\Mark's Python files\ME5920\HW3_Gardocki\DefinedTurns\IMG\robocam_2025_04_06_21_56_51_655.jpg;0;0;0;1.365925;112.8863;10.36374;359.4528;161.7916;-0.0008978639
C:\Mark's Python files\ME5920\HW3_Gardocki\DefinedTurns\IMG\robocam_2025_04_06_21_56_51_697.jpg;0;0;0;1.362567;112.8349;10.38066;359.4292;161.7904;359.9819
C:\Mark's Python files\ME5920\HW3_Gardocki\DefinedTurns\IMG\robocam_2025_04_06_21_56_51_739.jpg;0;0;0;1.359004;112.7834;10.39747;359.4198;161.7936;359.9758
C:\Mark's Python files\ME5920\HW3_Gardocki\DefinedTurns\IMG\robocam_2025_04_06_21_56_51_780.jpg;0;0;0;1.355802;112.7319;10.41437;359.4145;161.7941;359.9675
C:\Mark's Python files\ME5920\HW3_Gardocki\DefinedTurns\IMG\robocam_2025_04_06_21_56_51_821.jpg;0;0;0;1.352619;112.6805;10.43126;359.4134;161.7943;359.9597
C:\Mark's Python files\ME5920\HW3_Gardocki\DefinedTurns\IMG\robocam_2025_04_06_21_56_51_863.jpg;0;0;0;1.34929;112.629;10.44807;359.4209;161.7968;359.9587
C:\Mark's Python files\ME5920\HW3_Gardocki\DefinedTurns\IMG\robocam_2025_04_06_21_56_51_904.jpg;0;0;0;1.345981;112.5776;10.46493;359.434;161.7979;359.9582
C:\Mark's Python files\ME5920\HW3_Gardocki\DefinedTurns\IMG\robocam_2025_04_06_21_56_51_945.jpg;0;0;0;1.342843;112.5263;10.4818;359.4496;161.7981;359.9575
C:\Mark's Python files\ME5920\HW3_Gardocki\DefinedTurns\IMG\robocam_2025_04_06_21_56_51_986.jpg;0;0;0;1.33972;112.4495;10.50704;359.4767;161.7982;359.9573
C:\Mark's Python files\ME5920\HW3_Gardocki\DefinedTurns\IMG\robocam_2025_04_06_21_56_52_029.jpg;0;0;0;1.336612;112.3984;10.52384;359.4967;161.7982;359.9576
C:\Mark's Python files\ME5920\HW3_Gardocki\DefinedTurns\IMG\robocam_2025_04_06_21_56_52_070.jpg;0;0;0;1.333519;112.3474;10.5406;359.5177;161.7982;359.9583
C:\Mark's Python files\ME5920\HW3_Gardocki\DefinedTurns\IMG\robocam_2025_04_06_21_56_52_110.jpg;0;0;0;1.330441;112.2965;10.55733;359.5395;161.7982;359.9593
C:\Mark's Python files\ME5920\HW3_Gardocki\DefinedTurns\IMG\robocam_2025_04_06_21_56_52_155.jpg;0;0;0;1.327376;112.2457;10.57402;359.5616;161.7982;359.9606
C:\Mark's Python files\ME5920\HW3_Gardocki\DefinedTurns\IMG\robocam_2025_04_06_21_56_52_198.jpg;0;0;0;1.322806;112.1951;10.59067;359.5837;161.7982;359.9622
C:\Mark's Python files\ME5920\HW3_Gardocki\DefinedTurns\IMG\robocam_2025_04_06_21_56_52_239.jpg;0;0;0;1.319777;112.1445;10.60729;359.6056;161.7982;359.9641
C:\Mark's Python files\ME5920\HW3_Gardocki\DefinedTurns\IMG\robocam_2025_04_06_21_56_52_290.jpg;0;0;0;1.316762;112.069;10.63214;359.6373;161.7982;359.9673
C:\Mark's Python files\ME5920\HW3_Gardocki\DefinedTurns\IMG\robocam_2025_04_06_21_56_52_331.jpg;0;0;0;1.313759;112.0187;10.64865;359.6574;161.7982;359.9696
C:\Mark's Python files\ME5920\HW3_Gardocki\DefinedTurns\IMG\robocam_2025_04_06_21_56_52_373.jpg;0;0;0;1.310768;111.9686;10.66512;359.6765;161.7982;359.9721
C:\Mark's Python files\ME5920\HW3_Gardocki\DefinedTurns\IMG\robocam_2025_04_06_21_56_52_414.jpg;0;0;0;1.30779;111.9187;10.68155;359.6943;161.7982;359.9747
C:\Mark's Python files\ME5920\HW3_Gardocki\DefinedTurns\IMG\robocam_2025_04_06_21_56_52_456.jpg;0;0;0;1.304823;111.8689;10.69793;359.7107;161.7982;359.9773
C:\Mark's Python files\ME5920\HW3_Gardocki\DefinedTurns\IMG\robocam_2025_04_06_21_56_52_497.jpg;0;0;0;1.301867;111.8192;10.71427;359.7256;161.7982;359.98
C:\Mark's Python files\ME5920\HW3_Gardocki\DefinedTurns\IMG\robocam_2025_04_06_21_56_52_537.jpg;0;0;0;1.297451;111.7696;10.73057;359.7389;161.7982;359.9827
C:\Mark's Python files\ME5920\HW3_Gardocki\DefinedTurns\IMG\robocam_2025_04_06_21_56_52_579.jpg;0;0;0;1.29452;111.7202;10.74681;359.7507;161.7982;359.9854
C:\Mark's Python files\ME5920\HW3_Gardocki\DefinedTurns\IMG\robocam_2025_04_06_21_56_52_621.jpg;0;0;0;1.291597;111.6709;10.76302;359.7608;161.7982;359.9881
C:\Mark's Python files\ME5920\HW3_Gardocki\DefinedTurns\IMG\robocam_2025_04_06_21_56_52_663.jpg;0;0;0.0446808;1.288682;111.6218;10.77918;359.7692;161.7982;359.9907
C:\Mark's Python files\ME5920\HW3_Gardocki\DefinedTurns\IMG\robocam_2025_04_06_21_56_52_706.jpg;0;0;0.1644042;1.273611;111.5496;10.80293;359.7507;161.7982;-0.005513216
C:\Mark's Python files\ME5920\HW3_Gardocki\DefinedTurns\IMG\robocam_2025_04_06_21_56_52_748.jpg;0;0;0.2904621;1.244326;111.5037;10.81801;359.6885;161.7983;-0.00311576
C:\Mark's Python files\ME5920\HW3_Gardocki\DefinedTurns\IMG\robocam_2025_04_06_21_56_52_789.jpg;0;0;0.4176414;1.19856;111.4606;10.83215;359.575;161.799;0.001515169
C:\Mark's Python files\ME5920\HW3_Gardocki\DefinedTurns\IMG\robocam_2025_04_06_21_56_52_831.jpg;0;0;0.5399031;1.143608;111.4211;10.84526;359.4001;161.7993;0.0005360124
C:\Mark's Python files\ME5920\HW3_Gardocki\DefinedTurns\IMG\robocam_2025_04_06_21_56_52_874.jpg;0;0;0.668144;1.066652;111.3858;10.8569;359.1515;161.7949;0.000564086
C:\Mark's Python files\ME5920\HW3_Gardocki\DefinedTurns\IMG\robocam_2025_04_06_21_56_52_916.jpg;0;0;0.796179;0.9706782;111.3559;10.86679;358.8166;161.9184;0.004514223
C:\Mark's Python files\ME5920\HW3_Gardocki\DefinedTurns\IMG\robocam_2025_04_06_21_56_52_957.jpg;0;0;0.9246101;0.7766145;111.3324;10.87418;358.3952;162.1463;0.01488604
C:\Mark's Python files\ME5920\HW3_Gardocki\DefinedTurns\IMG\robocam_2025_04_06_21_56_52_999.jpg;0;0;1;0.6378545;111.3135;10.8799;357.9963;162.3094;0.0059522
C:\Mark's Python files\ME5920\HW3_Gardocki\DefinedTurns\IMG\robocam_2025_04_06_21_56_53_041.jpg;0;0;1;0.4965019;111.2998;10.88368;357.6043;162.456;0.007097754
C:\Mark's Python files\ME5920\HW3_Gardocki\DefinedTurns\IMG\robocam_2025_04_06_21_56_53_083.jpg;0;0;1;0.3733316;111.2908;10.88605;357.2358;162.4996;0.002057855
C:\Mark's Python files\ME5920\HW3_Gardocki\DefinedTurns\IMG\robocam_2025_04_06_21_56_53_125.jpg;0;0;1;0.1791162;111.2905;10.88608;356.6527;162.5078;0.0020176
C:\Mark's Python files\ME5920\HW3_Gardocki\DefinedTurns\IMG\robocam_2025_04_06_21_56_53_165.jpg;0;0;1;0.1213431;111.2904;10.88606;356.4158;162.515;359.989
C:\Mark's Python files\ME5920\HW3_Gardocki\DefinedTurns\IMG\robocam_2025_04_06_21_56_53_207.jpg;0;0;1;0.06389136;111.2903;10.88608;356.3107;162.5162;0.002222496
C:\Mark's Python files\ME5920\HW3_Gardocki\DefinedTurns\IMG\robocam_2025_04_06_21_56_53_248.jpg;0;0;1;0.01638715;111.2902;10.88609;356.3396;162.5201;359.9911
C:\Mark's Python files\ME5920\HW3_Gardocki\DefinedTurns\IMG\robocam_2025_04_06_21_56_53_292.jpg;0;0;1;-0.03972109;111.2901;10.88607;356.5009;162.5294;359.9887
C:\Mark's Python files\ME5920\HW3_Gardocki\DefinedTurns\IMG\robocam_2025_04_06_21_56_53_334.jpg;0;0;1;-0.1117582;111.29;10.88608;356.7938;162.5334;0.0172257
C:\Mark's Python files\ME5920\HW3_Gardocki\DefinedTurns\IMG\robocam_2025_04_06_21_56_53_374.jpg;0;0;1;-0.1681306;111.29;10.88614;357.2142;162.5264;359.9865
C:\Mark's Python files\ME5920\HW3_Gardocki\DefinedTurns\IMG\robocam_2025_04_06_21_56_53_415.jpg;0;0;1;-0.2250693;111.2899;10.88607;357.7645;162.5393;-0.005191052
C:\Mark's Python files\ME5920\HW3_Gardocki\DefinedTurns\IMG\robocam_2025_04_06_21_56_53_455.jpg;0;0;1;-0.3080483;111.29;10.88607;358.4383;162.5397;0.02134721
C:\Mark's Python files\ME5920\HW3_Gardocki\DefinedTurns\IMG\robocam_2025_04_06_21_56_53_496.jpg;0;0;1;-0.3328247;111.2902;10.88602;359.191;162.5365;0.003484544
C:\Mark's Python files\ME5920\HW3_Gardocki\DefinedTurns\IMG\robocam_2025_04_06_21_56_53_538.jpg;0;0;1;-0.3182121;111.2905;10.88593;359.9114;162.5364;359.9874
C:\Mark's Python files\ME5920\HW3_Gardocki\DefinedTurns\IMG\robocam_2025_04_06_21_56_53_580.jpg;0;0;1;-0.3014944;111.2907;10.88584;0.5972229;162.5366;359.9725
C:\Mark's Python files\ME5920\HW3_Gardocki\DefinedTurns\IMG\robocam_2025_04_06_21_56_53_621.jpg;0;0;0;-0.2556867;111.2909;10.8857;1.17613;162.5516;0.008985778
C:\Mark's Python files\ME5920\HW3_Gardocki\DefinedTurns\IMG\robocam_2025_04_06_21_56_53_661.jpg;0;0;0;-0.2041653;111.2912;10.8861;1.664816;162.5503;0.008382525
C:\Mark's Python files\ME5920\HW3_Gardocki\DefinedTurns\IMG\robocam_2025_04_06_21_56_53_704.jpg;0;0;0;-0.1425426;111.2915;10.88646;2.01673;162.5549;359.9845
C:\Mark's Python files\ME5920\HW3_Gardocki\DefinedTurns\IMG\robocam_2025_04_06_21_56_53_746.jpg;0;0;0;-0.08088622;111.2917;10.88667;2.287877;162.553;359.976
C:\Mark's Python files\ME5920\HW3_Gardocki\DefinedTurns\IMG\robocam_2025_04_06_21_56_53_788.jpg;0;0;0;-0.02067759;111.2916;10.88626;2.308958;162.5544;359.9909
C:\Mark's Python files\ME5920\HW3_Gardocki\DefinedTurns\IMG\robocam_2025_04_06_21_56_53_829.jpg;0;0;0;0.04027612;111.2917;10.88606;2.175431;162.5522;0.006954622
C:\Mark's Python files\ME5920\HW3_Gardocki\DefinedTurns\IMG\robocam_2025_04_06_21_56_53_871.jpg;-1.245231;0;0;0.1020899;111.2919;10.88641;1.901166;162.4542;0.006196577
C:\Mark's Python files\ME5920\HW3_Gardocki\DefinedTurns\IMG\robocam_2025_04_06_21_56_53_914.jpg;-3.120624;0;0;0.1633388;111.2921;10.88685;1.49013;162.14;0.005827696
C:\Mark's Python files\ME5920\HW3_Gardocki\DefinedTurns\IMG\robocam_2025_04_06_21_56_53_956.jpg;-4.943448;0;0;0.1972127;111.2921;10.88726;1.025774;161.6363;0.008531526
C:\Mark's Python files\ME5920\HW3_Gardocki\DefinedTurns\IMG\robocam_2025_04_06_21_56_53_999.jpg;-6.824466;0;0;0.1919191;111.292;10.88737;0.5861642;160.9021;0.02338686
C:\Mark's Python files\ME5920\HW3_Gardocki\DefinedTurns\IMG\robocam_2025_04_06_21_56_54_041.jpg;-8.762585;0;0;0.1848434;111.2919;10.88744;0.1666362;159.9691;0.03256946
C:\Mark's Python files\ME5920\HW3_Gardocki\DefinedTurns\IMG\robocam_2025_04_06_21_56_54_083.jpg;-10.63787;0;0;0.1762933;111.2917;10.88749;359.7659;158.8054;0.0271764
C:\Mark's Python files\ME5920\HW3_Gardocki\DefinedTurns\IMG\robocam_2025_04_06_21_56_54_124.jpg;-12.53656;0;0;0.1590959;111.2916;10.88756;359.4031;157.4211;-0.003015105
C:\Mark's Python files\ME5920\HW3_Gardocki\DefinedTurns\IMG\robocam_2025_04_06_21_56_54_165.jpg;-14.49277;0;0;0.1367162;111.2914;10.88761;358.9464;154.943;359.9735
C:\Mark's Python files\ME5920\HW3_Gardocki\DefinedTurns\IMG\robocam_2025_04_06_21_56_54_207.jpg;-15;0;0;0.1191764;111.2912;10.88765;358.6986;153.1431;359.9629
C:\Mark's Python files\ME5920\HW3_Gardocki\DefinedTurns\IMG\robocam_2025_04_06_21_56_54_249.jpg;-15;0;0;0.0863268;111.2909;10.88741;358.5479;151.3718;-0.005464466
C:\Mark's Python files\ME5920\HW3_Gardocki\DefinedTurns\IMG\robocam_2025_04_06_21_56_54_291.jpg;-15;0;0;0.03244806;111.2907;10.88734;358.5179;149.5904;0.02900503
C:\Mark's Python files\ME5920\HW3_Gardocki\DefinedTurns\IMG\robocam_2025_04_06_21_56_54_333.jpg;-15;0;0;-0.03061248;111.291;10.88809;358.5942;147.7286;-0.005123597
C:\Mark's Python files\ME5920\HW3_Gardocki\DefinedTurns\IMG\robocam_2025_04_06_21_56_54_377.jpg;-15;0;0;-0.09095913;111.291;10.88825;358.7767;145.9205;-0.001242257
C:\Mark's Python files\ME5920\HW3_Gardocki\DefinedTurns\IMG\robocam_2025_04_06_21_56_54_421.jpg;-15;0;0;-0.09234984;111.291;10.88823;358.9813;144.1199;0.002546622
C:\Mark's Python files\ME5920\HW3_Gardocki\DefinedTurns\IMG\robocam_2025_04_06_21_56_54_464.jpg;-15;0;0;-0.09153841;111.2911;10.8882;359.182;142.3199;0.01737596
C:\Mark's Python files\ME5920\HW3_Gardocki\DefinedTurns\IMG\robocam_2025_04_06_21_56_54_508.jpg;-15;0;0;-0.08998119;111.2912;10.88816;359.4732;139.6201;0.05995228
C:\Mark's Python files\ME5920\HW3_Gardocki\DefinedTurns\IMG\robocam_2025_04_06_21_56_54_550.jpg;-15;0;0;-0.08771648;111.2913;10.88813;359.6581;137.8201;0.1000687
C:\Mark's Python files\ME5920\HW3_Gardocki\DefinedTurns\IMG\robocam_2025_04_06_21_56_54_595.jpg;-15;0;0;-0.08479507;111.2914;10.8881;359.8338;136.02;0.1479676
C:\Mark's Python files\ME5920\HW3_Gardocki\DefinedTurns\IMG\robocam_2025_04_06_21_56_54_636.jpg;-15;0;0;-0.08127316;111.2914;10.88807;-0.001008113;134.2198;0.2021914
C:\Mark's Python files\ME5920\HW3_Gardocki\DefinedTurns\IMG\robocam_2025_04_06_21_56_54_678.jpg;-15;0;0;-0.07499952;111.2915;10.88804;0.1525546;132.4195;0.2612402
C:\Mark's Python files\ME5920\HW3_Gardocki\DefinedTurns\IMG\robocam_2025_04_06_21_56_54_722.jpg;-15;0;0;-0.07025302;111.2915;10.88801;0.2936289;130.619;0.3236029
C:\Mark's Python files\ME5920\HW3_Gardocki\DefinedTurns\IMG\robocam_2025_04_06_21_56_54_763.jpg;-15;0;0;-0.05614702;111.2916;10.88798;0.4077382;128.8183;0.3727683
C:\Mark's Python files\ME5920\HW3_Gardocki\DefinedTurns\IMG\robocam_2025_04_06_21_56_54_805.jpg;-15;0;0;-0.04728578;111.2917;10.88793;0.5431194;126.1175;0.4310904
C:\Mark's Python files\ME5920\HW3_Gardocki\DefinedTurns\IMG\robocam_2025_04_06_21_56_54_849.jpg;-15;0;0;-0.0396185;111.2917;10.88791;0.6126696;124.317;0.4606972
C:\Mark's Python files\ME5920\HW3_Gardocki\DefinedTurns\IMG\robocam_2025_04_06_21_56_54_892.jpg;-15;0;0;-0.03147451;111.2917;10.88788;0.6628768;122.5167;0.4777872
C:\Mark's Python files\ME5920\HW3_Gardocki\DefinedTurns\IMG\robocam_2025_04_06_21_56_54_934.jpg;-15;0;0;-0.02272399;111.2917;10.88786;0.6872793;120.7165;0.4728068
C:\Mark's Python files\ME5920\HW3_Gardocki\DefinedTurns\IMG\robocam_2025_04_06_21_56_54_980.jpg;-15;0;0;-0.02403017;111.2917;10.88784;0.6878608;118.9166;0.444942
C:\Mark's Python files\ME5920\HW3_Gardocki\DefinedTurns\IMG\robocam_2025_04_06_21_56_55_023.jpg;-15;0;0;-0.02701813;111.2917;10.88782;0.677227;117.1169;0.4060624
C:\Mark's Python files\ME5920\HW3_Gardocki\DefinedTurns\IMG\robocam_2025_04_06_21_56_55_067.jpg;-15;0;0;0.02750847;111.2917;10.8878;0.6574394;114.4173;0.3449903
C:\Mark's Python files\ME5920\HW3_Gardocki\DefinedTurns\IMG\robocam_2025_04_06_21_56_55_109.jpg;-15;0;0;0.02799347;111.2917;10.8878;0.6418681;112.6176;0.302637
C:\Mark's Python files\ME5920\HW3_Gardocki\DefinedTurns\IMG\robocam_2025_04_06_21_56_55_151.jpg;-15;0;0;0.02836823;111.2916;10.88779;0.6247047;110.8179;0.259311
C:\Mark's Python files\ME5920\HW3_Gardocki\DefinedTurns\IMG\robocam_2025_04_06_21_56_55_193.jpg;-15;0;0;0.02861766;111.2916;10.88778;0.6062208;109.0182;0.2153446
C:\Mark's Python files\ME5920\HW3_Gardocki\DefinedTurns\IMG\robocam_2025_04_06_21_56_55_235.jpg;-15;0;0;0.02873366;111.2916;10.88778;0.5866593;107.2185;0.17107
C:\Mark's Python files\ME5920\HW3_Gardocki\DefinedTurns\IMG\robocam_2025_04_06_21_56_55_279.jpg;-15;0;0;0.02865193;111.2916;10.88777;0.5662389;105.4187;0.1268162
C:\Mark's Python files\ME5920\HW3_Gardocki\DefinedTurns\IMG\robocam_2025_04_06_21_56_55_323.jpg;-15;0;0;0.02842925;111.2915;10.88777;0.5451548;103.619;0.08290471
C:\Mark's Python files\ME5920\HW3_Gardocki\DefinedTurns\IMG\robocam_2025_04_06_21_56_55_369.jpg;-15;0;0;0.02807843;111.2915;10.88777;0.5126445;100.9193;0.01835485
C:\Mark's Python files\ME5920\HW3_Gardocki\DefinedTurns\IMG\robocam_2025_04_06_21_56_55_414.jpg;-15;0;0;0.02755834;111.2915;10.88778;0.4905953;99.11954;359.9765
C:\Mark's Python files\ME5920\HW3_Gardocki\DefinedTurns\IMG\robocam_2025_04_06_21_56_55_458.jpg;-14.37106;0.0419292;0;0.02697558;111.2914;10.88801;0.4728487;98.22577;359.9288
C:\Mark's Python files\ME5920\HW3_Gardocki\DefinedTurns\IMG\robocam_2025_04_06_21_56_55_500.jpg;-12.45723;0.1695183;0;0.02723523;111.2914;10.88806;0.4476616;98.18262;359.8774
C:\Mark's Python files\ME5920\HW3_Gardocki\DefinedTurns\IMG\robocam_2025_04_06_21_56_55_541.jpg;-10.52165;0.2985567;0;0.02524666;111.2914;10.88795;0.4161932;98.19086;359.8313
C:\Mark's Python files\ME5920\HW3_Gardocki\DefinedTurns\IMG\robocam_2025_04_06_21_56_55_583.jpg;-8.661722;0.4225518;0;0.0338182;111.2913;10.88901;0.407748;98.11017;359.7879
C:\Mark's Python files\ME5920\HW3_Gardocki\DefinedTurns\IMG\robocam_2025_04_06_21_56_55_624.jpg;-6.793596;0.5470935;0;0.03399082;111.2911;10.89029;0.4001063;98.10095;359.7497
C:\Mark's Python files\ME5920\HW3_Gardocki\DefinedTurns\IMG\robocam_2025_04_06_21_56_55_666.jpg;-4.85546;0.6763026;0;0.07813273;111.2905;10.89509;0.4372064;98.04593;359.7115
C:\Mark's Python files\ME5920\HW3_Gardocki\DefinedTurns\IMG\robocam_2025_04_06_21_56_55_707.jpg;-2.920514;0.8052989;0;0.09239135;111.2899;10.89922;0.4703939;98.17538;359.6953
C:\Mark's Python files\ME5920\HW3_Gardocki\DefinedTurns\IMG\robocam_2025_04_06_21_56_55_750.jpg;-0.9745474;0.93503;0;0.1224077;111.2889;10.90571;0.5459838;98.2392;359.6912
C:\Mark's Python files\ME5920\HW3_Gardocki\DefinedTurns\IMG\robocam_2025_04_06_21_56_55_791.jpg;0;0.9794134;0;0.1669293;111.2877;10.91331;0.6324338;98.30414;359.6974
C:\Mark's Python files\ME5920\HW3_Gardocki\DefinedTurns\IMG\robocam_2025_04_06_21_56_55_834.jpg;0;0.8564218;0;0.1974976;111.2861;10.92279;0.7443101;98.3526;359.7141
C:\Mark's Python files\ME5920\HW3_Gardocki\DefinedTurns\IMG\robocam_2025_04_06_21_56_55_877.jpg;0;0.7324054;0;0.2335644;111.2845;10.9334;0.863749;98.32278;359.74
C:\Mark's Python files\ME5920\HW3_Gardocki\DefinedTurns\IMG\robocam_2025_04_06_21_56_55_919.jpg;0;0.6068819;0;0.2524772;111.2825;10.94484;0.9760072;98.26404;359.7846
C:\Mark's Python files\ME5920\HW3_Gardocki\DefinedTurns\IMG\robocam_2025_04_06_21_56_55_961.jpg;0;0.6465307;0;0.2754745;111.2804;10.95688;1.06759;98.1926;359.8548
C:\Mark's Python files\ME5920\HW3_Gardocki\DefinedTurns\IMG\robocam_2025_04_06_21_56_56_007.jpg;0;0.7769943;0;0.2868166;111.2773;10.97553;1.157183;98.1409;359.9873
C:\Mark's Python files\ME5920\HW3_Gardocki\DefinedTurns\IMG\robocam_2025_04_06_21_56_56_048.jpg;0;0.6510876;0;0.3208898;111.2756;10.98925;1.206601;98.23209;0.04923543
C:\Mark's Python files\ME5920\HW3_Gardocki\DefinedTurns\IMG\robocam_2025_04_06_21_56_56_089.jpg;0;0.5237229;0;0.3345746;111.2744;11.00258;1.19864;98.15732;0.06967854
C:\Mark's Python files\ME5920\HW3_Gardocki\DefinedTurns\IMG\robocam_2025_04_06_21_56_56_130.jpg;0;0.4809897;0;0.3679543;111.273;11.0164;1.152882;98.20508;0.05254576
C:\Mark's Python files\ME5920\HW3_Gardocki\DefinedTurns\IMG\robocam_2025_04_06_21_56_56_174.jpg;0;0.6125733;0;0.3721307;111.2712;11.03012;1.086833;98.23547;0.03248923
C:\Mark's Python files\ME5920\HW3_Gardocki\DefinedTurns\IMG\robocam_2025_04_06_21_56_56_217.jpg;0;0.7417481;0;0.4204667;111.269;11.04579;1.057306;98.12607;0.01698597
C:\Mark's Python files\ME5920\HW3_Gardocki\DefinedTurns\IMG\robocam_2025_04_06_21_56_56_262.jpg;0;0.8710982;0;0.4316099;111.2666;11.06267;1.045968;98.02188;0.001013738
C:\Mark's Python files\ME5920\HW3_Gardocki\DefinedTurns\IMG\robocam_2025_04_06_21_56_56_305.jpg;0;0.9978598;0;0.4639004;111.2639;11.08077;1.049232;98.14429;359.9933
C:\Mark's Python files\ME5920\HW3_Gardocki\DefinedTurns\IMG\robocam_2025_04_06_21_56_56_347.jpg;0;1;0;0.4993288;111.2593;11.11139;1.106091;98.19467;-0.002755734
C:\Mark's Python files\ME5920\HW3_Gardocki\DefinedTurns\IMG\robocam_2025_04_06_21_56_56_390.jpg;0;1;0;0.5322688;111.2561;11.1336;1.162509;98.14615;-0.0007461183
C:\Mark's Python files\ME5920\HW3_Gardocki\DefinedTurns\IMG\robocam_2025_04_06_21_56_56_434.jpg;0;1;0;0.5615363;111.2528;11.15692;1.214087;98.09134;0.000467893
C:\Mark's Python files\ME5920\HW3_Gardocki\DefinedTurns\IMG\robocam_2025_04_06_21_56_56_478.jpg;0;1;0;0.5854957;111.2495;11.1809;1.239988;98.01273;-0.0002702026
C:\Mark's Python files\ME5920\HW3_Gardocki\DefinedTurns\IMG\robocam_2025_04_06_21_56_56_523.jpg;0;1;0;0.6378706;111.2461;11.2052;1.223322;98.00668;-0.001577339
C:\Mark's Python files\ME5920\HW3_Gardocki\DefinedTurns\IMG\robocam_2025_04_06_21_56_56_567.jpg;0;1;0;0.6557801;111.2407;11.24407;1.188508;97.97418;0.0001785238
C:\Mark's Python files\ME5920\HW3_Gardocki\DefinedTurns\IMG\robocam_2025_04_06_21_56_56_610.jpg;0;1;0;0.711207;111.2369;11.27233;1.187582;97.97302;-0.0008443301
C:\Mark's Python files\ME5920\HW3_Gardocki\DefinedTurns\IMG\robocam_2025_04_06_21_56_56_653.jpg;0;1;0;0.7345338;111.2327;11.3022;1.197278;97.96756;-0.000789673
C:\Mark's Python files\ME5920\HW3_Gardocki\DefinedTurns\IMG\robocam_2025_04_06_21_56_56_696.jpg;0;1;0;0.7597581;111.2285;11.33279;1.196856;97.99249;-0.0009570622
C:\Mark's Python files\ME5920\HW3_Gardocki\DefinedTurns\IMG\robocam_2025_04_06_21_56_56_738.jpg;-0.58698;1;0;0.8161284;111.2241;11.36556;1.213796;97.97638;-0.0005879751
C:\Mark's Python files\ME5920\HW3_Gardocki\DefinedTurns\IMG\robocam_2025_04_06_21_56_56_780.jpg;-2.568627;1;0;0.8545179;111.2198;11.39922;1.21809;97.91422;-0.0005537507
C:\Mark's Python files\ME5920\HW3_Gardocki\DefinedTurns\IMG\robocam_2025_04_06_21_56_56_820.jpg;-4.448385;1;0;0.8854107;111.2158;11.43401;1.213738;97.76416;0.0005734711
C:\Mark's Python files\ME5920\HW3_Gardocki\DefinedTurns\IMG\robocam_2025_04_06_21_56_56_864.jpg;-6.331374;1;0;0.9199852;111.2123;11.47021;1.207823;97.56265;0.0007491393
C:\Mark's Python files\ME5920\HW3_Gardocki\DefinedTurns\IMG\robocam_2025_04_06_21_56_56_906.jpg;-8.18536;1;0;0.957447;111.2078;11.52737;1.205199;97.12634;0.00150655
C:\Mark's Python files\ME5920\HW3_Gardocki\DefinedTurns\IMG\robocam_2025_04_06_21_56_56_948.jpg;-10.08132;1;0;0.9869956;111.2054;11.56697;1.202304;96.69052;0.003218375
C:\Mark's Python files\ME5920\HW3_Gardocki\DefinedTurns\IMG\robocam_2025_04_06_21_56_56_989.jpg;-11.95659;1;0;1.007718;111.2038;11.60772;1.203588;96.10989;0.00122238
C:\Mark's Python files\ME5920\HW3_Gardocki\DefinedTurns\IMG\robocam_2025_04_06_21_56_57_031.jpg;-13.86237;1;0;1.045766;111.2031;11.65004;1.210472;95.49631;359.9903
C:\Mark's Python files\ME5920\HW3_Gardocki\DefinedTurns\IMG\robocam_2025_04_06_21_56_57_073.jpg;-15;1;0;1.073956;111.2032;11.69322;1.204902;94.78629;359.974
C:\Mark's Python files\ME5920\HW3_Gardocki\DefinedTurns\IMG\robocam_2025_04_06_21_56_57_114.jpg;-13.50273;1;0;1.118422;111.2038;11.73751;1.199946;94.02222;359.9645
C:\Mark's Python files\ME5920\HW3_Gardocki\DefinedTurns\IMG\robocam_2025_04_06_21_56_57_157.jpg;-11.60827;1;0;1.154927;111.2043;11.78349;1.207815;93.36084;359.968
C:\Mark's Python files\ME5920\HW3_Gardocki\DefinedTurns\IMG\robocam_2025_04_06_21_56_57_205.jpg;-9.398643;1;0;1.183556;111.205;11.85453;1.214592;92.4675;-0.002518799
C:\Mark's Python files\ME5920\HW3_Gardocki\DefinedTurns\IMG\robocam_2025_04_06_21_56_57_248.jpg;-7.538249;1;0;1.216599;111.2057;11.90366;1.22072;91.96457;0.00461678
C:\Mark's Python files\ME5920\HW3_Gardocki\DefinedTurns\IMG\robocam_2025_04_06_21_56_57_291.jpg;-5.661632;1;0;1.249422;111.2066;11.95414;1.231782;91.55142;0.003552238
C:\Mark's Python files\ME5920\HW3_Gardocki\DefinedTurns\IMG\robocam_2025_04_06_21_56_57_333.jpg;-3.755504;1;0;1.279557;111.2072;12.00574;1.236496;91.23502;0.002547785
C:\Mark's Python files\ME5920\HW3_Gardocki\DefinedTurns\IMG\robocam_2025_04_06_21_56_57_375.jpg;-3.09809;1;0;1.327475;111.2075;12.05855;1.236579;91.01132;0.001475113
C:\Mark's Python files\ME5920\HW3_Gardocki\DefinedTurns\IMG\robocam_2025_04_06_21_56_57_418.jpg;-5.013862;1;0;1.361179;111.2081;12.11267;1.236796;90.75366;0.00147263
C:\Mark's Python files\ME5920\HW3_Gardocki\DefinedTurns\IMG\robocam_2025_04_06_21_56_57_459.jpg;-6.915566;1;0;1.39035;111.2094;12.16794;1.233769;90.40598;0.001872206
C:\Mark's Python files\ME5920\HW3_Gardocki\DefinedTurns\IMG\robocam_2025_04_06_21_56_57_500.jpg;-8.764957;1;0;1.421911;111.2116;12.22466;1.240162;89.95994;0.002267394
C:\Mark's Python files\ME5920\HW3_Gardocki\DefinedTurns\IMG\robocam_2025_04_06_21_56_57_543.jpg;-10.63786;1;0;1.45049;111.2148;12.28223;1.233876;89.38395;-0.00194269
C:\Mark's Python files\ME5920\HW3_Gardocki\DefinedTurns\IMG\robocam_2025_04_06_21_56_57_587.jpg;-12.66693;1;0;1.481292;111.2221;12.37078;1.226919;88.3019;359.968
C:\Mark's Python files\ME5920\HW3_Gardocki\DefinedTurns\IMG\robocam_2025_04_06_21_56_57_631.jpg;-14.51587;1;0;1.510033;111.2289;12.43096;1.215622;87.42179;359.9364
C:\Mark's Python files\ME5920\HW3_Gardocki\DefinedTurns\IMG\robocam_2025_04_06_21_56_57_674.jpg;-15;1;0;1.538326;111.2369;12.49182;1.187627;86.44941;359.9074
C:\Mark's Python files\ME5920\HW3_Gardocki\DefinedTurns\IMG\robocam_2025_04_06_21_56_57_714.jpg;-15;1;0;1.582884;111.2462;12.55347;1.145878;85.4462;359.8833
C:\Mark's Python files\ME5920\HW3_Gardocki\DefinedTurns\IMG\robocam_2025_04_06_21_56_57_756.jpg;-15;1;0;1.612728;111.2568;12.61608;1.103016;84.4284;359.8514
C:\Mark's Python files\ME5920\HW3_Gardocki\DefinedTurns\IMG\robocam_2025_04_06_21_56_57_799.jpg;-14.37529;1;0;1.642291;111.2688;12.67971;1.063425;83.40588;359.813
C:\Mark's Python files\ME5920\HW3_Gardocki\DefinedTurns\IMG\robocam_2025_04_06_21_56_57_841.jpg;-12.49073;1;0;1.672894;111.2816;12.74448;1.029382;82.43544;359.7777
C:\Mark's Python files\ME5920\HW3_Gardocki\DefinedTurns\IMG\robocam_2025_04_06_21_56_57_881.jpg;-10.61322;1;0;1.704112;111.295;12.81039;0.9958373;81.55853;359.7575
C:\Mark's Python files\ME5920\HW3_Gardocki\DefinedTurns\IMG\robocam_2025_04_06_21_56_57_924.jpg;-8.720606;1;0;1.735126;111.3089;12.87761;0.9713796;80.79474;359.746
C:\Mark's Python files\ME5920\HW3_Gardocki\DefinedTurns\IMG\robocam_2025_04_06_21_56_57_964.jpg;-6.803637;1;0;1.765978;111.3232;12.94619;0.9571323;80.15594;359.7463
C:\Mark's Python files\ME5920\HW3_Gardocki\DefinedTurns\IMG\robocam_2025_04_06_21_56_58_007.jpg;-4.905155;1;0;1.797124;111.3454;13.05176;0.9631708;79.42316;359.7636
C:\Mark's Python files\ME5920\HW3_Gardocki\DefinedTurns\IMG\robocam_2025_04_06_21_56_58_049.jpg;-3.087969;1;0;1.827229;111.3604;13.12409;0.9918703;79.0899;359.7845
C:\Mark's Python files\ME5920\HW3_Gardocki\DefinedTurns\IMG\robocam_2025_04_06_21_56_58_090.jpg;-1.222075;1;0;1.856255;111.3752;13.19793;1.034685;78.89787;359.8222
C:\Mark's Python files\ME5920\HW3_Gardocki\DefinedTurns\IMG\robocam_2025_04_06_21_56_58_132.jpg;0;1;0;1.90101;111.3899;13.27336;1.096484;78.83549;359.8704
C:\Mark's Python files\ME5920\HW3_Gardocki\DefinedTurns\IMG\robocam_2025_04_06_21_56_58_173.jpg;0;1;0;1.930453;111.4046;13.35014;1.168082;78.82964;359.9283
C:\Mark's Python files\ME5920\HW3_Gardocki\DefinedTurns\IMG\robocam_2025_04_06_21_56_58_214.jpg;0;1;0;1.959909;111.4195;13.42824;1.24828;78.83842;359.9914
C:\Mark's Python files\ME5920\HW3_Gardocki\DefinedTurns\IMG\robocam_2025_04_06_21_56_58_255.jpg;0;1;0;1.98853;111.4356;13.5072;1.322844;78.82476;-0.0003230927
C:\Mark's Python files\ME5920\HW3_Gardocki\DefinedTurns\IMG\robocam_2025_04_06_21_56_58_298.jpg;0;1;0;2.01904;111.4519;13.58656;1.352535;78.81531;-0.001697575
C:\Mark's Python files\ME5920\HW3_Gardocki\DefinedTurns\IMG\robocam_2025_04_06_21_56_58_339.jpg;0;1;0;2.051528;111.4681;13.6664;1.334453;78.80722;-0.001785671
C:\Mark's Python files\ME5920\HW3_Gardocki\DefinedTurns\IMG\robocam_2025_04_06_21_56_58_380.jpg;0;1;0;2.08322;111.4844;13.74726;1.302976;78.79981;-0.001146034
C:\Mark's Python files\ME5920\HW3_Gardocki\DefinedTurns\IMG\robocam_2025_04_06_21_56_58_419.jpg;0;1;0;2.112972;111.5011;13.82961;1.288431;78.79322;-0.0006017691
C:\Mark's Python files\ME5920\HW3_Gardocki\DefinedTurns\IMG\robocam_2025_04_06_21_56_58_459.jpg;0;1;0;2.14185;111.5181;13.91339;1.291479;78.78467;-0.0006522887
C:\Mark's Python files\ME5920\HW3_Gardocki\DefinedTurns\IMG\robocam_2025_04_06_21_56_58_501.jpg;0;1;0;2.170181;111.5353;13.99849;1.306115;78.7741;-0.00108743
C:\Mark's Python files\ME5920\HW3_Gardocki\DefinedTurns\IMG\robocam_2025_04_06_21_56_58_544.jpg;0;1;0;2.199308;111.5527;14.08454;1.31088;78.76656;-0.001190272
C:\Mark's Python files\ME5920\HW3_Gardocki\DefinedTurns\IMG\robocam_2025_04_06_21_56_58_587.jpg;0;1;0;2.228901;111.5793;14.21572;1.312005;78.75249;-0.001190486
C:\Mark's Python files\ME5920\HW3_Gardocki\DefinedTurns\IMG\robocam_2025_04_06_21_56_58_629.jpg;0;1;0;2.258936;111.5974;14.30464;1.314202;78.74379;-0.001221685
C:\Mark's Python files\ME5920\HW3_Gardocki\DefinedTurns\IMG\robocam_2025_04_06_21_56_58_672.jpg;0;1;0;2.288096;111.6157;14.39474;1.318605;78.73602;-0.001239461
C:\Mark's Python files\ME5920\HW3_Gardocki\DefinedTurns\IMG\robocam_2025_04_06_21_56_58_711.jpg;0;1;0;2.317206;111.6343;14.48592;1.320629;78.72992;-0.001251458
C:\Mark's Python files\ME5920\HW3_Gardocki\DefinedTurns\IMG\robocam_2025_04_06_21_56_58_754.jpg;0;1;0;2.346551;111.653;14.57825;1.321721;78.72102;-0.001245614
C:\Mark's Python files\ME5920\HW3_Gardocki\DefinedTurns\IMG\robocam_2025_04_06_21_56_58_798.jpg;0;1;0;2.389997;111.6721;14.67174;1.324501;78.71313;-0.001270167
C:\Mark's Python files\ME5920\HW3_Gardocki\DefinedTurns\IMG\robocam_2025_04_06_21_56_58_841.jpg;0;1;0;2.418892;111.6914;14.76638;1.328568;78.7056;-0.001280137
C:\Mark's Python files\ME5920\HW3_Gardocki\DefinedTurns\IMG\robocam_2025_04_06_21_56_58_884.jpg;0.638172;1;0;2.447233;111.7109;14.86209;1.329472;78.69949;-0.001300394
C:\Mark's Python files\ME5920\HW3_Gardocki\DefinedTurns\IMG\robocam_2025_04_06_21_56_58_927.jpg;2.539894;1;0;2.476578;111.7398;15.00791;1.328802;78.83466;-0.002359945
C:\Mark's Python files\ME5920\HW3_Gardocki\DefinedTurns\IMG\robocam_2025_04_06_21_56_58_977.jpg;4.711483;1;0;2.504819;111.7583;15.10671;1.329124;79.08769;-0.003530143
C:\Mark's Python files\ME5920\HW3_Gardocki\DefinedTurns\IMG\robocam_2025_04_06_21_56_59_019.jpg;6.681344;1;0;2.546326;111.7756;15.20681;1.326691;79.50992;0.004842702
C:\Mark's Python files\ME5920\HW3_Gardocki\DefinedTurns\IMG\robocam_2025_04_06_21_56_59_064.jpg;4.711235;1;0;2.57442;111.7921;15.30814;1.32184;80.01146;0.01882116
C:\Mark's Python files\ME5920\HW3_Gardocki\DefinedTurns\IMG\robocam_2025_04_06_21_56_59_108.jpg;2.678931;1;0;2.603156;111.817;15.46227;1.314659;80.59484;0.01511892
C:\Mark's Python files\ME5920\HW3_Gardocki\DefinedTurns\IMG\robocam_2025_04_06_21_56_59_153.jpg;0.6478248;1;0;2.631717;111.8341;15.56651;1.31611;80.80228;-0.002366098
C:\Mark's Python files\ME5920\HW3_Gardocki\DefinedTurns\IMG\robocam_2025_04_06_21_56_59_195.jpg;0;1;0;2.673947;111.8513;15.67213;1.331659;80.88198;-0.002319983
C:\Mark's Python files\ME5920\HW3_Gardocki\DefinedTurns\IMG\robocam_2025_04_06_21_56_59_237.jpg;0;1;0;2.70066;111.8687;15.77888;1.35134;80.90611;-0.001905592
C:\Mark's Python files\ME5920\HW3_Gardocki\DefinedTurns\IMG\robocam_2025_04_06_21_56_59_279.jpg;0;1;0;2.729537;111.8863;15.88645;1.354101;80.90887;-0.001495969
C:\Mark's Python files\ME5920\HW3_Gardocki\DefinedTurns\IMG\robocam_2025_04_06_21_56_59_328.jpg;0;1;0;2.758509;111.9131;16.04984;1.352931;80.89825;-0.001408546
C:\Mark's Python files\ME5920\HW3_Gardocki\DefinedTurns\IMG\robocam_2025_04_06_21_56_59_368.jpg;0;1;0;2.786612;111.9313;16.16014;1.351619;80.89069;-0.001408965
C:\Mark's Python files\ME5920\HW3_Gardocki\DefinedTurns\IMG\robocam_2025_04_06_21_56_59_410.jpg;0;1;0;2.814635;111.9496;16.27155;1.350214;80.88281;-0.001389989
C:\Mark's Python files\ME5920\HW3_Gardocki\DefinedTurns\IMG\robocam_2025_04_06_21_56_59_452.jpg;0;1;0;2.856243;111.9682;16.38417;1.355978;80.8744;-0.001298733
C:\Mark's Python files\ME5920\HW3_Gardocki\DefinedTurns\IMG\robocam_2025_04_06_21_56_59_494.jpg;0;1;0;2.884127;111.9869;16.49786;1.35999;80.86496;-0.00141302
C:\Mark's Python files\ME5920\HW3_Gardocki\DefinedTurns\IMG\robocam_2025_04_06_21_56_59_535.jpg;0;1;0;2.911955;112.0059;16.61261;1.362693;80.8564;-0.001440437
C:\Mark's Python files\ME5920\HW3_Gardocki\DefinedTurns\IMG\robocam_2025_04_06_21_56_59_576.jpg;0;1;0;2.925848;112.025;16.72844;1.364007;80.84818;-0.001451239
C:\Mark's Python files\ME5920\HW3_Gardocki\DefinedTurns\IMG\robocam_2025_04_06_21_56_59_617.jpg;0;1;0;2.967425;112.0443;16.84534;1.364015;80.84003;-0.00145174
C:\Mark's Python files\ME5920\HW3_Gardocki\DefinedTurns\IMG\robocam_2025_04_06_21_56_59_659.jpg;0;1;0;2.995053;112.0639;16.9633;1.362949;80.83178;-0.001444941
C:\Mark's Python files\ME5920\HW3_Gardocki\DefinedTurns\IMG\robocam_2025_04_06_21_56_59_701.jpg;0;1;0;3.022318;112.0836;17.08247;1.368186;80.82298;-0.001351055
C:\Mark's Python files\ME5920\HW3_Gardocki\DefinedTurns\IMG\robocam_2025_04_06_21_56_59_744.jpg;0;1;0;3.049841;112.1036;17.20266;1.370906;80.81319;-0.00146801
C:\Mark's Python files\ME5920\HW3_Gardocki\DefinedTurns\IMG\robocam_2025_04_06_21_56_59_786.jpg;0;1;0;3.077301;112.1338;17.38492;1.371568;80.79993;-0.001470326
C:\Mark's Python files\ME5920\HW3_Gardocki\DefinedTurns\IMG\robocam_2025_04_06_21_56_59_828.jpg;0;1;0;3.10514;112.1543;17.50786;1.377194;80.79081;-0.001393534
C:\Mark's Python files\ME5920\HW3_Gardocki\DefinedTurns\IMG\robocam_2025_04_06_21_56_59_873.jpg;0;1;0;3.131742;112.1749;17.63181;1.379599;80.78087;-0.001513659
C:\Mark's Python files\ME5920\HW3_Gardocki\DefinedTurns\IMG\robocam_2025_04_06_21_56_59_914.jpg;0;1;0;3.159037;112.1957;17.75679;1.379529;80.77184;-0.001522139
C:\Mark's Python files\ME5920\HW3_Gardocki\DefinedTurns\IMG\robocam_2025_04_06_21_56_59_956.jpg;0;1;0;3.186262;112.2168;17.88288;1.381409;80.76408;-0.001060248
C:\Mark's Python files\ME5920\HW3_Gardocki\DefinedTurns\IMG\robocam_2025_04_06_21_56_59_997.jpg;0;1;0;3.226681;112.238;18.01003;1.383449;80.75288;-0.001514763
C:\Mark's Python files\ME5920\HW3_Gardocki\DefinedTurns\IMG\robocam_2025_04_06_21_57_00_041.jpg;0;1;0;3.253754;112.2594;18.13819;1.382908;80.74323;-0.001527332
C:\Mark's Python files\ME5920\HW3_Gardocki\DefinedTurns\IMG\robocam_2025_04_06_21_57_00_084.jpg;0;1;0;3.280459;112.2811;18.26751;1.387373;80.73345;-0.00143376
C:\Mark's Python files\ME5920\HW3_Gardocki\DefinedTurns\IMG\robocam_2025_04_06_21_57_00_126.jpg;0;1;0;3.307422;112.3139;18.46342;1.391541;80.71908;-0.001107297
C:\Mark's Python files\ME5920\HW3_Gardocki\DefinedTurns\IMG\robocam_2025_04_06_21_57_00_167.jpg;0;1;0;3.334017;112.3361;18.59533;1.394325;80.70728;-0.001562255
C:\Mark's Python files\ME5920\HW3_Gardocki\DefinedTurns\IMG\robocam_2025_04_06_21_57_00_208.jpg;0;1;0;3.360875;112.3584;18.72824;1.39366;80.69729;-0.001587221
C:\Mark's Python files\ME5920\HW3_Gardocki\DefinedTurns\IMG\robocam_2025_04_06_21_57_00_251.jpg;0;1;0;3.388084;112.3809;18.86227;1.397306;80.68723;-0.001479042
C:\Mark's Python files\ME5920\HW3_Gardocki\DefinedTurns\IMG\robocam_2025_04_06_21_57_00_294.jpg;0;1;0;3.414088;112.4037;18.99735;1.40077;80.67741;-0.001132776
C:\Mark's Python files\ME5920\HW3_Gardocki\DefinedTurns\IMG\robocam_2025_04_06_21_57_00_337.jpg;0;1;0;3.453781;112.4266;19.13343;1.402987;80.66513;-0.001598236
C:\Mark's Python files\ME5920\HW3_Gardocki\DefinedTurns\IMG\robocam_2025_04_06_21_57_00_379.jpg;0;1;0;3.480794;112.4497;19.27057;1.405353;80.65572;-0.001150886
C:\Mark's Python files\ME5920\HW3_Gardocki\DefinedTurns\IMG\robocam_2025_04_06_21_57_00_421.jpg;0;1;0;3.506611;112.4731;19.40871;1.406291;80.64354;-0.001612664
C:\Mark's Python files\ME5920\HW3_Gardocki\DefinedTurns\IMG\robocam_2025_04_06_21_57_00_465.jpg;0;1;0;3.533498;112.4966;19.5479;1.407353;80.63405;-0.001159494
C:\Mark's Python files\ME5920\HW3_Gardocki\DefinedTurns\IMG\robocam_2025_04_06_21_57_00_507.jpg;0;1;0;3.559606;112.5323;19.75867;1.412689;80.61557;-0.00153395
C:\Mark's Python files\ME5920\HW3_Gardocki\DefinedTurns\IMG\robocam_2025_04_06_21_57_00_547.jpg;0;1;0;3.585259;112.5564;19.9004;1.412164;80.60387;-0.00166064
C:\Mark's Python files\ME5920\HW3_Gardocki\DefinedTurns\IMG\robocam_2025_04_06_21_57_00_590.jpg;0;1;0;3.611975;112.5806;20.04321;1.414805;80.59275;-0.001546215
C:\Mark's Python files\ME5920\HW3_Gardocki\DefinedTurns\IMG\robocam_2025_04_06_21_57_00_633.jpg;0;1;0;3.637916;112.6051;20.18708;1.419491;80.58049;-0.001562178
C:\Mark's Python files\ME5920\HW3_Gardocki\DefinedTurns\IMG\robocam_2025_04_06_21_57_00_675.jpg;0;1;0;3.676489;112.6298;20.33186;1.418244;80.56859;-0.001685759
C:\Mark's Python files\ME5920\HW3_Gardocki\DefinedTurns\IMG\robocam_2025_04_06_21_57_00_716.jpg;0;1;0;3.702286;112.6546;20.47772;1.419865;80.55722;-0.00157591
C:\Mark's Python files\ME5920\HW3_Gardocki\DefinedTurns\IMG\robocam_2025_04_06_21_57_00_758.jpg;0;1;0;3.72803;112.6797;20.62462;1.423342;80.5447;-0.001574871
C:\Mark's Python files\ME5920\HW3_Gardocki\DefinedTurns\IMG\robocam_2025_04_06_21_57_00_801.jpg;0;1;0;3.754425;112.705;20.7725;1.425037;80.53327;-0.001224143
C:\Mark's Python files\ME5920\HW3_Gardocki\DefinedTurns\IMG\robocam_2025_04_06_21_57_00_843.jpg;0;1;0;3.780055;112.7305;20.92142;1.428355;80.52057;-0.001233125
C:\Mark's Python files\ME5920\HW3_Gardocki\DefinedTurns\IMG\robocam_2025_04_06_21_57_00_887.jpg;0;1;0;3.805244;112.7691;21.14664;1.431032;80.50137;-0.001243616
C:\Mark's Python files\ME5920\HW3_Gardocki\DefinedTurns\IMG\robocam_2025_04_06_21_57_00_931.jpg;0;1;0;3.830765;112.7951;21.29806;1.434067;80.48843;-0.001253305
C:\Mark's Python files\ME5920\HW3_Gardocki\DefinedTurns\IMG\robocam_2025_04_06_21_57_00_973.jpg;0;1;0;3.869107;112.8213;21.45042;1.433806;80.47424;-0.001741296
C:\Mark's Python files\ME5920\HW3_Gardocki\DefinedTurns\IMG\robocam_2025_04_06_21_57_01_015.jpg;0;1;0;3.894872;112.8477;21.6039;1.439646;80.46232;-0.001165622
C:\Mark's Python files\ME5920\HW3_Gardocki\DefinedTurns\IMG\robocam_2025_04_06_21_57_01_057.jpg;0;1;0;3.919832;112.8744;21.75828;1.440893;80.44714;-0.00176807
C:\Mark's Python files\ME5920\HW3_Gardocki\DefinedTurns\IMG\robocam_2025_04_06_21_57_01_098.jpg;0;0.8749073;0;3.943605;112.9012;21.91362;1.44206;80.43431;-0.001657713
C:\Mark's Python files\ME5920\HW3_Gardocki\DefinedTurns\IMG\robocam_2025_04_06_21_57_01_140.jpg;0;0.7488536;0;3.964025;112.9282;22.06978;1.442615;80.42135;-0.001163969
C:\Mark's Python files\ME5920\HW3_Gardocki\DefinedTurns\IMG\robocam_2025_04_06_21_57_01_183.jpg;0;0.6238708;0;3.97964;112.9554;22.22654;1.440166;80.40544;-0.001123628
C:\Mark's Python files\ME5920\HW3_Gardocki\DefinedTurns\IMG\robocam_2025_04_06_21_57_01_225.jpg;0;0.4945237;0;3.99124;112.9963;22.46228;1.42066;80.37946;-0.001067305
C:\Mark's Python files\ME5920\HW3_Gardocki\DefinedTurns\IMG\robocam_2025_04_06_21_57_01_271.jpg;0;0.3665215;0;3.998906;113.0237;22.6195;1.391435;80.36164;-0.001023296
C:\Mark's Python files\ME5920\HW3_Gardocki\DefinedTurns\IMG\robocam_2025_04_06_21_57_01_315.jpg;0;0.2411641;0;4.002314;113.051;22.77652;1.3452;80.34384;-0.000962468
C:\Mark's Python files\ME5920\HW3_Gardocki\DefinedTurns\IMG\robocam_2025_04_06_21_57_01_356.jpg;0;0.1127905;0;4.00004;113.0783;22.93313;1.279717;80.3263;-0.0008718136
C:\Mark's Python files\ME5920\HW3_Gardocki\DefinedTurns\IMG\robocam_2025_04_06_21_57_01_400.jpg;0;0;0;3.9938;113.1056;23.08916;1.193209;80.30921;-0.0007673286
C:\Mark's Python files\ME5920\HW3_Gardocki\DefinedTurns\IMG\robocam_2025_04_06_21_57_01_439.jpg;0;0;0;3.98548;113.1328;23.2445;1.086139;80.29276;-0.0006606794
C:\Mark's Python files\ME5920\HW3_Gardocki\DefinedTurns\IMG\robocam_2025_04_06_21_57_01_481.jpg;0;0;0;3.977003;113.1599;23.3992;0.9617414;80.27711;-0.0004728237
C:\Mark's Python files\ME5920\HW3_Gardocki\DefinedTurns\IMG\robocam_2025_04_06_21_57_01_524.jpg;0;0;0;3.968509;113.1868;23.55331;0.8236789;80.26234;-0.0002131919
C:\Mark's Python files\ME5920\HW3_Gardocki\DefinedTurns\IMG\robocam_2025_04_06_21_57_01_565.jpg;0;0;0;3.959988;113.2271;23.78352;0.5984555;80.24269;0.001756178
C:\Mark's Python files\ME5920\HW3_Gardocki\DefinedTurns\IMG\robocam_2025_04_06_21_57_01_607.jpg;0;0;0;3.951458;113.2539;23.93643;0.4408823;80.23265;0.00680865
C:\Mark's Python files\ME5920\HW3_Gardocki\DefinedTurns\IMG\robocam_2025_04_06_21_57_01_649.jpg;0;0;0;3.942944;113.2804;24.08897;0.280612;80.22472;0.01479904
C:\Mark's Python files\ME5920\HW3_Gardocki\DefinedTurns\IMG\robocam_2025_04_06_21_57_01_692.jpg;0;0;0;3.934352;113.3069;24.24118;0.1201504;80.2191;0.02597908
C:\Mark's Python files\ME5920\HW3_Gardocki\DefinedTurns\IMG\robocam_2025_04_06_21_57_01_735.jpg;0;0;0;3.925685;113.3333;24.39309;359.9619;80.21595;0.04047972
C:\Mark's Python files\ME5920\HW3_Gardocki\DefinedTurns\IMG\robocam_2025_04_06_21_57_01_775.jpg;0;0;0;3.916941;113.36;24.54511;359.8342;80.2032;0.02975426
C:\Mark's Python files\ME5920\HW3_Gardocki\DefinedTurns\IMG\robocam_2025_04_06_21_57_01_818.jpg;0;0;0;3.90292;113.3868;24.69705;359.7233;80.18863;0.008620375
C:\Mark's Python files\ME5920\HW3_Gardocki\DefinedTurns\IMG\robocam_2025_04_06_21_57_01_858.jpg;0;0;0;3.893665;113.4134;24.84884;359.6242;80.17601;359.9843
C:\Mark's Python files\ME5920\HW3_Gardocki\DefinedTurns\IMG\robocam_2025_04_06_21_57_01_899.jpg;0;0;0;3.884527;113.4394;25.00058;359.5377;80.17725;359.984
C:\Mark's Python files\ME5920\HW3_Gardocki\DefinedTurns\IMG\robocam_2025_04_06_21_57_01_940.jpg;0;0;0;3.875336;113.4655;25.15207;359.4583;80.18049;359.9875
C:\Mark's Python files\ME5920\HW3_Gardocki\DefinedTurns\IMG\robocam_2025_04_06_21_57_01_983.jpg;0;0;0;3.866059;113.4914;25.30346;359.392;80.18839;0.002960867
C:\Mark's Python files\ME5920\HW3_Gardocki\DefinedTurns\IMG\robocam_2025_04_06_21_57_02_024.jpg;0;0;0;3.856849;113.5173;25.45466;359.3373;80.19605;0.02337176
C:\Mark's Python files\ME5920\HW3_Gardocki\DefinedTurns\IMG\robocam_2025_04_06_21_57_02_064.jpg;0;0;0;3.848061;113.5434;25.60551;359.2839;80.19961;0.03888588
C:\Mark's Python files\ME5920\HW3_Gardocki\DefinedTurns\IMG\robocam_2025_04_06_21_57_02_106.jpg;0;0;0;3.838192;113.583;25.83169;359.2455;80.18635;0.01779092
C:\Mark's Python files\ME5920\HW3_Gardocki\DefinedTurns\IMG\robocam_2025_04_06_21_57_02_147.jpg;0;0;0;3.829373;113.6091;25.98208;359.2197;80.1832;0.01094966
C:\Mark's Python files\ME5920\HW3_Gardocki\DefinedTurns\IMG\robocam_2025_04_06_21_57_02_188.jpg;0.448542;0;0;3.82064;113.635;26.13216;359.1946;80.18948;0.006946575
C:\Mark's Python files\ME5920\HW3_Gardocki\DefinedTurns\IMG\robocam_2025_04_06_21_57_02_232.jpg;2.271172;0;0;3.811886;113.6603;26.282;359.1703;80.27387;0.01775807
C:\Mark's Python files\ME5920\HW3_Gardocki\DefinedTurns\IMG\robocam_2025_04_06_21_57_02_273.jpg;4.174254;0;0;3.796973;113.6851;26.43206;359.1773;80.46864;0.01699766
C:\Mark's Python files\ME5920\HW3_Gardocki\DefinedTurns\IMG\robocam_2025_04_06_21_57_02_314.jpg;6.009629;0;0;3.787315;113.708;26.58197;359.1802;80.83591;0.0621117
C:\Mark's Python files\ME5920\HW3_Gardocki\DefinedTurns\IMG\robocam_2025_04_06_21_57_02_355.jpg;7.876166;0;0;3.777248;113.7287;26.73174;359.1806;81.39009;0.1528052
C:\Mark's Python files\ME5920\HW3_Gardocki\DefinedTurns\IMG\robocam_2025_04_06_21_57_02_398.jpg;9.761522;0;0;3.765403;113.7476;26.88168;359.2034;82.12359;0.2633269
C:\Mark's Python files\ME5920\HW3_Gardocki\DefinedTurns\IMG\robocam_2025_04_06_21_57_02_441.jpg;11.68966;0;0;3.75375;113.7639;27.03166;359.241;83.00523;0.4087334
C:\Mark's Python files\ME5920\HW3_Gardocki\DefinedTurns\IMG\robocam_2025_04_06_21_57_02_484.jpg;13.51844;0;0;3.740998;113.7779;27.18224;359.3328;84.01936;0.5492917
C:\Mark's Python files\ME5920\HW3_Gardocki\DefinedTurns\IMG\robocam_2025_04_06_21_57_02_526.jpg;15;0;0;3.723836;113.7928;27.40878;359.5527;85.81008;0.7925283
C:\Mark's Python files\ME5920\HW3_Gardocki\DefinedTurns\IMG\robocam_2025_04_06_21_57_02_567.jpg;15;0;0;3.70994;113.7988;27.56041;359.7694;87.10677;0.9475725
C:\Mark's Python files\ME5920\HW3_Gardocki\DefinedTurns\IMG\robocam_2025_04_06_21_57_02_608.jpg;15;0;0;3.693579;113.8007;27.71176;0.006950105;88.49817;1.127961
C:\Mark's Python files\ME5920\HW3_Gardocki\DefinedTurns\IMG\robocam_2025_04_06_21_57_02_652.jpg;15;0;0;3.678449;113.7999;27.86037;0.1242663;89.98274;1.258999
C:\Mark's Python files\ME5920\HW3_Gardocki\DefinedTurns\IMG\robocam_2025_04_06_21_57_02_694.jpg;15;0;0;3.672273;113.7979;28.00686;0.1397179;91.4787;1.281875
C:\Mark's Python files\ME5920\HW3_Gardocki\DefinedTurns\IMG\robocam_2025_04_06_21_57_02_741.jpg;15;0;0;3.659376;113.7933;28.15109;0.04844209;92.96472;1.225191
C:\Mark's Python files\ME5920\HW3_Gardocki\DefinedTurns\IMG\robocam_2025_04_06_21_57_02_784.jpg;15;0;0;3.639621;113.7844;28.29367;359.9048;94.35553;1.143844
C:\Mark's Python files\ME5920\HW3_Gardocki\DefinedTurns\IMG\robocam_2025_04_06_21_57_02_826.jpg;15;0;0;3.62507;113.7609;28.50728;359.7902;96.30594;1.134249
C:\Mark's Python files\ME5920\HW3_Gardocki\DefinedTurns\IMG\robocam_2025_04_06_21_57_02_867.jpg;14.38823;0;0;3.614269;113.741;28.65034;359.8141;97.55905;1.121252
C:\Mark's Python files\ME5920\HW3_Gardocki\DefinedTurns\IMG\robocam_2025_04_06_21_57_02_911.jpg;12.43156;0;0;3.604017;113.7182;28.79385;359.9085;98.73807;1.092482
C:\Mark's Python files\ME5920\HW3_Gardocki\DefinedTurns\IMG\robocam_2025_04_06_21_57_02_951.jpg;10.50069;0;0;3.583069;113.6919;28.93612;0.002607438;99.85373;1.10003
C:\Mark's Python files\ME5920\HW3_Gardocki\DefinedTurns\IMG\robocam_2025_04_06_21_57_02_993.jpg;8.524443;0;0;3.575166;113.6635;29.0763;0.01938023;100.8877;1.119784
C:\Mark's Python files\ME5920\HW3_Gardocki\DefinedTurns\IMG\robocam_2025_04_06_21_57_03_034.jpg;6.628013;0;0;3.568161;113.6342;29.21514;359.9856;101.787;1.114863
C:\Mark's Python files\ME5920\HW3_Gardocki\DefinedTurns\IMG\robocam_2025_04_06_21_57_03_076.jpg;4.740055;0;0;3.559842;113.6034;29.35358;359.9622;102.5166;1.094107
C:\Mark's Python files\ME5920\HW3_Gardocki\DefinedTurns\IMG\robocam_2025_04_06_21_57_03_117.jpg;2.895307;0;0;3.551499;113.5714;29.49175;359.9541;103.0671;1.064214
C:\Mark's Python files\ME5920\HW3_Gardocki\DefinedTurns\IMG\robocam_2025_04_06_21_57_03_157.jpg;1.540587;0;0;3.547067;113.5388;29.62955;359.9502;103.4383;1.02707
C:\Mark's Python files\ME5920\HW3_Gardocki\DefinedTurns\IMG\robocam_2025_04_06_21_57_03_204.jpg;0;0;0;3.534908;113.506;29.76696;359.9421;103.637;0.9817485
C:\Mark's Python files\ME5920\HW3_Gardocki\DefinedTurns\IMG\robocam_2025_04_06_21_57_03_246.jpg;0;0;0;3.526946;113.4566;29.97227;359.918;103.742;0.9021015
C:\Mark's Python files\ME5920\HW3_Gardocki\DefinedTurns\IMG\robocam_2025_04_06_21_57_03_290.jpg;0;0;0;3.519027;113.4235;30.10853;359.8916;103.7652;0.8482797
C:\Mark's Python files\ME5920\HW3_Gardocki\DefinedTurns\IMG\robocam_2025_04_06_21_57_03_331.jpg;0;0;0;3.511208;113.3905;30.24446;359.864;103.7724;0.7852092
C:\Mark's Python files\ME5920\HW3_Gardocki\DefinedTurns\IMG\robocam_2025_04_06_21_57_03_371.jpg;0;0;0;3.503312;113.3575;30.37997;359.8312;103.7744;0.7188649
C:\Mark's Python files\ME5920\HW3_Gardocki\DefinedTurns\IMG\robocam_2025_04_06_21_57_03_415.jpg;0;0;0;3.495387;113.3245;30.5151;359.7949;103.7747;0.6495658
C:\Mark's Python files\ME5920\HW3_Gardocki\DefinedTurns\IMG\robocam_2025_04_06_21_57_03_458.jpg;0;0;0;3.487593;113.2915;30.64982;359.7532;103.7753;0.5797756
C:\Mark's Python files\ME5920\HW3_Gardocki\DefinedTurns\IMG\robocam_2025_04_06_21_57_03_498.jpg;0;0;0;3.475703;113.2587;30.78432;359.7151;103.7723;0.5004913
C:\Mark's Python files\ME5920\HW3_Gardocki\DefinedTurns\IMG\robocam_2025_04_06_21_57_03_540.jpg;0;0;0;3.467907;113.2259;30.9184;359.6728;103.7715;0.4241156
C:\Mark's Python files\ME5920\HW3_Gardocki\DefinedTurns\IMG\robocam_2025_04_06_21_57_03_584.jpg;0;0;0;3.460118;113.1931;31.05212;359.6273;103.7715;0.3492869
C:\Mark's Python files\ME5920\HW3_Gardocki\DefinedTurns\IMG\robocam_2025_04_06_21_57_03_625.jpg;0;0;0;3.452328;113.1603;31.18549;359.5795;103.7719;0.2761801
C:\Mark's Python files\ME5920\HW3_Gardocki\DefinedTurns\IMG\robocam_2025_04_06_21_57_03_666.jpg;0;0;0;3.444333;113.1115;31.38519;359.5182;103.7668;0.1563406
C:\Mark's Python files\ME5920\HW3_Gardocki\DefinedTurns\IMG\robocam_2025_04_06_21_57_03_707.jpg;0;0;0;3.436321;113.0789;31.51795;359.4797;103.7651;0.08013142
C:\Mark's Python files\ME5920\HW3_Gardocki\DefinedTurns\IMG\robocam_2025_04_06_21_57_03_750.jpg;0;0;0;3.424644;113.0464;31.65038;359.4406;103.7646;0.008893364
C:\Mark's Python files\ME5920\HW3_Gardocki\DefinedTurns\IMG\robocam_2025_04_06_21_57_03_793.jpg;0;0;0;3.416863;113.0139;31.7825;359.4012;103.7648;359.9423
C:\Mark's Python files\ME5920\HW3_Gardocki\DefinedTurns\IMG\robocam_2025_04_06_21_57_03_836.jpg;0;0;0;3.408113;112.9809;31.91463;359.3881;103.7769;359.9096
C:\Mark's Python files\ME5920\HW3_Gardocki\DefinedTurns\IMG\robocam_2025_04_06_21_57_03_879.jpg;0;0;0;3.400285;112.9484;32.04647;359.372;103.7818;359.8712
C:\Mark's Python files\ME5920\HW3_Gardocki\DefinedTurns\IMG\robocam_2025_04_06_21_57_03_922.jpg;0;0;0;3.392545;112.9159;32.17802;359.3552;103.784;359.8347
C:\Mark's Python files\ME5920\HW3_Gardocki\DefinedTurns\IMG\robocam_2025_04_06_21_57_03_963.jpg;0;0;0;3.383936;112.8831;32.30955;359.362;103.7963;359.8292
C:\Mark's Python files\ME5920\HW3_Gardocki\DefinedTurns\IMG\robocam_2025_04_06_21_57_04_007.jpg;0;0;0;3.376193;112.8346;32.50624;359.3635;103.8019;359.8097
C:\Mark's Python files\ME5920\HW3_Gardocki\DefinedTurns\IMG\robocam_2025_04_06_21_57_04_049.jpg;0;0;0;3.368528;112.8024;32.63697;359.362;103.8032;359.7985
C:\Mark's Python files\ME5920\HW3_Gardocki\DefinedTurns\IMG\robocam_2025_04_06_21_57_04_091.jpg;0;0;0;3.360889;112.7699;32.76751;359.3707;103.8102;359.8044
C:\Mark's Python files\ME5920\HW3_Gardocki\DefinedTurns\IMG\robocam_2025_04_06_21_57_04_133.jpg;0;0;0;3.348632;112.7377;32.89783;359.3842;103.8159;359.8152
C:\Mark's Python files\ME5920\HW3_Gardocki\DefinedTurns\IMG\robocam_2025_04_06_21_57_04_176.jpg;0;0;0;3.341047;112.7056;33.02783;359.3944;103.8181;359.8242
C:\Mark's Python files\ME5920\HW3_Gardocki\DefinedTurns\IMG\robocam_2025_04_06_21_57_04_219.jpg;0;0;0;3.333488;112.6737;33.15749;359.4016;103.8191;359.8336
C:\Mark's Python files\ME5920\HW3_Gardocki\DefinedTurns\IMG\robocam_2025_04_06_21_57_04_261.jpg;0;0;0;3.325949;112.6418;33.28682;359.4059;103.8194;359.8438
C:\Mark's Python files\ME5920\HW3_Gardocki\DefinedTurns\IMG\robocam_2025_04_06_21_57_04_303.jpg;0;0;0;3.318429;112.6101;33.41581;359.4074;103.8195;359.8546
C:\Mark's Python files\ME5920\HW3_Gardocki\DefinedTurns\IMG\robocam_2025_04_06_21_57_04_347.jpg;0;0;0;3.310562;112.5623;33.60888;359.4231;103.8278;359.8924
C:\Mark's Python files\ME5920\HW3_Gardocki\DefinedTurns\IMG\robocam_2025_04_06_21_57_04_387.jpg;0;0;0;3.30276;112.5306;33.73725;359.4336;103.8305;359.917
C:\Mark's Python files\ME5920\HW3_Gardocki\DefinedTurns\IMG\robocam_2025_04_06_21_57_04_429.jpg;0;0;0;3.295294;112.4991;33.86529;359.4406;103.8315;359.9397
C:\Mark's Python files\ME5920\HW3_Gardocki\DefinedTurns\IMG\robocam_2025_04_06_21_57_04_472.jpg;0;0;0;3.28785;112.4677;33.99298;359.4444;103.8319;359.9612
C:\Mark's Python files\ME5920\HW3_Gardocki\DefinedTurns\IMG\robocam_2025_04_06_21_57_04_515.jpg;0;0;0;3.280423;112.4363;34.12033;359.445;103.832;359.9816
C:\Mark's Python files\ME5920\HW3_Gardocki\DefinedTurns\IMG\robocam_2025_04_06_21_57_04_558.jpg;0;0;0;3.273013;112.4051;34.24736;359.4427;103.832;0.0008232569
C:\Mark's Python files\ME5920\HW3_Gardocki\DefinedTurns\IMG\robocam_2025_04_06_21_57_04_600.jpg;0;0;0;3.261923;112.3739;34.37405;359.4379;103.8319;0.01885615
C:\Mark's Python files\ME5920\HW3_Gardocki\DefinedTurns\IMG\robocam_2025_04_06_21_57_04_641.jpg;0;0;0;3.253875;112.3431;34.50079;359.4497;103.8233;0.01424792
C:\Mark's Python files\ME5920\HW3_Gardocki\DefinedTurns\IMG\robocam_2025_04_06_21_57_04_684.jpg;0;0;0;3.246483;112.3121;34.62709;359.4563;103.8203;0.01660387
C:\Mark's Python files\ME5920\HW3_Gardocki\DefinedTurns\IMG\robocam_2025_04_06_21_57_04_727.jpg;0;0;0;3.239146;112.2657;34.81589;359.4599;103.8188;0.0214678
C:\Mark's Python files\ME5920\HW3_Gardocki\DefinedTurns\IMG\robocam_2025_04_06_21_57_04_771.jpg;0;0;0;3.23183;112.2349;34.94133;359.4586;103.8185;0.02445615
C:\Mark's Python files\ME5920\HW3_Gardocki\DefinedTurns\IMG\robocam_2025_04_06_21_57_04_813.jpg;0;0;0;3.22453;112.2043;35.06664;359.4639;103.8132;0.01543547
C:\Mark's Python files\ME5920\HW3_Gardocki\DefinedTurns\IMG\robocam_2025_04_06_21_57_04_854.jpg;0;0;0;3.216658;112.1737;35.19168;359.472;103.8091;0.004119706
C:\Mark's Python files\ME5920\HW3_Gardocki\DefinedTurns\IMG\robocam_2025_04_06_21_57_04_896.jpg;0;0;0;3.209364;112.1431;35.31635;359.4766;103.8075;-0.004396891
C:\Mark's Python files\ME5920\HW3_Gardocki\DefinedTurns\IMG\robocam_2025_04_06_21_57_04_939.jpg;0;0;0;3.1985;112.1125;35.44069;359.4779;103.8068;359.9882
C:\Mark's Python files\ME5920\HW3_Gardocki\DefinedTurns\IMG\robocam_2025_04_06_21_57_04_980.jpg;0;0;0;3.191279;112.082;35.56469;359.476;103.8066;359.9814
C:\Mark's Python files\ME5920\HW3_Gardocki\DefinedTurns\IMG\robocam_2025_04_06_21_57_05_024.jpg;0;0;0;3.183781;112.0514;35.68846;359.4807;103.8116;359.9869
C:\Mark's Python files\ME5920\HW3_Gardocki\DefinedTurns\IMG\robocam_2025_04_06_21_57_05_064.jpg;0;0;0;3.176291;112.0209;35.812;359.4879;103.8156;-0.005435027
C:\Mark's Python files\ME5920\HW3_Gardocki\DefinedTurns\IMG\robocam_2025_04_06_21_57_05_108.jpg;0;0;0;3.169119;111.9754;35.99671;359.4919;103.8174;0.001960641
C:\Mark's Python files\ME5920\HW3_Gardocki\DefinedTurns\IMG\robocam_2025_04_06_21_57_05_148.jpg;0;0;0;3.161966;111.9452;36.11943;359.4905;103.8178;0.006076613
C:\Mark's Python files\ME5920\HW3_Gardocki\DefinedTurns\IMG\robocam_2025_04_06_21_57_05_191.jpg;0;0;0;3.15483;111.9151;36.24184;359.4862;103.818;0.009828347
C:\Mark's Python files\ME5920\HW3_Gardocki\DefinedTurns\IMG\robocam_2025_04_06_21_57_05_234.jpg;0;0;0;3.147433;111.8853;36.36423;359.495;103.8109;-0.00443678
C:\Mark's Python files\ME5920\HW3_Gardocki\DefinedTurns\IMG\robocam_2025_04_06_21_57_05_277.jpg;0;0;0;3.136491;111.8554;36.48621;359.4989;103.8086;359.9879
C:\Mark's Python files\ME5920\HW3_Gardocki\DefinedTurns\IMG\robocam_2025_04_06_21_57_05_318.jpg;0;0;0;3.129411;111.8255;36.60785;359.4994;103.8077;359.9817
C:\Mark's Python files\ME5920\HW3_Gardocki\DefinedTurns\IMG\robocam_2025_04_06_21_57_05_360.jpg;0;0;0;3.122348;111.7957;36.72916;359.4968;103.8074;359.9764
C:\Mark's Python files\ME5920\HW3_Gardocki\DefinedTurns\IMG\robocam_2025_04_06_21_57_05_403.jpg;0;0;0;3.114781;111.7656;36.85032;359.5057;103.8136;359.9876
C:\Mark's Python files\ME5920\HW3_Gardocki\DefinedTurns\IMG\robocam_2025_04_06_21_57_05_444.jpg;0;0;0;3.107727;111.7359;36.97116;359.5106;103.8158;359.9939
C:\Mark's Python files\ME5920\HW3_Gardocki\DefinedTurns\IMG\robocam_2025_04_06_21_57_05_490.jpg;0;0;0;3.100713;111.6914;37.15184;359.5114;103.8169;0.001250183
C:\Mark's Python files\ME5920\HW3_Gardocki\DefinedTurns\IMG\robocam_2025_04_06_21_57_05_533.jpg;0;0;0;3.093718;111.6619;37.27188;359.5081;103.817;0.005579536
C:\Mark's Python files\ME5920\HW3_Gardocki\DefinedTurns\IMG\robocam_2025_04_06_21_57_05_574.jpg;0;0;0;3.086737;111.6326;37.39176;359.5092;103.8132;0.0005292456
C:\Mark's Python files\ME5920\HW3_Gardocki\DefinedTurns\IMG\robocam_2025_04_06_21_57_05_617.jpg;0;0;0;3.079263;111.6033;37.51141;359.5137;103.8096;359.9921
C:\Mark's Python files\ME5920\HW3_Gardocki\DefinedTurns\IMG\robocam_2025_04_06_21_57_05_658.jpg;0;0;0;3.068819;111.574;37.6307;359.5148;103.8082;359.9861
C:\Mark's Python files\ME5920\HW3_Gardocki\DefinedTurns\IMG\robocam_2025_04_06_21_57_05_700.jpg;0;0;0;3.061893;111.5447;37.74967;359.5128;103.8077;359.9811
C:\Mark's Python files\ME5920\HW3_Gardocki\DefinedTurns\IMG\robocam_2025_04_06_21_57_05_741.jpg;0;0;0;3.054981;111.5156;37.86832;359.5079;103.8076;359.9766
C:\Mark's Python files\ME5920\HW3_Gardocki\DefinedTurns\IMG\robocam_2025_04_06_21_57_05_784.jpg;0;0;0;3.047589;111.4862;37.98683;359.5154;103.8141;359.9894
C:\Mark's Python files\ME5920\HW3_Gardocki\DefinedTurns\IMG\robocam_2025_04_06_21_57_05_828.jpg;0;0;0;3.040686;111.4425;38.16402;359.518;103.8167;-0.001267779
C:\Mark's Python files\ME5920\HW3_Gardocki\DefinedTurns\IMG\robocam_2025_04_06_21_57_05_869.jpg;0;0;0;3.033823;111.4136;38.28176;359.5158;103.8172;0.003753773
C:\Mark's Python files\ME5920\HW3_Gardocki\DefinedTurns\IMG\robocam_2025_04_06_21_57_05_909.jpg;0;0;0;3.026975;111.3847;38.39919;359.5108;103.8174;0.008337337
C:\Mark's Python files\ME5920\HW3_Gardocki\DefinedTurns\IMG\robocam_2025_04_06_21_57_05_952.jpg;0;0;0;3.019899;111.3561;38.51658;359.517;103.8115;-0.002707152
C:\Mark's Python files\ME5920\HW3_Gardocki\DefinedTurns\IMG\robocam_2025_04_06_21_57_05_993.jpg;0;0;0;3.012813;111.3274;38.63359;359.5196;103.8094;359.9911
C:\Mark's Python files\ME5920\HW3_Gardocki\DefinedTurns\IMG\robocam_2025_04_06_21_57_06_034.jpg;0;0;0;3.002613;111.2987;38.75029;359.519;103.8086;359.9863
C:\Mark's Python files\ME5920\HW3_Gardocki\DefinedTurns\IMG\robocam_2025_04_06_21_57_06_078.jpg;0;0;0;2.995835;111.2701;38.86666;359.5155;103.8083;359.9821
C:\Mark's Python files\ME5920\HW3_Gardocki\DefinedTurns\IMG\robocam_2025_04_06_21_57_06_120.jpg;0;0;0;2.988834;111.2413;38.98281;359.5174;103.8125;359.9881
C:\Mark's Python files\ME5920\HW3_Gardocki\DefinedTurns\IMG\robocam_2025_04_06_21_57_06_164.jpg;0;0;0;2.981822;111.2127;39.09875;359.5215;103.8158;-0.003811738
C:\Mark's Python files\ME5920\HW3_Gardocki\DefinedTurns\IMG\robocam_2025_04_06_21_57_06_207.jpg;0;0;0;2.975087;111.1701;39.27209;359.5218;103.8173;0.004602657
C:\Mark's Python files\ME5920\HW3_Gardocki\DefinedTurns\IMG\robocam_2025_04_06_21_57_06_248.jpg;0;0;0;2.968372;111.1418;39.38726;359.5184;103.8176;0.009407233
C:\Mark's Python files\ME5920\HW3_Gardocki\DefinedTurns\IMG\robocam_2025_04_06_21_57_06_290.jpg;0;0;0;2.958091;111.1136;39.5023;359.5198;103.8137;0.00475669
C:\Mark's Python files\ME5920\HW3_Gardocki\DefinedTurns\IMG\robocam_2025_04_06_21_57_06_329.jpg;-1.260927;0;0;2.9545;111.0858;39.61716;359.524;103.7687;359.9901
C:\Mark's Python files\ME5920\HW3_Gardocki\DefinedTurns\IMG\robocam_2025_04_06_21_57_06_371.jpg;-2.552603;0;0;2.947573;111.0589;39.73188;359.5247;103.6095;359.9576
C:\Mark's Python files\ME5920\HW3_Gardocki\DefinedTurns\IMG\robocam_2025_04_06_21_57_06_415.jpg;-5.028143;0;0;2.940456;111.033;39.84664;359.5311;103.306;359.9106
C:\Mark's Python files\ME5920\HW3_Gardocki\DefinedTurns\IMG\robocam_2025_04_06_21_57_06_458.jpg;-6.981656;0;0;2.932072;111.0088;39.96148;359.5397;102.8229;359.8324
C:\Mark's Python files\ME5920\HW3_Gardocki\DefinedTurns\IMG\robocam_2025_04_06_21_57_06_499.jpg;-8.942169;0;0;2.91903;110.9865;40.07645;359.556;102.1677;359.7296
C:\Mark's Python files\ME5920\HW3_Gardocki\DefinedTurns\IMG\robocam_2025_04_06_21_57_06_543.jpg;-10.88466;0;0;2.909184;110.9666;40.19146;359.572;101.3365;359.5852
C:\Mark's Python files\ME5920\HW3_Gardocki\DefinedTurns\IMG\robocam_2025_04_06_21_57_06_586.jpg;-12.81119;0;0;2.89816;110.9413;40.36435;359.6293;99.77216;359.3263
C:\Mark's Python files\ME5920\HW3_Gardocki\DefinedTurns\IMG\robocam_2025_04_06_21_57_06_627.jpg;-14.74476;0;0;2.886438;110.928;40.47972;359.6858;98.53278;359.1162
C:\Mark's Python files\ME5920\HW3_Gardocki\DefinedTurns\IMG\robocam_2025_04_06_21_57_06_669.jpg;-15;0;0;2.875944;110.9165;40.5958;359.8012;97.26199;358.937
C:\Mark's Python files\ME5920\HW3_Gardocki\DefinedTurns\IMG\robocam_2025_04_06_21_57_06_713.jpg;-15;0;0;2.866368;110.9068;40.71252;359.9742;95.97037;358.8053
C:\Mark's Python files\ME5920\HW3_Gardocki\DefinedTurns\IMG\robocam_2025_04_06_21_57_06_755.jpg;-15;0;0;2.843602;110.8995;40.8275;0.07343103;94.61526;358.7328
C:\Mark's Python files\ME5920\HW3_Gardocki\DefinedTurns\IMG\robocam_2025_04_06_21_57_06_798.jpg;-15;0;0;2.839139;110.8939;40.94038;0.06894232;93.24319;358.7372
C:\Mark's Python files\ME5920\HW3_Gardocki\DefinedTurns\IMG\robocam_2025_04_06_21_57_06_840.jpg;-13.77625;0;0;2.833496;110.89;41.05131;359.9624;91.89667;358.8442
C:\Mark's Python files\ME5920\HW3_Gardocki\DefinedTurns\IMG\robocam_2025_04_06_21_57_06_881.jpg;-11.82755;0;0;2.822366;110.8907;41.16228;359.8741;90.71524;358.9153
C:\Mark's Python files\ME5920\HW3_Gardocki\DefinedTurns\IMG\robocam_2025_04_06_21_57_06_922.jpg;-9.933558;0;0;2.814914;110.8939;41.27377;359.8306;89.66684;358.9721
C:\Mark's Python files\ME5920\HW3_Gardocki\DefinedTurns\IMG\robocam_2025_04_06_21_57_06_965.jpg;-8.013809;0;0;2.8078;110.8987;41.38555;359.8205;88.75237;359.0303
C:\Mark's Python files\ME5920\HW3_Gardocki\DefinedTurns\IMG\robocam_2025_04_06_21_57_07_008.jpg;-6.1338;0;0;2.801128;110.908;41.55314;359.8292;87.63594;359.1088
C:\Mark's Python files\ME5920\HW3_Gardocki\DefinedTurns\IMG\robocam_2025_04_06_21_57_07_049.jpg;-4.229899;0;0;2.794925;110.9153;41.66448;359.8295;87.07209;359.1496
C:\Mark's Python files\ME5920\HW3_Gardocki\DefinedTurns\IMG\robocam_2025_04_06_21_57_07_091.jpg;-2.296776;0;0;2.786026;110.9228;41.77552;359.8242;86.67085;359.193
C:\Mark's Python files\ME5920\HW3_Gardocki\DefinedTurns\IMG\robocam_2025_04_06_21_57_07_133.jpg;-0.430639;0;0;2.779918;110.9301;41.88628;359.8133;86.4414;359.2488
C:\Mark's Python files\ME5920\HW3_Gardocki\DefinedTurns\IMG\robocam_2025_04_06_21_57_07_175.jpg;0;0;0;2.773604;110.9371;41.99676;359.7975;86.35172;359.3163
C:\Mark's Python files\ME5920\HW3_Gardocki\DefinedTurns\IMG\robocam_2025_04_06_21_57_07_217.jpg;0;0;0;2.767423;110.9441;42.10691;359.7763;86.31959;359.3857
C:\Mark's Python files\ME5920\HW3_Gardocki\DefinedTurns\IMG\robocam_2025_04_06_21_57_07_258.jpg;0;0;0;2.761246;110.9512;42.21675;359.7508;86.30787;359.4555
C:\Mark's Python files\ME5920\HW3_Gardocki\DefinedTurns\IMG\robocam_2025_04_06_21_57_07_300.jpg;0;0;0;2.755067;110.9582;42.32627;359.7219;86.30343;359.5255
C:\Mark's Python files\ME5920\HW3_Gardocki\DefinedTurns\IMG\robocam_2025_04_06_21_57_07_343.jpg;0;0;0;2.748885;110.9653;42.4355;359.6903;86.3016;359.5952
C:\Mark's Python files\ME5920\HW3_Gardocki\DefinedTurns\IMG\robocam_2025_04_06_21_57_07_386.jpg;0;0;0;2.742701;110.9758;42.5989;359.6432;86.30257;359.7031
C:\Mark's Python files\ME5920\HW3_Gardocki\DefinedTurns\IMG\robocam_2025_04_06_21_57_07_427.jpg;0;0;0;2.736299;110.9828;42.70755;359.6147;86.30391;359.776
C:\Mark's Python files\ME5920\HW3_Gardocki\DefinedTurns\IMG\robocam_2025_04_06_21_57_07_469.jpg;0;0;0;2.730113;110.9899;42.81594;359.585;86.30418;359.8456
C:\Mark's Python files\ME5920\HW3_Gardocki\DefinedTurns\IMG\robocam_2025_04_06_21_57_07_511.jpg;0;0;0;2.72393;110.997;42.92407;359.5547;86.30408;359.9119
C:\Mark's Python files\ME5920\HW3_Gardocki\DefinedTurns\IMG\robocam_2025_04_06_21_57_07_554.jpg;0;0;0;2.717749;111.004;43.03195;359.5243;86.30388;359.9749
C:\Mark's Python files\ME5920\HW3_Gardocki\DefinedTurns\IMG\robocam_2025_04_06_21_57_07_596.jpg;0;0;0;2.711571;111.0111;43.13958;359.4941;86.30363;0.03412693
C:\Mark's Python files\ME5920\HW3_Gardocki\DefinedTurns\IMG\robocam_2025_04_06_21_57_07_638.jpg;0;0;0;2.701971;111.0184;43.2472;359.4781;86.29613;0.0726764
C:\Mark's Python files\ME5920\HW3_Gardocki\DefinedTurns\IMG\robocam_2025_04_06_21_57_07_682.jpg;0;0;0;2.695417;111.0256;43.35463;359.4664;86.29151;0.1086341
C:\Mark's Python files\ME5920\HW3_Gardocki\DefinedTurns\IMG\robocam_2025_04_06_21_57_07_724.jpg;0;0;0;2.688967;111.0329;43.46194;359.4632;86.28506;0.1328621
C:\Mark's Python files\ME5920\HW3_Gardocki\DefinedTurns\IMG\robocam_2025_04_06_21_57_07_768.jpg;0;0;0;2.682526;111.0436;43.62259;359.4661;86.27972;0.1615224
C:\Mark's Python files\ME5920\HW3_Gardocki\DefinedTurns\IMG\robocam_2025_04_06_21_57_07_809.jpg;0;0;0;2.676421;111.0506;43.72936;359.4664;86.27877;0.1790549
C:\Mark's Python files\ME5920\HW3_Gardocki\DefinedTurns\IMG\robocam_2025_04_06_21_57_07_853.jpg;0;0;0;2.67034;111.0578;43.836;359.4741;86.27378;0.1835008
C:\Mark's Python files\ME5920\HW3_Gardocki\DefinedTurns\IMG\robocam_2025_04_06_21_57_07_895.jpg;0;0;0;2.663751;111.0649;43.94244;359.4851;86.27037;0.1842777
C:\Mark's Python files\ME5920\HW3_Gardocki\DefinedTurns\IMG\robocam_2025_04_06_21_57_07_937.jpg;0;0;0;2.654674;111.0719;44.04861;359.4939;86.2692;0.185075
C:\Mark's Python files\ME5920\HW3_Gardocki\DefinedTurns\IMG\robocam_2025_04_06_21_57_07_978.jpg;0;0;0;2.648661;111.0788;44.15451;359.5005;86.26879;0.184482
C:\Mark's Python files\ME5920\HW3_Gardocki\DefinedTurns\IMG\robocam_2025_04_06_21_57_08_020.jpg;0;0;0;2.642666;111.0857;44.26013;359.505;86.26865;0.1823125
C:\Mark's Python files\ME5920\HW3_Gardocki\DefinedTurns\IMG\robocam_2025_04_06_21_57_08_064.jpg;0;0;0;2.636259;111.0929;44.36566;359.5198;86.26329;0.1651061
C:\Mark's Python files\ME5920\HW3_Gardocki\DefinedTurns\IMG\robocam_2025_04_06_21_57_08_105.jpg;0;0;0;2.630283;111.1032;44.52341;359.5356;86.26139;0.1450188
C:\Mark's Python files\ME5920\HW3_Gardocki\DefinedTurns\IMG\robocam_2025_04_06_21_57_08_150.jpg;0;0;0;2.624338;111.1101;44.62823;359.5427;86.26111;0.1315354
C:\Mark's Python files\ME5920\HW3_Gardocki\DefinedTurns\IMG\robocam_2025_04_06_21_57_08_193.jpg;0;0;0;2.618411;111.1169;44.73276;359.5471;86.26103;0.1177519
C:\Mark's Python files\ME5920\HW3_Gardocki\DefinedTurns\IMG\robocam_2025_04_06_21_57_08_234.jpg;0;0;0;2.612497;111.1237;44.83701;359.5491;86.26102;0.1037697
C:\Mark's Python files\ME5920\HW3_Gardocki\DefinedTurns\IMG\robocam_2025_04_06_21_57_08_276.jpg;0;0;0;2.60365;111.1305;44.94099;359.5488;86.26105;0.08972075
C:\Mark's Python files\ME5920\HW3_Gardocki\DefinedTurns\IMG\robocam_2025_04_06_21_57_08_321.jpg;0;0;0;2.597602;111.1374;45.04479;359.5524;86.25786;0.06835485
C:\Mark's Python files\ME5920\HW3_Gardocki\DefinedTurns\IMG\robocam_2025_04_06_21_57_08_364.jpg;0;0;0;2.591539;111.1443;45.14837;359.5575;86.25562;0.04630918
C:\Mark's Python files\ME5920\HW3_Gardocki\DefinedTurns\IMG\robocam_2025_04_06_21_57_08_407.jpg;0;0;0;2.585683;111.1544;45.30323;359.5605;86.25477;0.01696843
C:\Mark's Python files\ME5920\HW3_Gardocki\DefinedTurns\IMG\robocam_2025_04_06_21_57_08_450.jpg;0;0;0;2.57984;111.1611;45.40613;359.5595;86.25466;-0.001113624
C:\Mark's Python files\ME5920\HW3_Gardocki\DefinedTurns\IMG\robocam_2025_04_06_21_57_08_491.jpg;0;0;0;2.57401;111.1678;45.50876;359.5565;86.25465;359.982
C:\Mark's Python files\ME5920\HW3_Gardocki\DefinedTurns\IMG\robocam_2025_04_06_21_57_08_534.jpg;0;0;0;2.568191;111.1743;45.61126;359.5587;86.25849;359.975
C:\Mark's Python files\ME5920\HW3_Gardocki\DefinedTurns\IMG\robocam_2025_04_06_21_57_08_577.jpg;0;0;0;2.561972;111.1809;45.71354;359.5631;86.26116;359.9702
C:\Mark's Python files\ME5920\HW3_Gardocki\DefinedTurns\IMG\robocam_2025_04_06_21_57_08_620.jpg;0;0;0;2.553271;111.1875;45.81555;359.565;86.26205;359.9645
C:\Mark's Python files\ME5920\HW3_Gardocki\DefinedTurns\IMG\robocam_2025_04_06_21_57_08_670.jpg;0;0;0;2.547501;111.1974;45.96806;359.5637;86.26241;359.9569
C:\Mark's Python files\ME5920\HW3_Gardocki\DefinedTurns\IMG\robocam_2025_04_06_21_57_08_712.jpg;0;0;0;2.54158;111.2039;46.06959;359.5712;86.2672;359.9647
C:\Mark's Python files\ME5920\HW3_Gardocki\DefinedTurns\IMG\robocam_2025_04_06_21_57_08_756.jpg;0;0;0;2.535629;111.2104;46.17081;359.5752;86.26855;359.9684
C:\Mark's Python files\ME5920\HW3_Gardocki\DefinedTurns\IMG\robocam_2025_04_06_21_57_08_798.jpg;0;0;0;2.527041;111.217;46.27176;359.5767;86.26899;359.9717
C:\Mark's Python files\ME5920\HW3_Gardocki\DefinedTurns\IMG\robocam_2025_04_06_21_57_08_841.jpg;0;0;0;2.521334;111.2236;46.37244;359.5759;86.26913;359.9749
C:\Mark's Python files\ME5920\HW3_Gardocki\DefinedTurns\IMG\robocam_2025_04_06_21_57_08_884.jpg;0;0;0;2.515638;111.2301;46.47286;359.5729;86.26917;359.9781
C:\Mark's Python files\ME5920\HW3_Gardocki\DefinedTurns\IMG\robocam_2025_04_06_21_57_08_927.jpg;0;0;0;2.509624;111.2398;46.62325;359.5794;86.27426;-0.002430165
C:\Mark's Python files\ME5920\HW3_Gardocki\DefinedTurns\IMG\robocam_2025_04_06_21_57_08_970.jpg;0;0;0;2.503943;111.2463;46.72316;359.5803;86.27495;0.006889959
C:\Mark's Python files\ME5920\HW3_Gardocki\DefinedTurns\IMG\robocam_2025_04_06_21_57_09_011.jpg;0;0;0;2.498286;111.2528;46.82279;359.5789;86.27516;0.01535615
C:\Mark's Python files\ME5920\HW3_Gardocki\DefinedTurns\IMG\robocam_2025_04_06_21_57_09_054.jpg;0;0;0;2.492642;111.2594;46.92225;359.5807;86.27237;0.01659103
C:\Mark's Python files\ME5920\HW3_Gardocki\DefinedTurns\IMG\robocam_2025_04_06_21_57_09_095.jpg;0;0.1316961;0;2.48685;111.2659;47.02159;359.5866;86.27012;0.01530859
C:\Mark's Python files\ME5920\HW3_Gardocki\DefinedTurns\IMG\robocam_2025_04_06_21_57_09_139.jpg;0;0.2545962;0;2.486578;111.2724;47.12101;359.5975;86.2694;0.01518539
C:\Mark's Python files\ME5920\HW3_Gardocki\DefinedTurns\IMG\robocam_2025_04_06_21_57_09_181.jpg;0;0.3867387;0;2.491097;111.2789;47.22076;359.6185;86.26917;0.01515016
C:\Mark's Python files\ME5920\HW3_Gardocki\DefinedTurns\IMG\robocam_2025_04_06_21_57_09_226.jpg;0;0.5168108;0;2.499697;111.2888;47.37148;359.6781;86.26906;0.01490399
C:\Mark's Python files\ME5920\HW3_Gardocki\DefinedTurns\IMG\robocam_2025_04_06_21_57_09_268.jpg;0;0.650435;0;2.511859;111.2954;47.473;359.7419;86.26904;0.01458758
C:\Mark's Python files\ME5920\HW3_Gardocki\DefinedTurns\IMG\robocam_2025_04_06_21_57_09_311.jpg;0;0.7791314;0;2.528249;111.3021;47.57563;359.829;86.26901;0.0141575
C:\Mark's Python files\ME5920\HW3_Gardocki\DefinedTurns\IMG\robocam_2025_04_06_21_57_09_355.jpg;0;0.9034316;0;2.548447;111.3089;47.67954;359.9416;86.26899;0.01362521
C:\Mark's Python files\ME5920\HW3_Gardocki\DefinedTurns\IMG\robocam_2025_04_06_21_57_09_397.jpg;0;1;0;2.585992;111.3157;47.78493;0.08146512;86.26897;0.01300168
C:\Mark's Python files\ME5920\HW3_Gardocki\DefinedTurns\IMG\robocam_2025_04_06_21_57_09_438.jpg;0;1;0;2.613213;111.3227;47.89185;0.2473943;86.26894;0.01229894
C:\Mark's Python files\ME5920\HW3_Gardocki\DefinedTurns\IMG\robocam_2025_04_06_21_57_09_480.jpg;0;1;0;2.640555;111.33;48.00005;0.4243147;86.26384;3.89028E-05
C:\Mark's Python files\ME5920\HW3_Gardocki\DefinedTurns\IMG\robocam_2025_04_06_21_57_09_523.jpg;0;1;0;2.668275;111.3371;48.10939;0.602745;86.26373;-0.001001872
C:\Mark's Python files\ME5920\HW3_Gardocki\DefinedTurns\IMG\robocam_2025_04_06_21_57_09_567.jpg;0;1;0;2.69594;111.348;48.27557;0.8758049;86.26051;-0.0008545371
C:\Mark's Python files\ME5920\HW3_Gardocki\DefinedTurns\IMG\robocam_2025_04_06_21_57_09_609.jpg;0;1;0;2.723716;111.3556;48.38776;1.05795;86.25555;-0.0009172025
C:\Mark's Python files\ME5920\HW3_Gardocki\DefinedTurns\IMG\robocam_2025_04_06_21_57_09_651.jpg;0;0.901492;0;2.75106;111.3632;48.50092;1.235461;86.2487;-0.00108721
C:\Mark's Python files\ME5920\HW3_Gardocki\DefinedTurns\IMG\robocam_2025_04_06_21_57_09_693.jpg;0;0.7755739;0;2.775381;111.371;48.6147;1.394635;86.23975;-0.001475668
C:\Mark's Python files\ME5920\HW3_Gardocki\DefinedTurns\IMG\robocam_2025_04_06_21_57_09_734.jpg;0.660204;0.645373;0;2.802264;111.3788;48.72718;1.437005;86.23196;-0.003799387
C:\Mark's Python files\ME5920\HW3_Gardocki\DefinedTurns\IMG\robocam_2025_04_06_21_57_09_777.jpg;2.542054;0.5199162;0;2.826391;111.386;48.83879;1.372009;86.30634;-0.002329416
C:\Mark's Python files\ME5920\HW3_Gardocki\DefinedTurns\IMG\robocam_2025_04_06_21_57_09_821.jpg;4.460472;0.3920217;0;2.83682;111.3923;48.95069;1.293718;86.52198;0.003376618
C:\Mark's Python files\ME5920\HW3_Gardocki\DefinedTurns\IMG\robocam_2025_04_06_21_57_09_863.jpg;6.390764;0.2633356;0;2.841639;111.3972;49.06273;1.205834;86.90133;0.0370841
C:\Mark's Python files\ME5920\HW3_Gardocki\DefinedTurns\IMG\robocam_2025_04_06_21_57_09_906.jpg;8.285733;0.1370043;0;2.841791;111.4012;49.23045;1.046066;87.79234;0.1438679
C:\Mark's Python files\ME5920\HW3_Gardocki\DefinedTurns\IMG\robocam_2025_04_06_21_57_09_950.jpg;10.21653;0.008284245;0;2.837897;111.4012;49.34163;0.9150133;88.59084;0.25748
C:\Mark's Python files\ME5920\HW3_Gardocki\DefinedTurns\IMG\robocam_2025_04_06_21_57_09_994.jpg;12.13989;0;0;2.829847;111.3987;49.45203;0.7615781;89.56174;0.4111077
C:\Mark's Python files\ME5920\HW3_Gardocki\DefinedTurns\IMG\robocam_2025_04_06_21_57_10_035.jpg;13.9581;0;0;2.820579;111.3935;49.56152;0.5870459;90.6817;0.6043627
C:\Mark's Python files\ME5920\HW3_Gardocki\DefinedTurns\IMG\robocam_2025_04_06_21_57_10_077.jpg;15;0;0;2.810269;111.3857;49.66984;0.3823612;91.94891;0.8236165
C:\Mark's Python files\ME5920\HW3_Gardocki\DefinedTurns\IMG\robocam_2025_04_06_21_57_10_118.jpg;15;0;0;2.795823;111.3757;49.77677;0.137631;93.28357;1.050186
C:\Mark's Python files\ME5920\HW3_Gardocki\DefinedTurns\IMG\robocam_2025_04_06_21_57_10_160.jpg;15;0;0;2.787291;111.364;49.88326;359.9041;94.59567;1.244035
C:\Mark's Python files\ME5920\HW3_Gardocki\DefinedTurns\IMG\robocam_2025_04_06_21_57_10_203.jpg;15;0;0;2.777119;111.3517;49.99089;359.7662;95.84769;1.335325
C:\Mark's Python files\ME5920\HW3_Gardocki\DefinedTurns\IMG\robocam_2025_04_06_21_57_10_246.jpg;15;0;0;2.767889;111.3303;50.15339;359.687;97.74493;1.32028
C:\Mark's Python files\ME5920\HW3_Gardocki\DefinedTurns\IMG\robocam_2025_04_06_21_57_10_288.jpg;15;0;0;2.754233;111.3124;50.26235;359.7355;98.95929;1.234076
C:\Mark's Python files\ME5920\HW3_Gardocki\DefinedTurns\IMG\robocam_2025_04_06_21_57_10_330.jpg;15;0;0;2.744278;111.2913;50.37157;359.8537;100.1644;1.122242
C:\Mark's Python files\ME5920\HW3_Gardocki\DefinedTurns\IMG\robocam_2025_04_06_21_57_10_375.jpg;15;0;0;2.725409;111.2656;50.47905;359.9731;101.4477;1.074325
C:\Mark's Python files\ME5920\HW3_Gardocki\DefinedTurns\IMG\robocam_2025_04_06_21_57_10_420.jpg;15;0;0;2.712502;111.2368;50.58434;0.03215902;102.8176;1.071766
C:\Mark's Python files\ME5920\HW3_Gardocki\DefinedTurns\IMG\robocam_2025_04_06_21_57_10_461.jpg;15;0;0;2.705894;111.206;50.68766;0.02952761;104.2063;1.089401
C:\Mark's Python files\ME5920\HW3_Gardocki\DefinedTurns\IMG\robocam_2025_04_06_21_57_10_506.jpg;15;0;0;2.698723;111.1558;50.84006;359.9838;106.2747;1.135711
C:\Mark's Python files\ME5920\HW3_Gardocki\DefinedTurns\IMG\robocam_2025_04_06_21_57_10_551.jpg;15;0;0;2.690186;111.1196;50.94074;359.9778;107.6269;1.169396
C:\Mark's Python files\ME5920\HW3_Gardocki\DefinedTurns\IMG\robocam_2025_04_06_21_57_10_594.jpg;15;0;0;2.681159;111.0814;51.04059;359.9887;108.9757;1.194751
C:\Mark's Python files\ME5920\HW3_Gardocki\DefinedTurns\IMG\robocam_2025_04_06_21_57_10_638.jpg;15;0;0;2.672227;111.0416;51.13929;359.9926;110.3173;1.181177
C:\Mark's Python files\ME5920\HW3_Gardocki\DefinedTurns\IMG\robocam_2025_04_06_21_57_10_680.jpg;15;0;0;2.660927;111;51.23659;359.9822;111.645;1.149372
C:\Mark's Python files\ME5920\HW3_Gardocki\DefinedTurns\IMG\robocam_2025_04_06_21_57_10_725.jpg;15;0;0;2.651395;110.9551;51.33236;359.9879;112.9843;1.14405
C:\Mark's Python files\ME5920\HW3_Gardocki\DefinedTurns\IMG\robocam_2025_04_06_21_57_10_767.jpg;15;0;0;2.642936;110.8841;51.47332;359.9856;114.9914;1.140039
C:\Mark's Python files\ME5920\HW3_Gardocki\DefinedTurns\IMG\robocam_2025_04_06_21_57_10_809.jpg;15;0;0;2.635436;110.8341;51.56556;359.9891;116.3209;1.141886
C:\Mark's Python files\ME5920\HW3_Gardocki\DefinedTurns\IMG\robocam_2025_04_06_21_57_10_853.jpg;14.33783;0;0;2.626816;110.782;51.65648;0.005239076;117.6393;1.156331
C:\Mark's Python files\ME5920\HW3_Gardocki\DefinedTurns\IMG\robocam_2025_04_06_21_57_10_894.jpg;12.4108;0;0;2.619284;110.7291;51.74599;359.9875;118.8808;1.138233
C:\Mark's Python files\ME5920\HW3_Gardocki\DefinedTurns\IMG\robocam_2025_04_06_21_57_10_938.jpg;10.5015;0;0;2.610212;110.6747;51.8348;359.9908;119.972;1.104577
C:\Mark's Python files\ME5920\HW3_Gardocki\DefinedTurns\IMG\robocam_2025_04_06_21_57_10_981.jpg;8.515097;0;0;2.604511;110.6189;51.92256;-0.004438129;120.9227;1.083807
C:\Mark's Python files\ME5920\HW3_Gardocki\DefinedTurns\IMG\robocam_2025_04_06_21_57_11_025.jpg;6.60148;0;0;2.599126;110.5624;52.00967;0.0005361432;121.7209;1.061611
C:\Mark's Python files\ME5920\HW3_Gardocki\DefinedTurns\IMG\robocam_2025_04_06_21_57_11_069.jpg;4.578028;0;0;2.593806;110.4769;52.1392;359.9942;122.6131;1.030517
C:\Mark's Python files\ME5920\HW3_Gardocki\DefinedTurns\IMG\robocam_2025_04_06_21_57_11_113.jpg;2.677498;0;0;2.588499;110.4199;52.22512;359.9799;123.0027;0.9978983
C:\Mark's Python files\ME5920\HW3_Gardocki\DefinedTurns\IMG\robocam_2025_04_06_21_57_11_155.jpg;0.7559037;0;0;2.582947;110.3632;52.3109;359.9601;123.2359;0.9518178
C:\Mark's Python files\ME5920\HW3_Gardocki\DefinedTurns\IMG\robocam_2025_04_06_21_57_11_196.jpg;0;0;0;2.574267;110.3069;52.39664;359.9343;123.323;0.8900039
C:\Mark's Python files\ME5920\HW3_Gardocki\DefinedTurns\IMG\robocam_2025_04_06_21_57_11_238.jpg;0;0;0;2.568513;110.2508;52.48214;359.9044;123.3517;0.8217495
C:\Mark's Python files\ME5920\HW3_Gardocki\DefinedTurns\IMG\robocam_2025_04_06_21_57_11_281.jpg;0;0;0;2.562804;110.1949;52.56738;359.8712;123.3608;0.7498564
C:\Mark's Python files\ME5920\HW3_Gardocki\DefinedTurns\IMG\robocam_2025_04_06_21_57_11_325.jpg;0;0;0;2.557046;110.139;52.65237;359.8355;123.3639;0.6754915
C:\Mark's Python files\ME5920\HW3_Gardocki\DefinedTurns\IMG\robocam_2025_04_06_21_57_11_366.jpg;0;0;0;2.551341;110.0554;52.77936;359.7765;123.3657;0.5621653
C:\Mark's Python files\ME5920\HW3_Gardocki\DefinedTurns\IMG\robocam_2025_04_06_21_57_11_410.jpg;0;0;0;2.54559;109.9998;52.86384;359.7394;123.3643;0.4807942
C:\Mark's Python files\ME5920\HW3_Gardocki\DefinedTurns\IMG\robocam_2025_04_06_21_57_11_454.jpg;0;0;0;2.539789;109.9444;52.94806;359.7007;123.3641;0.4016521
C:\Mark's Python files\ME5920\HW3_Gardocki\DefinedTurns\IMG\robocam_2025_04_06_21_57_11_495.jpg;0;0;0;2.534068;109.889;53.03206;359.6611;123.3643;0.3240328
C:\Mark's Python files\ME5920\HW3_Gardocki\DefinedTurns\IMG\robocam_2025_04_06_21_57_11_536.jpg;0;0.0800889;0;2.528342;109.8337;53.11587;359.6216;123.3647;0.2483564
C:\Mark's Python files\ME5920\HW3_Gardocki\DefinedTurns\IMG\robocam_2025_04_06_21_57_11_579.jpg;0;0.2056857;0;2.52507;109.7785;53.19968;359.5876;123.3651;0.1751592
C:\Mark's Python files\ME5920\HW3_Gardocki\DefinedTurns\IMG\robocam_2025_04_06_21_57_11_619.jpg;0;0.3342855;0;2.527781;109.723;53.28371;359.5648;123.3655;0.1049522
C:\Mark's Python files\ME5920\HW3_Gardocki\DefinedTurns\IMG\robocam_2025_04_06_21_57_11_663.jpg;0;0.461064;0;2.534489;109.6673;53.36816;359.558;123.366;0.03819221
C:\Mark's Python files\ME5920\HW3_Gardocki\DefinedTurns\IMG\robocam_2025_04_06_21_57_11_707.jpg;0;0.5931594;0;2.54529;109.5829;53.49606;359.5877;123.3666;359.9454
C:\Mark's Python files\ME5920\HW3_Gardocki\DefinedTurns\IMG\robocam_2025_04_06_21_57_11_748.jpg;0;0.7179958;0;2.559725;109.5259;53.5824;359.639;123.3671;359.8888
C:\Mark's Python files\ME5920\HW3_Gardocki\DefinedTurns\IMG\robocam_2025_04_06_21_57_11_791.jpg;0;0.8434063;0;2.578187;109.468;53.66985;359.7285;123.3716;359.8472
C:\Mark's Python files\ME5920\HW3_Gardocki\DefinedTurns\IMG\robocam_2025_04_06_21_57_11_833.jpg;0;0.9683263;0;2.60057;109.4094;53.75859;359.8469;123.373;359.8056
C:\Mark's Python files\ME5920\HW3_Gardocki\DefinedTurns\IMG\robocam_2025_04_06_21_57_11_876.jpg;0;1;0;2.626731;109.3499;53.84866;-0.004331574;123.3737;359.7679
C:\Mark's Python files\ME5920\HW3_Gardocki\DefinedTurns\IMG\robocam_2025_04_06_21_57_11_918.jpg;0;1;0;2.667332;109.2896;53.94003;0.1709961;123.3743;359.7347
C:\Mark's Python files\ME5920\HW3_Gardocki\DefinedTurns\IMG\robocam_2025_04_06_21_57_11_960.jpg;0;1;0;2.694779;109.2284;54.03208;0.3447645;123.3845;359.7301
C:\Mark's Python files\ME5920\HW3_Gardocki\DefinedTurns\IMG\robocam_2025_04_06_21_57_12_004.jpg;0;1;0;2.722277;109.1665;54.12516;0.5251729;123.3943;359.7372
C:\Mark's Python files\ME5920\HW3_Gardocki\DefinedTurns\IMG\robocam_2025_04_06_21_57_12_046.jpg;0;1;0;2.749759;109.0724;54.2666;0.8038769;123.4111;359.7687
C:\Mark's Python files\ME5920\HW3_Gardocki\DefinedTurns\IMG\robocam_2025_04_06_21_57_12_089.jpg;0;1;0;2.777277;109.0089;54.36203;0.9918515;123.4249;359.8026
C:\Mark's Python files\ME5920\HW3_Gardocki\DefinedTurns\IMG\robocam_2025_04_06_21_57_12_131.jpg;0;1;0;2.804855;108.9446;54.45826;1.176141;123.4444;359.8486
C:\Mark's Python files\ME5920\HW3_Gardocki\DefinedTurns\IMG\robocam_2025_04_06_21_57_12_173.jpg;0;1;0;2.831694;108.8796;54.5547;1.33058;123.4725;359.9297
C:\Mark's Python files\ME5920\HW3_Gardocki\DefinedTurns\IMG\robocam_2025_04_06_21_57_12_215.jpg;0;1;0;2.8593;108.8151;54.65148;1.420295;123.4575;0.0006097551
C:\Mark's Python files\ME5920\HW3_Gardocki\DefinedTurns\IMG\robocam_2025_04_06_21_57_12_256.jpg;0;1;0;2.887442;108.752;54.7485;1.407954;123.4231;-0.002047087
C:\Mark's Python files\ME5920\HW3_Gardocki\DefinedTurns\IMG\robocam_2025_04_06_21_57_12_298.jpg;0;1;0;2.937731;108.6882;54.84623;1.374106;123.4076;-0.0013446
C:\Mark's Python files\ME5920\HW3_Gardocki\DefinedTurns\IMG\robocam_2025_04_06_21_57_12_341.jpg;0;1;0;2.965579;108.6237;54.94507;1.352493;123.3957;-0.0007902276
C:\Mark's Python files\ME5920\HW3_Gardocki\DefinedTurns\IMG\robocam_2025_04_06_21_57_12_381.jpg;0;1;0;2.99257;108.5584;55.04502;1.345446;123.3826;-0.000819902
C:\Mark's Python files\ME5920\HW3_Gardocki\DefinedTurns\IMG\robocam_2025_04_06_21_57_12_423.jpg;0;1;0;3.01953;108.4925;55.14608;1.351401;123.3692;-0.0008643927
C:\Mark's Python files\ME5920\HW3_Gardocki\DefinedTurns\IMG\robocam_2025_04_06_21_57_12_464.jpg;0;1;0;3.046466;108.4258;55.24821;1.368708;123.3559;-0.0009022425
C:\Mark's Python files\ME5920\HW3_Gardocki\DefinedTurns\IMG\robocam_2025_04_06_21_57_12_507.jpg;0;1;0;3.072775;108.3249;55.40296;1.383487;123.3358;-0.001492725
C:\Mark's Python files\ME5920\HW3_Gardocki\DefinedTurns\IMG\robocam_2025_04_06_21_57_12_548.jpg;0;1;0;3.100559;108.257;55.5071;1.379509;123.3246;-0.00149427
C:\Mark's Python files\ME5920\HW3_Gardocki\DefinedTurns\IMG\robocam_2025_04_06_21_57_12_591.jpg;0;1;0;3.128694;108.1885;55.61222;1.378219;123.3151;-0.001047963
C:\Mark's Python files\ME5920\HW3_Gardocki\DefinedTurns\IMG\robocam_2025_04_06_21_57_12_634.jpg;0;1;0;3.169301;108.1194;55.71828;1.377605;123.3033;-0.001491867
C:\Mark's Python files\ME5920\HW3_Gardocki\DefinedTurns\IMG\robocam_2025_04_06_21_57_12_676.jpg;0;1;0;3.196194;108.0497;55.82533;1.3823;123.293;-0.001411272
C:\Mark's Python files\ME5920\HW3_Gardocki\DefinedTurns\IMG\robocam_2025_04_06_21_57_12_726.jpg;0;0.9408724;0;3.223124;107.9442;55.98751;1.382398;123.2779;-0.001531929
C:\Mark's Python files\ME5920\HW3_Gardocki\DefinedTurns\IMG\robocam_2025_04_06_21_57_12_768.jpg;0;0.8113531;0;3.247838;107.8732;56.0967;1.385563;123.2691;-0.0009593084
C:\Mark's Python files\ME5920\HW3_Gardocki\DefinedTurns\IMG\robocam_2025_04_06_21_57_12_807.jpg;0;0.6759442;0;3.267242;107.8019;56.20644;1.381956;123.2581;-0.001018128
C:\Mark's Python files\ME5920\HW3_Gardocki\DefinedTurns\IMG\robocam_2025_04_06_21_57_12_848.jpg;0;0.5492617;0;3.2897;107.7303;56.31663;1.375;123.2457;-0.0008917566
C:\Mark's Python files\ME5920\HW3_Gardocki\DefinedTurns\IMG\robocam_2025_04_06_21_57_12_891.jpg;0;0.4274341;0;3.299404;107.6586;56.42709;1.359805;123.232;-0.0008639955
C:\Mark's Python files\ME5920\HW3_Gardocki\DefinedTurns\IMG\robocam_2025_04_06_21_57_12_933.jpg;0;0.3001922;0;3.304891;107.5868;56.53759;1.332228;123.2178;-0.0008119447
C:\Mark's Python files\ME5920\HW3_Gardocki\DefinedTurns\IMG\robocam_2025_04_06_21_57_12_976.jpg;0;0.1739192;0;3.306241;107.5152;56.64796;1.288906;123.2035;-0.0007471076
C:\Mark's Python files\ME5920\HW3_Gardocki\DefinedTurns\IMG\robocam_2025_04_06_21_57_13_019.jpg;0;0.04576821;0;3.303806;107.4438;56.75802;1.227496;123.1895;-0.0006692987
C:\Mark's Python files\ME5920\HW3_Gardocki\DefinedTurns\IMG\robocam_2025_04_06_21_57_13_063.jpg;0;0;0;3.297894;107.3728;56.86762;1.146263;123.1757;-0.0005844983
C:\Mark's Python files\ME5920\HW3_Gardocki\DefinedTurns\IMG\robocam_2025_04_06_21_57_13_104.jpg;0;0;0;3.290932;107.3021;56.97673;1.046799;123.1625;-0.000455751
C:\Mark's Python files\ME5920\HW3_Gardocki\DefinedTurns\IMG\robocam_2025_04_06_21_57_13_148.jpg;0;0;0;3.283946;107.1966;57.13956;0.8706722;123.1437;-0.0001130047
C:\Mark's Python files\ME5920\HW3_Gardocki\DefinedTurns\IMG\robocam_2025_04_06_21_57_13_191.jpg;0;0;0;3.276934;107.1266;57.24762;0.7400985;123.1322;0.00038954
C:\Mark's Python files\ME5920\HW3_Gardocki\DefinedTurns\IMG\robocam_2025_04_06_21_57_13_231.jpg;0;0;0;3.266431;107.0567;57.35531;0.6024712;123.1224;0.003300244
C:\Mark's Python files\ME5920\HW3_Gardocki\DefinedTurns\IMG\robocam_2025_04_06_21_57_13_273.jpg;0;0;0;3.259373;106.9871;57.46268;0.4604742;123.1144;0.009229364
C:\Mark's Python files\ME5920\HW3_Gardocki\DefinedTurns\IMG\robocam_2025_04_06_21_57_13_316.jpg;0;0;0;3.252263;106.9176;57.56975;0.3165926;123.1084;0.01826175
C:\Mark's Python files\ME5920\HW3_Gardocki\DefinedTurns\IMG\robocam_2025_04_06_21_57_13_358.jpg;0;0;0;3.245104;106.8482;57.67655;0.1730898;123.1044;0.03040602
C:\Mark's Python files\ME5920\HW3_Gardocki\DefinedTurns\IMG\robocam_2025_04_06_21_57_13_400.jpg;0;0;0;3.237911;106.7789;57.78311;0.03199399;123.1023;0.04558071
C:\Mark's Python files\ME5920\HW3_Gardocki\DefinedTurns\IMG\robocam_2025_04_06_21_57_13_441.jpg;-1.695807;0;0;3.230644;106.7098;57.88988;359.9082;123.0752;0.04326631
C:\Mark's Python files\ME5920\HW3_Gardocki\DefinedTurns\IMG\robocam_2025_04_06_21_57_13_483.jpg;-3.562672;0;0;3.222814;106.6415;57.99702;359.7984;122.9478;0.0139699
C:\Mark's Python files\ME5920\HW3_Gardocki\DefinedTurns\IMG\robocam_2025_04_06_21_57_13_525.jpg;-5.426086;0;0;3.214555;106.5405;58.15842;359.6563;122.4942;359.9491
C:\Mark's Python files\ME5920\HW3_Gardocki\DefinedTurns\IMG\robocam_2025_04_06_21_57_13_569.jpg;-7.324686;0;0;3.205482;106.4748;58.26695;359.5844;121.9817;359.8823
C:\Mark's Python files\ME5920\HW3_Gardocki\DefinedTurns\IMG\robocam_2025_04_06_21_57_13_610.jpg;-9.231844;0;0;3.190824;106.411;58.37642;359.527;121.2874;359.7836
C:\Mark's Python files\ME5920\HW3_Gardocki\DefinedTurns\IMG\robocam_2025_04_06_21_57_13_653.jpg;-11.06404;0;0;3.180165;106.3496;58.48688;359.4749;120.4206;359.6373
C:\Mark's Python files\ME5920\HW3_Gardocki\DefinedTurns\IMG\robocam_2025_04_06_21_57_13_696.jpg;-12.9823;0;0;3.168048;106.2903;58.59853;359.4562;119.3835;359.4733
C:\Mark's Python files\ME5920\HW3_Gardocki\DefinedTurns\IMG\robocam_2025_04_06_21_57_13_738.jpg;-14.84183;0;0;3.155822;106.2335;58.71145;359.4652;118.1918;359.2805
C:\Mark's Python files\ME5920\HW3_Gardocki\DefinedTurns\IMG\robocam_2025_04_06_21_57_13_780.jpg;-15;0;0;3.144696;106.1784;58.82589;359.5458;116.9487;359.114
C:\Mark's Python files\ME5920\HW3_Gardocki\DefinedTurns\IMG\robocam_2025_04_06_21_57_13_821.jpg;-15;0;0;3.133296;106.1251;58.94205;359.6985;115.6807;358.971
C:\Mark's Python files\ME5920\HW3_Gardocki\DefinedTurns\IMG\robocam_2025_04_06_21_57_13_864.jpg;-15;0;0;3.122544;106.0742;59.05984;359.9125;114.3757;358.8519
C:\Mark's Python files\ME5920\HW3_Gardocki\DefinedTurns\IMG\robocam_2025_04_06_21_57_13_907.jpg;-15;0;0;3.103266;106.0031;59.23544;0.1365944;112.287;358.7822
C:\Mark's Python files\ME5920\HW3_Gardocki\DefinedTurns\IMG\robocam_2025_04_06_21_57_13_950.jpg;-15;0;0;3.097777;105.9591;59.35039;0.1276916;110.8236;358.8441
C:\Mark's Python files\ME5920\HW3_Gardocki\DefinedTurns\IMG\robocam_2025_04_06_21_57_13_992.jpg;-15;0;0;3.079196;105.9203;59.46465;0.005707103;109.2979;358.8849
C:\Mark's Python files\ME5920\HW3_Gardocki\DefinedTurns\IMG\robocam_2025_04_06_21_57_14_035.jpg;-15;0;0;3.069564;105.8862;59.58023;359.8983;107.8745;358.8671
C:\Mark's Python files\ME5920\HW3_Gardocki\DefinedTurns\IMG\robocam_2025_04_06_21_57_14_080.jpg;-15;0;0;3.06038;105.8545;59.69707;359.8433;106.5171;358.8522
C:\Mark's Python files\ME5920\HW3_Gardocki\DefinedTurns\IMG\robocam_2025_04_06_21_57_14_120.jpg;-15;0;0;3.050046;105.8249;59.81512;359.8483;105.2055;358.8572
C:\Mark's Python files\ME5920\HW3_Gardocki\DefinedTurns\IMG\robocam_2025_04_06_21_57_14_163.jpg;-15;0;0;3.038613;105.7981;59.93419;359.8992;103.8904;358.864
C:\Mark's Python files\ME5920\HW3_Gardocki\DefinedTurns\IMG\robocam_2025_04_06_21_57_14_206.jpg;-15;0;0;3.027132;105.7642;60.11387;0.0157803;101.8446;358.8497
C:\Mark's Python files\ME5920\HW3_Gardocki\DefinedTurns\IMG\robocam_2025_04_06_21_57_14_249.jpg;-15;0;0;3.016242;105.7453;60.23215;-0.001490042;100.4259;358.843
C:\Mark's Python files\ME5920\HW3_Gardocki\DefinedTurns\IMG\robocam_2025_04_06_21_57_14_291.jpg;-15;0;0;3.007902;105.7294;60.35057;359.9851;99.01154;358.8379
C:\Mark's Python files\ME5920\HW3_Gardocki\DefinedTurns\IMG\robocam_2025_04_06_21_57_14_331.jpg;-13.38112;0;0;2.993772;105.7166;60.4693;359.9898;97.6402;358.8204
C:\Mark's Python files\ME5920\HW3_Gardocki\DefinedTurns\IMG\robocam_2025_04_06_21_57_14_373.jpg;-11.47248;0;0;2.986069;105.7055;60.58782;359.989;96.38489;358.8344
C:\Mark's Python files\ME5920\HW3_Gardocki\DefinedTurns\IMG\robocam_2025_04_06_21_57_14_415.jpg;-9.578886;0;0;2.979013;105.696;60.7061;359.9791;95.28204;358.8792
C:\Mark's Python files\ME5920\HW3_Gardocki\DefinedTurns\IMG\robocam_2025_04_06_21_57_14_457.jpg;-7.631142;0;0;2.971686;105.6887;60.82454;359.9821;94.35211;358.9127
C:\Mark's Python files\ME5920\HW3_Gardocki\DefinedTurns\IMG\robocam_2025_04_06_21_57_14_499.jpg;-5.742061;0;0;2.965062;105.6831;60.94289;359.987;93.57379;358.9333
C:\Mark's Python files\ME5920\HW3_Gardocki\DefinedTurns\IMG\robocam_2025_04_06_21_57_14_541.jpg;-3.830276;0;0;2.958554;105.6783;61.06104;359.9893;92.96185;358.9507
C:\Mark's Python files\ME5920\HW3_Gardocki\DefinedTurns\IMG\robocam_2025_04_06_21_57_14_581.jpg;-2.411727;0;0;2.952193;105.674;61.1789;359.9855;92.51395;358.9711
C:\Mark's Python files\ME5920\HW3_Gardocki\DefinedTurns\IMG\robocam_2025_04_06_21_57_14_624.jpg;-0.5483134;0;0;2.94574;105.6697;61.29644;359.9749;92.23874;359.0036
C:\Mark's Python files\ME5920\HW3_Gardocki\DefinedTurns\IMG\robocam_2025_04_06_21_57_14_666.jpg;0;0;0;2.939131;105.6628;61.47212;359.9468;92.10236;359.0809
C:\Mark's Python files\ME5920\HW3_Gardocki\DefinedTurns\IMG\robocam_2025_04_06_21_57_14_708.jpg;0;0;0;2.932558;105.6583;61.58881;359.921;92.07816;359.1392
C:\Mark's Python files\ME5920\HW3_Gardocki\DefinedTurns\IMG\robocam_2025_04_06_21_57_14_753.jpg;0;0;0;2.925994;105.6539;61.70516;359.8899;92.06909;359.2006
C:\Mark's Python files\ME5920\HW3_Gardocki\DefinedTurns\IMG\robocam_2025_04_06_21_57_14_795.jpg;0;0;0;2.91949;105.6496;61.82123;359.858;92.06738;359.2694
C:\Mark's Python files\ME5920\HW3_Gardocki\DefinedTurns\IMG\robocam_2025_04_06_21_57_14_836.jpg;0;0;0;2.912927;105.6453;61.93695;359.8207;92.06619;359.3383
C:\Mark's Python files\ME5920\HW3_Gardocki\DefinedTurns\IMG\robocam_2025_04_06_21_57_14_877.jpg;0;0;0;2.903069;105.6411;62.05243;359.7848;92.06772;359.4145
C:\Mark's Python files\ME5920\HW3_Gardocki\DefinedTurns\IMG\robocam_2025_04_06_21_57_14_918.jpg;0;0;0;2.896573;105.6369;62.16758;359.7452;92.06784;359.4893
C:\Mark's Python files\ME5920\HW3_Gardocki\DefinedTurns\IMG\robocam_2025_04_06_21_57_14_959.jpg;0;0;0;2.890075;105.6328;62.28244;359.703;92.06757;359.5638
C:\Mark's Python files\ME5920\HW3_Gardocki\DefinedTurns\IMG\robocam_2025_04_06_21_57_15_003.jpg;0;0.08926981;0;2.883829;105.6286;62.39701;359.6592;92.06711;359.6375
C:\Mark's Python files\ME5920\HW3_Gardocki\DefinedTurns\IMG\robocam_2025_04_06_21_57_15_046.jpg;0;0.2195352;0;2.881339;105.6224;62.56898;359.6133;92.07059;359.7572
C:\Mark's Python files\ME5920\HW3_Gardocki\DefinedTurns\IMG\robocam_2025_04_06_21_57_15_089.jpg;0;0.3498426;0;2.882735;105.6183;62.68394;359.5956;92.07077;359.8317
C:\Mark's Python files\ME5920\HW3_Gardocki\DefinedTurns\IMG\robocam_2025_04_06_21_57_15_133.jpg;0;0.4748754;0;2.888362;105.6142;62.79946;359.5945;92.07053;359.9027
C:\Mark's Python files\ME5920\HW3_Gardocki\DefinedTurns\IMG\robocam_2025_04_06_21_57_15_174.jpg;0;0.6024336;0;2.897685;105.6101;62.91575;359.6138;92.07013;359.9702
C:\Mark's Python files\ME5920\HW3_Gardocki\DefinedTurns\IMG\robocam_2025_04_06_21_57_15_216.jpg;0;0.7277252;0;2.91096;105.6059;63.03304;359.6573;92.0697;0.03357682
C:\Mark's Python files\ME5920\HW3_Gardocki\DefinedTurns\IMG\robocam_2025_04_06_21_57_15_258.jpg;0;0.8586587;0;2.938616;105.6018;63.15154;359.7284;92.06921;0.09268226
C:\Mark's Python files\ME5920\HW3_Gardocki\DefinedTurns\IMG\robocam_2025_04_06_21_57_15_300.jpg;0;0.9864104;0;2.961816;105.5976;63.27145;359.8293;92.06873;0.1472037
C:\Mark's Python files\ME5920\HW3_Gardocki\DefinedTurns\IMG\robocam_2025_04_06_21_57_15_343.jpg;0;1;0;2.987773;105.5933;63.39291;359.9606;92.06824;0.1969375
C:\Mark's Python files\ME5920\HW3_Gardocki\DefinedTurns\IMG\robocam_2025_04_06_21_57_15_384.jpg;0;1;0;3.01403;105.589;63.5159;0.1191291;92.06781;0.2417412
C:\Mark's Python files\ME5920\HW3_Gardocki\DefinedTurns\IMG\robocam_2025_04_06_21_57_15_424.jpg;0;1;0;3.040422;105.5849;63.64007;0.2845497;92.05978;0.2644431
C:\Mark's Python files\ME5920\HW3_Gardocki\DefinedTurns\IMG\robocam_2025_04_06_21_57_15_466.jpg;0;1;0;3.067258;105.579;63.82845;0.5386815;92.04205;0.2650958
C:\Mark's Python files\ME5920\HW3_Gardocki\DefinedTurns\IMG\robocam_2025_04_06_21_57_15_507.jpg;0;1;0;3.093927;105.575;63.95547;0.7134318;92.02994;0.2514502
C:\Mark's Python files\ME5920\HW3_Gardocki\DefinedTurns\IMG\robocam_2025_04_06_21_57_15_549.jpg;0;1;0;3.120602;105.571;64.08362;0.8906708;92.01599;0.2271904
C:\Mark's Python files\ME5920\HW3_Gardocki\DefinedTurns\IMG\robocam_2025_04_06_21_57_15_591.jpg;0;1;0;3.147327;105.567;64.21284;1.068431;91.99915;0.1930612
C:\Mark's Python files\ME5920\HW3_Gardocki\DefinedTurns\IMG\robocam_2025_04_06_21_57_15_632.jpg;0;0.9319348;0;3.186243;105.5633;64.34288;1.231927;91.97263;0.1374904
C:\Mark's Python files\ME5920\HW3_Gardocki\DefinedTurns\IMG\robocam_2025_04_06_21_57_15_673.jpg;0;0.8031766;0;3.21072;105.5602;64.47317;1.351466;91.94803;0.03833763
C:\Mark's Python files\ME5920\HW3_Gardocki\DefinedTurns\IMG\robocam_2025_04_06_21_57_15_715.jpg;0;0.6753787;0;3.231443;105.5559;64.60326;1.411602;91.96658;-0.005668471
C:\Mark's Python files\ME5920\HW3_Gardocki\DefinedTurns\IMG\robocam_2025_04_06_21_57_15_756.jpg;1.785474;0.5498908;0;3.248806;105.5507;64.73288;1.403708;92.00735;-0.004390763
C:\Mark's Python files\ME5920\HW3_Gardocki\DefinedTurns\IMG\robocam_2025_04_06_21_57_15_798.jpg;3.65886;0.4249984;0;3.2607;105.5453;64.86257;1.369013;92.14703;-0.00320525
C:\Mark's Python files\ME5920\HW3_Gardocki\DefinedTurns\IMG\robocam_2025_04_06_21_57_15_839.jpg;5.468291;0.3043696;0;3.266853;105.539;64.99232;1.323985;92.43478;0.0006335458
C:\Mark's Python files\ME5920\HW3_Gardocki\DefinedTurns\IMG\robocam_2025_04_06_21_57_15_882.jpg;7.324667;0.1806112;0;3.268211;105.5312;65.12176;1.260113;92.89825;0.03282754
C:\Mark's Python files\ME5920\HW3_Gardocki\DefinedTurns\IMG\robocam_2025_04_06_21_57_15_924.jpg;9.180301;0.05690227;0;3.265356;105.5213;65.25056;1.1732;93.53824;0.1016389
C:\Mark's Python files\ME5920\HW3_Gardocki\DefinedTurns\IMG\robocam_2025_04_06_21_57_15_973.jpg;11.01389;0;0;3.257854;105.5022;65.44195;0.9918284;94.82562;0.277845
C:\Mark's Python files\ME5920\HW3_Gardocki\DefinedTurns\IMG\robocam_2025_04_06_21_57_16_015.jpg;12.93242;0;0;3.248259;105.4861;65.56799;0.8338453;95.89142;0.4464246
C:\Mark's Python files\ME5920\HW3_Gardocki\DefinedTurns\IMG\robocam_2025_04_06_21_57_16_058.jpg;14.83261;0;0;3.238063;105.4674;65.69229;0.6288092;97.14417;0.6403352
C:\Mark's Python files\ME5920\HW3_Gardocki\DefinedTurns\IMG\robocam_2025_04_06_21_57_16_099.jpg;15;0;0;3.221307;105.4458;65.81473;0.3759978;98.52097;0.8596367
C:\Mark's Python files\ME5920\HW3_Gardocki\DefinedTurns\IMG\robocam_2025_04_06_21_57_16_141.jpg;15;0;0;3.210614;105.4214;65.93536;0.08160248;99.93027;1.099082
C:\Mark's Python files\ME5920\HW3_Gardocki\DefinedTurns\IMG\robocam_2025_04_06_21_57_16_182.jpg;15;0;0;3.201315;105.3954;66.05578;359.8229;101.271;1.291044
C:\Mark's Python files\ME5920\HW3_Gardocki\DefinedTurns\IMG\robocam_2025_04_06_21_57_16_223.jpg;15;0;0;3.191391;105.3686;66.1774;359.669;102.5822;1.370505
C:\Mark's Python files\ME5920\HW3_Gardocki\DefinedTurns\IMG\robocam_2025_04_06_21_57_16_265.jpg;15;0;0;3.179614;105.3244;66.36038;359.5726;104.6083;1.339662
C:\Mark's Python files\ME5920\HW3_Gardocki\DefinedTurns\IMG\robocam_2025_04_06_21_57_16_307.jpg;13.99708;0;0;3.161369;105.2908;66.48225;359.6063;105.8784;1.24065
C:\Mark's Python files\ME5920\HW3_Gardocki\DefinedTurns\IMG\robocam_2025_04_06_21_57_16_347.jpg;12.02767;0;0;3.150167;105.2538;66.60402;359.7081;107.0434;1.111262
C:\Mark's Python files\ME5920\HW3_Gardocki\DefinedTurns\IMG\robocam_2025_04_06_21_57_16_387.jpg;10.64159;0;0;3.141455;105.2136;66.72575;359.8801;108.0576;0.9619181
C:\Mark's Python files\ME5920\HW3_Gardocki\DefinedTurns\IMG\robocam_2025_04_06_21_57_16_430.jpg;8.687517;0;0;3.122573;105.1703;66.84528;0.0301029;108.9594;0.8745366
C:\Mark's Python files\ME5920\HW3_Gardocki\DefinedTurns\IMG\robocam_2025_04_06_21_57_16_473.jpg;6.839611;0;0;3.11576;105.1259;66.96299;0.1134271;109.7668;0.8013374
C:\Mark's Python files\ME5920\HW3_Gardocki\DefinedTurns\IMG\robocam_2025_04_06_21_57_16_514.jpg;4.88878;0;0;3.110217;105.0806;67.07971;0.1724815;110.4398;0.7475232
C:\Mark's Python files\ME5920\HW3_Gardocki\DefinedTurns\IMG\robocam_2025_04_06_21_57_16_556.jpg;3.018625;0;0;3.104089;105.035;67.19569;0.209604;110.9423;0.699607
C:\Mark's Python files\ME5920\HW3_Gardocki\DefinedTurns\IMG\robocam_2025_04_06_21_57_16_600.jpg;1.067061;0;0;3.094401;104.9895;67.31114;0.2283981;111.2627;0.6492173
C:\Mark's Python files\ME5920\HW3_Gardocki\DefinedTurns\IMG\robocam_2025_04_06_21_57_16_643.jpg;0;0;0;3.087665;104.9444;67.42623;0.231855;111.4105;0.5917233
C:\Mark's Python files\ME5920\HW3_Gardocki\DefinedTurns\IMG\robocam_2025_04_06_21_57_16_685.jpg;0;0;0;3.080939;104.8771;67.59802;0.2136164;111.4797;0.5048638
C:\Mark's Python files\ME5920\HW3_Gardocki\DefinedTurns\IMG\robocam_2025_04_06_21_57_16_727.jpg;0;0;0;3.074224;104.8323;67.71198;0.1885449;111.4935;0.4496507
C:\Mark's Python files\ME5920\HW3_Gardocki\DefinedTurns\IMG\robocam_2025_04_06_21_57_16_771.jpg;0;0;0;3.067511;104.7876;67.82552;0.1532672;111.4991;0.3948912
C:\Mark's Python files\ME5920\HW3_Gardocki\DefinedTurns\IMG\robocam_2025_04_06_21_57_16_814.jpg;0;0;0;3.060789;104.743;67.93864;0.1088017;111.5014;0.340313
C:\Mark's Python files\ME5920\HW3_Gardocki\DefinedTurns\IMG\robocam_2025_04_06_21_57_16_857.jpg;0;0.0072159;0;3.050684;104.6986;68.05137;0.05654524;111.5025;0.2862022
C:\Mark's Python files\ME5920\HW3_Gardocki\DefinedTurns\IMG\robocam_2025_04_06_21_57_16_899.jpg;0;0.1358064;0;3.0455;104.6542;68.16381;-0.0007701339;111.5032;0.2329368
C:\Mark's Python files\ME5920\HW3_Gardocki\DefinedTurns\IMG\robocam_2025_04_06_21_57_16_941.jpg;0;0.2615166;0;3.044507;104.6099;68.27618;359.9435;111.5036;0.1809161
C:\Mark's Python files\ME5920\HW3_Gardocki\DefinedTurns\IMG\robocam_2025_04_06_21_57_16_985.jpg;0;0.3912651;0;3.047683;104.5655;68.38877;359.896;111.504;0.1305259
C:\Mark's Python files\ME5920\HW3_Gardocki\DefinedTurns\IMG\robocam_2025_04_06_21_57_17_026.jpg;0;0.5162048;0;3.054935;104.4985;68.55858;359.8525;111.5045;0.05876479
C:\Mark's Python files\ME5920\HW3_Gardocki\DefinedTurns\IMG\robocam_2025_04_06_21_57_17_068.jpg;0;0.6413084;0;3.065688;104.4534;68.6727;359.8486;111.5048;0.0139221
C:\Mark's Python files\ME5920\HW3_Gardocki\DefinedTurns\IMG\robocam_2025_04_06_21_57_17_111.jpg;0;0.7663211;0;3.080538;104.408;68.78782;359.8696;111.5051;359.9718
C:\Mark's Python files\ME5920\HW3_Gardocki\DefinedTurns\IMG\robocam_2025_04_06_21_57_17_152.jpg;0;0.8883023;0;3.099424;104.3621;68.90414;359.919;111.5053;359.9326
C:\Mark's Python files\ME5920\HW3_Gardocki\DefinedTurns\IMG\robocam_2025_04_06_21_57_17_193.jpg;0;1;0;3.122273;104.3156;69.02184;-0.0007184572;111.5056;359.8964
C:\Mark's Python files\ME5920\HW3_Gardocki\DefinedTurns\IMG\robocam_2025_04_06_21_57_17_236.jpg;0;1;0;3.147993;104.2686;69.14099;0.1097311;111.5058;359.8635
C:\Mark's Python files\ME5920\HW3_Gardocki\DefinedTurns\IMG\robocam_2025_04_06_21_57_17_278.jpg;0;1;0;3.173943;104.2207;69.26102;0.2237545;111.5162;359.8578
C:\Mark's Python files\ME5920\HW3_Gardocki\DefinedTurns\IMG\robocam_2025_04_06_21_57_17_318.jpg;0;1;0;3.213331;104.1725;69.38233;0.3543598;111.525;359.8582
C:\Mark's Python files\ME5920\HW3_Gardocki\DefinedTurns\IMG\robocam_2025_04_06_21_57_17_361.jpg;0;1;0;3.239496;104.1238;69.50481;0.4962806;111.5342;359.8672
C:\Mark's Python files\ME5920\HW3_Gardocki\DefinedTurns\IMG\robocam_2025_04_06_21_57_17_403.jpg;0;1;0;3.265674;104.0746;69.62838;0.647086;111.5448;359.8848
C:\Mark's Python files\ME5920\HW3_Gardocki\DefinedTurns\IMG\robocam_2025_04_06_21_57_17_444.jpg;0;1;0;3.291873;104.0249;69.75301;0.8042418;111.5574;359.9106
C:\Mark's Python files\ME5920\HW3_Gardocki\DefinedTurns\IMG\robocam_2025_04_06_21_57_17_484.jpg;0;1;0;3.318128;103.9747;69.87865;0.9654254;111.5728;359.9439
C:\Mark's Python files\ME5920\HW3_Gardocki\DefinedTurns\IMG\robocam_2025_04_06_21_57_17_527.jpg;0;0.9822307;0;3.344406;103.8986;70.06899;1.209499;111.5955;-0.00334064
C:\Mark's Python files\ME5920\HW3_Gardocki\DefinedTurns\IMG\robocam_2025_04_06_21_57_17_569.jpg;0;0.8552039;0;3.369409;103.8481;70.19714;1.363343;111.5926;-0.001800905
C:\Mark's Python files\ME5920\HW3_Gardocki\DefinedTurns\IMG\robocam_2025_04_06_21_57_17_611.jpg;0;0.7297121;0;3.38995;103.7978;70.32521;1.464045;111.5824;-0.002802359
C:\Mark's Python files\ME5920\HW3_Gardocki\DefinedTurns\IMG\robocam_2025_04_06_21_57_17_654.jpg;0;0.5943139;0;3.42146;103.7481;70.45201;1.436479;111.559;-0.002720604
C:\Mark's Python files\ME5920\HW3_Gardocki\DefinedTurns\IMG\robocam_2025_04_06_21_57_17_696.jpg;0;0.4676245;0;3.433396;103.6984;70.57903;1.383246;111.5509;-0.001117595
C:\Mark's Python files\ME5920\HW3_Gardocki\DefinedTurns\IMG\robocam_2025_04_06_21_57_17_738.jpg;0;0.3403322;0;3.440208;103.6487;70.70625;1.322893;111.5393;-0.0008614737
C:\Mark's Python files\ME5920\HW3_Gardocki\DefinedTurns\IMG\robocam_2025_04_06_21_57_17_779.jpg;0;0.212483;0;3.443176;103.5991;70.83347;1.252577;111.526;-0.0007626287
C:\Mark's Python files\ME5920\HW3_Gardocki\DefinedTurns\IMG\robocam_2025_04_06_21_57_17_822.jpg;0;0.08588058;0;3.441947;103.5496;70.96049;1.169301;111.5121;-0.0006567154
C:\Mark's Python files\ME5920\HW3_Gardocki\DefinedTurns\IMG\robocam_2025_04_06_21_57_17_866.jpg;0;0;0;3.436782;103.4757;71.15019;1.015545;111.4917;-0.0004493155
C:\Mark's Python files\ME5920\HW3_Gardocki\DefinedTurns\IMG\robocam_2025_04_06_21_57_17_909.jpg;0;0;0;3.429759;103.4267;71.27603;0.8950013;111.4787;-0.0002322681
C:\Mark's Python files\ME5920\HW3_Gardocki\DefinedTurns\IMG\robocam_2025_04_06_21_57_17_949.jpg;0;0;0;3.422442;103.3779;71.40142;0.763539;111.4664;7.291073E-05
C:\Mark's Python files\ME5920\HW3_Gardocki\DefinedTurns\IMG\robocam_2025_04_06_21_57_17_991.jpg;0;0;0;3.411455;103.3292;71.5264;0.6241961;111.4558;0.002182988
C:\Mark's Python files\ME5920\HW3_Gardocki\DefinedTurns\IMG\robocam_2025_04_06_21_57_18_031.jpg;0;0;0;3.404114;103.2806;71.651;0.479844;111.4471;0.007275213
C:\Mark's Python files\ME5920\HW3_Gardocki\DefinedTurns\IMG\robocam_2025_04_06_21_57_18_074.jpg;0;0;0;3.396704;103.2321;71.77526;0.3330244;111.4403;0.01546637
C:\Mark's Python files\ME5920\HW3_Gardocki\DefinedTurns\IMG\robocam_2025_04_06_21_57_18_115.jpg;0;0;0;3.389236;103.1837;71.89922;0.1861251;111.4356;0.02681402
C:\Mark's Python files\ME5920\HW3_Gardocki\DefinedTurns\IMG\robocam_2025_04_06_21_57_18_156.jpg;0;0;0;3.385487;103.1353;72.0229;0.041303;111.4329;0.04127324
C:\Mark's Python files\ME5920\HW3_Gardocki\DefinedTurns\IMG\robocam_2025_04_06_21_57_18_197.jpg;0;0;0;3.374176;103.0871;72.14667;359.9142;111.4251;0.04240102
C:\Mark's Python files\ME5920\HW3_Gardocki\DefinedTurns\IMG\robocam_2025_04_06_21_57_18_241.jpg;0;0;0;3.366174;103.039;72.27045;359.8046;111.4137;0.03045998
C:\Mark's Python files\ME5920\HW3_Gardocki\DefinedTurns\IMG\robocam_2025_04_06_21_57_18_283.jpg;0;0;0;3.358189;102.9909;72.39411;359.706;111.4027;0.01272252
C:\Mark's Python files\ME5920\HW3_Gardocki\DefinedTurns\IMG\robocam_2025_04_06_21_57_18_325.jpg;0;0;0;3.35033;102.9184;72.5792;359.5779;111.3976;-0.00230261
C:\Mark's Python files\ME5920\HW3_Gardocki\DefinedTurns\IMG\robocam_2025_04_06_21_57_18_369.jpg;0;0;0;3.3422;102.87;72.70235;359.5041;111.3997;-0.002038681
C:\Mark's Python files\ME5920\HW3_Gardocki\DefinedTurns\IMG\robocam_2025_04_06_21_57_18_413.jpg;0;0;0;3.334567;102.8217;72.82546;359.4437;111.4014;-0.001780975
C:\Mark's Python files\ME5920\HW3_Gardocki\DefinedTurns\IMG\robocam_2025_04_06_21_57_18_455.jpg;0;0;0;3.326252;102.7734;72.94843;359.3933;111.403;-0.0001220965
C:\Mark's Python files\ME5920\HW3_Gardocki\DefinedTurns\IMG\robocam_2025_04_06_21_57_18_498.jpg;0;0;0;3.314837;102.7253;73.07117;359.3448;111.4036;0.0007879512
C:\Mark's Python files\ME5920\HW3_Gardocki\DefinedTurns\IMG\robocam_2025_04_06_21_57_18_541.jpg;0;0;0;3.306696;102.6773;73.19388;359.312;111.4026;-0.001569416
C:\Mark's Python files\ME5920\HW3_Gardocki\DefinedTurns\IMG\robocam_2025_04_06_21_57_18_584.jpg;0;0;0;3.298701;102.6292;73.31644;359.2903;111.4023;-0.002200264
C:\Mark's Python files\ME5920\HW3_Gardocki\DefinedTurns\IMG\robocam_2025_04_06_21_57_18_630.jpg;0;0;0;3.291162;102.5574;73.49981;359.2598;111.4021;-0.002754077
C:\Mark's Python files\ME5920\HW3_Gardocki\DefinedTurns\IMG\robocam_2025_04_06_21_57_18_674.jpg;0;0;0;3.283645;102.5096;73.62172;359.241;111.4021;-0.003026066
C:\Mark's Python files\ME5920\HW3_Gardocki\DefinedTurns\IMG\robocam_2025_04_06_21_57_18_714.jpg;0;0;0;3.275536;102.4614;73.74357;359.2459;111.412;0.02174483
C:\Mark's Python files\ME5920\HW3_Gardocki\DefinedTurns\IMG\robocam_2025_04_06_21_57_18_756.jpg;0;0;0;3.263915;102.4136;73.86522;359.2498;111.4158;0.03799458
C:\Mark's Python files\ME5920\HW3_Gardocki\DefinedTurns\IMG\robocam_2025_04_06_21_57_18_797.jpg;0;0;0;3.256469;102.366;73.98661;359.2535;111.4172;0.05132521
C:\Mark's Python files\ME5920\HW3_Gardocki\DefinedTurns\IMG\robocam_2025_04_06_21_57_18_840.jpg;0;0;0;3.249046;102.3186;74.10774;359.2567;111.4178;0.06297395
C:\Mark's Python files\ME5920\HW3_Gardocki\DefinedTurns\IMG\robocam_2025_04_06_21_57_18_883.jpg;-0.820926;0;0;3.240715;102.2714;74.22903;359.2807;111.4052;0.04882557
C:\Mark's Python files\ME5920\HW3_Gardocki\DefinedTurns\IMG\robocam_2025_04_06_21_57_18_926.jpg;-2.723899;0;0;3.233139;102.2017;74.41065;359.3114;111.2313;0.008843465
C:\Mark's Python files\ME5920\HW3_Gardocki\DefinedTurns\IMG\robocam_2025_04_06_21_57_18_967.jpg;-4.658796;0;0;3.225253;102.1568;74.53183;359.3279;110.9264;359.9487
C:\Mark's Python files\ME5920\HW3_Gardocki\DefinedTurns\IMG\robocam_2025_04_06_21_57_19_009.jpg;-6.572214;0;0;3.21691;102.1137;74.6532;359.3408;110.4444;359.8534
C:\Mark's Python files\ME5920\HW3_Gardocki\DefinedTurns\IMG\robocam_2025_04_06_21_57_19_051.jpg;-8.494743;0;0;3.207295;102.072;74.77508;359.3765;109.7899;359.7477
C:\Mark's Python files\ME5920\HW3_Gardocki\DefinedTurns\IMG\robocam_2025_04_06_21_57_19_094.jpg;-10.47372;0;0;3.191991;102.0332;74.89729;359.4052;108.9528;359.5881
C:\Mark's Python files\ME5920\HW3_Gardocki\DefinedTurns\IMG\robocam_2025_04_06_21_57_19_137.jpg;-12.35704;0;0;3.180319;101.9965;75.02012;359.4596;107.9491;359.4138
C:\Mark's Python files\ME5920\HW3_Gardocki\DefinedTurns\IMG\robocam_2025_04_06_21_57_19_179.jpg;-14.25425;0;0;3.167892;101.9626;75.14356;359.5373;106.7954;359.2169
C:\Mark's Python files\ME5920\HW3_Gardocki\DefinedTurns\IMG\robocam_2025_04_06_21_57_19_223.jpg;-15;0;0;3.156717;101.9306;75.26801;359.6731;105.5609;359.0401
C:\Mark's Python files\ME5920\HW3_Gardocki\DefinedTurns\IMG\robocam_2025_04_06_21_57_19_264.jpg;-15;0;0;3.145364;101.901;75.39368;359.875;104.2819;358.8877
C:\Mark's Python files\ME5920\HW3_Gardocki\DefinedTurns\IMG\robocam_2025_04_06_21_57_19_305.jpg;-15;0;0;3.126451;101.8621;75.58033;0.07824186;102.2249;358.7372
C:\Mark's Python files\ME5920\HW3_Gardocki\DefinedTurns\IMG\robocam_2025_04_06_21_57_19_348.jpg;-15;0;0;3.121163;101.8385;75.7022;0.07288546;100.8139;358.7648
C:\Mark's Python files\ME5920\HW3_Gardocki\DefinedTurns\IMG\robocam_2025_04_06_21_57_19_390.jpg;-15;0;0;3.114294;101.818;75.82235;359.9586;99.37827;358.858
C:\Mark's Python files\ME5920\HW3_Gardocki\DefinedTurns\IMG\robocam_2025_04_06_21_57_19_433.jpg;-13.71255;0;0;3.099051;101.8028;75.94322;359.8672;98.06458;358.8968
C:\Mark's Python files\ME5920\HW3_Gardocki\DefinedTurns\IMG\robocam_2025_04_06_21_57_19_473.jpg;-11.80048;0;0;3.085992;101.7905;76.06513;359.8347;96.8873;358.9259
C:\Mark's Python files\ME5920\HW3_Gardocki\DefinedTurns\IMG\robocam_2025_04_06_21_57_19_516.jpg;-9.881524;0;0;3.077446;101.78;76.1878;359.8519;95.84464;358.9623
C:\Mark's Python files\ME5920\HW3_Gardocki\DefinedTurns\IMG\robocam_2025_04_06_21_57_19_558.jpg;-7.817645;0;0;3.068805;101.7714;76.31071;359.8918;94.92743;358.9909
C:\Mark's Python files\ME5920\HW3_Gardocki\DefinedTurns\IMG\robocam_2025_04_06_21_57_19_600.jpg;-5.908461;0;0;3.061666;101.7643;76.43354;359.9342;94.13779;359.0068
C:\Mark's Python files\ME5920\HW3_Gardocki\DefinedTurns\IMG\robocam_2025_04_06_21_57_19_642.jpg;-4.048881;0;0;3.054939;101.7582;76.55608;359.9695;93.50269;359.016
C:\Mark's Python files\ME5920\HW3_Gardocki\DefinedTurns\IMG\robocam_2025_04_06_21_57_19_684.jpg;-2.236286;0;0;3.04845;101.7527;76.67825;359.9941;93.03711;359.0266
C:\Mark's Python files\ME5920\HW3_Gardocki\DefinedTurns\IMG\robocam_2025_04_06_21_57_19_725.jpg;-0.3402467;0;0;3.041921;101.7472;76.79996;0.004559358;92.74445;359.0488
C:\Mark's Python files\ME5920\HW3_Gardocki\DefinedTurns\IMG\robocam_2025_04_06_21_57_19_767.jpg;0;0;0;3.035296;101.7386;76.98161;359.9924;92.58618;359.1061
C:\Mark's Python files\ME5920\HW3_Gardocki\DefinedTurns\IMG\robocam_2025_04_06_21_57_19_809.jpg;0;0;0;3.028574;101.733;77.10225;359.9754;92.55701;359.1531
C:\Mark's Python files\ME5920\HW3_Gardocki\DefinedTurns\IMG\robocam_2025_04_06_21_57_19_851.jpg;0;0;0;3.018503;101.7274;77.22253;359.9525;92.54672;359.2055
C:\Mark's Python files\ME5920\HW3_Gardocki\DefinedTurns\IMG\robocam_2025_04_06_21_57_19_893.jpg;0;0;0;3.011769;101.7219;77.34245;359.9249;92.54364;359.2631
C:\Mark's Python files\ME5920\HW3_Gardocki\DefinedTurns\IMG\robocam_2025_04_06_21_57_19_935.jpg;0;0;0;3.005037;101.7165;77.46202;359.8921;92.54248;359.3235
C:\Mark's Python files\ME5920\HW3_Gardocki\DefinedTurns\IMG\robocam_2025_04_06_21_57_19_977.jpg;0;0;0;2.998279;101.7111;77.5813;359.8577;92.54349;359.3902
C:\Mark's Python files\ME5920\HW3_Gardocki\DefinedTurns\IMG\robocam_2025_04_06_21_57_20_018.jpg;0;0;0;2.991599;101.7058;77.70022;359.8182;92.54343;359.4567
C:\Mark's Python files\ME5920\HW3_Gardocki\DefinedTurns\IMG\robocam_2025_04_06_21_57_20_059.jpg;0;0;0;2.984877;101.7004;77.81886;359.7783;92.54501;359.528
C:\Mark's Python files\ME5920\HW3_Gardocki\DefinedTurns\IMG\robocam_2025_04_06_21_57_20_099.jpg;0;0;0;2.978089;101.6951;77.9372;359.7373;92.54602;359.5998
C:\Mark's Python files\ME5920\HW3_Gardocki\DefinedTurns\IMG\robocam_2025_04_06_21_57_20_140.jpg;0;0;0;2.971404;101.6899;78.05524;359.6936;92.54611;359.67
C:\Mark's Python files\ME5920\HW3_Gardocki\DefinedTurns\IMG\robocam_2025_04_06_21_57_20_182.jpg;0;0;0;2.964715;101.6847;78.17299;359.6482;92.54587;359.7387
C:\Mark's Python files\ME5920\HW3_Gardocki\DefinedTurns\IMG\robocam_2025_04_06_21_57_20_223.jpg;0;0;0;2.957899;101.6794;78.29052;359.6066;92.54816;359.8114
C:\Mark's Python files\ME5920\HW3_Gardocki\DefinedTurns\IMG\robocam_2025_04_06_21_57_20_264.jpg;0;0;0;2.951046;101.6742;78.40784;359.5685;92.55014;359.8834
C:\Mark's Python files\ME5920\HW3_Gardocki\DefinedTurns\IMG\robocam_2025_04_06_21_57_20_305.jpg;0;0;0;2.944355;101.6665;78.58331;359.5107;92.55069;359.9829
C:\Mark's Python files\ME5920\HW3_Gardocki\DefinedTurns\IMG\robocam_2025_04_06_21_57_20_346.jpg;0;0;0;2.937665;101.6615;78.69997;359.4726;92.55057;0.04414415
C:\Mark's Python files\ME5920\HW3_Gardocki\DefinedTurns\IMG\robocam_2025_04_06_21_57_20_389.jpg;0;0;0;2.930594;101.6567;78.81675;359.4565;92.54083;0.07743384
C:\Mark's Python files\ME5920\HW3_Gardocki\DefinedTurns\IMG\robocam_2025_04_06_21_57_20_431.jpg;0;0;0;2.92015;101.6517;78.9332;359.4385;92.53741;0.1153804
C:\Mark's Python files\ME5920\HW3_Gardocki\DefinedTurns\IMG\robocam_2025_04_06_21_57_20_473.jpg;0;0;0;2.913134;101.6469;79.04958;359.4311;92.53018;0.137859
C:\Mark's Python files\ME5920\HW3_Gardocki\DefinedTurns\IMG\robocam_2025_04_06_21_57_20_515.jpg;0;0;0;2.909492;101.642;79.16575;359.4293;92.52515;0.1555386
C:\Mark's Python files\ME5920\HW3_Gardocki\DefinedTurns\IMG\robocam_2025_04_06_21_57_20_556.jpg;0;0;0;2.902834;101.637;79.28164;359.4263;92.52322;0.1730548
C:\Mark's Python files\ME5920\HW3_Gardocki\DefinedTurns\IMG\robocam_2025_04_06_21_57_20_597.jpg;0;0;0;2.892942;101.632;79.39724;359.4223;92.52246;0.1884042
C:\Mark's Python files\ME5920\HW3_Gardocki\DefinedTurns\IMG\robocam_2025_04_06_21_57_20_638.jpg;0;0;0;2.885743;101.6273;79.51286;359.435;92.51416;0.1813001
C:\Mark's Python files\ME5920\HW3_Gardocki\DefinedTurns\IMG\robocam_2025_04_06_21_57_20_680.jpg;0;0;0;2.879167;101.6223;79.62813;359.4434;92.51163;0.1799199
C:\Mark's Python files\ME5920\HW3_Gardocki\DefinedTurns\IMG\robocam_2025_04_06_21_57_20_726.jpg;0;0;0;2.87264;101.6148;79.80048;359.4521;92.5105;0.1765185
C:\Mark's Python files\ME5920\HW3_Gardocki\DefinedTurns\IMG\robocam_2025_04_06_21_57_20_769.jpg;0;0;0;2.866132;101.6098;79.91501;359.4553;92.51028;0.1725979
C:\Mark's Python files\ME5920\HW3_Gardocki\DefinedTurns\IMG\robocam_2025_04_06_21_57_20_811.jpg;0;0;0;2.859368;101.6051;80.02948;359.4705;92.50415;0.1519774
C:\Mark's Python files\ME5920\HW3_Gardocki\DefinedTurns\IMG\robocam_2025_04_06_21_57_20_853.jpg;0;0;0;2.8494;101.6001;80.14362;359.4824;92.50214;0.1355492
C:\Mark's Python files\ME5920\HW3_Gardocki\DefinedTurns\IMG\robocam_2025_04_06_21_57_20_895.jpg;0;0;0;2.842955;101.5952;80.25745;359.4915;92.50143;0.1197511
C:\Mark's Python files\ME5920\HW3_Gardocki\DefinedTurns\IMG\robocam_2025_04_06_21_57_20_936.jpg;0;0;0;2.836529;101.5902;80.37098;359.4979;92.50122;0.1040301
C:\Mark's Python files\ME5920\HW3_Gardocki\DefinedTurns\IMG\robocam_2025_04_06_21_57_20_984.jpg;0;0;0.0116103;2.830119;101.5853;80.4842;359.5016;92.50116;0.08838578
C:\Mark's Python files\ME5920\HW3_Gardocki\DefinedTurns\IMG\robocam_2025_04_06_21_57_21_027.jpg;0;0;0.1381488;2.816378;101.5779;80.65266;359.4845;92.50113;0.0653083
C:\Mark's Python files\ME5920\HW3_Gardocki\DefinedTurns\IMG\robocam_2025_04_06_21_57_21_071.jpg;0;0;0.2643576;2.78883;101.5733;80.76296;359.4416;92.49551;0.03745365
C:\Mark's Python files\ME5920\HW3_Gardocki\DefinedTurns\IMG\robocam_2025_04_06_21_57_21_113.jpg;0;0;0.3912513;2.744264;101.5687;80.87041;359.3467;92.491;0.009449744
C:\Mark's Python files\ME5920\HW3_Gardocki\DefinedTurns\IMG\robocam_2025_04_06_21_57_21_154.jpg;0;0;0.5213655;2.684907;101.564;80.97435;359.1975;92.4939;-0.003907983
C:\Mark's Python files\ME5920\HW3_Gardocki\DefinedTurns\IMG\robocam_2025_04_06_21_57_21_196.jpg;0;0;0.6493572;2.564059;101.5595;81.07368;358.9674;92.50104;359.994
C:\Mark's Python files\ME5920\HW3_Gardocki\DefinedTurns\IMG\robocam_2025_04_06_21_57_21_237.jpg;0;0;0.7743561;2.475809;101.5551;81.16863;358.6953;92.51218;0.00107606
C:\Mark's Python files\ME5920\HW3_Gardocki\DefinedTurns\IMG\robocam_2025_04_06_21_57_21_280.jpg;0;0;0.9054666;2.387315;101.5512;81.26044;358.4531;92.52051;-0.005576904
C:\Mark's Python files\ME5920\HW3_Gardocki\DefinedTurns\IMG\robocam_2025_04_06_21_57_21_321.jpg;0;0;1;2.312887;101.5471;81.35108;358.3105;92.52615;-0.004591873
C:\Mark's Python files\ME5920\HW3_Gardocki\DefinedTurns\IMG\robocam_2025_04_06_21_57_21_364.jpg;0;0;1;2.234801;101.5416;81.44;358.2516;92.60052;0.09306276
C:\Mark's Python files\ME5920\HW3_Gardocki\DefinedTurns\IMG\robocam_2025_04_06_21_57_21_406.jpg;0;0;1;2.155961;101.5369;81.57037;358.3175;92.64691;0.05054232
C:\Mark's Python files\ME5920\HW3_Gardocki\DefinedTurns\IMG\robocam_2025_04_06_21_57_21_449.jpg;0;0;1;2.074234;101.5342;81.65592;358.5112;92.59662;359.975
C:\Mark's Python files\ME5920\HW3_Gardocki\DefinedTurns\IMG\robocam_2025_04_06_21_57_21_491.jpg;0;0;1;1.997082;101.5294;81.73931;358.7611;92.60669;0.03195305
C:\Mark's Python files\ME5920\HW3_Gardocki\DefinedTurns\IMG\robocam_2025_04_06_21_57_21_534.jpg;0;0;1;1.861232;101.5267;81.81423;358.8748;92.60172;0.009537313
C:\Mark's Python files\ME5920\HW3_Gardocki\DefinedTurns\IMG\robocam_2025_04_06_21_57_21_575.jpg;0;0;1;1.601909;101.524;81.87825;358.769;92.59537;-0.002522311
C:\Mark's Python files\ME5920\HW3_Gardocki\DefinedTurns\IMG\robocam_2025_04_06_21_57_21_616.jpg;0;0;1;1.486793;101.5214;81.93609;358.5992;92.58762;-0.005515428
C:\Mark's Python files\ME5920\HW3_Gardocki\DefinedTurns\IMG\robocam_2025_04_06_21_57_21_658.jpg;0;0;1;1.409374;101.519;81.99147;358.4865;92.59427;359.9936
C:\Mark's Python files\ME5920\HW3_Gardocki\DefinedTurns\IMG\robocam_2025_04_06_21_57_21_699.jpg;0;0;1;1.33203;101.5166;82.04532;358.4622;92.60675;359.994
C:\Mark's Python files\ME5920\HW3_Gardocki\DefinedTurns\IMG\robocam_2025_04_06_21_57_21_741.jpg;0;0;1;1.254584;101.5143;82.09764;358.5265;92.61859;359.994
C:\Mark's Python files\ME5920\HW3_Gardocki\DefinedTurns\IMG\robocam_2025_04_06_21_57_21_784.jpg;0;0;1;1.167376;101.5121;82.14796;358.6631;92.67502;-0.005065207
C:\Mark's Python files\ME5920\HW3_Gardocki\DefinedTurns\IMG\robocam_2025_04_06_21_57_21_826.jpg;0;0;1;1.035519;101.5091;82.21322;358.7791;92.74078;0.002674441
C:\Mark's Python files\ME5920\HW3_Gardocki\DefinedTurns\IMG\robocam_2025_04_06_21_57_21_869.jpg;0;0;1;0.8815973;101.5077;82.24614;358.6824;92.76465;0.002173852
C:\Mark's Python files\ME5920\HW3_Gardocki\DefinedTurns\IMG\robocam_2025_04_06_21_57_21_910.jpg;0;0;1;0.764118;101.5066;82.27294;358.5253;92.69366;0.0009008595
C:\Mark's Python files\ME5920\HW3_Gardocki\DefinedTurns\IMG\robocam_2025_04_06_21_57_21_951.jpg;0;0;1;0.6053208;101.5051;82.29649;358.4229;92.85034;0.01195004
C:\Mark's Python files\ME5920\HW3_Gardocki\DefinedTurns\IMG\robocam_2025_04_06_21_57_21_994.jpg;0;0;1;0.4661244;101.504;82.31454;358.3242;92.9664;0.004606254
C:\Mark's Python files\ME5920\HW3_Gardocki\DefinedTurns\IMG\robocam_2025_04_06_21_57_22_038.jpg;0;0;1;0.3233336;101.503;82.32693;358.2261;93.07932;0.00604943
C:\Mark's Python files\ME5920\HW3_Gardocki\DefinedTurns\IMG\robocam_2025_04_06_21_57_22_081.jpg;0;0;1;0.2280009;101.5024;82.33588;358.1776;93.05032;-0.0006011172
C:\Mark's Python files\ME5920\HW3_Gardocki\DefinedTurns\IMG\robocam_2025_04_06_21_57_22_124.jpg;0;0;1;0.05862025;101.5035;82.33804;358.118;92.81241;0.01157419
C:\Mark's Python files\ME5920\HW3_Gardocki\DefinedTurns\IMG\robocam_2025_04_06_21_57_22_164.jpg;0;0;1;-0.02024237;101.5036;82.33812;358.1137;92.8089;0.05458925
C:\Mark's Python files\ME5920\HW3_Gardocki\DefinedTurns\IMG\robocam_2025_04_06_21_57_22_208.jpg;0;0;1;-0.05567121;101.5036;82.33823;358.3647;92.79739;-0.001719266
C:\Mark's Python files\ME5920\HW3_Gardocki\DefinedTurns\IMG\robocam_2025_04_06_21_57_22_250.jpg;0;0;1;-0.1217576;101.5036;82.33825;358.6743;92.806;0.01205165
C:\Mark's Python files\ME5920\HW3_Gardocki\DefinedTurns\IMG\robocam_2025_04_06_21_57_22_291.jpg;0;0;0;-0.1564328;101.5036;82.33814;359.0273;92.80508;0.0252462
C:\Mark's Python files\ME5920\HW3_Gardocki\DefinedTurns\IMG\robocam_2025_04_06_21_57_22_333.jpg;0;0;0;-0.1517659;101.5036;82.33799;359.369;92.80515;0.03899419
C:\Mark's Python files\ME5920\HW3_Gardocki\DefinedTurns\IMG\robocam_2025_04_06_21_57_22_375.jpg;0;0;0;-0.1462375;101.5036;82.33785;359.6994;92.80499;0.05150409
C:\Mark's Python files\ME5920\HW3_Gardocki\DefinedTurns\IMG\robocam_2025_04_06_21_57_22_416.jpg;1.22306;0;0;-0.1397565;101.5036;82.33773;0.01615333;92.85977;0.06272429
C:\Mark's Python files\ME5920\HW3_Gardocki\DefinedTurns\IMG\robocam_2025_04_06_21_57_22_458.jpg;3.171227;0;0;-0.1324259;101.5036;82.33762;0.3175602;93.12491;0.07093403
C:\Mark's Python files\ME5920\HW3_Gardocki\DefinedTurns\IMG\robocam_2025_04_06_21_57_22_500.jpg;5.061546;0;0;-0.1243561;101.5036;82.3375;0.601743;93.59641;0.07323056
C:\Mark's Python files\ME5920\HW3_Gardocki\DefinedTurns\IMG\robocam_2025_04_06_21_57_22_541.jpg;7.029531;0;0;-0.1100243;101.5037;82.33741;0.8482908;94.29584;0.047566
C:\Mark's Python files\ME5920\HW3_Gardocki\DefinedTurns\IMG\robocam_2025_04_06_21_57_22_583.jpg;8.44056;0;0;-0.0964153;101.5037;82.33733;1.064278;95.19174;0.004152297
C:\Mark's Python files\ME5920\HW3_Gardocki\DefinedTurns\IMG\robocam_2025_04_06_21_57_22_624.jpg;10.35759;0;0;-0.0748565;101.5037;82.33724;1.239796;96.32446;359.9809
C:\Mark's Python files\ME5920\HW3_Gardocki\DefinedTurns\IMG\robocam_2025_04_06_21_57_22_666.jpg;12.24191;0;0;-0.03796813;101.5033;82.33701;1.334349;98.38898;0.01641348
C:\Mark's Python files\ME5920\HW3_Gardocki\DefinedTurns\IMG\robocam_2025_04_06_21_57_22_708.jpg;14.12438;0;0;0.03524031;101.5036;82.33693;1.241945;100.061;0.02118145
C:\Mark's Python files\ME5920\HW3_Gardocki\DefinedTurns\IMG\robocam_2025_04_06_21_57_22_749.jpg;15;0;0;0.06044582;101.5036;82.33697;1.112512;101.8608;0.02986503
C:\Mark's Python files\ME5920\HW3_Gardocki\DefinedTurns\IMG\robocam_2025_04_06_21_57_22_791.jpg;15;0;0;0.06305626;101.5036;82.33702;0.9787877;103.6607;0.04263213
C:\Mark's Python files\ME5920\HW3_Gardocki\DefinedTurns\IMG\robocam_2025_04_06_21_57_22_834.jpg;15;0;0;0.06377483;101.5036;82.33707;0.8457316;105.4605;0.06299023
C:\Mark's Python files\ME5920\HW3_Gardocki\DefinedTurns\IMG\robocam_2025_04_06_21_57_22_875.jpg;15;0;0;0.06399877;101.5036;82.33712;0.7140886;107.2604;0.08961028
C:\Mark's Python files\ME5920\HW3_Gardocki\DefinedTurns\IMG\robocam_2025_04_06_21_57_22_917.jpg;15;0;0;0.06363343;101.5036;82.33717;0.5852087;109.0603;0.1217778
C:\Mark's Python files\ME5920\HW3_Gardocki\DefinedTurns\IMG\robocam_2025_04_06_21_57_22_959.jpg;15;0;0;0.06208174;101.5036;82.33723;0.4602859;110.8603;0.1586966
C:\Mark's Python files\ME5920\HW3_Gardocki\DefinedTurns\IMG\robocam_2025_04_06_21_57_22_999.jpg;15;0;0;0.06043991;101.5037;82.33729;0.3403641;112.6604;0.1995099
C:\Mark's Python files\ME5920\HW3_Gardocki\DefinedTurns\IMG\robocam_2025_04_06_21_57_23_040.jpg;15;0;0;0.05836241;101.5037;82.33734;0.2263405;114.4605;0.2433201
C:\Mark's Python files\ME5920\HW3_Gardocki\DefinedTurns\IMG\robocam_2025_04_06_21_57_23_081.jpg;15;0;0;0.05589675;101.5037;82.33739;0.1189608;116.2607;0.2892069
C:\Mark's Python files\ME5920\HW3_Gardocki\DefinedTurns\IMG\robocam_2025_04_06_21_57_23_124.jpg;15;0;0;0.05308865;101.5037;82.33744;0.01883028;118.061;0.3362467
C:\Mark's Python files\ME5920\HW3_Gardocki\DefinedTurns\IMG\robocam_2025_04_06_21_57_23_167.jpg;15;0;0;0.04998953;101.5037;82.33751;359.8832;120.7615;0.4069836
C:\Mark's Python files\ME5920\HW3_Gardocki\DefinedTurns\IMG\robocam_2025_04_06_21_57_23_208.jpg;15;0;0;0.04665243;101.5037;82.33755;359.8029;122.5619;0.4529865
C:\Mark's Python files\ME5920\HW3_Gardocki\DefinedTurns\IMG\robocam_2025_04_06_21_57_23_248.jpg;15;0;0;0.03933666;101.5037;82.33759;359.738;124.3621;0.4885419
C:\Mark's Python files\ME5920\HW3_Gardocki\DefinedTurns\IMG\robocam_2025_04_06_21_57_23_290.jpg;15;0;0;0.03169055;101.5036;82.33763;359.6857;126.1624;0.5155321
C:\Mark's Python files\ME5920\HW3_Gardocki\DefinedTurns\IMG\robocam_2025_04_06_21_57_23_336.jpg;15;0;0;0.02650036;101.5036;82.33766;359.6441;127.9627;0.5352183
C:\Mark's Python files\ME5920\HW3_Gardocki\DefinedTurns\IMG\robocam_2025_04_06_21_57_23_376.jpg;15;0;0;0.02212755;101.5036;82.33768;359.6118;129.7629;0.5478932
C:\Mark's Python files\ME5920\HW3_Gardocki\DefinedTurns\IMG\robocam_2025_04_06_21_57_23_420.jpg;15;0;0;0.01873701;101.5036;82.33769;359.5876;131.5631;0.5539663
C:\Mark's Python files\ME5920\HW3_Gardocki\DefinedTurns\IMG\robocam_2025_04_06_21_57_23_463.jpg;15;0;0;0.01645966;101.5036;82.33771;359.5705;133.3632;0.5538262
C:\Mark's Python files\ME5920\HW3_Gardocki\DefinedTurns\IMG\robocam_2025_04_06_21_57_23_505.jpg;15;0;0;0.01532024;101.5036;82.33772;359.5593;135.1633;0.5479966
C:\Mark's Python files\ME5920\HW3_Gardocki\DefinedTurns\IMG\robocam_2025_04_06_21_57_23_549.jpg;15;0;0;0.01515859;101.5036;82.33772;359.5519;137.8633;0.5293286
C:\Mark's Python files\ME5920\HW3_Gardocki\DefinedTurns\IMG\robocam_2025_04_06_21_57_23_591.jpg;15;0;0;0.0156675;101.5036;82.33771;359.5512;139.6632;0.5118085
C:\Mark's Python files\ME5920\HW3_Gardocki\DefinedTurns\IMG\robocam_2025_04_06_21_57_23_633.jpg;15;0;0;0.01716452;101.5036;82.3377;359.5536;141.4631;0.490353
C:\Mark's Python files\ME5920\HW3_Gardocki\DefinedTurns\IMG\robocam_2025_04_06_21_57_23_676.jpg;15;0;0;0.01805241;101.5035;82.33768;359.558;143.2631;0.4657686
C:\Mark's Python files\ME5920\HW3_Gardocki\DefinedTurns\IMG\robocam_2025_04_06_21_57_23_717.jpg;15;0;0;0.01891139;101.5035;82.33768;359.564;145.063;0.4384786
C:\Mark's Python files\ME5920\HW3_Gardocki\DefinedTurns\IMG\robocam_2025_04_06_21_57_23_761.jpg;15;0;0;0.01970744;101.5035;82.33766;359.5714;146.8628;0.4087642
C:\Mark's Python files\ME5920\HW3_Gardocki\DefinedTurns\IMG\robocam_2025_04_06_21_57_23_803.jpg;15;0;0;0.02040207;101.5035;82.33765;359.5798;148.6627;0.3769366
C:\Mark's Python files\ME5920\HW3_Gardocki\DefinedTurns\IMG\robocam_2025_04_06_21_57_23_844.jpg;15;0;0;0.02098677;101.5035;82.33763;359.5891;150.4625;0.3433338
C:\Mark's Python files\ME5920\HW3_Gardocki\DefinedTurns\IMG\robocam_2025_04_06_21_57_23_887.jpg;15;0;0;0.02144156;101.5035;82.3376;359.6041;153.1622;0.2903486
C:\Mark's Python files\ME5920\HW3_Gardocki\DefinedTurns\IMG\robocam_2025_04_06_21_57_23_931.jpg;15;0;0;-0.02175838;101.5035;82.33759;359.6146;154.9621;0.2538071
C:\Mark's Python files\ME5920\HW3_Gardocki\DefinedTurns\IMG\robocam_2025_04_06_21_57_23_973.jpg;15;0;0;-0.021935;101.5035;82.33756;359.6253;156.7619;0.2166888
C:\Mark's Python files\ME5920\HW3_Gardocki\DefinedTurns\IMG\robocam_2025_04_06_21_57_24_015.jpg;15;0;0;-0.02193842;101.5035;82.33755;359.636;158.5618;0.1793287
C:\Mark's Python files\ME5920\HW3_Gardocki\DefinedTurns\IMG\robocam_2025_04_06_21_57_24_057.jpg;15;0;0;-0.02177296;101.5035;82.33752;359.6468;160.3616;0.14205
C:\Mark's Python files\ME5920\HW3_Gardocki\DefinedTurns\IMG\robocam_2025_04_06_21_57_24_103.jpg;15;0;0;-0.02148211;101.5035;82.33751;359.6575;162.1615;0.1051604
C:\Mark's Python files\ME5920\HW3_Gardocki\DefinedTurns\IMG\robocam_2025_04_06_21_57_24_147.jpg;14.41409;0;0;-0.02107485;101.5035;82.33749;359.6732;164.8262;0.05099297
C:\Mark's Python files\ME5920\HW3_Gardocki\DefinedTurns\IMG\robocam_2025_04_06_21_57_24_188.jpg;12.55543;0;0;-0.02054144;101.5035;82.33746;359.6835;166.3721;0.01497686
C:\Mark's Python files\ME5920\HW3_Gardocki\DefinedTurns\IMG\robocam_2025_04_06_21_57_24_230.jpg;10.68427;0;0;-0.01988352;101.5035;82.33745;359.694;167.6927;359.9793
C:\Mark's Python files\ME5920\HW3_Gardocki\DefinedTurns\IMG\robocam_2025_04_06_21_57_24_273.jpg;8.802923;0;0;-0.01912346;101.5035;82.33743;359.7051;168.7945;359.9443
C:\Mark's Python files\ME5920\HW3_Gardocki\DefinedTurns\IMG\robocam_2025_04_06_21_57_24_314.jpg;6.925181;0;0;-0.0182836;101.5035;82.33742;359.7171;169.6985;359.9106
C:\Mark's Python files\ME5920\HW3_Gardocki\DefinedTurns\IMG\robocam_2025_04_06_21_57_24_354.jpg;5.034249;0;0;-0.01737849;101.5035;82.33739;359.7304;170.3781;359.8783
C:\Mark's Python files\ME5920\HW3_Gardocki\DefinedTurns\IMG\robocam_2025_04_06_21_57_24_396.jpg;3.1419;0;0;-0.01593789;101.5035;82.33738;359.7451;170.8448;359.8478
C:\Mark's Python files\ME5920\HW3_Gardocki\DefinedTurns\IMG\robocam_2025_04_06_21_57_24_438.jpg;1.30063;0;0;-0.01495208;101.5035;82.33737;359.7616;171.0838;359.8194
C:\Mark's Python files\ME5920\HW3_Gardocki\DefinedTurns\IMG\robocam_2025_04_06_21_57_24_482.jpg;0;0;0;-0.01397369;101.5035;82.33736;359.7797;171.1293;359.7934
C:\Mark's Python files\ME5920\HW3_Gardocki\DefinedTurns\IMG\robocam_2025_04_06_21_57_24_524.jpg;0;0;0;-0.01304068;101.5035;82.33734;359.799;171.1293;359.7708
C:\Mark's Python files\ME5920\HW3_Gardocki\DefinedTurns\IMG\robocam_2025_04_06_21_57_24_566.jpg;0;0;0;-0.01217674;101.5035;82.33733;359.8294;171.1293;359.7433
C:\Mark's Python files\ME5920\HW3_Gardocki\DefinedTurns\IMG\robocam_2025_04_06_21_57_24_610.jpg;0;0;0;-0.01104695;101.5035;82.33732;359.8503;171.1293;359.7293
C:\Mark's Python files\ME5920\HW3_Gardocki\DefinedTurns\IMG\robocam_2025_04_06_21_57_24_654.jpg;0;0;0;-0.01042424;101.5035;82.33732;359.8714;171.1293;359.7186
C:\Mark's Python files\ME5920\HW3_Gardocki\DefinedTurns\IMG\robocam_2025_04_06_21_57_24_696.jpg;0;0;0;0;101.5035;82.33731;359.8926;171.1293;359.7112
C:\Mark's Python files\ME5920\HW3_Gardocki\DefinedTurns\IMG\robocam_2025_04_06_21_57_24_738.jpg;0;0;0;0;101.5035;82.3373;359.9138;171.1293;359.7069
C:\Mark's Python files\ME5920\HW3_Gardocki\DefinedTurns\IMG\robocam_2025_04_06_21_57_24_780.jpg;0;0;0;0;101.5035;82.3373;359.9346;171.1293;359.7056
C:\Mark's Python files\ME5920\HW3_Gardocki\DefinedTurns\IMG\robocam_2025_04_06_21_57_24_822.jpg;0;0;0;0;101.5035;82.3373;359.955;171.1293;359.7071
C:\Mark's Python files\ME5920\HW3_Gardocki\DefinedTurns\IMG\robocam_2025_04_06_21_57_24_865.jpg;0;0.0632994;0;0;101.5035;82.3373;359.9762;171.1292;359.7114
C:\Mark's Python files\ME5920\HW3_Gardocki\DefinedTurns\IMG\robocam_2025_04_06_21_57_24_908.jpg;0;0;0.1885074;-0.01398892;101.5027;82.3374;0.0233018;171.0197;359.7227
C:\Mark's Python files\ME5920\HW3_Gardocki\DefinedTurns\IMG\robocam_2025_04_06_21_57_24_949.jpg;0;0;0.3167646;0;101.5027;82.33739;0.03985418;171.0194;359.7328
C:\Mark's Python files\ME5920\HW3_Gardocki\DefinedTurns\IMG\robocam_2025_04_06_21_57_24_989.jpg;0;0;0.444609;0;101.5027;82.33739;0.05524477;171.0195;359.7448
C:\Mark's Python files\ME5920\HW3_Gardocki\DefinedTurns\IMG\robocam_2025_04_06_21_57_25_033.jpg;0;0;0.5726346;0;101.5027;82.33739;0.06940387;171.0195;359.7585
C:\Mark's Python files\ME5920\HW3_Gardocki\DefinedTurns\IMG\robocam_2025_04_06_21_57_25_074.jpg;0;0;0.6978145;0;101.5027;82.33738;0.08226912;171.0195;359.7735
C:\Mark's Python files\ME5920\HW3_Gardocki\DefinedTurns\IMG\robocam_2025_04_06_21_57_25_116.jpg;0;0;0.8210704;0;101.5027;82.33739;0.09379254;171.0195;359.7897
C:\Mark's Python files\ME5920\HW3_Gardocki\DefinedTurns\IMG\robocam_2025_04_06_21_57_25_158.jpg;0;0;0.9491824;0;101.5027;82.33739;0.1039404;171.0196;359.8069
C:\Mark's Python files\ME5920\HW3_Gardocki\DefinedTurns\IMG\robocam_2025_04_06_21_57_25_202.jpg;0;0;1;0;101.5027;82.33739;0.112692;171.0195;359.8248
C:\Mark's Python files\ME5920\HW3_Gardocki\DefinedTurns\IMG\robocam_2025_04_06_21_57_25_244.jpg;0;0;1;0;101.5027;82.33739;0.1200401;171.0195;359.8433
C:\Mark's Python files\ME5920\HW3_Gardocki\DefinedTurns\IMG\robocam_2025_04_06_21_57_25_286.jpg;0;0;1;0;101.5027;82.3374;0.1284463;171.0195;359.8715
C:\Mark's Python files\ME5920\HW3_Gardocki\DefinedTurns\IMG\robocam_2025_04_06_21_57_25_327.jpg;0;0;1;0;101.5027;82.33741;0.1323351;171.0195;359.8905
C:\Mark's Python files\ME5920\HW3_Gardocki\DefinedTurns\IMG\robocam_2025_04_06_21_57_25_369.jpg;0;0;1;0;101.5027;82.33741;0.1348889;171.0194;359.9093
C:\Mark's Python files\ME5920\HW3_Gardocki\DefinedTurns\IMG\robocam_2025_04_06_21_57_25_414.jpg;0;0;1;0;101.5027;82.33742;0.1361518;171.0194;359.9278
C:\Mark's Python files\ME5920\HW3_Gardocki\DefinedTurns\IMG\robocam_2025_04_06_21_57_25_454.jpg;0;0;1;0;101.5028;82.33743;0.1361754;171.0193;359.9459
C:\Mark's Python files\ME5920\HW3_Gardocki\DefinedTurns\IMG\robocam_2025_04_06_21_57_25_494.jpg;0;0;1;0;101.5028;82.33744;0.1350215;171.0193;359.9634
C:\Mark's Python files\ME5920\HW3_Gardocki\DefinedTurns\IMG\robocam_2025_04_06_21_57_25_534.jpg;0;0;1;0;101.5028;82.33745;0.1327569;171.0192;359.9802
C:\Mark's Python files\ME5920\HW3_Gardocki\DefinedTurns\IMG\robocam_2025_04_06_21_57_25_576.jpg;0;0;1;0;101.5028;82.33746;0.1294564;171.0192;-0.003868551
C:\Mark's Python files\ME5920\HW3_Gardocki\DefinedTurns\IMG\robocam_2025_04_06_21_57_25_619.jpg;0;0;1;0;101.5028;82.33747;0.1251992;171.0192;0.01116378
C:\Mark's Python files\ME5920\HW3_Gardocki\DefinedTurns\IMG\robocam_2025_04_06_21_57_25_659.jpg;0;0;1;0;101.5028;82.33749;0.120069;171.0191;0.02519059
C:\Mark's Python files\ME5920\HW3_Gardocki\DefinedTurns\IMG\robocam_2025_04_06_21_57_25_701.jpg;0;0;1;0;101.5028;82.3375;0.1141531;171.0191;0.03814204
C:\Mark's Python files\ME5920\HW3_Gardocki\DefinedTurns\IMG\robocam_2025_04_06_21_57_25_745.jpg;0;0;1;0;101.5028;82.33752;0.1075416;171.0191;0.04996454
C:\Mark's Python files\ME5920\HW3_Gardocki\DefinedTurns\IMG\robocam_2025_04_06_21_57_25_786.jpg;0;0;1;0;101.5028;82.33752;0.09651956;171.0191;0.06549434
C:\Mark's Python files\ME5920\HW3_Gardocki\DefinedTurns\IMG\robocam_2025_04_06_21_57_25_828.jpg;0;0;0;0;101.5027;82.33755;0.08856937;171.0191;0.0743423
C:\Mark's Python files\ME5920\HW3_Gardocki\DefinedTurns\IMG\robocam_2025_04_06_21_57_25_871.jpg;0;0;0;0;101.5027;82.33755;0.08024448;171.0191;0.08197404
C:\Mark's Python files\ME5920\HW3_Gardocki\DefinedTurns\IMG\robocam_2025_04_06_21_57_25_913.jpg;0;0;0;0;101.5027;82.33757;0.07163573;171.0191;0.0884404
C:\Mark's Python files\ME5920\HW3_Gardocki\DefinedTurns\IMG\robocam_2025_04_06_21_57_25_956.jpg;0;0.0276528;0;0;101.5027;82.33756;0.06283119;171.0191;0.09382715
C:\Mark's Python files\ME5920\HW3_Gardocki\DefinedTurns\IMG\robocam_2025_04_06_21_57_25_997.jpg;0;0.1507392;0;0.01211938;101.5021;82.33768;0.06916187;171.0476;0.09786379
C:\Mark's Python files\ME5920\HW3_Gardocki\DefinedTurns\IMG\robocam_2025_04_06_21_57_26_040.jpg;0;0.2783157;0;0.01330794;101.502;82.3377;0.06108911;171.0153;0.1008486
C:\Mark's Python files\ME5920\HW3_Gardocki\DefinedTurns\IMG\robocam_2025_04_06_21_57_26_081.jpg;0;0.4070172;0;0.02680475;101.5008;82.33789;0.07793826;171.087;0.1026887
C:\Mark's Python files\ME5920\HW3_Gardocki\DefinedTurns\IMG\robocam_2025_04_06_21_57_26_124.jpg;0;0.5357208;0;0.03690413;101.4988;82.33822;0.1120107;171.0292;0.1034831
C:\Mark's Python files\ME5920\HW3_Gardocki\DefinedTurns\IMG\robocam_2025_04_06_21_57_26_165.jpg;0;0.661605;0;0.05405857;101.4961;82.33865;0.1585524;171.0738;0.1032454
C:\Mark's Python files\ME5920\HW3_Gardocki\DefinedTurns\IMG\robocam_2025_04_06_21_57_26_207.jpg;0;0.7884117;0;0.0892619;101.489;82.33976;0.2876115;171.3311;0.09985956
C:\Mark's Python files\ME5920\HW3_Gardocki\DefinedTurns\IMG\robocam_2025_04_06_21_57_26_247.jpg;0;0.8809755;0;0.1097524;101.4819;82.34103;0.4081652;171.3222;0.08393162
C:\Mark's Python files\ME5920\HW3_Gardocki\DefinedTurns\IMG\robocam_2025_04_06_21_57_26_288.jpg;0;1;0;0.13504;101.4747;82.34221;0.5180071;171.3578;0.06498743
C:\Mark's Python files\ME5920\HW3_Gardocki\DefinedTurns\IMG\robocam_2025_04_06_21_57_26_331.jpg;0;1;0;0.1742635;101.4654;82.34377;0.6591781;171.2758;0.03967839
C:\Mark's Python files\ME5920\HW3_Gardocki\DefinedTurns\IMG\robocam_2025_04_06_21_57_26_374.jpg;0;1;0;0.206851;101.454;82.34564;0.8248897;171.2602;0.006322288
C:\Mark's Python files\ME5920\HW3_Gardocki\DefinedTurns\IMG\robocam_2025_04_06_21_57_26_417.jpg;0;1;0;0.2453227;101.4411;82.3475;0.9976264;171.2837;359.9799
C:\Mark's Python files\ME5920\HW3_Gardocki\DefinedTurns\IMG\robocam_2025_04_06_21_57_26_459.jpg;0;1;0;0.2801906;101.4277;82.34931;1.153229;171.2502;359.9733
C:\Mark's Python files\ME5920\HW3_Gardocki\DefinedTurns\IMG\robocam_2025_04_06_21_57_26_501.jpg;0;1;0;0.331734;101.4123;82.35108;1.301835;171.1786;0.0008255454
C:\Mark's Python files\ME5920\HW3_Gardocki\DefinedTurns\IMG\robocam_2025_04_06_21_57_26_545.jpg;0;1;0;0.3571969;101.3987;82.35366;1.316489;171.1366;-0.003065537
C:\Mark's Python files\ME5920\HW3_Gardocki\DefinedTurns\IMG\robocam_2025_04_06_21_57_26_587.jpg;0;1;0;0.3859223;101.3771;82.35724;1.200189;171.1739;-0.0001238244
C:\Mark's Python files\ME5920\HW3_Gardocki\DefinedTurns\IMG\robocam_2025_04_06_21_57_26_630.jpg;0;1;0;0.445357;101.3604;82.35994;1.143262;171.1808;-0.0006390701
C:\Mark's Python files\ME5920\HW3_Gardocki\DefinedTurns\IMG\robocam_2025_04_06_21_57_26_671.jpg;0;1;0;0.4710273;101.3416;82.36295;1.123524;171.1273;0.0002940749
C:\Mark's Python files\ME5920\HW3_Gardocki\DefinedTurns\IMG\robocam_2025_04_06_21_57_26_715.jpg;0;1;0;0.4986238;101.3213;82.36623;1.125071;170.9238;0.001751214
C:\Mark's Python files\ME5920\HW3_Gardocki\DefinedTurns\IMG\robocam_2025_04_06_21_57_26_757.jpg;0;1;0;0.5239499;101.2997;82.36977;1.142103;170.7922;0.0004466124
C:\Mark's Python files\ME5920\HW3_Gardocki\DefinedTurns\IMG\robocam_2025_04_06_21_57_26_798.jpg;0;1;0;0.5843163;101.2764;82.3736;1.180568;170.7015;0.0005954735
C:\Mark's Python files\ME5920\HW3_Gardocki\DefinedTurns\IMG\robocam_2025_04_06_21_57_26_839.jpg;0;1;0;0.6046029;101.2527;82.37754;1.201347;170.6093;-0.0004624734
C:\Mark's Python files\ME5920\HW3_Gardocki\DefinedTurns\IMG\robocam_2025_04_06_21_57_26_881.jpg;0;1;0;0.6419826;101.2274;82.38177;1.225756;170.555;-0.000569117
C:\Mark's Python files\ME5920\HW3_Gardocki\DefinedTurns\IMG\robocam_2025_04_06_21_57_26_923.jpg;0;1;0;0.6705176;101.2015;82.38615;1.226289;170.5649;-0.001537678
C:\Mark's Python files\ME5920\HW3_Gardocki\DefinedTurns\IMG\robocam_2025_04_06_21_57_26_965.jpg;0;1;0;0.7045971;101.1741;82.39081;1.223889;170.5367;-0.001059775
C:\Mark's Python files\ME5920\HW3_Gardocki\DefinedTurns\IMG\robocam_2025_04_06_21_57_27_008.jpg;0;1;0;0.7324302;101.131;82.39813;1.204712;170.4873;-8.913231E-06
C:\Mark's Python files\ME5920\HW3_Gardocki\DefinedTurns\IMG\robocam_2025_04_06_21_57_27_050.jpg;0;1;0;0.7766402;101.1002;82.40344;1.198684;170.5063;-0.001118315
C:\Mark's Python files\ME5920\HW3_Gardocki\DefinedTurns\IMG\robocam_2025_04_06_21_57_27_093.jpg;0;1;0;0.8046311;101.0682;82.40894;1.192763;170.4975;7.103868E-05
C:\Mark's Python files\ME5920\HW3_Gardocki\DefinedTurns\IMG\robocam_2025_04_06_21_57_27_135.jpg;0;1;0;0.8602508;101.0344;82.41477;1.207246;170.4958;-0.0007295514
C:\Mark's Python files\ME5920\HW3_Gardocki\DefinedTurns\IMG\robocam_2025_04_06_21_57_27_179.jpg;0;1;0;0.8900403;100.9992;82.42081;1.2202;170.52;-0.001237132
C:\Mark's Python files\ME5920\HW3_Gardocki\DefinedTurns\IMG\robocam_2025_04_06_21_57_27_220.jpg;0;1;0;0.9261441;100.9629;82.42702;1.225625;170.5558;-0.0009996241
C:\Mark's Python files\ME5920\HW3_Gardocki\DefinedTurns\IMG\robocam_2025_04_06_21_57_27_263.jpg;0;1;0;0.9589661;100.9252;82.43346;1.229865;170.5571;-0.0008558918
C:\Mark's Python files\ME5920\HW3_Gardocki\DefinedTurns\IMG\robocam_2025_04_06_21_57_27_305.jpg;0;1;0;0.9915266;100.8664;82.4435;1.226354;170.5509;-0.000872543
C:\Mark's Python files\ME5920\HW3_Gardocki\DefinedTurns\IMG\robocam_2025_04_06_21_57_27_349.jpg;0;1;0;1.023683;100.8258;82.45042;1.216646;170.5459;-0.0008348053
C:\Mark's Python files\ME5920\HW3_Gardocki\DefinedTurns\IMG\robocam_2025_04_06_21_57_27_393.jpg;0;1;0;1.050323;100.784;82.45752;1.210367;170.5601;-0.0003287228
C:\Mark's Python files\ME5920\HW3_Gardocki\DefinedTurns\IMG\robocam_2025_04_06_21_57_27_435.jpg;0;1;0;1.086257;100.7407;82.4649;1.220915;170.5938;-0.001248767
C:\Mark's Python files\ME5920\HW3_Gardocki\DefinedTurns\IMG\robocam_2025_04_06_21_57_27_476.jpg;0;1;0;1.119333;100.6961;82.47249;1.229127;170.604;-0.0009706971
C:\Mark's Python files\ME5920\HW3_Gardocki\DefinedTurns\IMG\robocam_2025_04_06_21_57_27_519.jpg;0;1;0;1.16163;100.6507;82.48021;1.225933;170.6108;-0.0008296843
C:\Mark's Python files\ME5920\HW3_Gardocki\DefinedTurns\IMG\robocam_2025_04_06_21_57_27_561.jpg;0;1;0;1.197315;100.6039;82.48815;1.223757;170.5914;-0.000561591
C:\Mark's Python files\ME5920\HW3_Gardocki\DefinedTurns\IMG\robocam_2025_04_06_21_57_27_603.jpg;0;1;0;1.225487;100.5557;82.49631;1.226811;170.5792;-0.0008159143
C:\Mark's Python files\ME5920\HW3_Gardocki\DefinedTurns\IMG\robocam_2025_04_06_21_57_27_644.jpg;0;1;0;1.260416;100.5063;82.50469;1.230666;170.5593;-0.0005997009
C:\Mark's Python files\ME5920\HW3_Gardocki\DefinedTurns\IMG\robocam_2025_04_06_21_57_27_686.jpg;0;1;0;1.289619;100.43;82.51767;1.232213;170.5428;-0.0009201538
C:\Mark's Python files\ME5920\HW3_Gardocki\DefinedTurns\IMG\robocam_2025_04_06_21_57_27_727.jpg;0;1;0;1.323515;100.3774;82.52663;1.236621;170.5213;-0.0007710305
C:\Mark's Python files\ME5920\HW3_Gardocki\DefinedTurns\IMG\robocam_2025_04_06_21_57_27_768.jpg;0;1;0;1.352857;100.3237;82.5358;1.239291;170.5059;-0.0007707643
C:\Mark's Python files\ME5920\HW3_Gardocki\DefinedTurns\IMG\robocam_2025_04_06_21_57_27_811.jpg;0;1;0;1.384868;100.2687;82.5452;1.239729;170.497;-0.0009007819
C:\Mark's Python files\ME5920\HW3_Gardocki\DefinedTurns\IMG\robocam_2025_04_06_21_57_27_854.jpg;0;1;0;1.417545;100.2125;82.55484;1.243306;170.4833;-0.0008783129
C:\Mark's Python files\ME5920\HW3_Gardocki\DefinedTurns\IMG\robocam_2025_04_06_21_57_27_896.jpg;0;1;0;1.448737;100.155;82.56471;1.248153;170.4727;-0.000923095
C:\Mark's Python files\ME5920\HW3_Gardocki\DefinedTurns\IMG\robocam_2025_04_06_21_57_27_937.jpg;0;1;0;1.495765;100.0963;82.57479;1.250777;170.4635;-0.0009100194
C:\Mark's Python files\ME5920\HW3_Gardocki\DefinedTurns\IMG\robocam_2025_04_06_21_57_27_980.jpg;0;1;0;1.525935;100.0364;82.58508;1.25045;170.4581;-0.0009612046
C:\Mark's Python files\ME5920\HW3_Gardocki\DefinedTurns\IMG\robocam_2025_04_06_21_57_28_023.jpg;0;1;0;1.557783;99.97517;82.59563;1.255762;170.4474;-0.000941992
C:\Mark's Python files\ME5920\HW3_Gardocki\DefinedTurns\IMG\robocam_2025_04_06_21_57_28_067.jpg;0;1;0;1.587988;99.88116;82.61183;1.258879;170.4374;-0.0009475439
C:\Mark's Python files\ME5920\HW3_Gardocki\DefinedTurns\IMG\robocam_2025_04_06_21_57_28_110.jpg;0;1;0;1.618969;99.81696;82.6229;1.261096;170.4297;-0.0009679869
C:\Mark's Python files\ME5920\HW3_Gardocki\DefinedTurns\IMG\robocam_2025_04_06_21_57_28_153.jpg;0;1;0;1.649788;99.75153;82.63419;1.263478;170.4223;-0.0009801569
C:\Mark's Python files\ME5920\HW3_Gardocki\DefinedTurns\IMG\robocam_2025_04_06_21_57_28_193.jpg;0;1;0;1.681154;99.68485;82.64571;1.268592;170.4159;-0.001028889
C:\Mark's Python files\ME5920\HW3_Gardocki\DefinedTurns\IMG\robocam_2025_04_06_21_57_28_234.jpg;0;1;0;1.711217;99.61703;82.65743;1.269825;170.4081;-0.0010069
C:\Mark's Python files\ME5920\HW3_Gardocki\DefinedTurns\IMG\robocam_2025_04_06_21_57_28_275.jpg;0;1;0;1.757039;99.54797;82.66939;1.273383;170.4016;-0.001053657
C:\Mark's Python files\ME5920\HW3_Gardocki\DefinedTurns\IMG\robocam_2025_04_06_21_57_28_317.jpg;0;1;0;1.787576;99.47774;82.68155;1.275722;170.3945;-0.001057874
C:\Mark's Python files\ME5920\HW3_Gardocki\DefinedTurns\IMG\robocam_2025_04_06_21_57_28_360.jpg;0;0.9431692;0;1.817854;99.40632;82.69393;1.27669;170.3872;-0.001052751
C:\Mark's Python files\ME5920\HW3_Gardocki\DefinedTurns\IMG\robocam_2025_04_06_21_57_28_401.jpg;0;0.8136938;0;1.845276;99.33381;82.70651;1.277081;170.3792;-0.001035511
C:\Mark's Python files\ME5920\HW3_Gardocki\DefinedTurns\IMG\robocam_2025_04_06_21_57_28_443.jpg;0;0.6914276;0;1.868223;99.26035;82.71925;1.277933;170.3739;-0.0006416637
C:\Mark's Python files\ME5920\HW3_Gardocki\DefinedTurns\IMG\robocam_2025_04_06_21_57_28_484.jpg;0;0.5640594;0;1.886257;99.18618;82.73215;1.276224;170.3678;-0.0006165241
C:\Mark's Python files\ME5920\HW3_Gardocki\DefinedTurns\IMG\robocam_2025_04_06_21_57_28_531.jpg;0;0.4378551;0;1.899881;99.07394;82.75168;1.269879;170.357;-0.0005140446
C:\Mark's Python files\ME5920\HW3_Gardocki\DefinedTurns\IMG\robocam_2025_04_06_21_57_28_575.jpg;0;0.3103767;0;1.90976;98.99883;82.76476;1.255932;170.3492;-0.0004769472
C:\Mark's Python files\ME5920\HW3_Gardocki\DefinedTurns\IMG\robocam_2025_04_06_21_57_28_617.jpg;0;0.1818879;0;1.915831;98.92371;82.77785;1.22999;170.3413;-0.0004329096
C:\Mark's Python files\ME5920\HW3_Gardocki\DefinedTurns\IMG\robocam_2025_04_06_21_57_28_660.jpg;0;0.0517719;0;1.917501;98.84882;82.79092;1.188938;170.3335;-0.0003880703
C:\Mark's Python files\ME5920\HW3_Gardocki\DefinedTurns\IMG\robocam_2025_04_06_21_57_28_703.jpg;0;0;0;1.914406;98.77431;82.80391;1.130863;170.3259;-0.0003249241
C:\Mark's Python files\ME5920\HW3_Gardocki\DefinedTurns\IMG\robocam_2025_04_06_21_57_28_745.jpg;0;0;0;1.91051;98.70023;82.81684;1.057155;170.3184;-0.0002597515
C:\Mark's Python files\ME5920\HW3_Gardocki\DefinedTurns\IMG\robocam_2025_04_06_21_57_28_787.jpg;0;0;0;1.906574;98.58981;82.83613;0.9232753;170.3077;-6.569573E-05
C:\Mark's Python files\ME5920\HW3_Gardocki\DefinedTurns\IMG\robocam_2025_04_06_21_57_28_834.jpg;0;0;0;1.900621;98.5166;82.84891;0.8224695;170.3009;0.0004512392
C:\Mark's Python files\ME5920\HW3_Gardocki\DefinedTurns\IMG\robocam_2025_04_06_21_57_28_876.jpg;0;0;0;1.896622;98.44366;82.8616;0.7151004;170.2955;0.003562541
C:\Mark's Python files\ME5920\HW3_Gardocki\DefinedTurns\IMG\robocam_2025_04_06_21_57_28_918.jpg;0;0;0;1.892593;98.37094;82.87421;0.6033646;170.2917;0.00971368
C:\Mark's Python files\ME5920\HW3_Gardocki\DefinedTurns\IMG\robocam_2025_04_06_21_57_28_959.jpg;0;0;0;1.888536;98.29842;82.88672;0.4892789;170.2896;0.0188427
C:\Mark's Python files\ME5920\HW3_Gardocki\DefinedTurns\IMG\robocam_2025_04_06_21_57_29_000.jpg;0;0;0;1.884451;98.22606;82.89914;0.3746779;170.2892;0.030849
C:\Mark's Python files\ME5920\HW3_Gardocki\DefinedTurns\IMG\robocam_2025_04_06_21_57_29_043.jpg;0;0;0;1.880336;98.15388;82.91151;0.258587;170.2893;0.04270506
C:\Mark's Python files\ME5920\HW3_Gardocki\DefinedTurns\IMG\robocam_2025_04_06_21_57_29_084.jpg;0;0;0;1.876183;98.08188;82.92386;0.1420035;170.2894;0.05347705
C:\Mark's Python files\ME5920\HW3_Gardocki\DefinedTurns\IMG\robocam_2025_04_06_21_57_29_127.jpg;0;0;0;1.871998;97.97414;82.94233;359.9699;170.2895;0.06747662
C:\Mark's Python files\ME5920\HW3_Gardocki\DefinedTurns\IMG\robocam_2025_04_06_21_57_29_169.jpg;0;0;0;1.867785;97.90244;82.95463;359.8592;170.2896;0.07534456
C:\Mark's Python files\ME5920\HW3_Gardocki\DefinedTurns\IMG\robocam_2025_04_06_21_57_29_211.jpg;0;0;0;1.861161;97.8307;82.96709;359.7636;170.2853;0.07094183
C:\Mark's Python files\ME5920\HW3_Gardocki\DefinedTurns\IMG\robocam_2025_04_06_21_57_29_254.jpg;0;0;0.068943;1.854067;97.75898;82.97954;359.6797;170.2803;0.0597001
C:\Mark's Python files\ME5920\HW3_Gardocki\DefinedTurns\IMG\robocam_2025_04_06_21_57_29_296.jpg;0;0;0.1915632;1.832958;97.68806;82.99187;359.5892;170.275;0.04306919
C:\Mark's Python files\ME5920\HW3_Gardocki\DefinedTurns\IMG\robocam_2025_04_06_21_57_29_337.jpg;0;0;0.3164355;1.795192;97.61899;83.00375;359.4666;170.2724;0.02818653
C:\Mark's Python files\ME5920\HW3_Gardocki\DefinedTurns\IMG\robocam_2025_04_06_21_57_29_378.jpg;0;0;0.4417603;1.742262;97.55246;83.01547;359.3115;170.2628;359.9936
C:\Mark's Python files\ME5920\HW3_Gardocki\DefinedTurns\IMG\robocam_2025_04_06_21_57_29_422.jpg;0;0;0.571312;1.673133;97.48925;83.02598;359.1067;170.2706;-0.004832439
C:\Mark's Python files\ME5920\HW3_Gardocki\DefinedTurns\IMG\robocam_2025_04_06_21_57_29_466.jpg;0;0;0.6950821;1.590885;97.40218;83.04074;358.7062;170.2786;-0.002868717
C:\Mark's Python files\ME5920\HW3_Gardocki\DefinedTurns\IMG\robocam_2025_04_06_21_57_29_507.jpg;0;0;0.820399;1.519176;97.34683;83.05026;358.4937;170.2831;359.9937
C:\Mark's Python files\ME5920\HW3_Gardocki\DefinedTurns\IMG\robocam_2025_04_06_21_57_29_548.jpg;0;0;0.9465567;1.455368;97.2924;83.05961;358.3826;170.2968;359.9938
C:\Mark's Python files\ME5920\HW3_Gardocki\DefinedTurns\IMG\robocam_2025_04_06_21_57_29_589.jpg;0;0;1;1.327214;97.23938;83.06873;358.3625;170.3134;359.9941
C:\Mark's Python files\ME5920\HW3_Gardocki\DefinedTurns\IMG\robocam_2025_04_06_21_57_29_630.jpg;0;0;1;1.249522;97.18789;83.07758;358.4315;170.3276;359.994
C:\Mark's Python files\ME5920\HW3_Gardocki\DefinedTurns\IMG\robocam_2025_04_06_21_57_29_672.jpg;0;0;1;1.173226;97.13786;83.08617;358.5899;170.3392;359.994
C:\Mark's Python files\ME5920\HW3_Gardocki\DefinedTurns\IMG\robocam_2025_04_06_21_57_29_713.jpg;0;0;1;1.043354;97.09185;83.09407;358.75;170.3494;-0.003887783
C:\Mark's Python files\ME5920\HW3_Gardocki\DefinedTurns\IMG\robocam_2025_04_06_21_57_29_754.jpg;0;0;1;0.9050856;97.05383;83.10071;358.7789;170.3369;-0.003119276
C:\Mark's Python files\ME5920\HW3_Gardocki\DefinedTurns\IMG\robocam_2025_04_06_21_57_29_796.jpg;0;0;1;0.7712531;97.02393;83.106;358.6719;170.3295;-0.003083058
C:\Mark's Python files\ME5920\HW3_Gardocki\DefinedTurns\IMG\robocam_2025_04_06_21_57_29_836.jpg;0;0;1;0.6256299;97.00038;83.11031;358.5109;170.2952;359.9927
C:\Mark's Python files\ME5920\HW3_Gardocki\DefinedTurns\IMG\robocam_2025_04_06_21_57_29_877.jpg;0;0;1;0.4866877;96.98297;83.11368;358.3243;170.2667;359.9921
C:\Mark's Python files\ME5920\HW3_Gardocki\DefinedTurns\IMG\robocam_2025_04_06_21_57_29_923.jpg;0;0;0;0.4701092;96.96552;83.11708;358.2619;170.2516;359.9938
C:\Mark's Python files\ME5920\HW3_Gardocki\DefinedTurns\IMG\robocam_2025_04_06_21_57_29_964.jpg;0;0;0.0841101;0.4504674;96.94555;83.12093;358.3764;170.2393;359.994
C:\Mark's Python files\ME5920\HW3_Gardocki\DefinedTurns\IMG\robocam_2025_04_06_21_57_30_007.jpg;0;0;0.212682;0.3999675;96.91613;83.12746;358.7509;169.8456;359.9864
C:\Mark's Python files\ME5920\HW3_Gardocki\DefinedTurns\IMG\robocam_2025_04_06_21_57_30_050.jpg;0;0;0.3376614;0.1864944;96.9081;83.12899;358.8179;169.822;0.01686866
C:\Mark's Python files\ME5920\HW3_Gardocki\DefinedTurns\IMG\robocam_2025_04_06_21_57_30_091.jpg;0;0;0.4628985;0.04890784;96.90798;83.12901;358.732;169.8219;0.02890539
C:\Mark's Python files\ME5920\HW3_Gardocki\DefinedTurns\IMG\robocam_2025_04_06_21_57_30_132.jpg;0;0;0.5874647;0.02636806;96.90795;83.12902;358.6946;169.822;0.01639137
C:\Mark's Python files\ME5920\HW3_Gardocki\DefinedTurns\IMG\robocam_2025_04_06_21_57_30_173.jpg;0;0;0.7114406;0;96.90795;83.12901;358.7215;169.8233;0.008485206
C:\Mark's Python files\ME5920\HW3_Gardocki\DefinedTurns\IMG\robocam_2025_04_06_21_57_30_216.jpg;0;0;0.8371064;-0.03184067;96.90798;83.12901;358.8009;169.8229;0.005532437
C:\Mark's Python files\ME5920\HW3_Gardocki\DefinedTurns\IMG\robocam_2025_04_06_21_57_30_256.jpg;0;0;0.9647204;-0.04579563;96.90803;83.129;358.9052;169.8234;0.001048465
C:\Mark's Python files\ME5920\HW3_Gardocki\DefinedTurns\IMG\robocam_2025_04_06_21_57_30_297.jpg;0;0;1;-0.04785131;96.90807;83.129;359.0113;169.8234;0.003353589
C:\Mark's Python files\ME5920\HW3_Gardocki\DefinedTurns\IMG\robocam_2025_04_06_21_57_30_338.jpg;0;0;1;-0.04918613;96.90812;83.12899;359.1206;169.8235;0.005613689
C:\Mark's Python files\ME5920\HW3_Gardocki\DefinedTurns\IMG\robocam_2025_04_06_21_57_30_379.jpg;0;0;1;-0.05003691;96.90817;83.12897;359.2321;169.8235;0.007682304
C:\Mark's Python files\ME5920\HW3_Gardocki\DefinedTurns\IMG\robocam_2025_04_06_21_57_30_420.jpg;0;0;1;-0.05041791;96.90821;83.12897;359.3448;169.8235;0.009551469
C:\Mark's Python files\ME5920\HW3_Gardocki\DefinedTurns\IMG\robocam_2025_04_06_21_57_30_463.jpg;0;0;1;-0.05034743;96.90826;83.12897;359.4576;169.8235;0.01121527
C:\Mark's Python files\ME5920\HW3_Gardocki\DefinedTurns\IMG\robocam_2025_04_06_21_57_30_503.jpg;0;0;0;-0.04984767;96.9083;83.12897;359.5695;169.8235;0.01267047
C:\Mark's Python files\ME5920\HW3_Gardocki\DefinedTurns\IMG\robocam_2025_04_06_21_57_30_546.jpg;0;0;0;-0.0489432;96.90837;83.12897;359.7338;169.8235;0.01446016
C:\Mark's Python files\ME5920\HW3_Gardocki\DefinedTurns\IMG\robocam_2025_04_06_21_57_30_587.jpg;0.9546525;0;0;-0.04766114;96.90842;83.12896;359.8398;169.8808;0.01554815
C:\Mark's Python files\ME5920\HW3_Gardocki\DefinedTurns\IMG\robocam_2025_04_06_21_57_30_628.jpg;2.859349;0;0;-0.04603047;96.90845;83.12895;359.942;170.1669;0.01643237
C:\Mark's Python files\ME5920\HW3_Gardocki\DefinedTurns\IMG\robocam_2025_04_06_21_57_30_670.jpg;4.798215;0;0;-0.04300361;96.90849;83.12895;0.03976633;170.653;0.01599865
C:\Mark's Python files\ME5920\HW3_Gardocki\DefinedTurns\IMG\robocam_2025_04_06_21_57_30_711.jpg;6.678585;0;0;-0.04064595;96.90852;83.12894;0.1324161;171.3614;0.01337266
C:\Mark's Python files\ME5920\HW3_Gardocki\DefinedTurns\IMG\robocam_2025_04_06_21_57_30_753.jpg;8.123931;0;0;-0.03937833;96.90855;83.12894;0.2193243;172.2949;0.007790435
C:\Mark's Python files\ME5920\HW3_Gardocki\DefinedTurns\IMG\robocam_2025_04_06_21_57_30_796.jpg;10.10802;0;0;-0.03668132;96.90859;83.12893;0.2998914;173.4275;-0.001188056
C:\Mark's Python files\ME5920\HW3_Gardocki\DefinedTurns\IMG\robocam_2025_04_06_21_57_30_840.jpg;12.05916;0;0;-0.03229975;96.90862;83.12893;0.3735644;174.7568;359.9862
C:\Mark's Python files\ME5920\HW3_Gardocki\DefinedTurns\IMG\robocam_2025_04_06_21_57_30_883.jpg;14.04118;0;0;-0.02919966;96.90865;83.12892;0.4398167;176.3219;359.9695
C:\Mark's Python files\ME5920\HW3_Gardocki\DefinedTurns\IMG\robocam_2025_04_06_21_57_30_925.jpg;15;0;0;-0.0259944;96.90868;83.12891;0.4981843;178.0943;359.949
C:\Mark's Python files\ME5920\HW3_Gardocki\DefinedTurns\IMG\robocam_2025_04_06_21_57_30_968.jpg;15;0;0;-0.02103855;96.90871;83.12891;0.5646874;180.7945;359.9214
C:\Mark's Python files\ME5920\HW3_Gardocki\DefinedTurns\IMG\robocam_2025_04_06_21_57_31_010.jpg;15;0;0;-0.01629745;96.90873;83.12891;0.5951833;182.5946;359.9071
C:\Mark's Python files\ME5920\HW3_Gardocki\DefinedTurns\IMG\robocam_2025_04_06_21_57_31_053.jpg;15;0;0;-0.01253767;96.90874;83.12891;0.6166028;184.3948;359.8951
C:\Mark's Python files\ME5920\HW3_Gardocki\DefinedTurns\IMG\robocam_2025_04_06_21_57_31_095.jpg;15;0;0;0;96.90875;83.12891;0.629818;186.1948;359.8855
C:\Mark's Python files\ME5920\HW3_Gardocki\DefinedTurns\IMG\robocam_2025_04_06_21_57_31_137.jpg;15;0;0;0;96.90876;83.12892;0.6356527;187.9949;359.8782
C:\Mark's Python files\ME5920\HW3_Gardocki\DefinedTurns\IMG\robocam_2025_04_06_21_57_31_178.jpg;15;0;0;0;96.90876;83.12892;0.6349133;189.795;359.8733
C:\Mark's Python files\ME5920\HW3_Gardocki\DefinedTurns\IMG\robocam_2025_04_06_21_57_31_219.jpg;15;0;0;0;96.90876;83.12893;0.6284344;191.5949;359.8706
C:\Mark's Python files\ME5920\HW3_Gardocki\DefinedTurns\IMG\robocam_2025_04_06_21_57_31_259.jpg;15;0;0;0;96.90875;83.12894;0.6170128;193.3948;359.8701
C:\Mark's Python files\ME5920\HW3_Gardocki\DefinedTurns\IMG\robocam_2025_04_06_21_57_31_300.jpg;15;0;0;0.01036578;96.90874;83.12894;0.6013617;195.1948;359.8714
C:\Mark's Python files\ME5920\HW3_Gardocki\DefinedTurns\IMG\robocam_2025_04_06_21_57_31_341.jpg;15;0;0;0.0118105;96.90874;83.12895;0.5821809;196.9947;359.8746
C:\Mark's Python files\ME5920\HW3_Gardocki\DefinedTurns\IMG\robocam_2025_04_06_21_57_31_383.jpg;15;0;0;0.01322403;96.90874;83.12895;0.5600641;198.7945;359.8794
C:\Mark's Python files\ME5920\HW3_Gardocki\DefinedTurns\IMG\robocam_2025_04_06_21_57_31_424.jpg;15;0;0;0.01455271;96.90872;83.12896;0.5351837;200.5944;359.8862
C:\Mark's Python files\ME5920\HW3_Gardocki\DefinedTurns\IMG\robocam_2025_04_06_21_57_31_466.jpg;15;0;0;0.01574422;96.90871;83.12896;0.4934352;203.2941;359.9003
C:\Mark's Python files\ME5920\HW3_Gardocki\DefinedTurns\IMG\robocam_2025_04_06_21_57_31_509.jpg;15;0;0;0.01678062;96.9087;83.12896;0.4633227;205.0939;359.9122
C:\Mark's Python files\ME5920\HW3_Gardocki\DefinedTurns\IMG\robocam_2025_04_06_21_57_31_550.jpg;15;0;0;0.01765049;96.90868;83.12897;0.4319015;206.8938;359.926
C:\Mark's Python files\ME5920\HW3_Gardocki\DefinedTurns\IMG\robocam_2025_04_06_21_57_31_593.jpg;15;0;0;0.01834906;96.90868;83.12897;0.3995916;208.6936;359.9414
C:\Mark's Python files\ME5920\HW3_Gardocki\DefinedTurns\IMG\robocam_2025_04_06_21_57_31_635.jpg;15;0;0;0.01887437;96.90866;83.12897;0.366786;210.4935;359.9584
C:\Mark's Python files\ME5920\HW3_Gardocki\DefinedTurns\IMG\robocam_2025_04_06_21_57_31_675.jpg;15;0;0;0.01922803;96.90865;83.12897;0.3338529;212.2934;359.9768
C:\Mark's Python files\ME5920\HW3_Gardocki\DefinedTurns\IMG\robocam_2025_04_06_21_57_31_716.jpg;15;0;0;0.01944754;96.90864;83.12898;0.3011266;214.0933;-0.003839433
C:\Mark's Python files\ME5920\HW3_Gardocki\DefinedTurns\IMG\robocam_2025_04_06_21_57_31_758.jpg;15;0;0;0.01939507;96.90862;83.12899;0.2689083;215.8932;0.01639441
C:\Mark's Python files\ME5920\HW3_Gardocki\DefinedTurns\IMG\robocam_2025_04_06_21_57_31_799.jpg;15;0;0;0.01919336;96.9086;83.12899;0.237468;217.6931;0.03720709
C:\Mark's Python files\ME5920\HW3_Gardocki\DefinedTurns\IMG\robocam_2025_04_06_21_57_31_841.jpg;13.67253;0;0;0.01884973;96.90858;83.129;0.20699;219.4437;0.05851241
C:\Mark's Python files\ME5920\HW3_Gardocki\DefinedTurns\IMG\robocam_2025_04_06_21_57_31_884.jpg;11.77284;0;0;0.01836322;96.90857;83.129;0.1773874;220.9737;0.08047076
C:\Mark's Python files\ME5920\HW3_Gardocki\DefinedTurns\IMG\robocam_2025_04_06_21_57_31_925.jpg;9.905237;0;0;0.01775056;96.90855;83.129;0.1344953;222.8717;0.1132659
C:\Mark's Python files\ME5920\HW3_Gardocki\DefinedTurns\IMG\robocam_2025_04_06_21_57_31_967.jpg;8.035739;0;0;0.0170309;96.90855;83.12899;0.1067867;223.8722;0.1342489
C:\Mark's Python files\ME5920\HW3_Gardocki\DefinedTurns\IMG\robocam_2025_04_06_21_57_32_006.jpg;6.223549;0;0;0.01621691;96.90853;83.12898;0.07967791;224.6565;0.1539696
C:\Mark's Python files\ME5920\HW3_Gardocki\DefinedTurns\IMG\robocam_2025_04_06_21_57_32_048.jpg;4.307058;0;0;0.01532338;96.90852;83.12899;0.05306698;225.2124;0.1720098
C:\Mark's Python files\ME5920\HW3_Gardocki\DefinedTurns\IMG\robocam_2025_04_06_21_57_32_089.jpg;2.455906;0;0;0.01436671;96.90851;83.12898;0.02692307;225.5454;0.1879754
C:\Mark's Python files\ME5920\HW3_Gardocki\DefinedTurns\IMG\robocam_2025_04_06_21_57_32_136.jpg;0.1744693;0;0;0.01285603;96.9085;83.12898;0.001256581;225.6605;0.2015374
C:\Mark's Python files\ME5920\HW3_Gardocki\DefinedTurns\IMG\robocam_2025_04_06_21_57_32_177.jpg;0;0;0;0.01182672;96.90849;83.12898;359.9765;225.6605;0.2124685
C:\Mark's Python files\ME5920\HW3_Gardocki\DefinedTurns\IMG\robocam_2025_04_06_21_57_32_218.jpg;0;0;0;0.01080916;96.90848;83.12897;359.9531;225.6605;0.220773
C:\Mark's Python files\ME5920\HW3_Gardocki\DefinedTurns\IMG\robocam_2025_04_06_21_57_32_260.jpg;0;0;0;0;96.90846;83.12897;359.9313;225.6605;0.2265292
C:\Mark's Python files\ME5920\HW3_Gardocki\DefinedTurns\IMG\robocam_2025_04_06_21_57_32_301.jpg;0;0;0;0;96.90846;83.12897;359.9112;225.6605;0.2298345
C:\Mark's Python files\ME5920\HW3_Gardocki\DefinedTurns\IMG\robocam_2025_04_06_21_57_32_342.jpg;0;0;0;0;96.90845;83.12896;359.8928;225.6606;0.2308043
C:\Mark's Python files\ME5920\HW3_Gardocki\DefinedTurns\IMG\robocam_2025_04_06_21_57_32_384.jpg;0;0;0;0;96.90845;83.12895;359.8763;225.6606;0.229568
C:\Mark's Python files\ME5920\HW3_Gardocki\DefinedTurns\IMG\robocam_2025_04_06_21_57_32_425.jpg;0;0;0;0;96.90845;83.12895;359.8616;225.6606;0.2262686
C:\Mark's Python files\ME5920\HW3_Gardocki\DefinedTurns\IMG\robocam_2025_04_06_21_57_32_467.jpg;0;0;0;0;96.90845;83.12894;359.8432;225.6606;0.2177873
C:\Mark's Python files\ME5920\HW3_Gardocki\DefinedTurns\IMG\robocam_2025_04_06_21_57_32_507.jpg;0.3586995;0;0;0;96.90845;83.12893;359.8334;225.6821;0.2100776
C:\Mark's Python files\ME5920\HW3_Gardocki\DefinedTurns\IMG\robocam_2025_04_06_21_57_32_549.jpg;2.173721;0;0;0;96.90845;83.12893;359.8262;225.8875;0.201414
C:\Mark's Python files\ME5920\HW3_Gardocki\DefinedTurns\IMG\robocam_2025_04_06_21_57_32_590.jpg;4.069062;0;0;0;96.90845;83.12892;359.8215;226.3158;0.1921065
C:\Mark's Python files\ME5920\HW3_Gardocki\DefinedTurns\IMG\robocam_2025_04_06_21_57_32_640.jpg;6.125594;0;0;0;96.90845;83.12891;359.819;226.9414;0.1822312
C:\Mark's Python files\ME5920\HW3_Gardocki\DefinedTurns\IMG\robocam_2025_04_06_21_57_32_682.jpg;7.93873;0;0;0;96.90845;83.12891;359.8186;227.7847;0.1719712
C:\Mark's Python files\ME5920\HW3_Gardocki\DefinedTurns\IMG\robocam_2025_04_06_21_57_32_724.jpg;9.815473;0;0;0;96.90845;83.12891;359.82;228.8519;0.1614296
C:\Mark's Python files\ME5920\HW3_Gardocki\DefinedTurns\IMG\robocam_2025_04_06_21_57_32_765.jpg;11.70765;0;0;0;96.90845;83.1289;359.825;230.8392;0.1451091
C:\Mark's Python files\ME5920\HW3_Gardocki\DefinedTurns\IMG\robocam_2025_04_06_21_57_32_807.jpg;13.56322;0;0;0;96.90846;83.1289;359.8299;232.4285;0.1339704
C:\Mark's Python files\ME5920\HW3_Gardocki\DefinedTurns\IMG\robocam_2025_04_06_21_57_32_847.jpg;11.72782;0;0;0;96.90846;83.12889;359.835;233.8735;0.1216803
C:\Mark's Python files\ME5920\HW3_Gardocki\DefinedTurns\IMG\robocam_2025_04_06_21_57_32_888.jpg;9.871246;0;0;0;96.90847;83.12888;359.8401;235.0963;0.1082179
C:\Mark's Python files\ME5920\HW3_Gardocki\DefinedTurns\IMG\robocam_2025_04_06_21_57_32_930.jpg;8.037107;0;0;0;96.90848;83.12888;359.8454;236.0979;0.09380741
C:\Mark's Python files\ME5920\HW3_Gardocki\DefinedTurns\IMG\robocam_2025_04_06_21_57_32_971.jpg;6.173764;0.1242228;0;0.0236683;96.90809;83.12823;359.867;236.0939;0.07749234
C:\Mark's Python files\ME5920\HW3_Gardocki\DefinedTurns\IMG\robocam_2025_04_06_21_57_33_013.jpg;4.297804;0.2492868;0;0;96.90765;83.12748;359.8912;236.1971;0.06174069
C:\Mark's Python files\ME5920\HW3_Gardocki\DefinedTurns\IMG\robocam_2025_04_06_21_57_33_055.jpg;2.470579;0.3711018;0;0.02560083;96.90673;83.12602;359.9337;236.2055;0.04633508
C:\Mark's Python files\ME5920\HW3_Gardocki\DefinedTurns\IMG\robocam_2025_04_06_21_57_33_096.jpg;0.5843948;0.4968474;0;0.02329504;96.90582;83.12461;359.9736;236.1434;0.03068394
C:\Mark's Python files\ME5920\HW3_Gardocki\DefinedTurns\IMG\robocam_2025_04_06_21_57_33_137.jpg;0;0.6209651;0;0.04560226;96.90406;83.12199;0.04419535;236.2686;0.01535905
C:\Mark's Python files\ME5920\HW3_Gardocki\DefinedTurns\IMG\robocam_2025_04_06_21_57_33_180.jpg;0;0.7498509;0;0.07284477;96.90164;83.11833;0.1376475;236.361;0.0007230916
C:\Mark's Python files\ME5920\HW3_Gardocki\DefinedTurns\IMG\robocam_2025_04_06_21_57_33_223.jpg;0;0.8772438;0;0.09634358;96.89842;83.11352;0.2562596;236.2637;359.9874
C:\Mark's Python files\ME5920\HW3_Gardocki\DefinedTurns\IMG\robocam_2025_04_06_21_57_33_265.jpg;0;1;0;0.1194571;96.89233;83.10401;0.4678936;236.1944;359.98
C:\Mark's Python files\ME5920\HW3_Gardocki\DefinedTurns\IMG\robocam_2025_04_06_21_57_33_306.jpg;0;1;0;0.1656399;96.88692;83.09556;0.638262;236.1497;359.9916
C:\Mark's Python files\ME5920\HW3_Gardocki\DefinedTurns\IMG\robocam_2025_04_06_21_57_33_347.jpg;0;1;0;0.197686;96.88059;83.08616;0.813812;236.1328;0.0003616097
C:\Mark's Python files\ME5920\HW3_Gardocki\DefinedTurns\IMG\robocam_2025_04_06_21_57_33_387.jpg;0;1;0;0.2305208;96.87319;83.07527;1.003459;236.1578;-0.0005164521
C:\Mark's Python files\ME5920\HW3_Gardocki\DefinedTurns\IMG\robocam_2025_04_06_21_57_33_429.jpg;0;1;0;0.2719454;96.86512;83.06333;1.190035;236.1375;7.698962E-05
C:\Mark's Python files\ME5920\HW3_Gardocki\DefinedTurns\IMG\robocam_2025_04_06_21_57_33_471.jpg;0;1;0;0.3007043;96.85685;83.05092;1.330978;236.0872;-0.0005612674
C:\Mark's Python files\ME5920\HW3_Gardocki\DefinedTurns\IMG\robocam_2025_04_06_21_57_33_514.jpg;0;1;0;0.325939;96.84981;83.04011;1.306646;235.9718;-0.00174578
C:\Mark's Python files\ME5920\HW3_Gardocki\DefinedTurns\IMG\robocam_2025_04_06_21_57_33_556.jpg;0;1;0;0.375986;96.84231;83.02877;1.207283;235.8527;-0.0003934902
C:\Mark's Python files\ME5920\HW3_Gardocki\DefinedTurns\IMG\robocam_2025_04_06_21_57_33_598.jpg;0;1;0;0.4404089;96.83345;83.01572;1.133606;235.8217;-0.0003397883
C:\Mark's Python files\ME5920\HW3_Gardocki\DefinedTurns\IMG\robocam_2025_04_06_21_57_33_640.jpg;0;1;0;0.4600342;96.82362;83.00132;1.08766;235.82;-0.0004565576
C:\Mark's Python files\ME5920\HW3_Gardocki\DefinedTurns\IMG\robocam_2025_04_06_21_57_33_682.jpg;0;1;0;0.4796276;96.81286;82.98554;1.068316;235.844;-4.352334E-05
C:\Mark's Python files\ME5920\HW3_Gardocki\DefinedTurns\IMG\robocam_2025_04_06_21_57_33_723.jpg;0;1;0;0.5382484;96.80087;82.96797;1.084754;235.9225;-0.001156964
C:\Mark's Python files\ME5920\HW3_Gardocki\DefinedTurns\IMG\robocam_2025_04_06_21_57_33_764.jpg;0;1;0;0.5573345;96.78832;82.94954;1.109842;235.9278;-2.156183E-05
C:\Mark's Python files\ME5920\HW3_Gardocki\DefinedTurns\IMG\robocam_2025_04_06_21_57_33_806.jpg;0;1;0;0.5904353;96.76757;82.91906;1.191448;235.9291;0.0002381476
C:\Mark's Python files\ME5920\HW3_Gardocki\DefinedTurns\IMG\robocam_2025_04_06_21_57_33_849.jpg;0;1;0;0.6036918;96.75316;82.89791;1.233552;235.8905;-0.0005960988
C:\Mark's Python files\ME5920\HW3_Gardocki\DefinedTurns\IMG\robocam_2025_04_06_21_57_33_891.jpg;0;1;0;0.6471615;96.73841;82.87628;1.23805;235.9118;-0.001040139
C:\Mark's Python files\ME5920\HW3_Gardocki\DefinedTurns\IMG\robocam_2025_04_06_21_57_33_934.jpg;0;1;0;0.6898308;96.7228;82.85346;1.23318;235.9289;-0.001698869
C:\Mark's Python files\ME5920\HW3_Gardocki\DefinedTurns\IMG\robocam_2025_04_06_21_57_33_976.jpg;0;1;0;0.7219818;96.70641;82.82939;1.224792;235.9417;-0.0009803827
C:\Mark's Python files\ME5920\HW3_Gardocki\DefinedTurns\IMG\robocam_2025_04_06_21_57_34_016.jpg;0;1;0;0.7577862;96.68913;82.8041;1.21584;235.9074;-0.0004241809
C:\Mark's Python files\ME5920\HW3_Gardocki\DefinedTurns\IMG\robocam_2025_04_06_21_57_34_059.jpg;0;1;0;0.8062345;96.67125;82.77789;1.199809;235.9588;-0.001882824
C:\Mark's Python files\ME5920\HW3_Gardocki\DefinedTurns\IMG\robocam_2025_04_06_21_57_34_102.jpg;0;1;0;0.8373309;96.65257;82.75044;1.194984;235.9974;-0.0009286007
C:\Mark's Python files\ME5920\HW3_Gardocki\DefinedTurns\IMG\robocam_2025_04_06_21_57_34_141.jpg;0;1;0;0.8699644;96.63308;82.72178;1.200629;236.0025;-0.00039896
C:\Mark's Python files\ME5920\HW3_Gardocki\DefinedTurns\IMG\robocam_2025_04_06_21_57_34_183.jpg;0;1;0;0.9072533;96.61264;82.69174;1.212937;235.9971;-0.0007824988
C:\Mark's Python files\ME5920\HW3_Gardocki\DefinedTurns\IMG\robocam_2025_04_06_21_57_34_224.jpg;0;1;0;0.9406201;96.5915;82.66064;1.222268;235.9931;-0.0008233585
C:\Mark's Python files\ME5920\HW3_Gardocki\DefinedTurns\IMG\robocam_2025_04_06_21_57_34_266.jpg;0;1;0;0.9729402;96.55847;82.6121;1.227333;235.9861;-0.0008605611
C:\Mark's Python files\ME5920\HW3_Gardocki\DefinedTurns\IMG\robocam_2025_04_06_21_57_34_306.jpg;0;1;0;1.005251;96.53564;82.57854;1.222714;235.9812;-0.0008662972
C:\Mark's Python files\ME5920\HW3_Gardocki\DefinedTurns\IMG\robocam_2025_04_06_21_57_34_347.jpg;0;1;0;1.037371;96.51218;82.54406;1.214767;235.9962;-0.00125597
C:\Mark's Python files\ME5920\HW3_Gardocki\DefinedTurns\IMG\robocam_2025_04_06_21_57_34_390.jpg;0;1;0;1.070919;96.4879;82.50838;1.216602;236.0151;-0.001377367
C:\Mark's Python files\ME5920\HW3_Gardocki\DefinedTurns\IMG\robocam_2025_04_06_21_57_34_430.jpg;0;1;0;1.097831;96.46296;82.47174;1.218666;236.0558;-0.001384787
C:\Mark's Python files\ME5920\HW3_Gardocki\DefinedTurns\IMG\robocam_2025_04_06_21_57_34_471.jpg;0;1;0;1.129953;96.43731;82.43402;1.22123;236.0749;-0.0009776595
C:\Mark's Python files\ME5920\HW3_Gardocki\DefinedTurns\IMG\robocam_2025_04_06_21_57_34_512.jpg;0;1;0;1.160154;96.41101;82.3953;1.222344;236.0629;-0.0005049085
C:\Mark's Python files\ME5920\HW3_Gardocki\DefinedTurns\IMG\robocam_2025_04_06_21_57_34_555.jpg;0;1;0;1.193324;96.38396;82.35545;1.22717;236.0375;-0.0005962842
C:\Mark's Python files\ME5920\HW3_Gardocki\DefinedTurns\IMG\robocam_2025_04_06_21_57_34_597.jpg;0;1;0;1.224163;96.35627;82.31465;1.228821;236.0258;-0.0008707558
C:\Mark's Python files\ME5920\HW3_Gardocki\DefinedTurns\IMG\robocam_2025_04_06_21_57_34_638.jpg;0;1;0;1.274075;96.32782;82.27276;1.2315;236.0064;-0.0005903073
C:\Mark's Python files\ME5920\HW3_Gardocki\DefinedTurns\IMG\robocam_2025_04_06_21_57_34_679.jpg;0;1;0;1.303267;96.29866;82.22985;1.23295;235.9928;-0.0008187984
C:\Mark's Python files\ME5920\HW3_Gardocki\DefinedTurns\IMG\robocam_2025_04_06_21_57_34_721.jpg;0;1;0;1.33541;96.26872;82.18582;1.237959;235.9728;-0.0008123417
C:\Mark's Python files\ME5920\HW3_Gardocki\DefinedTurns\IMG\robocam_2025_04_06_21_57_34_763.jpg;0;1;0;1.36833;96.23808;82.1408;1.240975;235.9575;-0.0007621183
C:\Mark's Python files\ME5920\HW3_Gardocki\DefinedTurns\IMG\robocam_2025_04_06_21_57_34_803.jpg;0;1;0;1.398081;96.20676;82.0948;1.241436;235.9486;-0.000909349
C:\Mark's Python files\ME5920\HW3_Gardocki\DefinedTurns\IMG\robocam_2025_04_06_21_57_34_845.jpg;0;1;0;1.429937;96.17467;82.04771;1.244692;235.9349;-0.0008727359
C:\Mark's Python files\ME5920\HW3_Gardocki\DefinedTurns\IMG\robocam_2025_04_06_21_57_34_886.jpg;0;1;0;1.462421;96.12523;81.97518;1.246315;235.9208;-0.0009110051
C:\Mark's Python files\ME5920\HW3_Gardocki\DefinedTurns\IMG\robocam_2025_04_06_21_57_34_929.jpg;0;1;0;1.493568;96.09135;81.92551;1.249999;235.9117;-0.0009517838
C:\Mark's Python files\ME5920\HW3_Gardocki\DefinedTurns\IMG\robocam_2025_04_06_21_57_34_970.jpg;0;1;0;1.524681;96.05674;81.8748;1.254418;235.9036;-0.0009496239
C:\Mark's Python files\ME5920\HW3_Gardocki\DefinedTurns\IMG\robocam_2025_04_06_21_57_35_010.jpg;0;1;0;1.554866;96.02145;81.82311;1.256132;235.8956;-0.0009451143
C:\Mark's Python files\ME5920\HW3_Gardocki\DefinedTurns\IMG\robocam_2025_04_06_21_57_35_053.jpg;0;1;0;1.585944;95.98546;81.7704;1.258437;235.8878;-0.0009187485
C:\Mark's Python files\ME5920\HW3_Gardocki\DefinedTurns\IMG\robocam_2025_04_06_21_57_35_094.jpg;0;1;0;1.616831;95.94875;81.71666;1.261078;235.8803;-0.0009410598
C:\Mark's Python files\ME5920\HW3_Gardocki\DefinedTurns\IMG\robocam_2025_04_06_21_57_35_135.jpg;0;1;0;1.647655;95.91133;81.66191;1.263831;235.8728;-0.0009789562
C:\Mark's Python files\ME5920\HW3_Gardocki\DefinedTurns\IMG\robocam_2025_04_06_21_57_35_178.jpg;0;1;0;1.694519;95.87322;81.60616;1.266483;235.8655;-0.0009866963
C:\Mark's Python files\ME5920\HW3_Gardocki\DefinedTurns\IMG\robocam_2025_04_06_21_57_35_218.jpg;0;1;0;1.725162;95.8344;81.5494;1.268836;235.8582;-0.001000708
C:\Mark's Python files\ME5920\HW3_Gardocki\DefinedTurns\IMG\robocam_2025_04_06_21_57_35_259.jpg;0;1;0;1.754892;95.79488;81.4916;1.273538;235.8518;-0.001044984
C:\Mark's Python files\ME5920\HW3_Gardocki\DefinedTurns\IMG\robocam_2025_04_06_21_57_35_301.jpg;0;1;0;1.786278;95.7547;81.43286;1.274065;235.844;-0.0009989486
C:\Mark's Python files\ME5920\HW3_Gardocki\DefinedTurns\IMG\robocam_2025_04_06_21_57_35_343.jpg;0;1;0;1.815882;95.71379;81.37309;1.276746;235.8374;-0.001045732
C:\Mark's Python files\ME5920\HW3_Gardocki\DefinedTurns\IMG\robocam_2025_04_06_21_57_35_383.jpg;0;1;0;1.846846;95.67216;81.31227;1.281998;235.8286;-0.001030256
C:\Mark's Python files\ME5920\HW3_Gardocki\DefinedTurns\IMG\robocam_2025_04_06_21_57_35_424.jpg;0;1;0;1.877188;95.62987;81.25051;1.284786;235.8217;-0.001074237
C:\Mark's Python files\ME5920\HW3_Gardocki\DefinedTurns\IMG\robocam_2025_04_06_21_57_35_466.jpg;0;1;0;1.907454;95.56514;81.15601;1.288199;235.8102;-0.00108905
C:\Mark's Python files\ME5920\HW3_Gardocki\DefinedTurns\IMG\robocam_2025_04_06_21_57_35_517.jpg;0;0.9130018;0;1.950696;95.52113;81.09179;1.291384;235.8042;-0.001086543
C:\Mark's Python files\ME5920\HW3_Gardocki\DefinedTurns\IMG\robocam_2025_04_06_21_57_35_558.jpg;0;0.7925692;0;1.976372;95.47655;81.02676;1.290621;235.7967;-0.001077335
C:\Mark's Python files\ME5920\HW3_Gardocki\DefinedTurns\IMG\robocam_2025_04_06_21_57_35_602.jpg;0;0.6611077;0;1.997776;95.4315;80.96103;1.287714;235.7915;-0.0006744915
C:\Mark's Python files\ME5920\HW3_Gardocki\DefinedTurns\IMG\robocam_2025_04_06_21_57_35_643.jpg;0;0.5361183;0;2.014127;95.386;80.89469;1.28699;235.7845;-0.0005414559
C:\Mark's Python files\ME5920\HW3_Gardocki\DefinedTurns\IMG\robocam_2025_04_06_21_57_35_684.jpg;0;0.412614;0;2.026286;95.34023;80.82799;1.282383;235.7763;-0.0005551185
C:\Mark's Python files\ME5920\HW3_Gardocki\DefinedTurns\IMG\robocam_2025_04_06_21_57_35_726.jpg;0;0.288207;0;2.034423;95.27136;80.72765;1.258663;235.7637;-0.0004927196
C:\Mark's Python files\ME5920\HW3_Gardocki\DefinedTurns\IMG\robocam_2025_04_06_21_57_35_768.jpg;0;0.1621911;0;2.038951;95.22549;80.66084;1.226658;235.7553;-0.0004339232
C:\Mark's Python files\ME5920\HW3_Gardocki\DefinedTurns\IMG\robocam_2025_04_06_21_57_35_811.jpg;0;0;0.07883731;2.032654;95.17991;80.59447;1.173334;235.7471;-0.0003389925
C:\Mark's Python files\ME5920\HW3_Gardocki\DefinedTurns\IMG\robocam_2025_04_06_21_57_35_854.jpg;0;0;0.205482;2.010495;95.13509;80.52924;1.084092;235.7393;-0.0001797782
C:\Mark's Python files\ME5920\HW3_Gardocki\DefinedTurns\IMG\robocam_2025_04_06_21_57_35_896.jpg;0;0;0.3318186;1.971509;95.0916;80.4659;0.942713;235.7324;0.001575799
C:\Mark's Python files\ME5920\HW3_Gardocki\DefinedTurns\IMG\robocam_2025_04_06_21_57_35_937.jpg;0;0;0.4539507;1.917769;95.04999;80.40505;0.7370322;235.7298;0.01228472
C:\Mark's Python files\ME5920\HW3_Gardocki\DefinedTurns\IMG\robocam_2025_04_06_21_57_35_979.jpg;0;0;0.5830401;1.848154;95.01076;80.34752;0.4484734;235.7303;0.02811102
C:\Mark's Python files\ME5920\HW3_Gardocki\DefinedTurns\IMG\robocam_2025_04_06_21_57_36_020.jpg;0;0;0.7089642;1.761383;94.97438;80.29417;0.05862925;235.7309;0.04272998
C:\Mark's Python files\ME5920\HW3_Gardocki\DefinedTurns\IMG\robocam_2025_04_06_21_57_36_063.jpg;0;0;0.8369354;1.659396;94.94131;80.24569;359.5581;235.7316;0.05609215
C:\Mark's Python files\ME5920\HW3_Gardocki\DefinedTurns\IMG\robocam_2025_04_06_21_57_36_104.jpg;0;0;0.963773;1.544794;94.91067;80.20228;358.9973;235.7026;0.009732936
C:\Mark's Python files\ME5920\HW3_Gardocki\DefinedTurns\IMG\robocam_2025_04_06_21_57_36_146.jpg;0;0;1;1.44571;94.87054;80.14348;358.1496;235.7065;359.9919
C:\Mark's Python files\ME5920\HW3_Gardocki\DefinedTurns\IMG\robocam_2025_04_06_21_57_36_187.jpg;0;0;1;1.369069;94.84496;80.10587;357.6899;235.7472;-0.005170653
C:\Mark's Python files\ME5920\HW3_Gardocki\DefinedTurns\IMG\robocam_2025_04_06_21_57_36_228.jpg;0;0;1;1.289205;94.81999;80.0692;357.3337;235.776;-0.005496355
C:\Mark's Python files\ME5920\HW3_Gardocki\DefinedTurns\IMG\robocam_2025_04_06_21_57_36_268.jpg;0;0;1;1.164076;94.79593;80.03379;357.0727;235.7825;359.9933
C:\Mark's Python files\ME5920\HW3_Gardocki\DefinedTurns\IMG\robocam_2025_04_06_21_57_36_310.jpg;0;0;1;1.090732;94.77256;79.99933;356.9165;235.7987;359.994
C:\Mark's Python files\ME5920\HW3_Gardocki\DefinedTurns\IMG\robocam_2025_04_06_21_57_36_351.jpg;0;0;0;1.001959;94.75028;79.96657;356.8474;235.8021;359.9922
C:\Mark's Python files\ME5920\HW3_Gardocki\DefinedTurns\IMG\robocam_2025_04_06_21_57_36_392.jpg;0;0;0;0.9920117;94.72723;79.93256;356.9408;235.8248;-0.005225551
C:\Mark's Python files\ME5920\HW3_Gardocki\DefinedTurns\IMG\robocam_2025_04_06_21_57_36_433.jpg;0;0;0;0.9800211;94.70293;79.89655;357.1857;235.8438;0.0001767843
C:\Mark's Python files\ME5920\HW3_Gardocki\DefinedTurns\IMG\robocam_2025_04_06_21_57_36_474.jpg;0;0;0;0.9664574;94.67648;79.85748;357.6825;235.8705;0.005429745
C:\Mark's Python files\ME5920\HW3_Gardocki\DefinedTurns\IMG\robocam_2025_04_06_21_57_36_517.jpg;0;0;0;0.9546371;94.64838;79.81647;358.3412;235.8963;-0.004584925
C:\Mark's Python files\ME5920\HW3_Gardocki\DefinedTurns\IMG\robocam_2025_04_06_21_57_36_559.jpg;0;0;0;0.9150881;94.61982;79.77425;359.1265;235.9069;-0.002044305
C:\Mark's Python files\ME5920\HW3_Gardocki\DefinedTurns\IMG\robocam_2025_04_06_21_57_36_602.jpg;0;0;0;0.9134842;94.5924;79.73373;359.8348;235.9102;0.002851546
C:\Mark's Python files\ME5920\HW3_Gardocki\DefinedTurns\IMG\robocam_2025_04_06_21_57_36_644.jpg;0;0;0;0.9120286;94.56557;79.69411;0.4852775;235.9107;0.007339114
C:\Mark's Python files\ME5920\HW3_Gardocki\DefinedTurns\IMG\robocam_2025_04_06_21_57_36_687.jpg;0;0;0;0.9133269;94.52746;79.63827;1.219674;235.9045;-0.001476909
C:\Mark's Python files\ME5920\HW3_Gardocki\DefinedTurns\IMG\robocam_2025_04_06_21_57_36_728.jpg;0;0;0;0.9146208;94.50359;79.60325;1.547993;235.8992;-0.002925562
C:\Mark's Python files\ME5920\HW3_Gardocki\DefinedTurns\IMG\robocam_2025_04_06_21_57_36_768.jpg;0;0;0;0.9194527;94.48168;79.5711;1.665328;235.8905;-0.003356427
C:\Mark's Python files\ME5920\HW3_Gardocki\DefinedTurns\IMG\robocam_2025_04_06_21_57_36_811.jpg;0;0;0;0.9254984;94.46165;79.54179;1.572757;235.8778;-0.003277644
C:\Mark's Python files\ME5920\HW3_Gardocki\DefinedTurns\IMG\robocam_2025_04_06_21_57_36_853.jpg;0;0;0.041619;0.9316426;94.44338;79.51508;1.27729;235.8647;-0.00335024
C:\Mark's Python files\ME5920\HW3_Gardocki\DefinedTurns\IMG\robocam_2025_04_06_21_57_36_895.jpg;0;0;0.1705266;0.9343566;94.42609;79.48965;0.9192523;235.9059;0.001852447
C:\Mark's Python files\ME5920\HW3_Gardocki\DefinedTurns\IMG\robocam_2025_04_06_21_57_36_938.jpg;0;0;0.295746;0.8881311;94.41151;79.46786;0.4733276;236.1219;0.01349238
C:\Mark's Python files\ME5920\HW3_Gardocki\DefinedTurns\IMG\robocam_2025_04_06_21_57_36_979.jpg;0;0;0.425469;0.5854518;94.40398;79.45631;359.7713;236.2465;0.03018038
C:\Mark's Python files\ME5920\HW3_Gardocki\DefinedTurns\IMG\robocam_2025_04_06_21_57_37_021.jpg;0;0;0.5495901;0.4058598;94.40133;79.45376;358.9123;236.251;-0.002569494
C:\Mark's Python files\ME5920\HW3_Gardocki\DefinedTurns\IMG\robocam_2025_04_06_21_57_37_066.jpg;0;0;0.6807308;0.3454928;94.4011;79.45338;357.7471;236.2509;-0.003480163
C:\Mark's Python files\ME5920\HW3_Gardocki\DefinedTurns\IMG\robocam_2025_04_06_21_57_37_109.jpg;0;0;0.8094077;0.2902357;94.40105;79.45322;357.126;236.2522;0.00376999
C:\Mark's Python files\ME5920\HW3_Gardocki\DefinedTurns\IMG\robocam_2025_04_06_21_57_37_154.jpg;0;0;0.9436473;0.2330163;94.40086;79.45321;356.6346;236.2493;359.9884
C:\Mark's Python files\ME5920\HW3_Gardocki\DefinedTurns\IMG\robocam_2025_04_06_21_57_37_195.jpg;0;0;1;0.1749458;94.40099;79.45303;356.274;236.2525;0.004088826
C:\Mark's Python files\ME5920\HW3_Gardocki\DefinedTurns\IMG\robocam_2025_04_06_21_57_37_237.jpg;0;0;1;0.08645405;94.40083;79.45305;356.0478;236.2496;359.9913
C:\Mark's Python files\ME5920\HW3_Gardocki\DefinedTurns\IMG\robocam_2025_04_06_21_57_37_282.jpg;0;0;0;0.02817986;94.40081;79.45295;355.9564;236.2506;359.9922
C:\Mark's Python files\ME5920\HW3_Gardocki\DefinedTurns\IMG\robocam_2025_04_06_21_57_37_324.jpg;0;0;0;-0.03143976;94.40058;79.453;356.0001;236.2517;359.9934
C:\Mark's Python files\ME5920\HW3_Gardocki\DefinedTurns\IMG\robocam_2025_04_06_21_57_37_366.jpg;0;0;0;-0.08951259;94.40024;79.45306;356.3004;236.2526;0.00511612
C:\Mark's Python files\ME5920\HW3_Gardocki\DefinedTurns\IMG\robocam_2025_04_06_21_57_37_408.jpg;0;0;0;-0.1473833;94.39987;79.45321;356.6779;236.2522;0.005263928
C:\Mark's Python files\ME5920\HW3_Gardocki\DefinedTurns\IMG\robocam_2025_04_06_21_57_37_450.jpg;0;0;0;-0.2046628;94.3995;79.45338;357.1855;236.2518;0.005342102
C:\Mark's Python files\ME5920\HW3_Gardocki\DefinedTurns\IMG\robocam_2025_04_06_21_57_37_491.jpg;0;0;0;-0.2611402;94.39949;79.45332;357.8341;236.2528;0.03042942
C:\Mark's Python files\ME5920\HW3_Gardocki\DefinedTurns\IMG\robocam_2025_04_06_21_57_37_531.jpg;0;0;0;-0.3180239;94.39869;79.45392;358.5932;236.2511;0.007426469
C:\Mark's Python files\ME5920\HW3_Gardocki\DefinedTurns\IMG\robocam_2025_04_06_21_57_37_574.jpg;0;0;0;-0.3527701;94.39872;79.45419;359.3829;236.2504;359.9869
C:\Mark's Python files\ME5920\HW3_Gardocki\DefinedTurns\IMG\robocam_2025_04_06_21_57_37_616.jpg;0;0;0;-0.3324087;94.39891;79.45444;0.1364926;236.2505;359.9711
C:\Mark's Python files\ME5920\HW3_Gardocki\DefinedTurns\IMG\robocam_2025_04_06_21_57_37_656.jpg;-0.9232695;0;0;-0.2968409;94.39951;79.45435;0.8155797;236.2505;359.9871
C:\Mark's Python files\ME5920\HW3_Gardocki\DefinedTurns\IMG\robocam_2025_04_06_21_57_37_697.jpg;-2.729668;0;0;-0.2529271;94.39967;79.45448;1.402951;236.0077;0.03656091
C:\Mark's Python files\ME5920\HW3_Gardocki\DefinedTurns\IMG\robocam_2025_04_06_21_57_37_745.jpg;-4.882109;0;0;-0.1941967;94.39867;79.4554;1.868898;235.5844;0.004384112
C:\Mark's Python files\ME5920\HW3_Gardocki\DefinedTurns\IMG\robocam_2025_04_06_21_57_37_786.jpg;-6.726798;0;0;-0.1310425;94.39818;79.45602;2.324121;234.5339;359.9848
C:\Mark's Python files\ME5920\HW3_Gardocki\DefinedTurns\IMG\robocam_2025_04_06_21_57_37_828.jpg;-8.539656;0;0;-0.06746976;94.39828;79.45612;2.442673;233.5556;0.01771627
C:\Mark's Python files\ME5920\HW3_Gardocki\DefinedTurns\IMG\robocam_2025_04_06_21_57_37_869.jpg;-10.41819;0;0;0;94.39745;79.45701;2.399148;232.4188;359.9821
C:\Mark's Python files\ME5920\HW3_Gardocki\DefinedTurns\IMG\robocam_2025_04_06_21_57_37_909.jpg;-12.21786;0;0;0.05491976;94.39723;79.45737;2.235319;231.0267;359.9842
C:\Mark's Python files\ME5920\HW3_Gardocki\DefinedTurns\IMG\robocam_2025_04_06_21_57_37_949.jpg;-14.0797;0;0;0.1130706;94.39711;79.45769;1.930766;229.4103;359.9699
C:\Mark's Python files\ME5920\HW3_Gardocki\DefinedTurns\IMG\robocam_2025_04_06_21_57_37_993.jpg;-15;0;0;0.1608141;94.39747;79.4576;1.494528;227.5858;359.9841
C:\Mark's Python files\ME5920\HW3_Gardocki\DefinedTurns\IMG\robocam_2025_04_06_21_57_38_034.jpg;-15;0;0;0.2181963;94.39769;79.4573;0.976508;225.7564;-0.00396462
C:\Mark's Python files\ME5920\HW3_Gardocki\DefinedTurns\IMG\robocam_2025_04_06_21_57_38_076.jpg;-15;0;0;0.2234871;94.39756;79.45717;0.4803648;223.9553;359.9872
C:\Mark's Python files\ME5920\HW3_Gardocki\DefinedTurns\IMG\robocam_2025_04_06_21_57_38_117.jpg;-15;0;0;0.2106573;94.39743;79.45703;0.005962298;222.1552;359.9503
C:\Mark's Python files\ME5920\HW3_Gardocki\DefinedTurns\IMG\robocam_2025_04_06_21_57_38_159.jpg;-15;0;0;0.1865665;94.3973;79.45688;359.5745;220.3551;359.9081
C:\Mark's Python files\ME5920\HW3_Gardocki\DefinedTurns\IMG\robocam_2025_04_06_21_57_38_200.jpg;-15;0;0;0.1634515;94.39718;79.45675;359.2018;218.555;359.8799
C:\Mark's Python files\ME5920\HW3_Gardocki\DefinedTurns\IMG\robocam_2025_04_06_21_57_38_245.jpg;-15;0;0;0.1427759;94.39706;79.45663;358.8762;216.7546;359.8555
C:\Mark's Python files\ME5920\HW3_Gardocki\DefinedTurns\IMG\robocam_2025_04_06_21_57_38_285.jpg;-15;0;0;0.1092623;94.39708;79.45618;358.5351;214.0833;359.8798
C:\Mark's Python files\ME5920\HW3_Gardocki\DefinedTurns\IMG\robocam_2025_04_06_21_57_38_327.jpg;-15;0;0;0.04742716;94.39751;79.45518;358.4479;212.3717;359.968
C:\Mark's Python files\ME5920\HW3_Gardocki\DefinedTurns\IMG\robocam_2025_04_06_21_57_38_369.jpg;-15;0;0;-0.0553977;94.39751;79.45486;358.4807;210.6005;0.04393767
C:\Mark's Python files\ME5920\HW3_Gardocki\DefinedTurns\IMG\robocam_2025_04_06_21_57_38_411.jpg;-15;0;0;-0.08267281;94.39681;79.45584;358.6179;208.7088;0.02382935
C:\Mark's Python files\ME5920\HW3_Gardocki\DefinedTurns\IMG\robocam_2025_04_06_21_57_38_453.jpg;-15;0;0;-0.0911722;94.39661;79.45622;358.827;206.8772;4.013578E-05
C:\Mark's Python files\ME5920\HW3_Gardocki\DefinedTurns\IMG\robocam_2025_04_06_21_57_38_494.jpg;-15;0;0;-0.09660621;94.39667;79.45628;359.0403;205.0772;0.01221559
C:\Mark's Python files\ME5920\HW3_Gardocki\DefinedTurns\IMG\robocam_2025_04_06_21_57_38_534.jpg;-15;0;0;-0.0955577;94.39674;79.45634;359.2498;203.2773;0.03213421
C:\Mark's Python files\ME5920\HW3_Gardocki\DefinedTurns\IMG\robocam_2025_04_06_21_57_38_575.jpg;-15;0;0;-0.09350128;94.3968;79.4564;359.4525;201.4774;0.0637363
C:\Mark's Python files\ME5920\HW3_Gardocki\DefinedTurns\IMG\robocam_2025_04_06_21_57_38_617.jpg;-15;0;0;-0.09073537;94.39687;79.45646;359.6472;199.6774;0.1050439
C:\Mark's Python files\ME5920\HW3_Gardocki\DefinedTurns\IMG\robocam_2025_04_06_21_57_38_657.jpg;-15;0;0;-0.08731429;94.39693;79.4565;359.8321;197.8773;0.1546004
C:\Mark's Python files\ME5920\HW3_Gardocki\DefinedTurns\IMG\robocam_2025_04_06_21_57_38_699.jpg;-15;0;0;-0.08329945;94.397;79.45654;0.005940517;196.0771;0.2108763
C:\Mark's Python files\ME5920\HW3_Gardocki\DefinedTurns\IMG\robocam_2025_04_06_21_57_38_741.jpg;-15;0;0;-0.07875445;94.39705;79.45659;0.1675402;194.2767;0.2722929
C:\Mark's Python files\ME5920\HW3_Gardocki\DefinedTurns\IMG\robocam_2025_04_06_21_57_38_786.jpg;-15;0;0;-0.07374936;94.39715;79.45666;0.3739727;191.5757;0.3590409
C:\Mark's Python files\ME5920\HW3_Gardocki\DefinedTurns\IMG\robocam_2025_04_06_21_57_38_827.jpg;-15;0;0;-0.05771532;94.3972;79.45668;0.4811121;189.7749;0.4027126
C:\Mark's Python files\ME5920\HW3_Gardocki\DefinedTurns\IMG\robocam_2025_04_06_21_57_38_871.jpg;-15;0;0;-0.04417998;94.39725;79.4567;0.5691556;187.9743;0.4379894
C:\Mark's Python files\ME5920\HW3_Gardocki\DefinedTurns\IMG\robocam_2025_04_06_21_57_38_911.jpg;-15;0;0;-0.03688338;94.39729;79.45672;0.6405781;186.1738;0.4659063
C:\Mark's Python files\ME5920\HW3_Gardocki\DefinedTurns\IMG\robocam_2025_04_06_21_57_38_954.jpg;-14.41001;0;0;-0.02666896;94.39732;79.45673;0.6900703;184.3735;0.4787924
C:\Mark's Python files\ME5920\HW3_Gardocki\DefinedTurns\IMG\robocam_2025_04_06_21_57_38_994.jpg;-12.56028;0;0;-0.02234409;94.39735;79.45673;0.7117721;182.7569;0.4632696
C:\Mark's Python files\ME5920\HW3_Gardocki\DefinedTurns\IMG\robocam_2025_04_06_21_57_39_037.jpg;-11.16569;0;0;-0.02501202;94.39736;79.45673;0.7106652;181.339;0.42194
C:\Mark's Python files\ME5920\HW3_Gardocki\DefinedTurns\IMG\robocam_2025_04_06_21_57_39_078.jpg;-9.232164;0;0;0.03039082;94.39737;79.4567;0.7001285;180.1515;0.3683537
C:\Mark's Python files\ME5920\HW3_Gardocki\DefinedTurns\IMG\robocam_2025_04_06_21_57_39_120.jpg;-7.303465;0;0;0.03057317;94.39737;79.45667;0.6876383;179.1603;0.3122338
C:\Mark's Python files\ME5920\HW3_Gardocki\DefinedTurns\IMG\robocam_2025_04_06_21_57_39_161.jpg;-5.436423;0;0;0.03058777;94.39736;79.45664;0.6727951;178.3912;0.2537305
C:\Mark's Python files\ME5920\HW3_Gardocki\DefinedTurns\IMG\robocam_2025_04_06_21_57_39_203.jpg;-3.552166;0;0;0.03044383;94.39736;79.45661;0.6551929;177.8445;0.1935873
C:\Mark's Python files\ME5920\HW3_Gardocki\DefinedTurns\IMG\robocam_2025_04_06_21_57_39_245.jpg;-1.62415;0;0;0.03014825;94.39735;79.45657;0.6227145;177.4271;0.1021647
C:\Mark's Python files\ME5920\HW3_Gardocki\DefinedTurns\IMG\robocam_2025_04_06_21_57_39_288.jpg;0;0;0;0.0297175;94.39734;79.45655;0.5965217;177.4049;0.04168259
C:\Mark's Python files\ME5920\HW3_Gardocki\DefinedTurns\IMG\robocam_2025_04_06_21_57_39_330.jpg;0;0;0;0.02916959;94.39733;79.45652;0.566484;177.4055;359.9842
C:\Mark's Python files\ME5920\HW3_Gardocki\DefinedTurns\IMG\robocam_2025_04_06_21_57_39_371.jpg;0;0;0;0.02854683;94.39732;79.45649;0.5330134;177.4061;359.9303
C:\Mark's Python files\ME5920\HW3_Gardocki\DefinedTurns\IMG\robocam_2025_04_06_21_57_39_412.jpg;0;0;0;0.0278578;94.39731;79.45647;0.4965695;177.4065;359.8803
C:\Mark's Python files\ME5920\HW3_Gardocki\DefinedTurns\IMG\robocam_2025_04_06_21_57_39_454.jpg;0;0;0;0.02711783;94.39729;79.45644;0.4576163;177.4066;359.8344
C:\Mark's Python files\ME5920\HW3_Gardocki\DefinedTurns\IMG\robocam_2025_04_06_21_57_39_496.jpg;0;0.041019;0;0.0253208;94.39733;79.45641;0.415766;177.3484;359.7933
C:\Mark's Python files\ME5920\HW3_Gardocki\DefinedTurns\IMG\robocam_2025_04_06_21_57_39_538.jpg;0;0.1645632;0;0.04101867;94.39677;79.45639;0.3855498;177.3079;359.7567
C:\Mark's Python files\ME5920\HW3_Gardocki\DefinedTurns\IMG\robocam_2025_04_06_21_57_39_580.jpg;0;0.2867997;0;0.02969562;94.39619;79.45639;0.3542176;177.2447;359.7245
C:\Mark's Python files\ME5920\HW3_Gardocki\DefinedTurns\IMG\robocam_2025_04_06_21_57_39_623.jpg;0;0.4141725;0;0.04900653;94.39506;79.45641;0.3324028;177.1956;359.6967
C:\Mark's Python files\ME5920\HW3_Gardocki\DefinedTurns\IMG\robocam_2025_04_06_21_57_39_666.jpg;0;0.5434507;0;0.06682308;94.39194;79.45644;0.3247431;177.1553;359.6682
C:\Mark's Python files\ME5920\HW3_Gardocki\DefinedTurns\IMG\robocam_2025_04_06_21_57_39_707.jpg;0;0.6720904;0;0.0687781;94.38844;79.45651;0.343706;177.134;359.6583
C:\Mark's Python files\ME5920\HW3_Gardocki\DefinedTurns\IMG\robocam_2025_04_06_21_57_39_749.jpg;0;0.7992391;0;0.1053555;94.38368;79.45666;0.3831591;177.1167;359.6563
C:\Mark's Python files\ME5920\HW3_Gardocki\DefinedTurns\IMG\robocam_2025_04_06_21_57_39_791.jpg;0;0.9214348;0;0.1230085;94.377;79.45688;0.4546943;177.1933;359.6625
C:\Mark's Python files\ME5920\HW3_Gardocki\DefinedTurns\IMG\robocam_2025_04_06_21_57_39_833.jpg;0;1;0;0.1432872;94.36931;79.45716;0.5366977;177.1613;359.6772
C:\Mark's Python files\ME5920\HW3_Gardocki\DefinedTurns\IMG\robocam_2025_04_06_21_57_39_874.jpg;0;1;0;0.1880755;94.35944;79.45753;0.6519501;177.1136;359.7019
C:\Mark's Python files\ME5920\HW3_Gardocki\DefinedTurns\IMG\robocam_2025_04_06_21_57_39_916.jpg;0;1;0;0.2374458;94.34777;79.45798;0.7881899;177.0619;359.7357
C:\Mark's Python files\ME5920\HW3_Gardocki\DefinedTurns\IMG\robocam_2025_04_06_21_57_39_958.jpg;0;1;0;0.2778349;94.33469;79.45847;0.9331955;177.044;359.7797
C:\Mark's Python files\ME5920\HW3_Gardocki\DefinedTurns\IMG\robocam_2025_04_06_21_57_40_001.jpg;0;1;0;0.2955634;94.3209;79.45891;1.063694;177.1165;359.8403
C:\Mark's Python files\ME5920\HW3_Gardocki\DefinedTurns\IMG\robocam_2025_04_06_21_57_40_042.jpg;0;1;0;0.3523212;94.30518;79.45924;1.193098;177.1159;359.9337
C:\Mark's Python files\ME5920\HW3_Gardocki\DefinedTurns\IMG\robocam_2025_04_06_21_57_40_084.jpg;0;1;0;0.383093;94.28912;79.4601;1.274007;177.1435;0.02018516
C:\Mark's Python files\ME5920\HW3_Gardocki\DefinedTurns\IMG\robocam_2025_04_06_21_57_40_126.jpg;0;1;0;0.4321617;94.2641;79.46278;1.248368;177.1824;0.01431905
C:\Mark's Python files\ME5920\HW3_Gardocki\DefinedTurns\IMG\robocam_2025_04_06_21_57_40_167.jpg;0;1;0;0.4441733;94.24691;79.46382;1.174081;177.2;-0.00175103
C:\Mark's Python files\ME5920\HW3_Gardocki\DefinedTurns\IMG\robocam_2025_04_06_21_57_40_208.jpg;0;1;0;0.4879383;94.22816;79.4646;1.122284;177.2433;-0.003047542
C:\Mark's Python files\ME5920\HW3_Gardocki\DefinedTurns\IMG\robocam_2025_04_06_21_57_40_249.jpg;0;1;0;0.5191953;94.20731;79.46549;1.106955;177.1912;-0.000538298
C:\Mark's Python files\ME5920\HW3_Gardocki\DefinedTurns\IMG\robocam_2025_04_06_21_57_40_294.jpg;0;1;0;0.561371;94.18479;79.46655;1.115849;177.257;-0.001723295
C:\Mark's Python files\ME5920\HW3_Gardocki\DefinedTurns\IMG\robocam_2025_04_06_21_57_40_337.jpg;0;1;0;0.6041384;94.1603;79.46773;1.153324;177.2141;0.0005246968
C:\Mark's Python files\ME5920\HW3_Gardocki\DefinedTurns\IMG\robocam_2025_04_06_21_57_40_380.jpg;0;1;0;0.6206542;94.13509;79.46906;1.186399;177.2553;-0.001207548
C:\Mark's Python files\ME5920\HW3_Gardocki\DefinedTurns\IMG\robocam_2025_04_06_21_57_40_420.jpg;0;1;0;0.6517526;94.10891;79.47044;1.209246;177.2385;-0.0008867346
C:\Mark's Python files\ME5920\HW3_Gardocki\DefinedTurns\IMG\robocam_2025_04_06_21_57_40_462.jpg;0;1;0;0.7001675;94.08095;79.47185;1.236332;177.2748;-0.001517722
C:\Mark's Python files\ME5920\HW3_Gardocki\DefinedTurns\IMG\robocam_2025_04_06_21_57_40_504.jpg;0;1;0;0.7180969;94.05239;79.47328;1.235214;177.2855;-0.001799906
C:\Mark's Python files\ME5920\HW3_Gardocki\DefinedTurns\IMG\robocam_2025_04_06_21_57_40_545.jpg;0;1;0;0.7617664;94.02213;79.47485;1.231105;177.3268;-0.002161773
C:\Mark's Python files\ME5920\HW3_Gardocki\DefinedTurns\IMG\robocam_2025_04_06_21_57_40_587.jpg;0;1;0;0.7922793;93.97485;79.47729;1.203357;177.3237;-0.001272243
C:\Mark's Python files\ME5920\HW3_Gardocki\DefinedTurns\IMG\robocam_2025_04_06_21_57_40_629.jpg;0;1;0;0.8256589;93.94173;79.47896;1.190554;177.3201;0.0001477881
C:\Mark's Python files\ME5920\HW3_Gardocki\DefinedTurns\IMG\robocam_2025_04_06_21_57_40_672.jpg;0;1;0;0.8645051;93.90658;79.48077;1.206644;177.258;2.198955E-05
C:\Mark's Python files\ME5920\HW3_Gardocki\DefinedTurns\IMG\robocam_2025_04_06_21_57_40_713.jpg;0;1;0;0.8981046;93.86983;79.48266;1.228537;177.2387;-0.0008429751
C:\Mark's Python files\ME5920\HW3_Gardocki\DefinedTurns\IMG\robocam_2025_04_06_21_57_40_754.jpg;0;1;0;0.9315491;93.8319;79.48462;1.243175;177.2321;-0.0009561313
C:\Mark's Python files\ME5920\HW3_Gardocki\DefinedTurns\IMG\robocam_2025_04_06_21_57_40_795.jpg;0;1;0;0.9866702;93.79283;79.48664;1.24778;177.2274;-0.0009782296
C:\Mark's Python files\ME5920\HW3_Gardocki\DefinedTurns\IMG\robocam_2025_04_06_21_57_40_836.jpg;0;1;0;1.019024;93.75265;79.48874;1.242317;177.2226;-0.0009446025
C:\Mark's Python files\ME5920\HW3_Gardocki\DefinedTurns\IMG\robocam_2025_04_06_21_57_40_878.jpg;0;1;0;1.050998;93.7113;79.49091;1.228974;177.2177;-0.0009085174
C:\Mark's Python files\ME5920\HW3_Gardocki\DefinedTurns\IMG\robocam_2025_04_06_21_57_40_918.jpg;0;1;0;1.074556;93.66891;79.49313;1.212495;177.2137;-0.0004434212
C:\Mark's Python files\ME5920\HW3_Gardocki\DefinedTurns\IMG\robocam_2025_04_06_21_57_40_961.jpg;0;1;0;1.106374;93.6248;79.49545;1.217836;177.2283;-0.001207936
C:\Mark's Python files\ME5920\HW3_Gardocki\DefinedTurns\IMG\robocam_2025_04_06_21_57_41_002.jpg;0;1;0;1.140141;93.57955;79.49783;1.220395;177.2504;-0.001032553
C:\Mark's Python files\ME5920\HW3_Gardocki\DefinedTurns\IMG\robocam_2025_04_06_21_57_41_044.jpg;0;1;0;1.172042;93.53301;79.50027;1.223274;177.2378;-0.0005315419
C:\Mark's Python files\ME5920\HW3_Gardocki\DefinedTurns\IMG\robocam_2025_04_06_21_57_41_085.jpg;0;1;0;1.200805;93.46095;79.50403;1.226391;177.1935;-0.0006236645
C:\Mark's Python files\ME5920\HW3_Gardocki\DefinedTurns\IMG\robocam_2025_04_06_21_57_41_128.jpg;0;1;0;1.232096;93.41141;79.50662;1.226248;177.1798;-0.0008551434
C:\Mark's Python files\ME5920\HW3_Gardocki\DefinedTurns\IMG\robocam_2025_04_06_21_57_41_170.jpg;0;1;0;1.265901;93.36045;79.50932;1.231546;177.1532;-0.0007319598
C:\Mark's Python files\ME5920\HW3_Gardocki\DefinedTurns\IMG\robocam_2025_04_06_21_57_41_211.jpg;0;1;0;1.295085;93.30827;79.5121;1.235327;177.1342;-0.0007248088
C:\Mark's Python files\ME5920\HW3_Gardocki\DefinedTurns\IMG\robocam_2025_04_06_21_57_41_253.jpg;0;1;0;1.342436;93.25491;79.51496;1.236708;177.1236;-0.000892935
C:\Mark's Python files\ME5920\HW3_Gardocki\DefinedTurns\IMG\robocam_2025_04_06_21_57_41_294.jpg;0;1;0;1.374531;93.20018;79.51791;1.241325;177.1063;-0.0008470889
C:\Mark's Python files\ME5920\HW3_Gardocki\DefinedTurns\IMG\robocam_2025_04_06_21_57_41_337.jpg;0;1;0;1.407267;93.14426;79.52095;1.24385;177.0929;-0.0008353476
C:\Mark's Python files\ME5920\HW3_Gardocki\DefinedTurns\IMG\robocam_2025_04_06_21_57_41_377.jpg;0;1;0;1.437266;93.08714;79.52406;1.243852;177.0853;-0.0009326473
C:\Mark's Python files\ME5920\HW3_Gardocki\DefinedTurns\IMG\robocam_2025_04_06_21_57_41_419.jpg;0;1;0;1.468929;93.02869;79.52727;1.246498;177.0738;-0.0009182373
C:\Mark's Python files\ME5920\HW3_Gardocki\DefinedTurns\IMG\robocam_2025_04_06_21_57_41_463.jpg;0;1;0;1.500167;92.96897;79.53055;1.250272;177.0646;-0.0009578952
C:\Mark's Python files\ME5920\HW3_Gardocki\DefinedTurns\IMG\robocam_2025_04_06_21_57_41_505.jpg;0;1;0;1.532289;92.87706;79.53561;1.25562;177.0514;-0.000961153
C:\Mark's Python files\ME5920\HW3_Gardocki\DefinedTurns\IMG\robocam_2025_04_06_21_57_41_548.jpg;0;1;0;1.562308;92.81429;79.53909;1.257095;177.0468;-0.0009870931
C:\Mark's Python files\ME5920\HW3_Gardocki\DefinedTurns\IMG\robocam_2025_04_06_21_57_41_590.jpg;0;1;0;1.594207;92.75026;79.54264;1.259495;177.0388;-0.0009906169
C:\Mark's Python files\ME5920\HW3_Gardocki\DefinedTurns\IMG\robocam_2025_04_06_21_57_41_632.jpg;0;1;0;1.625063;92.68499;79.54628;1.261893;177.0312;-0.0009980899
C:\Mark's Python files\ME5920\HW3_Gardocki\DefinedTurns\IMG\robocam_2025_04_06_21_57_41_671.jpg;0;1;0;1.655866;92.6185;79.54999;1.264152;177.0238;-0.001016932
C:\Mark's Python files\ME5920\HW3_Gardocki\DefinedTurns\IMG\robocam_2025_04_06_21_57_41_713.jpg;0;1;0;1.6866;92.55078;79.55378;1.266163;177.0164;-0.001019548
C:\Mark's Python files\ME5920\HW3_Gardocki\DefinedTurns\IMG\robocam_2025_04_06_21_57_41_756.jpg;0;1;0;1.717262;92.48177;79.55765;1.271587;177.0074;-0.001020618
C:\Mark's Python files\ME5920\HW3_Gardocki\DefinedTurns\IMG\robocam_2025_04_06_21_57_41_798.jpg;0;1;0;1.763023;92.41158;79.5616;1.275305;177.0006;-0.001044424
C:\Mark's Python files\ME5920\HW3_Gardocki\DefinedTurns\IMG\robocam_2025_04_06_21_57_41_841.jpg;0;1;0;1.793542;92.34019;79.56563;1.277699;176.9935;-0.001038927
C:\Mark's Python files\ME5920\HW3_Gardocki\DefinedTurns\IMG\robocam_2025_04_06_21_57_41_886.jpg;0;1;0;1.823988;92.23083;79.57181;1.281467;176.9821;-0.001067804
C:\Mark's Python files\ME5920\HW3_Gardocki\DefinedTurns\IMG\robocam_2025_04_06_21_57_41_929.jpg;0;1;0;1.853528;92.15643;79.57603;1.283331;176.9752;-0.001068552
C:\Mark's Python files\ME5920\HW3_Gardocki\DefinedTurns\IMG\robocam_2025_04_06_21_57_41_973.jpg;0;1;0;1.884415;92.0808;79.58033;1.286428;176.9688;-0.001109118
C:\Mark's Python files\ME5920\HW3_Gardocki\DefinedTurns\IMG\robocam_2025_04_06_21_57_42_013.jpg;0;1;0;1.914681;92.00399;79.58471;1.287348;176.9616;-0.00110282
C:\Mark's Python files\ME5920\HW3_Gardocki\DefinedTurns\IMG\robocam_2025_04_06_21_57_42_056.jpg;0;1;0;1.944865;91.92593;79.58916;1.290224;176.9526;-0.001094015
C:\Mark's Python files\ME5920\HW3_Gardocki\DefinedTurns\IMG\robocam_2025_04_06_21_57_42_097.jpg;0;1;0;1.989056;91.84669;79.5937;1.293217;176.9463;-0.001117928
C:\Mark's Python files\ME5920\HW3_Gardocki\DefinedTurns\IMG\robocam_2025_04_06_21_57_42_139.jpg;0;1;0;2.019626;91.76622;79.59833;1.297494;176.9376;-0.001136718
C:\Mark's Python files\ME5920\HW3_Gardocki\DefinedTurns\IMG\robocam_2025_04_06_21_57_42_181.jpg;0;1;0;2.04959;91.68463;79.60303;1.298199;176.9306;-0.001127004
C:\Mark's Python files\ME5920\HW3_Gardocki\DefinedTurns\IMG\robocam_2025_04_06_21_57_42_222.jpg;0;1;0;2.079203;91.60178;79.6078;1.303051;176.9225;-0.001159511
C:\Mark's Python files\ME5920\HW3_Gardocki\DefinedTurns\IMG\robocam_2025_04_06_21_57_42_265.jpg;0;1;0;2.109045;91.51781;79.61265;1.303747;176.9157;-0.001171414
C:\Mark's Python files\ME5920\HW3_Gardocki\DefinedTurns\IMG\robocam_2025_04_06_21_57_42_306.jpg;0;1;0;2.138537;91.3896;79.62008;1.307267;176.9054;-0.001202586
C:\Mark's Python files\ME5920\HW3_Gardocki\DefinedTurns\IMG\robocam_2025_04_06_21_57_42_347.jpg;0;1;0;2.168256;91.30265;79.62514;1.309118;176.8967;-0.001191218
C:\Mark's Python files\ME5920\HW3_Gardocki\DefinedTurns\IMG\robocam_2025_04_06_21_57_42_391.jpg;0;1;0;2.197618;91.21449;79.63028;1.313505;176.889;-0.00122095
C:\Mark's Python files\ME5920\HW3_Gardocki\DefinedTurns\IMG\robocam_2025_04_06_21_57_42_434.jpg;0;1;0;2.241843;91.12524;79.63549;1.312887;176.8821;-0.001207072
C:\Mark's Python files\ME5920\HW3_Gardocki\DefinedTurns\IMG\robocam_2025_04_06_21_57_42_478.jpg;0;1;0;2.271045;91.03476;79.64079;1.315361;176.874;-0.00124118
C:\Mark's Python files\ME5920\HW3_Gardocki\DefinedTurns\IMG\robocam_2025_04_06_21_57_42_520.jpg;0;1;0;2.300191;90.94308;79.64617;1.319854;176.8665;-0.001249669
C:\Mark's Python files\ME5920\HW3_Gardocki\DefinedTurns\IMG\robocam_2025_04_06_21_57_42_564.jpg;0;1;0;2.329567;90.85033;79.65163;1.318829;176.8595;-0.001229546
C:\Mark's Python files\ME5920\HW3_Gardocki\DefinedTurns\IMG\robocam_2025_04_06_21_57_42_608.jpg;0;1;0;2.358577;90.70895;79.65997;1.32207;176.8473;-0.001259491
C:\Mark's Python files\ME5920\HW3_Gardocki\DefinedTurns\IMG\robocam_2025_04_06_21_57_42_651.jpg;0;1;0;2.387526;90.6132;79.66563;1.326247;176.8397;-0.001281591
C:\Mark's Python files\ME5920\HW3_Gardocki\DefinedTurns\IMG\robocam_2025_04_06_21_57_42_694.jpg;0;1;0;2.430351;90.51636;79.67139;1.327464;176.8336;-0.001299525
C:\Mark's Python files\ME5920\HW3_Gardocki\DefinedTurns\IMG\robocam_2025_04_06_21_57_42_735.jpg;0;1;0;2.459945;90.41837;79.67721;1.327352;176.8245;-0.001271023
C:\Mark's Python files\ME5920\HW3_Gardocki\DefinedTurns\IMG\robocam_2025_04_06_21_57_42_778.jpg;0;1;0;2.488668;90.31921;79.68312;1.328716;176.8164;-0.001291947
C:\Mark's Python files\ME5920\HW3_Gardocki\DefinedTurns\IMG\robocam_2025_04_06_21_57_42_819.jpg;0;1;0;2.517331;90.21889;79.68912;1.331349;176.8086;-0.001313939
C:\Mark's Python files\ME5920\HW3_Gardocki\DefinedTurns\IMG\robocam_2025_04_06_21_57_42_861.jpg;0;1;0;2.545938;90.11739;79.69519;1.334906;176.8009;-0.001323762
C:\Mark's Python files\ME5920\HW3_Gardocki\DefinedTurns\IMG\robocam_2025_04_06_21_57_42_903.jpg;0;1;0;2.574493;90.01476;79.70135;1.338973;176.7932;-0.001336574
C:\Mark's Python files\ME5920\HW3_Gardocki\DefinedTurns\IMG\robocam_2025_04_06_21_57_42_946.jpg;0;1;0;2.602999;89.85867;79.71075;1.34508;176.782;-0.00137362
C:\Mark's Python files\ME5920\HW3_Gardocki\DefinedTurns\IMG\robocam_2025_04_06_21_57_42_988.jpg;0;1;0;2.631456;89.75329;79.71712;1.344599;176.7757;-0.001375595
C:\Mark's Python files\ME5920\HW3_Gardocki\DefinedTurns\IMG\robocam_2025_04_06_21_57_43_031.jpg;0;1;0;2.660143;89.6468;79.72356;1.341578;176.7665;-0.001338177
C:\Mark's Python files\ME5920\HW3_Gardocki\DefinedTurns\IMG\robocam_2025_04_06_21_57_43_071.jpg;0;1;0;2.688433;89.53908;79.73009;1.343337;176.7592;-0.0009161374
C:\Mark's Python files\ME5920\HW3_Gardocki\DefinedTurns\IMG\robocam_2025_04_06_21_57_43_114.jpg;0;1;0;2.716362;89.43021;79.73672;1.347791;176.7489;-0.001354887
C:\Mark's Python files\ME5920\HW3_Gardocki\DefinedTurns\IMG\robocam_2025_04_06_21_57_43_157.jpg;0;1;0;2.744546;89.32023;79.74343;1.351794;176.7401;-0.001387822
C:\Mark's Python files\ME5920\HW3_Gardocki\DefinedTurns\IMG\robocam_2025_04_06_21_57_43_198.jpg;0;1;0;2.786724;89.20913;79.75022;1.355003;176.732;-0.001424439
C:\Mark's Python files\ME5920\HW3_Gardocki\DefinedTurns\IMG\robocam_2025_04_06_21_57_43_240.jpg;0;1;0;2.814772;89.09693;79.7571;1.357216;176.7242;-0.001420064
C:\Mark's Python files\ME5920\HW3_Gardocki\DefinedTurns\IMG\robocam_2025_04_06_21_57_43_283.jpg;0;1;0;2.842759;88.98363;79.76405;1.358383;176.7164;-0.001428872
C:\Mark's Python files\ME5920\HW3_Gardocki\DefinedTurns\IMG\robocam_2025_04_06_21_57_43_325.jpg;0;1;0;2.870677;88.81161;79.77466;1.358343;176.7046;-0.001437892
C:\Mark's Python files\ME5920\HW3_Gardocki\DefinedTurns\IMG\robocam_2025_04_06_21_57_43_368.jpg;0;1;0;2.898523;88.69557;79.78182;1.357411;176.6965;-0.001423533
C:\Mark's Python files\ME5920\HW3_Gardocki\DefinedTurns\IMG\robocam_2025_04_06_21_57_43_411.jpg;0;1;0;2.926757;88.5783;79.78909;1.363101;176.6879;-0.001344327
C:\Mark's Python files\ME5920\HW3_Gardocki\DefinedTurns\IMG\robocam_2025_04_06_21_57_43_454.jpg;0;1;0;2.953727;88.45998;79.79643;1.366539;176.6784;-0.001464531
C:\Mark's Python files\ME5920\HW3_Gardocki\DefinedTurns\IMG\robocam_2025_04_06_21_57_43_494.jpg;0;1;0;2.981405;88.34058;79.80386;1.368265;176.6697;-0.00146117
C:\Mark's Python files\ME5920\HW3_Gardocki\DefinedTurns\IMG\robocam_2025_04_06_21_57_43_537.jpg;0;1;0;3.009022;88.22012;79.81139;1.368349;176.6613;-0.001469497
C:\Mark's Python files\ME5920\HW3_Gardocki\DefinedTurns\IMG\robocam_2025_04_06_21_57_43_577.jpg;0;1;0;3.050314;88.09857;79.81899;1.367044;176.653;-0.001459034
C:\Mark's Python files\ME5920\HW3_Gardocki\DefinedTurns\IMG\robocam_2025_04_06_21_57_43_621.jpg;0;1;0;3.077459;87.97582;79.8267;1.371816;176.644;-0.00137908
C:\Mark's Python files\ME5920\HW3_Gardocki\DefinedTurns\IMG\robocam_2025_04_06_21_57_43_667.jpg;0;1;0;3.10486;87.78975;79.8384;1.37418;176.6295;-0.00149021
C:\Mark's Python files\ME5920\HW3_Gardocki\DefinedTurns\IMG\robocam_2025_04_06_21_57_43_710.jpg;0;1;0;3.132193;87.66431;79.84631;1.377504;176.6216;-0.001067952
C:\Mark's Python files\ME5920\HW3_Gardocki\DefinedTurns\IMG\robocam_2025_04_06_21_57_43_751.jpg;0;1;0;3.159165;87.53779;79.85433;1.381095;176.6104;-0.001511939
C:\Mark's Python files\ME5920\HW3_Gardocki\DefinedTurns\IMG\robocam_2025_04_06_21_57_43_794.jpg;0;1;0;3.1864;87.41022;79.86243;1.382027;176.6009;-0.001526298
C:\Mark's Python files\ME5920\HW3_Gardocki\DefinedTurns\IMG\robocam_2025_04_06_21_57_43_836.jpg;0;1;0;3.213569;87.28155;79.87062;1.384624;176.5929;-0.001091495
C:\Mark's Python files\ME5920\HW3_Gardocki\DefinedTurns\IMG\robocam_2025_04_06_21_57_43_876.jpg;0;1;0;3.253907;87.15181;79.87891;1.387102;176.5816;-0.001531532
C:\Mark's Python files\ME5920\HW3_Gardocki\DefinedTurns\IMG\robocam_2025_04_06_21_57_43_919.jpg;0;1;0;3.280929;87.02104;79.88728;1.386639;176.572;-0.001547811
C:\Mark's Python files\ME5920\HW3_Gardocki\DefinedTurns\IMG\robocam_2025_04_06_21_57_43_959.jpg;0;1;0;3.307582;86.88911;79.89575;1.390891;176.5622;-0.001466681
C:\Mark's Python files\ME5920\HW3_Gardocki\DefinedTurns\IMG\robocam_2025_04_06_21_57_44_001.jpg;0;1;0;3.334492;86.7562;79.90431;1.391173;176.5518;-0.001580053
C:\Mark's Python files\ME5920\HW3_Gardocki\DefinedTurns\IMG\robocam_2025_04_06_21_57_44_045.jpg;0;1;0;3.361031;86.62213;79.91296;1.395817;176.5416;-0.001471489
C:\Mark's Python files\ME5920\HW3_Gardocki\DefinedTurns\IMG\robocam_2025_04_06_21_57_44_087.jpg;0;1;0;3.38783;86.41917;79.92611;1.394966;176.526;-0.001596977
C:\Mark's Python files\ME5920\HW3_Gardocki\DefinedTurns\IMG\robocam_2025_04_06_21_57_44_128.jpg;0;1;0;3.414976;86.28249;79.93499;1.397864;176.5159;-0.001497004
C:\Mark's Python files\ME5920\HW3_Gardocki\DefinedTurns\IMG\robocam_2025_04_06_21_57_44_168.jpg;0;1;0;3.441339;86.14469;79.94396;1.403819;176.5044;-0.001497488
C:\Mark's Python files\ME5920\HW3_Gardocki\DefinedTurns\IMG\robocam_2025_04_06_21_57_44_210.jpg;0;1;0;3.467242;86.00594;79.95303;1.404725;176.493;-0.001623618
C:\Mark's Python files\ME5920\HW3_Gardocki\DefinedTurns\IMG\robocam_2025_04_06_21_57_44_251.jpg;0;1;0;3.493814;85.8661;79.9622;1.405835;176.4839;-0.001169862
C:\Mark's Python files\ME5920\HW3_Gardocki\DefinedTurns\IMG\robocam_2025_04_06_21_57_44_294.jpg;0;1;0;3.520005;85.72527;79.97147;1.405609;176.4718;-0.001620737
C:\Mark's Python files\ME5920\HW3_Gardocki\DefinedTurns\IMG\robocam_2025_04_06_21_57_44_337.jpg;0;1;0;3.54686;85.58331;79.98082;1.408954;176.4606;-0.001530639
C:\Mark's Python files\ME5920\HW3_Gardocki\DefinedTurns\IMG\robocam_2025_04_06_21_57_44_378.jpg;0;1;0;3.586108;85.44032;79.99028;1.411437;176.45;-0.001187586
C:\Mark's Python files\ME5920\HW3_Gardocki\DefinedTurns\IMG\robocam_2025_04_06_21_57_44_418.jpg;0;1;0;3.611698;85.29633;79.99983;1.412107;176.4371;-0.001649885
C:\Mark's Python files\ME5920\HW3_Gardocki\DefinedTurns\IMG\robocam_2025_04_06_21_57_44_460.jpg;0;1;0;3.637635;85.15125;80.00949;1.415861;176.4255;-0.0015592
C:\Mark's Python files\ME5920\HW3_Gardocki\DefinedTurns\IMG\robocam_2025_04_06_21_57_44_502.jpg;0;1;0;3.66423;85.00514;80.01924;1.418266;176.4146;-0.001207179
C:\Mark's Python files\ME5920\HW3_Gardocki\DefinedTurns\IMG\robocam_2025_04_06_21_57_44_544.jpg;0;1;0;3.689657;84.85806;80.0291;1.418433;176.4015;-0.001681275
C:\Mark's Python files\ME5920\HW3_Gardocki\DefinedTurns\IMG\robocam_2025_04_06_21_57_44_588.jpg;0;1;0;3.715424;84.63538;80.04407;1.424695;176.3842;-0.001213854
C:\Mark's Python files\ME5920\HW3_Gardocki\DefinedTurns\IMG\robocam_2025_04_06_21_57_44_628.jpg;0;1;0;3.741142;84.4857;80.05418;1.425681;176.3705;-0.001703165
C:\Mark's Python files\ME5920\HW3_Gardocki\DefinedTurns\IMG\robocam_2025_04_06_21_57_44_671.jpg;0;1;0;3.779778;84.33495;80.06439;1.428854;176.3582;-0.00161739
C:\Mark's Python files\ME5920\HW3_Gardocki\DefinedTurns\IMG\robocam_2025_04_06_21_57_44_713.jpg;0;1;0;3.806065;84.18321;80.0747;1.429897;176.3468;-0.001257466
C:\Mark's Python files\ME5920\HW3_Gardocki\DefinedTurns\IMG\robocam_2025_04_06_21_57_44_755.jpg;0;1;0;3.831584;84.03044;80.08512;1.432339;176.3341;-0.001250635
C:\Mark's Python files\ME5920\HW3_Gardocki\DefinedTurns\IMG\robocam_2025_04_06_21_57_44_796.jpg;0;1;0;3.857051;83.87663;80.09565;1.43589;176.3207;-0.001254214
C:\Mark's Python files\ME5920\HW3_Gardocki\DefinedTurns\IMG\robocam_2025_04_06_21_57_44_837.jpg;0;1;0;3.882084;83.72186;80.10629;1.435977;176.3064;-0.001743313
C:\Mark's Python files\ME5920\HW3_Gardocki\DefinedTurns\IMG\robocam_2025_04_06_21_57_44_878.jpg;0;1;0;3.895313;83.56605;80.11701;1.437731;176.2936;-0.0016538
C:\Mark's Python files\ME5920\HW3_Gardocki\DefinedTurns\IMG\robocam_2025_04_06_21_57_44_920.jpg;0;1;0;3.932745;83.40922;80.12786;1.440272;176.2801;-0.001657538
C:\Mark's Python files\ME5920\HW3_Gardocki\DefinedTurns\IMG\robocam_2025_04_06_21_57_44_959.jpg;0;1;0;3.957996;83.25137;80.13881;1.44336;176.2662;-0.001666081
C:\Mark's Python files\ME5920\HW3_Gardocki\DefinedTurns\IMG\robocam_2025_04_06_21_57_45_002.jpg;0;1;0;3.983196;83.09251;80.14986;1.446767;176.2521;-0.001680388
C:\Mark's Python files\ME5920\HW3_Gardocki\DefinedTurns\IMG\robocam_2025_04_06_21_57_45_043.jpg;0;1;0;4.009036;82.9327;80.16102;1.446904;176.2396;-0.001315764
C:\Mark's Python files\ME5920\HW3_Gardocki\DefinedTurns\IMG\robocam_2025_04_06_21_57_45_083.jpg;0;1;0;4.033429;82.77183;80.1723;1.450839;176.2244;-0.001691388
C:\Mark's Python files\ME5920\HW3_Gardocki\DefinedTurns\IMG\robocam_2025_04_06_21_57_45_126.jpg;0;1;0;4.059157;82.52869;80.18941;1.454472;176.2042;-0.001227321
C:\Mark's Python files\ME5920\HW3_Gardocki\DefinedTurns\IMG\robocam_2025_04_06_21_57_45_168.jpg;0;1;0;4.083444;82.3654;80.20097;1.453853;176.1883;-0.001827824
C:\Mark's Python files\ME5920\HW3_Gardocki\DefinedTurns\IMG\robocam_2025_04_06_21_57_45_208.jpg;0;1;0;4.109061;82.20103;80.21262;1.458247;176.1751;-0.001242269
C:\Mark's Python files\ME5920\HW3_Gardocki\DefinedTurns\IMG\robocam_2025_04_06_21_57_45_249.jpg;0;1;0;4.133244;82.03571;80.2244;1.461367;176.1596;-0.001357301
C:\Mark's Python files\ME5920\HW3_Gardocki\DefinedTurns\IMG\robocam_2025_04_06_21_57_45_289.jpg;0;1;0;4.158067;81.8694;80.23629;1.463826;176.1445;-0.001357249
C:\Mark's Python files\ME5920\HW3_Gardocki\DefinedTurns\IMG\robocam_2025_04_06_21_57_45_331.jpg;0;1;0;4.195724;81.70213;80.24829;1.465547;176.1294;-0.001374385
C:\Mark's Python files\ME5920\HW3_Gardocki\DefinedTurns\IMG\robocam_2025_04_06_21_57_45_371.jpg;0;1;0;4.220412;81.53387;80.26041;1.466505;176.1143;-0.001379083
C:\Mark's Python files\ME5920\HW3_Gardocki\DefinedTurns\IMG\robocam_2025_04_06_21_57_45_413.jpg;0;1;0;4.24504;81.36466;80.27264;1.466739;176.0992;-0.00137161
C:\Mark's Python files\ME5920\HW3_Gardocki\DefinedTurns\IMG\robocam_2025_04_06_21_57_45_455.jpg;0;0.8872534;0;4.267564;81.19448;80.28501;1.468504;176.0825;-0.001763088
C:\Mark's Python files\ME5920\HW3_Gardocki\DefinedTurns\IMG\robocam_2025_04_06_21_57_45_495.jpg;0;0.7665613;0;4.28717;81.02352;80.29745;1.468074;176.0671;-0.001258288
C:\Mark's Python files\ME5920\HW3_Gardocki\DefinedTurns\IMG\robocam_2025_04_06_21_57_45_536.jpg;0;0.6421462;0;4.302532;80.85199;80.31;1.463803;176.0493;-0.001227273
C:\Mark's Python files\ME5920\HW3_Gardocki\DefinedTurns\IMG\robocam_2025_04_06_21_57_45_577.jpg;0;0.5142516;0;4.313838;80.68011;80.32262;1.45109;176.0303;-0.001202392
C:\Mark's Python files\ME5920\HW3_Gardocki\DefinedTurns\IMG\robocam_2025_04_06_21_57_45_619.jpg;0;0.3903685;0;4.321065;80.50813;80.3353;1.425904;176.011;-0.001138219
C:\Mark's Python files\ME5920\HW3_Gardocki\DefinedTurns\IMG\robocam_2025_04_06_21_57_45_659.jpg;0;0.2655463;0;4.324216;80.33627;80.34804;1.384784;175.9915;-0.001088826
C:\Mark's Python files\ME5920\HW3_Gardocki\DefinedTurns\IMG\robocam_2025_04_06_21_57_45_702.jpg;0;0;0.0395319;4.323641;80.16473;80.36079;1.325203;175.9723;-0.001019252
C:\Mark's Python files\ME5920\HW3_Gardocki\DefinedTurns\IMG\robocam_2025_04_06_21_57_45_744.jpg;0;0;0;4.308692;79.99413;80.37353;1.236024;175.9536;-0.0008589893
C:\Mark's Python files\ME5920\HW3_Gardocki\DefinedTurns\IMG\robocam_2025_04_06_21_57_45_785.jpg;0;0;0;4.297493;79.74008;80.39256;1.052785;175.9267;-0.000661306
C:\Mark's Python files\ME5920\HW3_Gardocki\DefinedTurns\IMG\robocam_2025_04_06_21_57_45_827.jpg;0;0;0;4.288349;79.57156;80.4052;0.9098681;175.9099;-0.0004277945
C:\Mark's Python files\ME5920\HW3_Gardocki\DefinedTurns\IMG\robocam_2025_04_06_21_57_45_869.jpg;0;0;0;4.279193;79.40363;80.41782;0.754757;175.8942;-0.0001204993
C:\Mark's Python files\ME5920\HW3_Gardocki\DefinedTurns\IMG\robocam_2025_04_06_21_57_45_911.jpg;0;0;0;4.270013;79.23623;80.43038;0.5908853;175.8801;0.001625645
C:\Mark's Python files\ME5920\HW3_Gardocki\DefinedTurns\IMG\robocam_2025_04_06_21_57_45_953.jpg;0;0;0;4.256196;79.06929;80.44285;0.421657;175.8693;0.007194771
C:\Mark's Python files\ME5920\HW3_Gardocki\DefinedTurns\IMG\robocam_2025_04_06_21_57_45_996.jpg;0;0;0;4.247005;78.90276;80.45524;0.2499769;175.8607;0.01558801
C:\Mark's Python files\ME5920\HW3_Gardocki\DefinedTurns\IMG\robocam_2025_04_06_21_57_46_036.jpg;0;0;0.0556149;4.23612;78.73666;80.46753;0.07729288;175.8546;0.02726584
C:\Mark's Python files\ME5920\HW3_Gardocki\DefinedTurns\IMG\robocam_2025_04_06_21_57_46_077.jpg;0;0;0.1793328;4.212927;78.57125;80.47995;359.9101;175.8446;0.02659053
C:\Mark's Python files\ME5920\HW3_Gardocki\DefinedTurns\IMG\robocam_2025_04_06_21_57_46_118.jpg;0;0;0.3065166;4.173649;78.4074;80.49249;359.7356;175.827;0.003777588
C:\Mark's Python files\ME5920\HW3_Gardocki\DefinedTurns\IMG\robocam_2025_04_06_21_57_46_160.jpg;0;0;0.4282569;4.119609;78.24601;80.50439;359.5321;175.8188;-0.003152531
C:\Mark's Python files\ME5920\HW3_Gardocki\DefinedTurns\IMG\robocam_2025_04_06_21_57_46_202.jpg;0;0;0.5489946;4.049498;78.08833;80.51585;359.2673;175.8185;0.0007620018
C:\Mark's Python files\ME5920\HW3_Gardocki\DefinedTurns\IMG\robocam_2025_04_06_21_57_46_244.jpg;0;0;0.6727368;3.962933;77.93454;80.52714;358.9695;175.8179;0.0006253836
C:\Mark's Python files\ME5920\HW3_Gardocki\DefinedTurns\IMG\robocam_2025_04_06_21_57_46_289.jpg;0;0;0.8228381;3.861245;77.71217;80.54357;358.443;175.8171;-0.002057981
C:\Mark's Python files\ME5920\HW3_Gardocki\DefinedTurns\IMG\robocam_2025_04_06_21_57_46_331.jpg;0;0;0.9474347;3.754925;77.56562;80.55454;358.2108;175.8134;359.9883
C:\Mark's Python files\ME5920\HW3_Gardocki\DefinedTurns\IMG\robocam_2025_04_06_21_57_46_373.jpg;0;0;1;3.681742;77.42136;80.56483;358.0157;175.8326;0.01088873
C:\Mark's Python files\ME5920\HW3_Gardocki\DefinedTurns\IMG\robocam_2025_04_06_21_57_46_414.jpg;0;0;1;3.598801;77.27782;80.57587;357.9769;175.8322;359.988
C:\Mark's Python files\ME5920\HW3_Gardocki\DefinedTurns\IMG\robocam_2025_04_06_21_57_46_455.jpg;0;0;1;3.513207;77.13628;80.58509;357.9984;175.8533;0.05591189
C:\Mark's Python files\ME5920\HW3_Gardocki\DefinedTurns\IMG\robocam_2025_04_06_21_57_46_501.jpg;0;0;1;3.439426;76.99688;80.59357;358.0733;175.9626;0.1784354
C:\Mark's Python files\ME5920\HW3_Gardocki\DefinedTurns\IMG\robocam_2025_04_06_21_57_46_545.jpg;0;0;1;3.356862;76.85835;80.60532;358.3084;176.0031;0.1083707
C:\Mark's Python files\ME5920\HW3_Gardocki\DefinedTurns\IMG\robocam_2025_04_06_21_57_46_588.jpg;0;0;1;3.274247;76.65475;80.62294;358.7507;175.8615;359.9316
C:\Mark's Python files\ME5920\HW3_Gardocki\DefinedTurns\IMG\robocam_2025_04_06_21_57_46_630.jpg;0;0;1;3.152962;76.52779;80.63177;358.9393;175.7087;359.8934
C:\Mark's Python files\ME5920\HW3_Gardocki\DefinedTurns\IMG\robocam_2025_04_06_21_57_46_673.jpg;0;0;1;2.980799;76.41104;80.63992;358.9163;175.5719;359.8701
C:\Mark's Python files\ME5920\HW3_Gardocki\DefinedTurns\IMG\robocam_2025_04_06_21_57_46_715.jpg;0;0;1;2.801716;76.30272;80.64696;358.765;175.4861;359.9091
C:\Mark's Python files\ME5920\HW3_Gardocki\DefinedTurns\IMG\robocam_2025_04_06_21_57_46_756.jpg;0;0;1;2.659488;76.1984;80.65363;358.6169;175.3768;0.00463446
C:\Mark's Python files\ME5920\HW3_Gardocki\DefinedTurns\IMG\robocam_2025_04_06_21_57_46_797.jpg;0;0;1;2.581459;76.09573;80.6626;358.5642;175.3379;-0.004435413
C:\Mark's Python files\ME5920\HW3_Gardocki\DefinedTurns\IMG\robocam_2025_04_06_21_57_46_839.jpg;0;0;1;2.503721;75.99462;80.66975;358.5925;175.3485;0.08589786
C:\Mark's Python files\ME5920\HW3_Gardocki\DefinedTurns\IMG\robocam_2025_04_06_21_57_46_881.jpg;0;0;1;2.415202;75.89608;80.67908;358.6881;175.4066;0.04672755
C:\Mark's Python files\ME5920\HW3_Gardocki\DefinedTurns\IMG\robocam_2025_04_06_21_57_46_923.jpg;0;0;1;2.316868;75.8013;80.68829;358.7917;175.4818;359.9506
C:\Mark's Python files\ME5920\HW3_Gardocki\DefinedTurns\IMG\robocam_2025_04_06_21_57_46_965.jpg;0;0;1;2.170513;75.67271;80.69688;358.763;175.4938;-0.00497818
C:\Mark's Python files\ME5920\HW3_Gardocki\DefinedTurns\IMG\robocam_2025_04_06_21_57_47_007.jpg;0;0;1;2.040531;75.59467;80.70309;358.6616;175.5042;-0.001069537
C:\Mark's Python files\ME5920\HW3_Gardocki\DefinedTurns\IMG\robocam_2025_04_06_21_57_47_048.jpg;0;0;1;1.926737;75.51993;80.70918;358.5925;175.5023;359.9928
C:\Mark's Python files\ME5920\HW3_Gardocki\DefinedTurns\IMG\robocam_2025_04_06_21_57_47_088.jpg;0;0;1;1.84981;75.44675;80.715;358.61;175.5027;359.994
C:\Mark's Python files\ME5920\HW3_Gardocki\DefinedTurns\IMG\robocam_2025_04_06_21_57_47_129.jpg;0;0;1;1.772685;75.37613;80.72066;358.6817;175.5038;-0.005252418
C:\Mark's Python files\ME5920\HW3_Gardocki\DefinedTurns\IMG\robocam_2025_04_06_21_57_47_173.jpg;0;0;1;1.674911;75.31062;80.72591;358.7242;175.5049;-0.003954379
C:\Mark's Python files\ME5920\HW3_Gardocki\DefinedTurns\IMG\robocam_2025_04_06_21_57_47_215.jpg;0;0;1;1.545117;75.25174;80.73068;358.688;175.5053;-0.004015869
C:\Mark's Python files\ME5920\HW3_Gardocki\DefinedTurns\IMG\robocam_2025_04_06_21_57_47_256.jpg;0;0;1;1.331486;75.19832;80.73506;358.6102;175.5048;-0.004987399
C:\Mark's Python files\ME5920\HW3_Gardocki\DefinedTurns\IMG\robocam_2025_04_06_21_57_47_299.jpg;0;0;1;1.255475;75.14783;80.73923;358.5739;175.5035;359.9937
C:\Mark's Python files\ME5920\HW3_Gardocki\DefinedTurns\IMG\robocam_2025_04_06_21_57_47_343.jpg;0;0;1;1.180363;75.09879;80.74326;358.6268;175.5035;359.9937
C:\Mark's Python files\ME5920\HW3_Gardocki\DefinedTurns\IMG\robocam_2025_04_06_21_57_47_383.jpg;0;0;1;1.050671;75.05376;80.74696;358.6848;175.5078;-0.004016142
C:\Mark's Python files\ME5920\HW3_Gardocki\DefinedTurns\IMG\robocam_2025_04_06_21_57_47_426.jpg;0;0;1;0.9315614;74.99773;80.75157;358.6361;175.4992;0.003311979
C:\Mark's Python files\ME5920\HW3_Gardocki\DefinedTurns\IMG\robocam_2025_04_06_21_57_47_469.jpg;0;0;1;0.7741874;74.97183;80.75378;358.4381;175.8345;0.007243918
C:\Mark's Python files\ME5920\HW3_Gardocki\DefinedTurns\IMG\robocam_2025_04_06_21_57_47_511.jpg;0;0;1;0.5021433;74.95583;80.75458;358.1005;176.3155;0.01180308
C:\Mark's Python files\ME5920\HW3_Gardocki\DefinedTurns\IMG\robocam_2025_04_06_21_57_47_560.jpg;0;0;1;0.3120372;74.94961;80.754;357.6456;176.6249;0.02757786
C:\Mark's Python files\ME5920\HW3_Gardocki\DefinedTurns\IMG\robocam_2025_04_06_21_57_47_607.jpg;0;0;1;0.1857369;74.94999;80.75327;357.0183;176.7469;359.9915
C:\Mark's Python files\ME5920\HW3_Gardocki\DefinedTurns\IMG\robocam_2025_04_06_21_57_47_649.jpg;0;0;1;0.1301687;74.9499;80.75329;356.76;176.7473;0.002140737
C:\Mark's Python files\ME5920\HW3_Gardocki\DefinedTurns\IMG\robocam_2025_04_06_21_57_47_691.jpg;0;0;1;0.08383285;74.9498;80.75327;356.6336;176.7519;359.9907
C:\Mark's Python files\ME5920\HW3_Gardocki\DefinedTurns\IMG\robocam_2025_04_06_21_57_47_731.jpg;0;0;1;0.02839772;74.9497;80.75322;356.6382;176.7611;359.9886
C:\Mark's Python files\ME5920\HW3_Gardocki\DefinedTurns\IMG\robocam_2025_04_06_21_57_47_774.jpg;0;0;1;-0.02926215;74.94962;80.7532;356.7735;176.768;359.9909
C:\Mark's Python files\ME5920\HW3_Gardocki\DefinedTurns\IMG\robocam_2025_04_06_21_57_47_815.jpg;0;0;1;-0.1269646;74.94953;80.75317;357.0388;176.7742;359.9913
C:\Mark's Python files\ME5920\HW3_Gardocki\DefinedTurns\IMG\robocam_2025_04_06_21_57_47_856.jpg;0;0;1;-0.184538;74.94949;80.75315;357.4326;176.7777;0.01693773
C:\Mark's Python files\ME5920\HW3_Gardocki\DefinedTurns\IMG\robocam_2025_04_06_21_57_47_898.jpg;0;0;1;-0.2007756;74.94917;80.75352;357.9171;176.7178;359.9682
C:\Mark's Python files\ME5920\HW3_Gardocki\DefinedTurns\IMG\robocam_2025_04_06_21_57_47_939.jpg;0;0;1;-0.2167359;74.94865;80.75413;358.4403;176.6151;359.8653
C:\Mark's Python files\ME5920\HW3_Gardocki\DefinedTurns\IMG\robocam_2025_04_06_21_57_47_981.jpg;0;0;1;-0.2275507;74.94829;80.7546;358.9778;176.5292;359.7298
C:\Mark's Python files\ME5920\HW3_Gardocki\DefinedTurns\IMG\robocam_2025_04_06_21_57_48_023.jpg;0;0;1;-0.2199656;74.94845;80.75463;359.4554;176.5173;359.5764
C:\Mark's Python files\ME5920\HW3_Gardocki\DefinedTurns\IMG\robocam_2025_04_06_21_57_48_064.jpg;0;0;1;-0.2056337;74.94865;80.75456;359.8914;176.5197;359.4118
C:\Mark's Python files\ME5920\HW3_Gardocki\DefinedTurns\IMG\robocam_2025_04_06_21_57_48_107.jpg;0;0;0;-0.1797723;74.94873;80.75464;0.4506286;176.5031;359.1714
C:\Mark's Python files\ME5920\HW3_Gardocki\DefinedTurns\IMG\robocam_2025_04_06_21_57_48_150.jpg;0;0;0;-0.1487287;74.94888;80.7546;0.7222017;176.5126;359.019
C:\Mark's Python files\ME5920\HW3_Gardocki\DefinedTurns\IMG\robocam_2025_04_06_21_57_48_191.jpg;0;0;0;-0.1182214;74.94899;80.75456;0.9202221;176.5224;358.8775
C:\Mark's Python files\ME5920\HW3_Gardocki\DefinedTurns\IMG\robocam_2025_04_06_21_57_48_233.jpg;0;0;0;-0.05973278;74.94914;80.75445;1.039614;176.5418;358.7711
C:\Mark's Python files\ME5920\HW3_Gardocki\DefinedTurns\IMG\robocam_2025_04_06_21_57_48_274.jpg;0;0;0;-0.01536542;74.94926;80.7543;1.082363;176.5586;358.7623
C:\Mark's Python files\ME5920\HW3_Gardocki\DefinedTurns\IMG\robocam_2025_04_06_21_57_48_315.jpg;0;0;0;0.03215598;74.94922;80.75427;1.060044;176.5551;358.8159
C:\Mark's Python files\ME5920\HW3_Gardocki\DefinedTurns\IMG\robocam_2025_04_06_21_57_48_356.jpg;0;0;0;0.05610179;74.94921;80.75436;0.9655049;176.5503;358.852
C:\Mark's Python files\ME5920\HW3_Gardocki\DefinedTurns\IMG\robocam_2025_04_06_21_57_48_398.jpg;0;0;0;0.08399653;74.94923;80.75442;0.8008296;176.5532;358.8955
C:\Mark's Python files\ME5920\HW3_Gardocki\DefinedTurns\IMG\robocam_2025_04_06_21_57_48_440.jpg;0;0;0;0.1115188;74.94922;80.7545;0.5745534;176.5526;358.9506
C:\Mark's Python files\ME5920\HW3_Gardocki\DefinedTurns\IMG\robocam_2025_04_06_21_57_48_492.jpg;0;0;0;0.1378592;74.94938;80.75446;0.1113736;176.5829;359.0539
C:\Mark's Python files\ME5920\HW3_Gardocki\DefinedTurns\IMG\robocam_2025_04_06_21_57_48_534.jpg;0;0;0;0.162728;74.94923;80.75459;359.7676;176.573;359.1382
C:\Mark's Python files\ME5920\HW3_Gardocki\DefinedTurns\IMG\robocam_2025_04_06_21_57_48_577.jpg;0;0;0;0.1361278;74.94926;80.75448;359.4592;176.5952;359.255
C:\Mark's Python files\ME5920\HW3_Gardocki\DefinedTurns\IMG\robocam_2025_04_06_21_57_48_619.jpg;0;0;0.0449556;0.1253342;74.94932;80.75435;359.2007;176.6212;359.4053
C:\Mark's Python files\ME5920\HW3_Gardocki\DefinedTurns\IMG\robocam_2025_04_06_21_57_48_662.jpg;0;0;0.1682406;0.1169721;74.94932;80.75433;358.977;176.6363;359.5634
C:\Mark's Python files\ME5920\HW3_Gardocki\DefinedTurns\IMG\robocam_2025_04_06_21_57_48_704.jpg;0;0;0.296094;0.1078528;74.94927;80.75434;358.783;176.6442;359.7217
C:\Mark's Python files\ME5920\HW3_Gardocki\DefinedTurns\IMG\robocam_2025_04_06_21_57_48_747.jpg;0;0;0.4532838;0.09208103;74.94913;80.75445;358.5786;176.6415;359.9373
C:\Mark's Python files\ME5920\HW3_Gardocki\DefinedTurns\IMG\robocam_2025_04_06_21_57_48_799.jpg;0;0;0.5823795;0.04019484;74.94909;80.75454;358.5271;176.6385;0.04297203
C:\Mark's Python files\ME5920\HW3_Gardocki\DefinedTurns\IMG\robocam_2025_04_06_21_57_48_840.jpg;0;0;0.7097108;-0.01818118;74.94898;80.75472;358.5439;176.6195;0.07966149
C:\Mark's Python files\ME5920\HW3_Gardocki\DefinedTurns\IMG\robocam_2025_04_06_21_57_48_883.jpg;0;0;0.8352803;-0.0418957;74.94897;80.75483;358.6287;176.6122;0.04703724
C:\Mark's Python files\ME5920\HW3_Gardocki\DefinedTurns\IMG\robocam_2025_04_06_21_57_48_926.jpg;0;0;0.9601964;-0.06302803;74.94883;80.75481;358.8194;176.6023;359.9543
C:\Mark's Python files\ME5920\HW3_Gardocki\DefinedTurns\IMG\robocam_2025_04_06_21_57_48_967.jpg;0;0;1;-0.06597981;74.94887;80.75478;358.9439;176.6007;359.8734
C:\Mark's Python files\ME5920\HW3_Gardocki\DefinedTurns\IMG\robocam_2025_04_06_21_57_49_009.jpg;0;0;1;-0.06605273;74.94893;80.75475;359.0655;176.6006;359.7898
C:\Mark's Python files\ME5920\HW3_Gardocki\DefinedTurns\IMG\robocam_2025_04_06_21_57_49_052.jpg;0;0;1;-0.0655154;74.949;80.75473;359.1851;176.6006;359.7058
C:\Mark's Python files\ME5920\HW3_Gardocki\DefinedTurns\IMG\robocam_2025_04_06_21_57_49_092.jpg;0;0;1;-0.06444521;74.94905;80.7547;359.3019;176.6009;359.6225
C:\Mark's Python files\ME5920\HW3_Gardocki\DefinedTurns\IMG\robocam_2025_04_06_21_57_49_133.jpg;0;0;1;-0.06286731;74.94911;80.75468;359.4151;176.6013;359.5406
C:\Mark's Python files\ME5920\HW3_Gardocki\DefinedTurns\IMG\robocam_2025_04_06_21_57_49_174.jpg;0;0;1;-0.06082057;74.94917;80.75465;359.5239;176.6019;359.4608
C:\Mark's Python files\ME5920\HW3_Gardocki\DefinedTurns\IMG\robocam_2025_04_06_21_57_49_218.jpg;0;0;1;-0.05676997;74.94923;80.75462;359.6276;176.6027;359.3838
C:\Mark's Python files\ME5920\HW3_Gardocki\DefinedTurns\IMG\robocam_2025_04_06_21_57_49_258.jpg;0;0;1;-0.05376033;74.94927;80.75459;359.7258;176.6035;359.3102
C:\Mark's Python files\ME5920\HW3_Gardocki\DefinedTurns\IMG\robocam_2025_04_06_21_57_49_299.jpg;0;0;1;-0.05042833;74.94932;80.75457;359.8178;176.6045;359.2406
C:\Mark's Python files\ME5920\HW3_Gardocki\DefinedTurns\IMG\robocam_2025_04_06_21_57_49_339.jpg;0;0;1;-0.04683187;74.94936;80.75455;359.9032;176.6055;359.1754
C:\Mark's Python files\ME5920\HW3_Gardocki\DefinedTurns\IMG\robocam_2025_04_06_21_57_49_383.jpg;0;0;1;-0.03868846;74.94938;80.75453;359.9766;176.6053;359.117
C:\Mark's Python files\ME5920\HW3_Gardocki\DefinedTurns\IMG\robocam_2025_04_06_21_57_49_426.jpg;0;0;1;-0.02611701;74.94949;80.75452;0.03067224;176.6084;359.0409
C:\Mark's Python files\ME5920\HW3_Gardocki\DefinedTurns\IMG\robocam_2025_04_06_21_57_49_467.jpg;0;0;1;-0.01518664;74.9495;80.75453;0.03110217;176.6086;359.0034
C:\Mark's Python files\ME5920\HW3_Gardocki\DefinedTurns\IMG\robocam_2025_04_06_21_57_49_510.jpg;0;0;1;0.01348795;74.94951;80.75454;0.004758401;176.6085;358.9752
C:\Mark's Python files\ME5920\HW3_Gardocki\DefinedTurns\IMG\robocam_2025_04_06_21_57_49_551.jpg;0;0;0;0.01852298;74.94951;80.75454;359.9614;176.6084;358.9549
C:\Mark's Python files\ME5920\HW3_Gardocki\DefinedTurns\IMG\robocam_2025_04_06_21_57_49_594.jpg;0;0;0;0.02234231;74.94949;80.75454;359.9111;176.6082;358.942
C:\Mark's Python files\ME5920\HW3_Gardocki\DefinedTurns\IMG\robocam_2025_04_06_21_57_49_636.jpg;0;0;0;0.02184751;74.94954;80.75453;359.8712;176.6103;358.9481
C:\Mark's Python files\ME5920\HW3_Gardocki\DefinedTurns\IMG\robocam_2025_04_06_21_57_49_676.jpg;0;0;0;0.01579961;74.94952;80.75453;359.8437;176.6097;358.9693
C:\Mark's Python files\ME5920\HW3_Gardocki\DefinedTurns\IMG\robocam_2025_04_06_21_57_49_719.jpg;0;0;0;0.01701473;74.94951;80.75455;359.8231;176.6085;359.0007
C:\Mark's Python files\ME5920\HW3_Gardocki\DefinedTurns\IMG\robocam_2025_04_06_21_57_49_761.jpg;0;0;0;-0.02298545;74.95069;80.75437;359.7816;176.6728;359.047
C:\Mark's Python files\ME5920\HW3_Gardocki\DefinedTurns\IMG\robocam_2025_04_06_21_57_49_803.jpg;0;0;0;0.02329312;74.95065;80.75446;359.7738;176.6639;359.0939
C:\Mark's Python files\ME5920\HW3_Gardocki\DefinedTurns\IMG\robocam_2025_04_06_21_57_49_843.jpg;0;0;0;0.02473439;74.95063;80.75461;359.7646;176.6597;359.14
C:\Mark's Python files\ME5920\HW3_Gardocki\DefinedTurns\IMG\robocam_2025_04_06_21_57_49_885.jpg;0;0;0;0.0244894;74.95065;80.75478;359.7522;176.6604;359.1838
C:\Mark's Python files\ME5920\HW3_Gardocki\DefinedTurns\IMG\robocam_2025_04_06_21_57_49_927.jpg;0;0;0;0.02430146;74.95064;80.75502;359.7339;176.6568;359.2496
C:\Mark's Python files\ME5920\HW3_Gardocki\DefinedTurns\IMG\robocam_2025_04_06_21_57_49_969.jpg;0;0;0;0.02381406;74.95065;80.75523;359.7194;176.6574;359.2898
C:\Mark's Python files\ME5920\HW3_Gardocki\DefinedTurns\IMG\robocam_2025_04_06_21_57_50_011.jpg;0;0;0;0.02314249;74.95066;80.75542;359.7042;176.6581;359.3281
C:\Mark's Python files\ME5920\HW3_Gardocki\DefinedTurns\IMG\robocam_2025_04_06_21_57_50_052.jpg;0;0;0;0.02234539;74.95068;80.75562;359.6885;176.6587;359.3644
C:\Mark's Python files\ME5920\HW3_Gardocki\DefinedTurns\IMG\robocam_2025_04_06_21_57_50_093.jpg;0;0;0;0.02144474;74.9507;80.75581;359.6727;176.6594;359.3986
C:\Mark's Python files\ME5920\HW3_Gardocki\DefinedTurns\IMG\robocam_2025_04_06_21_57_50_135.jpg;0;0;0;0.01908474;74.95071;80.756;359.6569;176.6601;359.4305
C:\Mark's Python files\ME5920\HW3_Gardocki\DefinedTurns\IMG\robocam_2025_04_06_21_57_50_176.jpg;0;0;0;0.01802436;74.95073;80.7562;359.6412;176.6608;359.4599
C:\Mark's Python files\ME5920\HW3_Gardocki\DefinedTurns\IMG\robocam_2025_04_06_21_57_50_217.jpg;0;0;0;0.01690753;74.95074;80.75638;359.626;176.6614;359.4871
C:\Mark's Python files\ME5920\HW3_Gardocki\DefinedTurns\IMG\robocam_2025_04_06_21_57_50_259.jpg;0;0;0.0410307;0.01576185;74.95077;80.75655;359.6114;176.662;359.5117
C:\Mark's Python files\ME5920\HW3_Gardocki\DefinedTurns\IMG\robocam_2025_04_06_21_57_50_303.jpg;0;0;0.1687713;0.01457703;74.95078;80.75674;359.5974;176.6627;359.5338
C:\Mark's Python files\ME5920\HW3_Gardocki\DefinedTurns\IMG\robocam_2025_04_06_21_57_50_344.jpg;0;0;0.2955588;0.01337935;74.9508;80.75691;359.5843;176.6634;359.5535
C:\Mark's Python files\ME5920\HW3_Gardocki\DefinedTurns\IMG\robocam_2025_04_06_21_57_50_386.jpg;0;0;0.4212684;0.01217403;74.95085;80.75723;359.5648;176.6685;359.5762
C:\Mark's Python files\ME5920\HW3_Gardocki\DefinedTurns\IMG\robocam_2025_04_06_21_57_50_427.jpg;0;0;0.5475633;0.01096385;74.95087;80.75739;359.5543;176.6692;359.5898
C:\Mark's Python files\ME5920\HW3_Gardocki\DefinedTurns\IMG\robocam_2025_04_06_21_57_50_470.jpg;0;0;0.6705597;0;74.95088;80.75756;359.5452;176.6697;359.6012
C:\Mark's Python files\ME5920\HW3_Gardocki\DefinedTurns\IMG\robocam_2025_04_06_21_57_50_512.jpg;0;0;0.7936167;0;74.9509;80.75772;359.5373;176.6704;359.6103
C:\Mark's Python files\ME5920\HW3_Gardocki\DefinedTurns\IMG\robocam_2025_04_06_21_57_50_552.jpg;0;0;0.9144068;0;74.95092;80.75789;359.5307;176.6709;359.6174
C:\Mark's Python files\ME5920\HW3_Gardocki\DefinedTurns\IMG\robocam_2025_04_06_21_57_50_593.jpg;0;0;1;0;74.95094;80.75804;359.5255;176.6715;359.6223
C:\Mark's Python files\ME5920\HW3_Gardocki\DefinedTurns\IMG\robocam_2025_04_06_21_57_50_636.jpg;0;0;1;0;74.95095;80.75821;359.5217;176.672;359.6254
C:\Mark's Python files\ME5920\HW3_Gardocki\DefinedTurns\IMG\robocam_2025_04_06_21_57_50_677.jpg;0;0;1;0;74.95097;80.75836;359.5192;176.6727;359.6266
C:\Mark's Python files\ME5920\HW3_Gardocki\DefinedTurns\IMG\robocam_2025_04_06_21_57_50_718.jpg;0;0;1;0;74.95099;80.75851;359.5182;176.6732;359.6263
C:\Mark's Python files\ME5920\HW3_Gardocki\DefinedTurns\IMG\robocam_2025_04_06_21_57_50_760.jpg;0;0;1;0;74.951;80.75855;359.5183;176.67;359.6258
C:\Mark's Python files\ME5920\HW3_Gardocki\DefinedTurns\IMG\robocam_2025_04_06_21_57_50_801.jpg;0;0;0;0;74.95101;80.75855;359.5196;176.6701;359.6222
C:\Mark's Python files\ME5920\HW3_Gardocki\DefinedTurns\IMG\robocam_2025_04_06_21_57_50_843.jpg;0;0;0;0;74.95103;80.75855;359.5222;176.6702;359.615
C:\Mark's Python files\ME5920\HW3_Gardocki\DefinedTurns\IMG\robocam_2025_04_06_21_57_50_887.jpg;0;0;0;0;74.95103;80.75855;359.5302;176.67;359.5993
C:\Mark's Python files\ME5920\HW3_Gardocki\DefinedTurns\IMG\robocam_2025_04_06_21_57_50_928.jpg;0;0;0;0;74.95104;80.75855;359.5363;176.6702;359.5848
C:\Mark's Python files\ME5920\HW3_Gardocki\DefinedTurns\IMG\robocam_2025_04_06_21_57_50_969.jpg;0;-0.1219602;0;-0.03263604;74.95354;80.75845;359.4907;176.7086;359.574
C:\Mark's Python files\ME5920\HW3_Gardocki\DefinedTurns\IMG\robocam_2025_04_06_21_57_51_009.jpg;0;-0.2478984;0;-0.04998609;74.95729;80.75818;359.43;176.88;359.5781
C:\Mark's Python files\ME5920\HW3_Gardocki\DefinedTurns\IMG\robocam_2025_04_06_21_57_51_049.jpg;0;-0.3721959;0;-0.08065442;74.96252;80.75784;359.3513;176.9644;359.5915
C:\Mark's Python files\ME5920\HW3_Gardocki\DefinedTurns\IMG\robocam_2025_04_06_21_57_51_090.jpg;0;-0.4946749;0;-0.1282629;74.96941;80.75711;359.2657;177.1156;359.64
C:\Mark's Python files\ME5920\HW3_Gardocki\DefinedTurns\IMG\robocam_2025_04_06_21_57_51_133.jpg;0;-0.6221161;0;-0.1626938;74.97794;80.75642;359.1752;177.0858;359.7058
C:\Mark's Python files\ME5920\HW3_Gardocki\DefinedTurns\IMG\robocam_2025_04_06_21_57_51_173.jpg;0;-0.746716;0;-0.233752;74.98849;80.75564;359.0714;177.0553;359.792
C:\Mark's Python files\ME5920\HW3_Gardocki\DefinedTurns\IMG\robocam_2025_04_06_21_57_51_214.jpg;0;-0.8738866;0;-0.2498368;74.99988;80.75494;358.974;176.9764;359.8833
C:\Mark's Python files\ME5920\HW3_Gardocki\DefinedTurns\IMG\robocam_2025_04_06_21_57_51_255.jpg;0;-0.9945847;0;-0.2786302;75.01285;80.7542;358.8626;177.0202;359.9798
C:\Mark's Python files\ME5920\HW3_Gardocki\DefinedTurns\IMG\robocam_2025_04_06_21_57_51_296.jpg;0;-1;0;-0.3068369;75.02684;80.75381;358.7647;177.0977;0.05501614
C:\Mark's Python files\ME5920\HW3_Gardocki\DefinedTurns\IMG\robocam_2025_04_06_21_57_51_336.jpg;0;-1;0;-0.3403341;75.04086;80.75407;358.7327;176.9703;0.0634855
C:\Mark's Python files\ME5920\HW3_Gardocki\DefinedTurns\IMG\robocam_2025_04_06_21_57_51_377.jpg;0;-1;0;-0.3826483;75.05482;80.75435;358.7804;176.9194;0.02215282
C:\Mark's Python files\ME5920\HW3_Gardocki\DefinedTurns\IMG\robocam_2025_04_06_21_57_51_420.jpg;0;-1;0;-0.4238743;75.07117;80.75355;358.8128;176.8227;359.9923
C:\Mark's Python files\ME5920\HW3_Gardocki\DefinedTurns\IMG\robocam_2025_04_06_21_57_51_463.jpg;0;-1;0;-0.4598566;75.08856;80.75237;358.8446;176.8093;359.9867
C:\Mark's Python files\ME5920\HW3_Gardocki\DefinedTurns\IMG\robocam_2025_04_06_21_57_51_509.jpg;0;-1;0;-0.4905062;75.11775;80.7505;358.8469;176.8089;359.9851
C:\Mark's Python files\ME5920\HW3_Gardocki\DefinedTurns\IMG\robocam_2025_04_06_21_57_51_549.jpg;0;-1;0;-0.5233253;75.13945;80.74903;358.8207;176.8023;-0.003320442
C:\Mark's Python files\ME5920\HW3_Gardocki\DefinedTurns\IMG\robocam_2025_04_06_21_57_51_592.jpg;0;-1;0;-0.5530629;75.16211;80.74783;358.8004;176.7158;-0.001571928
C:\Mark's Python files\ME5920\HW3_Gardocki\DefinedTurns\IMG\robocam_2025_04_06_21_57_51_634.jpg;0;-1;0;-0.5774603;75.18606;80.74661;358.7821;176.7282;-0.0004230337
C:\Mark's Python files\ME5920\HW3_Gardocki\DefinedTurns\IMG\robocam_2025_04_06_21_57_51_675.jpg;0;-1;0;-0.6332477;75.21136;80.74523;358.7664;176.6273;-0.002239167
C:\Mark's Python files\ME5920\HW3_Gardocki\DefinedTurns\IMG\robocam_2025_04_06_21_57_51_716.jpg;0;-1;0;-0.6580993;75.23766;80.74375;358.767;176.486;-0.003091216
C:\Mark's Python files\ME5920\HW3_Gardocki\DefinedTurns\IMG\robocam_2025_04_06_21_57_51_756.jpg;0;-1;0;-0.7075309;75.26559;80.7421;358.7684;176.3484;-0.002310419
C:\Mark's Python files\ME5920\HW3_Gardocki\DefinedTurns\IMG\robocam_2025_04_06_21_57_51_798.jpg;0;-1;0;-0.741558;75.29478;80.74031;358.7737;176.213;-0.002206763
C:\Mark's Python files\ME5920\HW3_Gardocki\DefinedTurns\IMG\robocam_2025_04_06_21_57_51_842.jpg;0;-1;0;-0.7710896;75.3251;80.73838;358.7848;176.1095;-0.00167927
C:\Mark's Python files\ME5920\HW3_Gardocki\DefinedTurns\IMG\robocam_2025_04_06_21_57_51_882.jpg;0;-1;0;-0.7998005;75.35633;80.7364;358.804;176.0979;-0.0007637601
C:\Mark's Python files\ME5920\HW3_Gardocki\DefinedTurns\IMG\robocam_2025_04_06_21_57_51_923.jpg;0;-1;0;-0.82498;75.38873;80.73433;358.8141;176.099;-0.0002987781
C:\Mark's Python files\ME5920\HW3_Gardocki\DefinedTurns\IMG\robocam_2025_04_06_21_57_51_966.jpg;0;-1;0;-0.8709609;75.44126;80.731;358.7795;176.1464;-0.0005518764
C:\Mark's Python files\ME5920\HW3_Gardocki\DefinedTurns\IMG\robocam_2025_04_06_21_57_52_007.jpg;0;-1;0;-0.9051856;75.47801;80.72866;358.7563;176.1424;-0.00118868
C:\Mark's Python files\ME5920\HW3_Gardocki\DefinedTurns\IMG\robocam_2025_04_06_21_57_52_049.jpg;0;-1;0;-0.9242374;75.51543;80.72624;358.7517;176.1032;-0.001488641
C:\Mark's Python files\ME5920\HW3_Gardocki\DefinedTurns\IMG\robocam_2025_04_06_21_57_52_099.jpg;0;-1;0;-0.9841951;75.5543;80.72374;358.7488;176.0819;-0.001129011
C:\Mark's Python files\ME5920\HW3_Gardocki\DefinedTurns\IMG\robocam_2025_04_06_21_57_52_139.jpg;0;-1;0;-1.016747;75.59438;80.72116;358.7526;176.0733;-0.001007211
C:\Mark's Python files\ME5920\HW3_Gardocki\DefinedTurns\IMG\robocam_2025_04_06_21_57_52_181.jpg;0;-1;0;-1.049444;75.63568;80.7185;358.7616;176.068;-0.0009623743
C:\Mark's Python files\ME5920\HW3_Gardocki\DefinedTurns\IMG\robocam_2025_04_06_21_57_52_223.jpg;0;-0.9146677;0;-1.081373;75.67822;80.71574;358.7734;176.0632;-0.0009185507
C:\Mark's Python files\ME5920\HW3_Gardocki\DefinedTurns\IMG\robocam_2025_04_06_21_57_52_264.jpg;0;-0.7885408;0;-1.116729;75.72218;80.71288;358.7784;176.0594;-0.0006042355
C:\Mark's Python files\ME5920\HW3_Gardocki\DefinedTurns\IMG\robocam_2025_04_06_21_57_52_310.jpg;0;-0.6459086;0;-1.138495;75.78989;80.70849;358.7817;176.0523;-0.0006766084
C:\Mark's Python files\ME5920\HW3_Gardocki\DefinedTurns\IMG\robocam_2025_04_06_21_57_52_351.jpg;0;-0.5218301;0;-1.156849;75.83595;80.70549;358.7856;176.0479;-0.0004681332
C:\Mark's Python files\ME5920\HW3_Gardocki\DefinedTurns\IMG\robocam_2025_04_06_21_57_52_398.jpg;0;-0.3839741;0;-1.165505;75.88251;80.70246;358.7917;176.0434;-0.0004427801
C:\Mark's Python files\ME5920\HW3_Gardocki\DefinedTurns\IMG\robocam_2025_04_06_21_57_52_439.jpg;0;-0.2601779;0;-1.174138;75.92934;80.69942;358.805;176.039;-0.0004163586
C:\Mark's Python files\ME5920\HW3_Gardocki\DefinedTurns\IMG\robocam_2025_04_06_21_57_52_480.jpg;0;-0.1383671;0;-1.178461;75.9762;80.69637;358.8297;176.0349;-0.0003699746
C:\Mark's Python files\ME5920\HW3_Gardocki\DefinedTurns\IMG\robocam_2025_04_06_21_57_52_522.jpg;0;-0.01400327;0;-1.178596;76.02287;80.69332;358.8691;176.0306;-0.0003183061
C:\Mark's Python files\ME5920\HW3_Gardocki\DefinedTurns\IMG\robocam_2025_04_06_21_57_52_564.jpg;0;0;0.0820737;-1.181062;76.06914;80.69029;358.9247;176.0266;-0.0002212197
C:\Mark's Python files\ME5920\HW3_Gardocki\DefinedTurns\IMG\robocam_2025_04_06_21_57_52_608.jpg;0;0;0.2036955;-1.160143;76.13621;80.68587;359.0678;176.022;0.0019966
C:\Mark's Python files\ME5920\HW3_Gardocki\DefinedTurns\IMG\robocam_2025_04_06_21_57_52_650.jpg;0;0;0.3345933;-1.116874;76.1776;80.68301;359.2365;176.0143;0.01114255
C:\Mark's Python files\ME5920\HW3_Gardocki\DefinedTurns\IMG\robocam_2025_04_06_21_57_52_690.jpg;0;0;0.4587003;-1.076459;76.21597;80.68036;359.469;176.0564;0.02097313
C:\Mark's Python files\ME5920\HW3_Gardocki\DefinedTurns\IMG\robocam_2025_04_06_21_57_52_733.jpg;0;0;0.5806677;-1.011314;76.2501;80.67799;359.7883;176.2124;0.02978462
C:\Mark's Python files\ME5920\HW3_Gardocki\DefinedTurns\IMG\robocam_2025_04_06_21_57_52_774.jpg;0;0;0.7061793;-0.8959183;76.27515;80.67659;0.2942396;176.5284;0.02698876
C:\Mark's Python files\ME5920\HW3_Gardocki\DefinedTurns\IMG\robocam_2025_04_06_21_57_52_816.jpg;0;0;0.8331108;-0.726869;76.29028;80.67637;0.9655112;176.7435;-0.004154252
C:\Mark's Python files\ME5920\HW3_Gardocki\DefinedTurns\IMG\robocam_2025_04_06_21_57_52_857.jpg;0;0;0.9554787;-0.4477938;76.29647;80.67581;1.730006;177.0668;359.9839
C:\Mark's Python files\ME5920\HW3_Gardocki\DefinedTurns\IMG\robocam_2025_04_06_21_57_52_898.jpg;0;0;1;-0.324319;76.29683;80.67645;2.494367;177.0743;0.001504387
C:\Mark's Python files\ME5920\HW3_Gardocki\DefinedTurns\IMG\robocam_2025_04_06_21_57_52_938.jpg;0;0;1;-0.2599286;76.29699;80.67701;3.117895;177.0793;359.9915
C:\Mark's Python files\ME5920\HW3_Gardocki\DefinedTurns\IMG\robocam_2025_04_06_21_57_52_982.jpg;0;0;1;-0.1950705;76.29707;80.67688;3.595762;177.0756;0.02164661
C:\Mark's Python files\ME5920\HW3_Gardocki\DefinedTurns\IMG\robocam_2025_04_06_21_57_53_023.jpg;0;0;1;-0.1295687;76.29717;80.67754;3.927927;177.0797;-0.005725408
C:\Mark's Python files\ME5920\HW3_Gardocki\DefinedTurns\IMG\robocam_2025_04_06_21_57_53_064.jpg;0;0;1;-0.06540164;76.29724;80.67747;4.109762;177.0778;0.005136062
C:\Mark's Python files\ME5920\HW3_Gardocki\DefinedTurns\IMG\robocam_2025_04_06_21_57_53_106.jpg;0;0;1;0;76.29737;80.67762;4.121639;177.0784;0.002315232
C:\Mark's Python files\ME5920\HW3_Gardocki\DefinedTurns\IMG\robocam_2025_04_06_21_57_53_148.jpg;0;0;0;0.06441729;76.29751;80.67783;3.928052;177.0768;0.005267778
C:\Mark's Python files\ME5920\HW3_Gardocki\DefinedTurns\IMG\robocam_2025_04_06_21_57_53_190.jpg;0;0;0;0.1291004;76.29765;80.67821;3.585921;177.0758;0.00481286
C:\Mark's Python files\ME5920\HW3_Gardocki\DefinedTurns\IMG\robocam_2025_04_06_21_57_53_231.jpg;0;0;0;0.1930955;76.2978;80.6786;3.09767;177.0751;0.005079157
C:\Mark's Python files\ME5920\HW3_Gardocki\DefinedTurns\IMG\robocam_2025_04_06_21_57_53_272.jpg;0;0;0;0.25648;76.2979;80.67855;2.448164;177.0738;0.03256202
C:\Mark's Python files\ME5920\HW3_Gardocki\DefinedTurns\IMG\robocam_2025_04_06_21_57_53_314.jpg;0;0;0;0.3207626;76.29797;80.67961;1.675037;177.0729;0.008189267
C:\Mark's Python files\ME5920\HW3_Gardocki\DefinedTurns\IMG\robocam_2025_04_06_21_57_53_356.jpg;0;0;0;0.3798168;76.29786;80.68031;0.8127508;177.0756;359.9521
C:\Mark's Python files\ME5920\HW3_Gardocki\DefinedTurns\IMG\robocam_2025_04_06_21_57_53_397.jpg;0;0;0;0.3633911;76.29758;80.68029;359.9879;177.0751;359.9137
C:\Mark's Python files\ME5920\HW3_Gardocki\DefinedTurns\IMG\robocam_2025_04_06_21_57_53_438.jpg;-1.838416;0;0;0.3285884;76.29717;80.67905;359.2371;177.0747;359.9481
C:\Mark's Python files\ME5920\HW3_Gardocki\DefinedTurns\IMG\robocam_2025_04_06_21_57_53_479.jpg;-3.723026;0;0;0.2854359;76.29681;80.67828;358.5814;176.8866;0.01847187
C:\Mark's Python files\ME5920\HW3_Gardocki\DefinedTurns\IMG\robocam_2025_04_06_21_57_53_520.jpg;-5.572895;0;0;0.2399998;76.29664;80.67896;358.0276;176.3093;0.01138659
C:\Mark's Python files\ME5920\HW3_Gardocki\DefinedTurns\IMG\robocam_2025_04_06_21_57_53_562.jpg;-7.501536;0;0;0.1744556;76.29642;80.67884;357.6237;175.5341;0.01759946
C:\Mark's Python files\ME5920\HW3_Gardocki\DefinedTurns\IMG\robocam_2025_04_06_21_57_53_603.jpg;-9.385312;0;0;0.1186551;76.29626;80.67883;357.3328;174.5366;0.007000951
C:\Mark's Python files\ME5920\HW3_Gardocki\DefinedTurns\IMG\robocam_2025_04_06_21_57_53_646.jpg;-11.23057;0;0;0.06391271;76.296;80.67832;357.1335;172.6692;0.006734669
C:\Mark's Python files\ME5920\HW3_Gardocki\DefinedTurns\IMG\robocam_2025_04_06_21_57_53_686.jpg;-13.09631;0;0;0.02311861;76.29583;80.67811;357.1601;171.1547;-0.0005554215
C:\Mark's Python files\ME5920\HW3_Gardocki\DefinedTurns\IMG\robocam_2025_04_06_21_57_53_726.jpg;-15;0;0;-0.05397009;76.29556;80.67743;357.3121;169.4629;0.02149007
C:\Mark's Python files\ME5920\HW3_Gardocki\DefinedTurns\IMG\robocam_2025_04_06_21_57_53_768.jpg;-15;0;0;-0.1081851;76.29538;80.67726;357.5925;167.6837;0.04831181
C:\Mark's Python files\ME5920\HW3_Gardocki\DefinedTurns\IMG\robocam_2025_04_06_21_57_53_809.jpg;-15;0;0;-0.1533243;76.29553;80.67842;357.9879;165.7943;3.545347E-05
C:\Mark's Python files\ME5920\HW3_Gardocki\DefinedTurns\IMG\robocam_2025_04_06_21_57_53_851.jpg;-15;0;0;-0.2131559;76.29538;80.67811;358.5043;164.0229;0.04844586
C:\Mark's Python files\ME5920\HW3_Gardocki\DefinedTurns\IMG\robocam_2025_04_06_21_57_53_895.jpg;-15;0;0;-0.2652875;76.29565;80.6786;359.0948;162.1843;0.07109245
C:\Mark's Python files\ME5920\HW3_Gardocki\DefinedTurns\IMG\robocam_2025_04_06_21_57_53_936.jpg;-15;0;0;-0.2569689;76.29588;80.67857;359.6534;160.3841;0.1431256
C:\Mark's Python files\ME5920\HW3_Gardocki\DefinedTurns\IMG\robocam_2025_04_06_21_57_53_977.jpg;-15;0;0;-0.2397601;76.2961;80.67854;0.1815738;158.5832;0.243033
C:\Mark's Python files\ME5920\HW3_Gardocki\DefinedTurns\IMG\robocam_2025_04_06_21_57_54_020.jpg;-15;0;0;-0.2031514;76.29634;80.67852;0.6411358;156.7812;0.3311202
C:\Mark's Python files\ME5920\HW3_Gardocki\DefinedTurns\IMG\robocam_2025_04_06_21_57_54_062.jpg;-15;0;0;-0.1713394;76.29652;80.67847;1.029243;154.9783;0.3947109
C:\Mark's Python files\ME5920\HW3_Gardocki\DefinedTurns\IMG\robocam_2025_04_06_21_57_54_104.jpg;-15;0;0;-0.1315327;76.2967;80.67843;1.32975;153.1764;0.4126295
C:\Mark's Python files\ME5920\HW3_Gardocki\DefinedTurns\IMG\robocam_2025_04_06_21_57_54_146.jpg;-15;0;0;-0.07841108;76.29769;80.67944;1.547581;150.5782;0.3201158
C:\Mark's Python files\ME5920\HW3_Gardocki\DefinedTurns\IMG\robocam_2025_04_06_21_57_54_190.jpg;-15;0;0;-0.04533243;76.29854;80.68041;1.534702;148.8773;0.1843867
C:\Mark's Python files\ME5920\HW3_Gardocki\DefinedTurns\IMG\robocam_2025_04_06_21_57_54_232.jpg;-15;0;0;0.07514734;76.29939;80.6814;1.398891;147.1807;359.9916
C:\Mark's Python files\ME5920\HW3_Gardocki\DefinedTurns\IMG\robocam_2025_04_06_21_57_54_273.jpg;-15;0;0;0.1281602;76.29972;80.68174;1.158226;145.4266;359.8098
C:\Mark's Python files\ME5920\HW3_Gardocki\DefinedTurns\IMG\robocam_2025_04_06_21_57_54_313.jpg;-15;0;0;0.1372906;76.29964;80.68169;0.8991707;143.6281;359.6802
C:\Mark's Python files\ME5920\HW3_Gardocki\DefinedTurns\IMG\robocam_2025_04_06_21_57_54_356.jpg;-15;0;0;0.1338615;76.29953;80.68168;0.6451734;141.8282;359.5561
C:\Mark's Python files\ME5920\HW3_Gardocki\DefinedTurns\IMG\robocam_2025_04_06_21_57_54_396.jpg;-13.11596;0;0;0.1287707;76.29942;80.6817;0.4037536;140.1664;359.429
C:\Mark's Python files\ME5920\HW3_Gardocki\DefinedTurns\IMG\robocam_2025_04_06_21_57_54_438.jpg;-11.25054;0;0;0.1228094;76.29932;80.68172;0.175492;138.7271;359.3009
C:\Mark's Python files\ME5920\HW3_Gardocki\DefinedTurns\IMG\robocam_2025_04_06_21_57_54_484.jpg;-9.021484;0.0391518;0;0.1158103;76.29922;80.68173;359.9605;137.4893;359.1761
C:\Mark's Python files\ME5920\HW3_Gardocki\DefinedTurns\IMG\robocam_2025_04_06_21_57_54_527.jpg;-7.146163;0.1641732;0;0.1064175;76.29739;80.68203;359.7095;137.4643;359.0804
C:\Mark's Python files\ME5920\HW3_Gardocki\DefinedTurns\IMG\robocam_2025_04_06_21_57_54_567.jpg;-5.269392;0.2892912;0;0.1090903;76.29505;80.6832;359.6244;137.3155;359.0695
C:\Mark's Python files\ME5920\HW3_Gardocki\DefinedTurns\IMG\robocam_2025_04_06_21_57_54_610.jpg;-3.358687;0.4166715;0;0.1250879;76.29059;80.68621;359.6506;137.3205;359.1199
C:\Mark's Python files\ME5920\HW3_Gardocki\DefinedTurns\IMG\robocam_2025_04_06_21_57_54_653.jpg;-1.500597;0.5405442;0;0.1330957;76.28525;80.6905;359.7467;137.3543;359.2068
C:\Mark's Python files\ME5920\HW3_Gardocki\DefinedTurns\IMG\robocam_2025_04_06_21_57_54_695.jpg;0;0.6617748;0;0.1334107;76.27958;80.69569;359.8587;137.3168;359.2848
C:\Mark's Python files\ME5920\HW3_Gardocki\DefinedTurns\IMG\robocam_2025_04_06_21_57_54_737.jpg;0;0.7862641;0;0.1864022;76.27238;80.70234;0.01133438;137.3715;359.3631
C:\Mark's Python files\ME5920\HW3_Gardocki\DefinedTurns\IMG\robocam_2025_04_06_21_57_54_780.jpg;0;0.9108933;0;0.2013082;76.26479;80.70937;0.1684227;137.3199;359.4426
C:\Mark's Python files\ME5920\HW3_Gardocki\DefinedTurns\IMG\robocam_2025_04_06_21_57_54_821.jpg;0;1;0;0.2279901;76.2561;80.71706;0.3310162;137.3771;359.5409
C:\Mark's Python files\ME5920\HW3_Gardocki\DefinedTurns\IMG\robocam_2025_04_06_21_57_54_865.jpg;0;1;0;0.2685666;76.24037;80.73134;0.6287952;137.4598;359.6909
C:\Mark's Python files\ME5920\HW3_Gardocki\DefinedTurns\IMG\robocam_2025_04_06_21_57_54_907.jpg;0;1;0;0.308338;76.22857;80.74208;0.8401141;137.4815;359.7968
C:\Mark's Python files\ME5920\HW3_Gardocki\DefinedTurns\IMG\robocam_2025_04_06_21_57_54_951.jpg;0;1;0;0.3243876;76.21593;80.75357;1.051856;137.4816;359.9049
C:\Mark's Python files\ME5920\HW3_Gardocki\DefinedTurns\IMG\robocam_2025_04_06_21_57_54_991.jpg;0;1;0;0.3875588;76.20199;80.76611;1.264194;137.5276;0.02424101
C:\Mark's Python files\ME5920\HW3_Gardocki\DefinedTurns\IMG\robocam_2025_04_06_21_57_55_033.jpg;0;1;0;0.4160939;76.18987;80.77872;1.357478;137.5806;0.06379373
C:\Mark's Python files\ME5920\HW3_Gardocki\DefinedTurns\IMG\robocam_2025_04_06_21_57_55_075.jpg;0;1;0;0.4331688;76.17921;80.79078;1.295006;137.5898;0.03182827
C:\Mark's Python files\ME5920\HW3_Gardocki\DefinedTurns\IMG\robocam_2025_04_06_21_57_55_118.jpg;0;1;0;0.482742;76.1671;80.80247;1.171219;137.6356;359.9873
C:\Mark's Python files\ME5920\HW3_Gardocki\DefinedTurns\IMG\robocam_2025_04_06_21_57_55_159.jpg;0;1;0;0.5365524;76.15251;80.81551;1.095199;137.6002;359.9726
C:\Mark's Python files\ME5920\HW3_Gardocki\DefinedTurns\IMG\robocam_2025_04_06_21_57_55_200.jpg;0;1;0;0.5694237;76.13663;80.82982;1.051219;137.4727;359.9617
C:\Mark's Python files\ME5920\HW3_Gardocki\DefinedTurns\IMG\robocam_2025_04_06_21_57_55_242.jpg;0;1;0;0.5903468;76.11953;80.8453;1.034121;137.4359;359.9525
C:\Mark's Python files\ME5920\HW3_Gardocki\DefinedTurns\IMG\robocam_2025_04_06_21_57_55_283.jpg;0;1;0;0.6280642;76.10094;80.86212;1.048981;137.4318;359.9485
C:\Mark's Python files\ME5920\HW3_Gardocki\DefinedTurns\IMG\robocam_2025_04_06_21_57_55_324.jpg;0;1;0;0.6697661;76.08068;80.88042;1.098131;137.4698;359.9508
C:\Mark's Python files\ME5920\HW3_Gardocki\DefinedTurns\IMG\robocam_2025_04_06_21_57_55_366.jpg;0;1;0;0.696173;76.0489;80.90906;1.175655;137.3689;359.9741
C:\Mark's Python files\ME5920\HW3_Gardocki\DefinedTurns\IMG\robocam_2025_04_06_21_57_55_409.jpg;0;1;0;0.7085495;76.02723;80.92868;1.207064;137.3311;-0.001096195
C:\Mark's Python files\ME5920\HW3_Gardocki\DefinedTurns\IMG\robocam_2025_04_06_21_57_55_448.jpg;0;1;0;0.7526177;76.00462;80.9499;1.241685;137.2924;-0.0005151065
C:\Mark's Python files\ME5920\HW3_Gardocki\DefinedTurns\IMG\robocam_2025_04_06_21_57_55_492.jpg;0;1;0;0.7734835;75.98112;80.97178;1.258548;137.2914;-0.001324096
C:\Mark's Python files\ME5920\HW3_Gardocki\DefinedTurns\IMG\robocam_2025_04_06_21_57_55_533.jpg;0;0.8764817;0;0.8060084;75.95715;80.99407;1.242981;137.3072;-0.001277866
C:\Mark's Python files\ME5920\HW3_Gardocki\DefinedTurns\IMG\robocam_2025_04_06_21_57_55_575.jpg;0;0.7497356;0;0.857186;75.93229;81.0172;1.219416;137.2546;-4.616759E-05
C:\Mark's Python files\ME5920\HW3_Gardocki\DefinedTurns\IMG\robocam_2025_04_06_21_57_55_617.jpg;0;0.7906657;0;0.8846588;75.90693;81.0408;1.184887;137.3154;-0.001117642
C:\Mark's Python files\ME5920\HW3_Gardocki\DefinedTurns\IMG\robocam_2025_04_06_21_57_55_658.jpg;0;0.8356861;0;0.9025276;75.88076;81.0651;1.162591;137.3658;-0.000640382
C:\Mark's Python files\ME5920\HW3_Gardocki\DefinedTurns\IMG\robocam_2025_04_06_21_57_55_701.jpg;-0.6291135;0.7103741;0;0.9339417;75.85353;81.09039;1.16043;137.3271;0.000483335
C:\Mark's Python files\ME5920\HW3_Gardocki\DefinedTurns\IMG\robocam_2025_04_06_21_57_55_743.jpg;-2.590497;0.5796152;0;0.9538908;75.82578;81.11658;1.166679;137.1982;0.0008147489
C:\Mark's Python files\ME5920\HW3_Gardocki\DefinedTurns\IMG\robocam_2025_04_06_21_57_55_785.jpg;-4.486388;0.4532225;0;0.9678711;75.78391;81.15726;1.175475;136.8932;0.0008058384
C:\Mark's Python files\ME5920\HW3_Gardocki\DefinedTurns\IMG\robocam_2025_04_06_21_57_55_826.jpg;-6.382787;0.3267959;0;0.9798884;75.75628;81.18513;1.171148;136.571;359.9931
C:\Mark's Python files\ME5920\HW3_Gardocki\DefinedTurns\IMG\robocam_2025_04_06_21_57_55_872.jpg;-8.623583;0.1774094;0;0.9853813;75.72917;81.21355;1.154228;136.1689;359.9739
C:\Mark's Python files\ME5920\HW3_Gardocki\DefinedTurns\IMG\robocam_2025_04_06_21_57_55_913.jpg;-10.53177;0.05019682;0;0.9894885;75.70258;81.24252;1.12548;135.7106;359.9436
C:\Mark's Python files\ME5920\HW3_Gardocki\DefinedTurns\IMG\robocam_2025_04_06_21_57_55_956.jpg;-10.37655;0;0;0.9946058;75.67678;81.27169;1.077607;135.1703;359.904
C:\Mark's Python files\ME5920\HW3_Gardocki\DefinedTurns\IMG\robocam_2025_04_06_21_57_55_998.jpg;-8.565033;0;0;0.9933107;75.65111;81.30068;1.017058;134.7283;359.8675
C:\Mark's Python files\ME5920\HW3_Gardocki\DefinedTurns\IMG\robocam_2025_04_06_21_57_56_039.jpg;-6.725791;0;0;0.9919397;75.62551;81.32937;0.9448089;134.3626;359.8368
C:\Mark's Python files\ME5920\HW3_Gardocki\DefinedTurns\IMG\robocam_2025_04_06_21_57_56_080.jpg;-4.819708;0.0212964;0;0.9904962;75.59989;81.35775;0.8636302;134.0757;359.8122
C:\Mark's Python files\ME5920\HW3_Gardocki\DefinedTurns\IMG\robocam_2025_04_06_21_57_56_122.jpg;-2.992618;0.1431024;0;0.999656;75.57399;81.386;0.7820652;133.8813;359.7948
C:\Mark's Python files\ME5920\HW3_Gardocki\DefinedTurns\IMG\robocam_2025_04_06_21_57_56_163.jpg;-1.124736;0.2676279;0;1.003013;75.54765;81.41418;0.7042691;133.7955;359.7862
C:\Mark's Python files\ME5920\HW3_Gardocki\DefinedTurns\IMG\robocam_2025_04_06_21_57_56_204.jpg;0;0.3985725;0;1.008466;75.52068;81.44244;0.6352757;133.7655;359.7872
C:\Mark's Python files\ME5920\HW3_Gardocki\DefinedTurns\IMG\robocam_2025_04_06_21_57_56_246.jpg;0;0.5220928;0;1.011875;75.47975;81.48508;0.5403627;133.8446;359.7929
C:\Mark's Python files\ME5920\HW3_Gardocki\DefinedTurns\IMG\robocam_2025_04_06_21_57_56_287.jpg;0;0.64366;0;1.030694;75.45155;81.51439;0.5024581;133.896;359.8
C:\Mark's Python files\ME5920\HW3_Gardocki\DefinedTurns\IMG\robocam_2025_04_06_21_57_56_328.jpg;0;0.7746985;0;1.051764;75.42237;81.54462;0.4907589;133.9252;359.8111
C:\Mark's Python files\ME5920\HW3_Gardocki\DefinedTurns\IMG\robocam_2025_04_06_21_57_56_371.jpg;0;0.9026545;0;1.083297;75.39211;81.5759;0.5068211;133.9339;359.8267
C:\Mark's Python files\ME5920\HW3_Gardocki\DefinedTurns\IMG\robocam_2025_04_06_21_57_56_414.jpg;0;1;0;1.113497;75.36064;81.60834;0.5516165;133.9377;359.847
C:\Mark's Python files\ME5920\HW3_Gardocki\DefinedTurns\IMG\robocam_2025_04_06_21_57_56_456.jpg;0;1;0;1.146417;75.32796;81.642;0.6232911;133.9427;359.8725
C:\Mark's Python files\ME5920\HW3_Gardocki\DefinedTurns\IMG\robocam_2025_04_06_21_57_56_496.jpg;0;1;0;1.178688;75.29416;81.6768;0.7167386;133.9475;359.9031
C:\Mark's Python files\ME5920\HW3_Gardocki\DefinedTurns\IMG\robocam_2025_04_06_21_57_56_539.jpg;0;1;0;1.210034;75.25928;81.71268;0.8276241;133.9532;359.9387
C:\Mark's Python files\ME5920\HW3_Gardocki\DefinedTurns\IMG\robocam_2025_04_06_21_57_56_581.jpg;0;1;0;1.240921;75.22336;81.7496;0.9529875;133.9599;359.9792
C:\Mark's Python files\ME5920\HW3_Gardocki\DefinedTurns\IMG\robocam_2025_04_06_21_57_56_624.jpg;0;1;0;1.271973;75.18671;81.78777;1.087142;133.9582;0.003650086
C:\Mark's Python files\ME5920\HW3_Gardocki\DefinedTurns\IMG\robocam_2025_04_06_21_57_56_666.jpg;0;1;0;1.303075;75.13049;81.84704;1.288201;133.9423;7.421702E-05
C:\Mark's Python files\ME5920\HW3_Gardocki\DefinedTurns\IMG\robocam_2025_04_06_21_57_56_707.jpg;0;1;0;1.333786;75.09254;81.88678;1.363079;133.9382;-0.002207896
C:\Mark's Python files\ME5920\HW3_Gardocki\DefinedTurns\IMG\robocam_2025_04_06_21_57_56_751.jpg;0;1;0;1.357759;75.05508;81.92596;1.317271;133.9336;-0.002204066
C:\Mark's Python files\ME5920\HW3_Gardocki\DefinedTurns\IMG\robocam_2025_04_06_21_57_56_793.jpg;0;1;0;1.418781;75.01682;81.966;1.253507;133.928;-0.001025254
C:\Mark's Python files\ME5920\HW3_Gardocki\DefinedTurns\IMG\robocam_2025_04_06_21_57_56_835.jpg;0;1;0;1.451585;74.97742;82.00724;1.209924;133.9221;-0.0004230858
C:\Mark's Python files\ME5920\HW3_Gardocki\DefinedTurns\IMG\robocam_2025_04_06_21_57_56_876.jpg;0;1;0;1.481924;74.9369;82.04966;1.189986;133.916;-0.000434878
C:\Mark's Python files\ME5920\HW3_Gardocki\DefinedTurns\IMG\robocam_2025_04_06_21_57_56_919.jpg;0;1;0;1.512106;74.89529;82.09322;1.191839;133.9099;-0.00048278
C:\Mark's Python files\ME5920\HW3_Gardocki\DefinedTurns\IMG\robocam_2025_04_06_21_57_56_960.jpg;0;1;0;1.542295;74.85261;82.13789;1.212751;133.904;-0.0005377844
C:\Mark's Python files\ME5920\HW3_Gardocki\DefinedTurns\IMG\robocam_2025_04_06_21_57_57_003.jpg;0;1;0;1.572495;74.8089;82.18364;1.25001;133.8979;-0.0005829727
C:\Mark's Python files\ME5920\HW3_Gardocki\DefinedTurns\IMG\robocam_2025_04_06_21_57_57_046.jpg;0;1;0;1.601847;74.742;82.25372;1.291532;133.8881;-0.00107803
C:\Mark's Python files\ME5920\HW3_Gardocki\DefinedTurns\IMG\robocam_2025_04_06_21_57_57_088.jpg;0;1;0;1.649041;74.69653;82.30136;1.301669;133.8813;-0.001127325
C:\Mark's Python files\ME5920\HW3_Gardocki\DefinedTurns\IMG\robocam_2025_04_06_21_57_57_131.jpg;0;1;0;1.680436;74.65039;82.34973;1.29669;133.8744;-0.001135009
C:\Mark's Python files\ME5920\HW3_Gardocki\DefinedTurns\IMG\robocam_2025_04_06_21_57_57_170.jpg;0;1;0;1.696056;74.60355;82.39886;1.279374;133.8672;-0.00108563
C:\Mark's Python files\ME5920\HW3_Gardocki\DefinedTurns\IMG\robocam_2025_04_06_21_57_57_213.jpg;0;1;0;1.727739;74.55573;82.44898;1.269245;133.8592;-0.0006435564
C:\Mark's Python files\ME5920\HW3_Gardocki\DefinedTurns\IMG\robocam_2025_04_06_21_57_57_254.jpg;0;1;0;1.75836;74.50693;82.5002;1.274459;133.8506;-0.0009424523
C:\Mark's Python files\ME5920\HW3_Gardocki\DefinedTurns\IMG\robocam_2025_04_06_21_57_57_294.jpg;0;1;0;1.787154;74.45733;82.55224;1.277152;133.8429;-0.001042556
C:\Mark's Python files\ME5920\HW3_Gardocki\DefinedTurns\IMG\robocam_2025_04_06_21_57_57_335.jpg;0;1;0;1.833525;74.40691;82.60514;1.278662;133.8354;-0.001047147
C:\Mark's Python files\ME5920\HW3_Gardocki\DefinedTurns\IMG\robocam_2025_04_06_21_57_57_383.jpg;0;1;0;1.863043;74.35565;82.65896;1.28187;133.8289;-0.001082936
C:\Mark's Python files\ME5920\HW3_Gardocki\DefinedTurns\IMG\robocam_2025_04_06_21_57_57_424.jpg;0;1;0;1.893906;74.30353;82.71369;1.287148;133.8202;-0.001081737
C:\Mark's Python files\ME5920\HW3_Gardocki\DefinedTurns\IMG\robocam_2025_04_06_21_57_57_466.jpg;0;1;0;1.924154;74.22389;82.79736;1.2887;133.8107;-0.00109759
C:\Mark's Python files\ME5920\HW3_Gardocki\DefinedTurns\IMG\robocam_2025_04_06_21_57_57_511.jpg;0;1;0;1.954321;74.16974;82.85427;1.291699;133.8017;-0.001099406
C:\Mark's Python files\ME5920\HW3_Gardocki\DefinedTurns\IMG\robocam_2025_04_06_21_57_57_552.jpg;1.223847;1;0;1.98413;74.11458;82.91197;1.298502;133.8307;-0.001349095
C:\Mark's Python files\ME5920\HW3_Gardocki\DefinedTurns\IMG\robocam_2025_04_06_21_57_57_594.jpg;3.070224;1;0;2.013147;74.05825;82.97005;1.300826;133.9596;-0.002211897
C:\Mark's Python files\ME5920\HW3_Gardocki\DefinedTurns\IMG\robocam_2025_04_06_21_57_57_639.jpg;5.018846;1;0;2.057828;74.0005;83.02827;1.298212;134.2283;-0.002481009
C:\Mark's Python files\ME5920\HW3_Gardocki\DefinedTurns\IMG\robocam_2025_04_06_21_57_57_681.jpg;6.991817;1;0;2.086601;73.94112;83.08633;1.289045;134.6474;0.005873688
C:\Mark's Python files\ME5920\HW3_Gardocki\DefinedTurns\IMG\robocam_2025_04_06_21_57_57_724.jpg;8.857265;1;0;2.114473;73.8799;83.1441;1.279089;135.2197;0.02803643
C:\Mark's Python files\ME5920\HW3_Gardocki\DefinedTurns\IMG\robocam_2025_04_06_21_57_57_769.jpg;10.94085;1;0;2.141362;73.78473;83.22964;1.244236;136.3769;0.08064862
C:\Mark's Python files\ME5920\HW3_Gardocki\DefinedTurns\IMG\robocam_2025_04_06_21_57_57_813.jpg;10.29849;1;0;2.169329;73.71937;83.28601;1.198904;137.2622;0.1142932
C:\Mark's Python files\ME5920\HW3_Gardocki\DefinedTurns\IMG\robocam_2025_04_06_21_57_57_863.jpg;7.976247;1;0;2.214242;73.65265;83.34241;1.145772;138.098;0.1414415
C:\Mark's Python files\ME5920\HW3_Gardocki\DefinedTurns\IMG\robocam_2025_04_06_21_57_57_906.jpg;6.07605;1;0;2.244099;73.55016;83.42796;1.079823;139.0898;0.1724706
C:\Mark's Python files\ME5920\HW3_Gardocki\DefinedTurns\IMG\robocam_2025_04_06_21_57_57_948.jpg;4.134984;1;0;2.27357;73.48032;83.48593;1.051685;139.5672;0.1847665
C:\Mark's Python files\ME5920\HW3_Gardocki\DefinedTurns\IMG\robocam_2025_04_06_21_57_57_991.jpg;2.200357;1;0;2.303186;73.40935;83.54496;1.045698;139.8817;0.1916967
C:\Mark's Python files\ME5920\HW3_Gardocki\DefinedTurns\IMG\robocam_2025_04_06_21_57_58_034.jpg;0.3112887;1;0;2.331746;73.33755;83.60522;1.056041;140.0451;0.1837962
C:\Mark's Python files\ME5920\HW3_Gardocki\DefinedTurns\IMG\robocam_2025_04_06_21_57_58_078.jpg;0;1;0;2.374346;73.26485;83.66667;1.083067;140.0917;0.1636173
C:\Mark's Python files\ME5920\HW3_Gardocki\DefinedTurns\IMG\robocam_2025_04_06_21_57_58_120.jpg;0;1;0;2.401996;73.19118;83.72906;1.123024;140.0943;0.1358355
C:\Mark's Python files\ME5920\HW3_Gardocki\DefinedTurns\IMG\robocam_2025_04_06_21_57_58_162.jpg;0;1;0;2.431142;73.11658;83.7923;1.169938;140.0839;0.09734665
C:\Mark's Python files\ME5920\HW3_Gardocki\DefinedTurns\IMG\robocam_2025_04_06_21_57_58_204.jpg;0;1;0;2.458709;73.04095;83.85638;1.227772;140.068;0.05471117
C:\Mark's Python files\ME5920\HW3_Gardocki\DefinedTurns\IMG\robocam_2025_04_06_21_57_58_247.jpg;0;1;0;2.487276;72.9257;83.95373;1.317713;140.0504;-0.002041272
C:\Mark's Python files\ME5920\HW3_Gardocki\DefinedTurns\IMG\robocam_2025_04_06_21_57_58_290.jpg;0;1;0;2.515634;72.84768;84.01887;1.356274;140.0537;-0.002786271
C:\Mark's Python files\ME5920\HW3_Gardocki\DefinedTurns\IMG\robocam_2025_04_06_21_57_58_332.jpg;0;1;0;2.544954;72.7692;84.08461;1.369846;140.05;-0.002455888
C:\Mark's Python files\ME5920\HW3_Gardocki\DefinedTurns\IMG\robocam_2025_04_06_21_57_58_375.jpg;0;1;0;2.574751;72.69025;84.15102;1.359599;140.0441;-0.001565621
C:\Mark's Python files\ME5920\HW3_Gardocki\DefinedTurns\IMG\robocam_2025_04_06_21_57_58_417.jpg;0;1;0;2.604095;72.61065;84.21815;1.337401;140.0337;-0.001392777
C:\Mark's Python files\ME5920\HW3_Gardocki\DefinedTurns\IMG\robocam_2025_04_06_21_57_58_460.jpg;0;1;0;2.647681;72.53001;84.28625;1.329491;140.0255;-0.000817655
C:\Mark's Python files\ME5920\HW3_Gardocki\DefinedTurns\IMG\robocam_2025_04_06_21_57_58_503.jpg;0;1;0;2.675406;72.44836;84.35526;1.336032;140.0151;-0.0008200591
C:\Mark's Python files\ME5920\HW3_Gardocki\DefinedTurns\IMG\robocam_2025_04_06_21_57_58_544.jpg;0;1;0;2.702897;72.36587;84.42503;1.34438;140.0027;-0.001339513
C:\Mark's Python files\ME5920\HW3_Gardocki\DefinedTurns\IMG\robocam_2025_04_06_21_57_58_589.jpg;0;1;0;2.731115;72.24055;84.53104;1.355658;139.989;-0.001400474
C:\Mark's Python files\ME5920\HW3_Gardocki\DefinedTurns\IMG\robocam_2025_04_06_21_57_58_631.jpg;0;1;0;2.758826;72.15607;84.60255;1.354141;139.981;-0.001394282
C:\Mark's Python files\ME5920\HW3_Gardocki\DefinedTurns\IMG\robocam_2025_04_06_21_57_58_673.jpg;1.64939;1;0;2.801656;72.07059;84.67464;1.352711;140.0137;-0.001682296
C:\Mark's Python files\ME5920\HW3_Gardocki\DefinedTurns\IMG\robocam_2025_04_06_21_57_58_717.jpg;3.47823;1;0;2.829217;71.98383;84.74691;1.350701;140.1639;-0.002773347
C:\Mark's Python files\ME5920\HW3_Gardocki\DefinedTurns\IMG\robocam_2025_04_06_21_57_58_761.jpg;5.408096;1;0;2.8565;71.89555;84.819;1.347009;140.4712;-0.002665311
C:\Mark's Python files\ME5920\HW3_Gardocki\DefinedTurns\IMG\robocam_2025_04_06_21_57_58_803.jpg;7.283606;1;0;2.883037;71.80547;84.89043;1.338693;140.9567;0.01376621
C:\Mark's Python files\ME5920\HW3_Gardocki\DefinedTurns\IMG\robocam_2025_04_06_21_57_58_847.jpg;9.138898;1;0;2.908641;71.66698;84.99574;1.301951;142.0169;0.06864443
C:\Mark's Python files\ME5920\HW3_Gardocki\DefinedTurns\IMG\robocam_2025_04_06_21_57_58_889.jpg;11.05398;1;0;2.934438;71.5724;85.06419;1.248501;142.95;0.1218567
C:\Mark's Python files\ME5920\HW3_Gardocki\DefinedTurns\IMG\robocam_2025_04_06_21_57_58_930.jpg;10.42088;1;0;2.960108;71.47605;85.13129;1.17418;143.9783;0.1861212
C:\Mark's Python files\ME5920\HW3_Gardocki\DefinedTurns\IMG\robocam_2025_04_06_21_57_58_973.jpg;8.559937;1;0;2.987441;71.37829;85.19775;1.084868;144.9405;0.2467535
C:\Mark's Python files\ME5920\HW3_Gardocki\DefinedTurns\IMG\robocam_2025_04_06_21_57_59_015.jpg;6.67796;1;0;3.015255;71.27904;85.26379;0.989161;145.7767;0.3056539
C:\Mark's Python files\ME5920\HW3_Gardocki\DefinedTurns\IMG\robocam_2025_04_06_21_57_59_056.jpg;4.816571;1;0;3.043385;71.17822;85.3297;0.901439;146.444;0.3665417
C:\Mark's Python files\ME5920\HW3_Gardocki\DefinedTurns\IMG\robocam_2025_04_06_21_57_59_098.jpg;2.898797;1;0;3.084393;71.0761;85.39594;0.823764;146.9342;0.4185305
C:\Mark's Python files\ME5920\HW3_Gardocki\DefinedTurns\IMG\robocam_2025_04_06_21_57_59_141.jpg;0.9337322;1;0;3.11193;70.97272;85.46272;0.7613725;147.2527;0.4590747
C:\Mark's Python files\ME5920\HW3_Gardocki\DefinedTurns\IMG\robocam_2025_04_06_21_57_59_181.jpg;0;1;0;3.138344;70.86812;85.5304;0.722855;147.3968;0.4883354
C:\Mark's Python files\ME5920\HW3_Gardocki\DefinedTurns\IMG\robocam_2025_04_06_21_57_59_223.jpg;0;1;0;3.164102;70.76238;85.59887;0.7030721;147.4433;0.5038205
C:\Mark's Python files\ME5920\HW3_Gardocki\DefinedTurns\IMG\robocam_2025_04_06_21_57_59_264.jpg;0;1;0;3.191226;70.65555;85.66805;0.6966603;147.4534;0.50341
C:\Mark's Python files\ME5920\HW3_Gardocki\DefinedTurns\IMG\robocam_2025_04_06_21_57_59_306.jpg;0;1;0;3.216877;70.49304;85.77304;0.7202434;147.4438;0.4853606
C:\Mark's Python files\ME5920\HW3_Gardocki\DefinedTurns\IMG\robocam_2025_04_06_21_57_59_350.jpg;0;1;0;3.243728;70.38332;85.84391;0.7547644;147.4301;0.4599747
C:\Mark's Python files\ME5920\HW3_Gardocki\DefinedTurns\IMG\robocam_2025_04_06_21_57_59_391.jpg;0;1;0;3.269513;70.27258;85.91548;0.7985927;147.4146;0.4203942
C:\Mark's Python files\ME5920\HW3_Gardocki\DefinedTurns\IMG\robocam_2025_04_06_21_57_59_436.jpg;0;1;0;3.296262;70.16068;85.98771;0.8590984;147.4004;0.377043
C:\Mark's Python files\ME5920\HW3_Gardocki\DefinedTurns\IMG\robocam_2025_04_06_21_57_59_478.jpg;0;1;0;3.334794;70.04778;86.06066;0.9300576;147.3816;0.3249986
C:\Mark's Python files\ME5920\HW3_Gardocki\DefinedTurns\IMG\robocam_2025_04_06_21_57_59_519.jpg;0;1;0;3.360946;69.93395;86.13431;1.007743;147.3618;0.2632353
C:\Mark's Python files\ME5920\HW3_Gardocki\DefinedTurns\IMG\robocam_2025_04_06_21_57_59_561.jpg;0;1;0;3.38755;69.81911;86.20862;1.094187;147.3437;0.1971513
C:\Mark's Python files\ME5920\HW3_Gardocki\DefinedTurns\IMG\robocam_2025_04_06_21_57_59_603.jpg;0;1;0;3.413423;69.70327;86.28358;1.189438;147.3239;0.1290875
C:\Mark's Python files\ME5920\HW3_Gardocki\DefinedTurns\IMG\robocam_2025_04_06_21_57_59_645.jpg;0;1;0;3.439779;69.52801;86.39728;1.331998;147.2887;0.01583564
C:\Mark's Python files\ME5920\HW3_Gardocki\DefinedTurns\IMG\robocam_2025_04_06_21_57_59_686.jpg;0;1;0;3.466074;69.40971;86.47295;1.416254;147.293;-0.004810937
C:\Mark's Python files\ME5920\HW3_Gardocki\DefinedTurns\IMG\robocam_2025_04_06_21_57_59_730.jpg;0;1;0;3.491054;69.29123;86.54848;1.444987;147.2987;-0.004606986
C:\Mark's Python files\ME5920\HW3_Gardocki\DefinedTurns\IMG\robocam_2025_04_06_21_57_59_771.jpg;0;1;0;3.520812;69.17255;86.62453;1.431785;147.2883;-0.002291337
C:\Mark's Python files\ME5920\HW3_Gardocki\DefinedTurns\IMG\robocam_2025_04_06_21_57_59_814.jpg;0;1;0;3.548644;69.05319;86.70145;1.413688;147.2766;-0.001543292
C:\Mark's Python files\ME5920\HW3_Gardocki\DefinedTurns\IMG\robocam_2025_04_06_21_57_59_854.jpg;0;1;0;3.575162;68.9329;86.77921;1.40715;147.2657;-0.001338
C:\Mark's Python files\ME5920\HW3_Gardocki\DefinedTurns\IMG\robocam_2025_04_06_21_57_59_898.jpg;0;1;0;3.613673;68.81166;86.85773;1.410748;147.2528;-0.001170238
C:\Mark's Python files\ME5920\HW3_Gardocki\DefinedTurns\IMG\robocam_2025_04_06_21_57_59_942.jpg;0;1;0;3.638906;68.68955;86.93694;1.419038;147.2375;-0.001581941
C:\Mark's Python files\ME5920\HW3_Gardocki\DefinedTurns\IMG\robocam_2025_04_06_21_57_59_982.jpg;0;1;0;3.665124;68.5667;87.01669;1.421014;147.2245;-0.001707859
C:\Mark's Python files\ME5920\HW3_Gardocki\DefinedTurns\IMG\robocam_2025_04_06_21_58_00_031.jpg;0;1;0;3.691673;68.38087;87.13744;1.421965;147.2077;-0.001591711
C:\Mark's Python files\ME5920\HW3_Gardocki\DefinedTurns\IMG\robocam_2025_04_06_21_58_00_073.jpg;0;1;0;3.717445;68.25587;87.21873;1.425612;147.1954;-0.001597318
C:\Mark's Python files\ME5920\HW3_Gardocki\DefinedTurns\IMG\robocam_2025_04_06_21_58_00_116.jpg;0;1;0;3.74277;68.13006;87.30058;1.427254;147.1842;-0.00123905
C:\Mark's Python files\ME5920\HW3_Gardocki\DefinedTurns\IMG\robocam_2025_04_06_21_58_00_157.jpg;0;1;0;3.781792;68.00338;87.38303;1.430386;147.1716;-0.001240653
C:\Mark's Python files\ME5920\HW3_Gardocki\DefinedTurns\IMG\robocam_2025_04_06_21_58_00_199.jpg;0;1;0;3.806983;67.87592;87.46606;1.430431;147.1577;-0.001730979
C:\Mark's Python files\ME5920\HW3_Gardocki\DefinedTurns\IMG\robocam_2025_04_06_21_58_00_240.jpg;0;1;0;3.832506;67.74757;87.54968;1.432459;147.1454;-0.001618353
C:\Mark's Python files\ME5920\HW3_Gardocki\DefinedTurns\IMG\robocam_2025_04_06_21_58_00_280.jpg;0;1;0;3.857975;67.61839;87.6339;1.435546;147.1322;-0.001632074
C:\Mark's Python files\ME5920\HW3_Gardocki\DefinedTurns\IMG\robocam_2025_04_06_21_58_00_322.jpg;0;1;0;3.884087;67.48839;87.71869;1.436109;147.1203;-0.001282718
C:\Mark's Python files\ME5920\HW3_Gardocki\DefinedTurns\IMG\robocam_2025_04_06_21_58_00_363.jpg;0;1;0;3.908743;67.35751;87.80411;1.441031;147.1056;-0.001625672
C:\Mark's Python files\ME5920\HW3_Gardocki\DefinedTurns\IMG\robocam_2025_04_06_21_58_00_410.jpg;0;1;0;3.934752;67.15971;87.93327;1.442716;147.0854;-0.001670244
C:\Mark's Python files\ME5920\HW3_Gardocki\DefinedTurns\IMG\robocam_2025_04_06_21_58_00_451.jpg;0;1;0;3.96;67.02678;88.02013;1.445279;147.0717;-0.001673662
C:\Mark's Python files\ME5920\HW3_Gardocki\DefinedTurns\IMG\robocam_2025_04_06_21_58_00_493.jpg;0;1;0;3.997239;66.89303;88.10757;1.448087;147.0577;-0.001686528
C:\Mark's Python files\ME5920\HW3_Gardocki\DefinedTurns\IMG\robocam_2025_04_06_21_58_00_541.jpg;0;1;0;4.023046;66.7585;88.19557;1.44762;147.0452;-0.001321957
C:\Mark's Python files\ME5920\HW3_Gardocki\DefinedTurns\IMG\robocam_2025_04_06_21_58_00_584.jpg;0;1;0;4.047408;66.62312;88.28419;1.450961;147.0299;-0.001679804
C:\Mark's Python files\ME5920\HW3_Gardocki\DefinedTurns\IMG\robocam_2025_04_06_21_58_00_625.jpg;0;1;0;4.072415;66.41853;88.41817;1.452573;147.0079;-0.001822112
C:\Mark's Python files\ME5920\HW3_Gardocki\DefinedTurns\IMG\robocam_2025_04_06_21_58_00_666.jpg;0;1;0;4.098055;66.28108;88.50823;1.456457;146.995;-0.001230152
C:\Mark's Python files\ME5920\HW3_Gardocki\DefinedTurns\IMG\robocam_2025_04_06_21_58_00_707.jpg;0;1;0;4.122258;66.14285;88.59888;1.459221;146.9796;-0.001338457
C:\Mark's Python files\ME5920\HW3_Gardocki\DefinedTurns\IMG\robocam_2025_04_06_21_58_00_749.jpg;0;1;0;4.147101;66.00381;88.6901;1.461491;146.9645;-0.001348014
C:\Mark's Python files\ME5920\HW3_Gardocki\DefinedTurns\IMG\robocam_2025_04_06_21_58_00_791.jpg;0;1;0;4.171892;65.86398;88.7819;1.463188;146.9495;-0.001366537
C:\Mark's Python files\ME5920\HW3_Gardocki\DefinedTurns\IMG\robocam_2025_04_06_21_58_00_833.jpg;0;1;0;4.196627;65.72336;88.87427;1.464279;146.9344;-0.001368566
C:\Mark's Python files\ME5920\HW3_Gardocki\DefinedTurns\IMG\robocam_2025_04_06_21_58_00_873.jpg;0;1;0;4.233466;65.58189;88.96725;1.46812;146.9177;-0.001752732
C:\Mark's Python files\ME5920\HW3_Gardocki\DefinedTurns\IMG\robocam_2025_04_06_21_58_00_916.jpg;0;1;0;4.258075;65.43966;89.06079;1.470754;146.9018;-0.001768
C:\Mark's Python files\ME5920\HW3_Gardocki\DefinedTurns\IMG\robocam_2025_04_06_21_58_00_959.jpg;0;1;0;4.282632;65.29665;89.15491;1.472158;146.8862;-0.001782734
C:\Mark's Python files\ME5920\HW3_Gardocki\DefinedTurns\IMG\robocam_2025_04_06_21_58_01_004.jpg;0;1;0;4.307133;65.15285;89.24959;1.47238;146.8707;-0.001792663
C:\Mark's Python files\ME5920\HW3_Gardocki\DefinedTurns\IMG\robocam_2025_04_06_21_58_01_048.jpg;0;1;0;4.33192;64.93565;89.39272;1.475454;146.8466;-0.001795761
C:\Mark's Python files\ME5920\HW3_Gardocki\DefinedTurns\IMG\robocam_2025_04_06_21_58_01_091.jpg;0;1;0;4.356308;64.7898;89.48888;1.480458;146.8308;-0.001305215
C:\Mark's Python files\ME5920\HW3_Gardocki\DefinedTurns\IMG\robocam_2025_04_06_21_58_01_134.jpg;0;1;0;4.379974;64.64323;89.58559;1.482878;146.8136;-0.001430443
C:\Mark's Python files\ME5920\HW3_Gardocki\DefinedTurns\IMG\robocam_2025_04_06_21_58_01_174.jpg;0;1;0;4.416897;64.4959;89.68288;1.483498;146.7971;-0.001428255
C:\Mark's Python files\ME5920\HW3_Gardocki\DefinedTurns\IMG\robocam_2025_04_06_21_58_01_215.jpg;0;1;0;4.440436;64.34777;89.78075;1.485882;146.7793;-0.001829238
C:\Mark's Python files\ME5920\HW3_Gardocki\DefinedTurns\IMG\robocam_2025_04_06_21_58_01_257.jpg;0;1;0;4.464934;64.19881;89.87922;1.4906;146.7629;-0.001344134
C:\Mark's Python files\ME5920\HW3_Gardocki\DefinedTurns\IMG\robocam_2025_04_06_21_58_01_298.jpg;0;1;0;4.489045;64.04915;89.97824;1.492227;146.7454;-0.001465359
C:\Mark's Python files\ME5920\HW3_Gardocki\DefinedTurns\IMG\robocam_2025_04_06_21_58_01_338.jpg;0;1;0;4.513101;63.89873;90.07781;1.491602;146.7285;-0.00146349
C:\Mark's Python files\ME5920\HW3_Gardocki\DefinedTurns\IMG\robocam_2025_04_06_21_58_01_379.jpg;0;1;0;4.536768;63.74746;90.17802;1.496826;146.7107;-0.001356522
C:\Mark's Python files\ME5920\HW3_Gardocki\DefinedTurns\IMG\robocam_2025_04_06_21_58_01_420.jpg;0;1;0;4.561083;63.59556;90.27871;1.492191;146.6913;-0.001500803
C:\Mark's Python files\ME5920\HW3_Gardocki\DefinedTurns\IMG\robocam_2025_04_06_21_58_01_461.jpg;0;1;0;4.584663;63.44284;90.38001;1.491884;146.6709;-0.00133442
C:\Mark's Python files\ME5920\HW3_Gardocki\DefinedTurns\IMG\robocam_2025_04_06_21_58_01_503.jpg;0;1;0;4.608168;63.2893;90.48193;1.496468;146.6499;-0.001364529
C:\Mark's Python files\ME5920\HW3_Gardocki\DefinedTurns\IMG\robocam_2025_04_06_21_58_01_546.jpg;0;1;0;4.631859;63.05764;90.63589;1.498503;146.6144;-0.001780033
C:\Mark's Python files\ME5920\HW3_Gardocki\DefinedTurns\IMG\robocam_2025_04_06_21_58_01_587.jpg;0;1;0;4.656;62.90235;90.73918;1.493203;146.5914;-0.001359883
C:\Mark's Python files\ME5920\HW3_Gardocki\DefinedTurns\IMG\robocam_2025_04_06_21_58_01_629.jpg;0;1;0;4.679368;62.74625;90.84311;1.492897;146.5688;-0.001361484
C:\Mark's Python files\ME5920\HW3_Gardocki\DefinedTurns\IMG\robocam_2025_04_06_21_58_01_671.jpg;0;1;0;4.702659;62.58935;90.94765;1.497153;146.5465;-0.001383959
C:\Mark's Python files\ME5920\HW3_Gardocki\DefinedTurns\IMG\robocam_2025_04_06_21_58_01_721.jpg;0;1;0;4.73751;62.43166;91.0528;1.505365;146.5244;-0.001399071
C:\Mark's Python files\ME5920\HW3_Gardocki\DefinedTurns\IMG\robocam_2025_04_06_21_58_01_766.jpg;0;1;0;4.761438;62.19395;91.2115;1.502129;146.487;-0.001531502
C:\Mark's Python files\ME5920\HW3_Gardocki\DefinedTurns\IMG\robocam_2025_04_06_21_58_01_806.jpg;0;1;0;4.784752;62.03456;91.31803;1.500062;146.4637;-0.001392982
C:\Mark's Python files\ME5920\HW3_Gardocki\DefinedTurns\IMG\robocam_2025_04_06_21_58_01_848.jpg;0;1;0;4.819327;61.87438;91.42517;1.502272;146.4407;-0.001420581
C:\Mark's Python files\ME5920\HW3_Gardocki\DefinedTurns\IMG\robocam_2025_04_06_21_58_01_890.jpg;0;1;0;4.842317;61.71342;91.53293;1.508247;146.4179;-0.001425335
C:\Mark's Python files\ME5920\HW3_Gardocki\DefinedTurns\IMG\robocam_2025_04_06_21_58_01_933.jpg;0;1;0;4.865726;61.55178;91.64124;1.511179;146.395;-0.001868493
C:\Mark's Python files\ME5920\HW3_Gardocki\DefinedTurns\IMG\robocam_2025_04_06_21_58_01_973.jpg;0;1;0;4.877522;61.38953;91.75005;1.505103;146.37;-0.001430938
C:\Mark's Python files\ME5920\HW3_Gardocki\DefinedTurns\IMG\robocam_2025_04_06_21_58_02_014.jpg;0;1;0;4.900479;61.22652;91.85948;1.502822;146.3458;-0.001430563
C:\Mark's Python files\ME5920\HW3_Gardocki\DefinedTurns\IMG\robocam_2025_04_06_21_58_02_056.jpg;0;1;0;4.923284;61.06273;91.96953;1.504442;146.3222;-0.001441667
C:\Mark's Python files\ME5920\HW3_Gardocki\DefinedTurns\IMG\robocam_2025_04_06_21_58_02_105.jpg;0;1;0;4.957401;60.81564;92.13573;1.513111;146.2872;-0.001473273
C:\Mark's Python files\ME5920\HW3_Gardocki\DefinedTurns\IMG\robocam_2025_04_06_21_58_02_147.jpg;0;1;0;4.98009;60.65;92.24726;1.519703;146.2622;-0.001398386
C:\Mark's Python files\ME5920\HW3_Gardocki\DefinedTurns\IMG\robocam_2025_04_06_21_58_02_190.jpg;0;1;0;5.003416;60.4839;92.35922;1.511833;146.2368;-0.001688498
C:\Mark's Python files\ME5920\HW3_Gardocki\DefinedTurns\IMG\robocam_2025_04_06_21_58_02_231.jpg;0;1;0;5.012449;60.31768;92.47137;1.506573;146.2124;-0.001505937
C:\Mark's Python files\ME5920\HW3_Gardocki\DefinedTurns\IMG\robocam_2025_04_06_21_58_02_274.jpg;0;1;0;5.013178;60.15145;92.58365;1.506565;146.1895;-0.00156775
C:\Mark's Python files\ME5920\HW3_Gardocki\DefinedTurns\IMG\robocam_2025_04_06_21_58_02_323.jpg;0;1;0;5.007694;59.98521;92.69604;1.511042;146.1692;-0.001735792
C:\Mark's Python files\ME5920\HW3_Gardocki\DefinedTurns\IMG\robocam_2025_04_06_21_58_02_364.jpg;0;1;0;5.008298;59.81918;92.80836;1.498972;146.1193;-0.000947693
C:\Mark's Python files\ME5920\HW3_Gardocki\DefinedTurns\IMG\robocam_2025_04_06_21_58_02_404.jpg;0;1;0;5.00448;59.65355;92.92058;1.46973;146.083;-0.00144853
C:\Mark's Python files\ME5920\HW3_Gardocki\DefinedTurns\IMG\robocam_2025_04_06_21_58_02_444.jpg;0;1;0;4.996384;59.48793;93.03292;1.4482;146.0549;-0.001518388
C:\Mark's Python files\ME5920\HW3_Gardocki\DefinedTurns\IMG\robocam_2025_04_06_21_58_02_486.jpg;0;1;0;5.014001;59.23915;93.20189;1.434685;146.0168;-0.001414079
C:\Mark's Python files\ME5920\HW3_Gardocki\DefinedTurns\IMG\robocam_2025_04_06_21_58_02_528.jpg;0;1;0;5.015438;59.07331;93.31466;1.4332;145.9922;-0.001366145
C:\Mark's Python files\ME5920\HW3_Gardocki\DefinedTurns\IMG\robocam_2025_04_06_21_58_02_570.jpg;0;1;0;5.019169;58.90748;93.42754;1.437145;145.9669;-0.001279996
C:\Mark's Python files\ME5920\HW3_Gardocki\DefinedTurns\IMG\robocam_2025_04_06_21_58_02_611.jpg;0;1;0;5.026924;58.7417;93.54047;1.444737;145.9361;-0.0009664055
C:\Mark's Python files\ME5920\HW3_Gardocki\DefinedTurns\IMG\robocam_2025_04_06_21_58_02_653.jpg;0;1;0;5.013556;58.57567;93.65369;1.461205;145.9138;-0.001563234
C:\Mark's Python files\ME5920\HW3_Gardocki\DefinedTurns\IMG\robocam_2025_04_06_21_58_02_696.jpg;0;1;0;5.015635;58.40969;93.76699;1.48051;145.8919;-0.001591966
C:\Mark's Python files\ME5920\HW3_Gardocki\DefinedTurns\IMG\robocam_2025_04_06_21_58_02_738.jpg;0;1;0;5.019432;58.2437;93.88042;1.503288;145.8719;-0.001737387
C:\Mark's Python files\ME5920\HW3_Gardocki\DefinedTurns\IMG\robocam_2025_04_06_21_58_02_778.jpg;0;1;0;5.027265;58.07766;93.994;1.52946;145.8566;-0.002100978
C:\Mark's Python files\ME5920\HW3_Gardocki\DefinedTurns\IMG\robocam_2025_04_06_21_58_02_819.jpg;0;1;0;5.024998;57.91293;94.10678;1.470039;145.8195;-0.001462996
C:\Mark's Python files\ME5920\HW3_Gardocki\DefinedTurns\IMG\robocam_2025_04_06_21_58_02_863.jpg;0;1;0;5.014648;57.7485;94.21944;1.415234;145.8268;-0.001302028
C:\Mark's Python files\ME5920\HW3_Gardocki\DefinedTurns\IMG\robocam_2025_04_06_21_58_02_904.jpg;0;1;0;5.009734;57.58358;94.3325;1.378029;145.8024;-0.001294855
C:\Mark's Python files\ME5920\HW3_Gardocki\DefinedTurns\IMG\robocam_2025_04_06_21_58_02_946.jpg;0;1;0;5.007786;57.33587;94.50242;1.345324;145.7666;-0.001300496
C:\Mark's Python files\ME5920\HW3_Gardocki\DefinedTurns\IMG\robocam_2025_04_06_21_58_02_987.jpg;0;0.9186025;0;5.003867;57.17061;94.61584;1.335065;145.7422;-0.001264729
C:\Mark's Python files\ME5920\HW3_Gardocki\DefinedTurns\IMG\robocam_2025_04_06_21_58_03_028.jpg;0;0.792415;0;4.994881;57.00578;94.72906;1.320681;145.7282;-0.001327597
C:\Mark's Python files\ME5920\HW3_Gardocki\DefinedTurns\IMG\robocam_2025_04_06_21_58_03_070.jpg;0;0.666115;0;5.010003;56.84083;94.84241;1.30878;145.7066;-0.001239202
C:\Mark's Python files\ME5920\HW3_Gardocki\DefinedTurns\IMG\robocam_2025_04_06_21_58_03_112.jpg;0;0.5441572;0;5.010882;56.67612;94.95568;1.288257;145.6851;-0.001192169
C:\Mark's Python files\ME5920\HW3_Gardocki\DefinedTurns\IMG\robocam_2025_04_06_21_58_03_154.jpg;0;0.41572;0;5.003664;56.51159;95.0689;1.258049;145.6646;-0.001209875
C:\Mark's Python files\ME5920\HW3_Gardocki\DefinedTurns\IMG\robocam_2025_04_06_21_58_03_196.jpg;0;0.2917438;0;4.99873;56.34743;95.18195;1.211861;145.6442;-0.001158189
C:\Mark's Python files\ME5920\HW3_Gardocki\DefinedTurns\IMG\robocam_2025_04_06_21_58_03_236.jpg;0;0.1643593;0;4.994241;56.18386;95.29466;1.144368;145.6239;-0.001039944
C:\Mark's Python files\ME5920\HW3_Gardocki\DefinedTurns\IMG\robocam_2025_04_06_21_58_03_278.jpg;0;0.04186745;0;4.98736;56.02069;95.40715;1.060002;145.6052;-0.0009461964
C:\Mark's Python files\ME5920\HW3_Gardocki\DefinedTurns\IMG\robocam_2025_04_06_21_58_03_319.jpg;0;0;0;4.977019;55.85819;95.51922;0.9535939;145.5873;-0.0008130651
C:\Mark's Python files\ME5920\HW3_Gardocki\DefinedTurns\IMG\robocam_2025_04_06_21_58_03_360.jpg;0;0;0;4.966359;55.69635;95.63087;0.8278887;145.5703;-0.0006750853
C:\Mark's Python files\ME5920\HW3_Gardocki\DefinedTurns\IMG\robocam_2025_04_06_21_58_03_400.jpg;1.457023;0;0;4.95572;55.53506;95.7421;0.6867608;145.5645;-0.0003520468
C:\Mark's Python files\ME5920\HW3_Gardocki\DefinedTurns\IMG\robocam_2025_04_06_21_58_03_441.jpg;3.310961;0;0;4.945011;55.37402;95.85247;0.5321183;145.6368;0.009635477
C:\Mark's Python files\ME5920\HW3_Gardocki\DefinedTurns\IMG\robocam_2025_04_06_21_58_03_483.jpg;5.15597;0;0;4.934108;55.21291;95.96157;0.3657045;145.8345;0.04303518
C:\Mark's Python files\ME5920\HW3_Gardocki\DefinedTurns\IMG\robocam_2025_04_06_21_58_03_524.jpg;7.118523;0;0;4.922884;55.0515;96.0691;0.1887403;146.1784;0.1049719
C:\Mark's Python files\ME5920\HW3_Gardocki\DefinedTurns\IMG\robocam_2025_04_06_21_58_03_565.jpg;9.012266;0;0;4.911164;54.80816;96.22701;359.9285;146.9748;0.2518068
C:\Mark's Python files\ME5920\HW3_Gardocki\DefinedTurns\IMG\robocam_2025_04_06_21_58_03_607.jpg;10.80189;0;0;4.898117;54.64442;96.32997;359.7965;147.6826;0.3773205
C:\Mark's Python files\ME5920\HW3_Gardocki\DefinedTurns\IMG\robocam_2025_04_06_21_58_03_648.jpg;12.66623;0;0;4.883676;54.47923;96.4303;359.6926;148.5522;0.5381941
C:\Mark's Python files\ME5920\HW3_Gardocki\DefinedTurns\IMG\robocam_2025_04_06_21_58_03_691.jpg;14.51898;0;0;4.868169;54.31245;96.52755;359.6175;149.5856;0.7405719
C:\Mark's Python files\ME5920\HW3_Gardocki\DefinedTurns\IMG\robocam_2025_04_06_21_58_03_733.jpg;15;0;0;4.852139;54.144;96.62209;359.5889;150.7119;0.9611304
C:\Mark's Python files\ME5920\HW3_Gardocki\DefinedTurns\IMG\robocam_2025_04_06_21_58_03_774.jpg;15;0;0;4.832068;53.97375;96.71487;359.6386;151.8386;1.151256
C:\Mark's Python files\ME5920\HW3_Gardocki\DefinedTurns\IMG\robocam_2025_04_06_21_58_03_816.jpg;15;0;0;4.818745;53.80193;96.80584;359.7548;153.0244;1.283909
C:\Mark's Python files\ME5920\HW3_Gardocki\DefinedTurns\IMG\robocam_2025_04_06_21_58_03_861.jpg;15;0;0;4.806037;53.62868;96.89522;359.9336;154.3349;1.316073
C:\Mark's Python files\ME5920\HW3_Gardocki\DefinedTurns\IMG\robocam_2025_04_06_21_58_03_914.jpg;15;0;0;4.793678;53.36902;97.02127;0.06609432;156.3535;1.243038
C:\Mark's Python files\ME5920\HW3_Gardocki\DefinedTurns\IMG\robocam_2025_04_06_21_58_03_954.jpg;15;0;0;4.758286;53.19696;97.09806;359.9896;157.6832;1.201674
C:\Mark's Python files\ME5920\HW3_Gardocki\DefinedTurns\IMG\robocam_2025_04_06_21_58_04_001.jpg;15;0;0;4.735901;53.02309;97.1703;359.9405;158.929;1.165502
C:\Mark's Python files\ME5920\HW3_Gardocki\DefinedTurns\IMG\robocam_2025_04_06_21_58_04_051.jpg;15;0;0;4.716062;52.75808;97.26793;359.9569;160.8153;1.217688
C:\Mark's Python files\ME5920\HW3_Gardocki\DefinedTurns\IMG\robocam_2025_04_06_21_58_04_090.jpg;15;0;0;4.700004;52.57976;97.32785;0.006517334;162.1148;1.278318
C:\Mark's Python files\ME5920\HW3_Gardocki\DefinedTurns\IMG\robocam_2025_04_06_21_58_04_133.jpg;15;0;0;4.683022;52.4014;97.38381;0.02822336;163.4551;1.326473
C:\Mark's Python files\ME5920\HW3_Gardocki\DefinedTurns\IMG\robocam_2025_04_06_21_58_04_174.jpg;15;0;0;4.66311;52.22401;97.43676;359.9734;164.8143;1.308041
C:\Mark's Python files\ME5920\HW3_Gardocki\DefinedTurns\IMG\robocam_2025_04_06_21_58_04_215.jpg;15;0;0;4.639369;52.0451;97.48555;359.976;166.1578;1.275137
C:\Mark's Python files\ME5920\HW3_Gardocki\DefinedTurns\IMG\robocam_2025_04_06_21_58_04_256.jpg;15;0;0;4.621358;51.86502;97.52882;0.01171313;167.485;1.282945
C:\Mark's Python files\ME5920\HW3_Gardocki\DefinedTurns\IMG\robocam_2025_04_06_21_58_04_297.jpg;15;0;0;4.611807;51.68534;97.56869;0.01224466;168.8408;1.245038
C:\Mark's Python files\ME5920\HW3_Gardocki\DefinedTurns\IMG\robocam_2025_04_06_21_58_04_338.jpg;15;0;0;4.592768;51.50589;97.60506;359.9897;170.2048;1.14935
C:\Mark's Python files\ME5920\HW3_Gardocki\DefinedTurns\IMG\robocam_2025_04_06_21_58_04_379.jpg;15;0;0;4.571217;51.32567;97.63414;359.9872;171.5465;1.151974
C:\Mark's Python files\ME5920\HW3_Gardocki\DefinedTurns\IMG\robocam_2025_04_06_21_58_04_420.jpg;15;0;0;4.555248;51.145;97.65755;0.002435549;172.9249;1.224759
C:\Mark's Python files\ME5920\HW3_Gardocki\DefinedTurns\IMG\robocam_2025_04_06_21_58_04_461.jpg;15;0;0;4.539417;50.96445;97.67699;0.02115342;174.3163;1.30372
C:\Mark's Python files\ME5920\HW3_Gardocki\DefinedTurns\IMG\robocam_2025_04_06_21_58_04_503.jpg;15;0;0;4.531046;50.78506;97.69384;359.9873;175.7111;1.32327
C:\Mark's Python files\ME5920\HW3_Gardocki\DefinedTurns\IMG\robocam_2025_04_06_21_58_04_544.jpg;15;0;0;4.508995;50.60495;97.70689;0.01312282;177.077;1.31167
C:\Mark's Python files\ME5920\HW3_Gardocki\DefinedTurns\IMG\robocam_2025_04_06_21_58_04_586.jpg;15;0;0;4.498924;50.3362;97.71957;0.00971269;179.1517;1.228499
C:\Mark's Python files\ME5920\HW3_Gardocki\DefinedTurns\IMG\robocam_2025_04_06_21_58_04_627.jpg;15;0;0;4.474096;50.15831;97.72105;359.9824;180.5143;1.190864
C:\Mark's Python files\ME5920\HW3_Gardocki\DefinedTurns\IMG\robocam_2025_04_06_21_58_04_668.jpg;15;0;0;4.461849;49.98099;97.71807;359.9526;181.857;1.174361
C:\Mark's Python files\ME5920\HW3_Gardocki\DefinedTurns\IMG\robocam_2025_04_06_21_58_04_709.jpg;15;0;0;4.442999;49.80394;97.70953;359.959;183.2138;1.206114
C:\Mark's Python files\ME5920\HW3_Gardocki\DefinedTurns\IMG\robocam_2025_04_06_21_58_04_751.jpg;15;0;0;4.422649;49.62728;97.69653;-0.002902083;184.598;1.261261
C:\Mark's Python files\ME5920\HW3_Gardocki\DefinedTurns\IMG\robocam_2025_04_06_21_58_04_792.jpg;15;0;0;4.407043;49.45229;97.67989;-0.005011598;185.9892;1.302117
C:\Mark's Python files\ME5920\HW3_Gardocki\DefinedTurns\IMG\robocam_2025_04_06_21_58_04_834.jpg;15;0;0;4.39727;49.27785;97.66109;-0.004670516;187.4173;1.27991
C:\Mark's Python files\ME5920\HW3_Gardocki\DefinedTurns\IMG\robocam_2025_04_06_21_58_04_880.jpg;15;0;0;4.375592;49.10501;97.63707;359.9906;188.8053;1.266028
C:\Mark's Python files\ME5920\HW3_Gardocki\DefinedTurns\IMG\robocam_2025_04_06_21_58_04_921.jpg;15;0.0621672;0;4.365642;48.9329;97.61044;359.9878;190.2337;1.1996
C:\Mark's Python files\ME5920\HW3_Gardocki\DefinedTurns\IMG\robocam_2025_04_06_21_58_04_962.jpg;15;0.1874913;0;4.344822;48.76259;97.5777;359.9911;191.6357;1.175481
C:\Mark's Python files\ME5920\HW3_Gardocki\DefinedTurns\IMG\robocam_2025_04_06_21_58_05_003.jpg;15;0.3085656;0;4.336258;48.59372;97.5405;359.9846;193.0326;1.183349
C:\Mark's Python files\ME5920\HW3_Gardocki\DefinedTurns\IMG\robocam_2025_04_06_21_58_05_045.jpg;15;0.4301766;0;4.33089;48.34211;97.47712;0.005566444;195.1267;1.181891
C:\Mark's Python files\ME5920\HW3_Gardocki\DefinedTurns\IMG\robocam_2025_04_06_21_58_05_087.jpg;15;0.5592114;0;4.32943;48.17583;97.42955;0.02193889;196.5699;1.185247
C:\Mark's Python files\ME5920\HW3_Gardocki\DefinedTurns\IMG\robocam_2025_04_06_21_58_05_129.jpg;15;0.6832008;0;4.331962;48.01132;97.37825;359.9921;198.0027;1.187391
C:\Mark's Python files\ME5920\HW3_Gardocki\DefinedTurns\IMG\robocam_2025_04_06_21_58_05_170.jpg;15;0.8041431;0;4.336859;47.84694;97.3224;0.01918461;199.4272;1.19112
C:\Mark's Python files\ME5920\HW3_Gardocki\DefinedTurns\IMG\robocam_2025_04_06_21_58_05_218.jpg;14.12626;0.9489062;0;4.356559;47.68387;97.26307;0.01449878;200.8323;1.177171
C:\Mark's Python files\ME5920\HW3_Gardocki\DefinedTurns\IMG\robocam_2025_04_06_21_58_05_259.jpg;12.28023;1;0;4.376533;47.52137;97.19987;0.0158438;202.2147;1.146332
C:\Mark's Python files\ME5920\HW3_Gardocki\DefinedTurns\IMG\robocam_2025_04_06_21_58_05_300.jpg;10.41929;1;0;4.397502;47.35994;97.13225;0.00375543;203.4991;1.14129
C:\Mark's Python files\ME5920\HW3_Gardocki\DefinedTurns\IMG\robocam_2025_04_06_21_58_05_344.jpg;8.535345;1;0;4.417995;47.19883;97.06081;0.01037906;204.6231;1.146903
C:\Mark's Python files\ME5920\HW3_Gardocki\DefinedTurns\IMG\robocam_2025_04_06_21_58_05_386.jpg;6.650016;1;0;4.441103;46.95771;96.9485;0.01195422;206.0016;1.128605
C:\Mark's Python files\ME5920\HW3_Gardocki\DefinedTurns\IMG\robocam_2025_04_06_21_58_05_427.jpg;4.860753;1;0;4.463009;46.79724;96.87055;0.005867186;206.7041;1.101715
C:\Mark's Python files\ME5920\HW3_Gardocki\DefinedTurns\IMG\robocam_2025_04_06_21_58_05_469.jpg;2.975204;1;0;4.48718;46.63665;96.79023;0.006153307;207.2322;1.07656
C:\Mark's Python files\ME5920\HW3_Gardocki\DefinedTurns\IMG\robocam_2025_04_06_21_58_05_510.jpg;1.110489;1;0;4.510075;46.47562;96.70824;0.01619603;207.5787;1.044834
C:\Mark's Python files\ME5920\HW3_Gardocki\DefinedTurns\IMG\robocam_2025_04_06_21_58_05_551.jpg;0;1;0;4.533748;46.3139;96.62494;0.03821179;207.7637;1.009053
C:\Mark's Python files\ME5920\HW3_Gardocki\DefinedTurns\IMG\robocam_2025_04_06_21_58_05_594.jpg;0;1;0;4.557205;46.15137;96.54034;0.08063927;207.8536;0.9769788
C:\Mark's Python files\ME5920\HW3_Gardocki\DefinedTurns\IMG\robocam_2025_04_06_21_58_05_634.jpg;-1.314131;1;0;4.5796;45.98792;96.4551;0.1337081;207.8727;0.9299306
C:\Mark's Python files\ME5920\HW3_Gardocki\DefinedTurns\IMG\robocam_2025_04_06_21_58_05_676.jpg;-3.156912;1;0;4.614359;45.82316;96.36962;0.2044126;207.7758;0.8625618
C:\Mark's Python files\ME5920\HW3_Gardocki\DefinedTurns\IMG\robocam_2025_04_06_21_58_05_717.jpg;-5.074492;1;0;4.636619;45.65681;96.28447;0.2934505;207.5251;0.7673436
C:\Mark's Python files\ME5920\HW3_Gardocki\DefinedTurns\IMG\robocam_2025_04_06_21_58_05_757.jpg;-6.851511;1;0;4.658387;45.48867;96.20016;0.4004539;207.1005;0.6367387
C:\Mark's Python files\ME5920\HW3_Gardocki\DefinedTurns\IMG\robocam_2025_04_06_21_58_05_797.jpg;-8.708423;1;0;4.67956;45.31855;96.11722;0.5250165;206.4953;0.4651816
C:\Mark's Python files\ME5920\HW3_Gardocki\DefinedTurns\IMG\robocam_2025_04_06_21_58_05_839.jpg;-10.5325;1;0;4.699925;45.14629;96.0362;0.6660553;205.7028;0.2462462
C:\Mark's Python files\ME5920\HW3_Gardocki\DefinedTurns\IMG\robocam_2025_04_06_21_58_05_886.jpg;-12.68075;1;0;4.719284;44.88414;95.91957;0.8785504;204.1763;359.8286
C:\Mark's Python files\ME5920\HW3_Gardocki\DefinedTurns\IMG\robocam_2025_04_06_21_58_05_926.jpg;-14.56251;1;0;4.73872;44.70784;95.84523;0.9761423;202.9766;359.5349
C:\Mark's Python files\ME5920\HW3_Gardocki\DefinedTurns\IMG\robocam_2025_04_06_21_58_05_967.jpg;-15;1;0;4.754812;44.53126;95.77374;1.000172;201.6079;359.2663
C:\Mark's Python files\ME5920\HW3_Gardocki\DefinedTurns\IMG\robocam_2025_04_06_21_58_06_008.jpg;-15;1;0;4.768873;44.35445;95.70576;0.9403204;200.1226;359.0169
C:\Mark's Python files\ME5920\HW3_Gardocki\DefinedTurns\IMG\robocam_2025_04_06_21_58_06_048.jpg;-15;1;0;4.781606;44.17721;95.64202;0.799812;198.573;358.7696
C:\Mark's Python files\ME5920\HW3_Gardocki\DefinedTurns\IMG\robocam_2025_04_06_21_58_06_089.jpg;-15;1;0;4.795985;43.99982;95.58189;0.5826363;197.1013;358.5558
C:\Mark's Python files\ME5920\HW3_Gardocki\DefinedTurns\IMG\robocam_2025_04_06_21_58_06_131.jpg;-15;1;0;4.800845;43.82255;95.52486;0.2901726;195.801;358.4113
C:\Mark's Python files\ME5920\HW3_Gardocki\DefinedTurns\IMG\robocam_2025_04_06_21_58_06_171.jpg;-15;1;0;4.804299;43.64525;95.47156;359.9251;194.6172;358.3221
C:\Mark's Python files\ME5920\HW3_Gardocki\DefinedTurns\IMG\robocam_2025_04_06_21_58_06_211.jpg;-15;1;0;4.806243;43.46492;95.42017;359.6849;193.5376;358.3364
C:\Mark's Python files\ME5920\HW3_Gardocki\DefinedTurns\IMG\robocam_2025_04_06_21_58_06_253.jpg;-15;1;0;4.807082;43.28149;95.37144;359.5712;192.478;358.4287
C:\Mark's Python files\ME5920\HW3_Gardocki\DefinedTurns\IMG\robocam_2025_04_06_21_58_06_293.jpg;-13.87747;1;0;4.808424;43.09527;95.32595;359.5605;191.4109;358.576
C:\Mark's Python files\ME5920\HW3_Gardocki\DefinedTurns\IMG\robocam_2025_04_06_21_58_06_345.jpg;-11.94195;1;0;4.811518;42.9065;95.28346;359.6416;190.3802;358.7859
C:\Mark's Python files\ME5920\HW3_Gardocki\DefinedTurns\IMG\robocam_2025_04_06_21_58_06_387.jpg;-10.12536;1;0;4.866411;42.61197;95.22984;0.05893046;188.579;358.991
C:\Mark's Python files\ME5920\HW3_Gardocki\DefinedTurns\IMG\robocam_2025_04_06_21_58_06_427.jpg;-8.185032;1;0;4.918797;42.4131;95.20048;0.3125024;187.4334;359.049
C:\Mark's Python files\ME5920\HW3_Gardocki\DefinedTurns\IMG\robocam_2025_04_06_21_58_06_468.jpg;-9.044617;1;0;4.936888;42.21459;95.174;0.4796197;186.3347;359.1144
C:\Mark's Python files\ME5920\HW3_Gardocki\DefinedTurns\IMG\robocam_2025_04_06_21_58_06_509.jpg;-10.85484;1;0;4.952867;42.01664;95.15147;0.5510191;185.1673;359.171
C:\Mark's Python files\ME5920\HW3_Gardocki\DefinedTurns\IMG\robocam_2025_04_06_21_58_06_550.jpg;-12.72494;1;0;4.967712;41.81928;95.13351;0.5296541;183.8889;359.2048
C:\Mark's Python files\ME5920\HW3_Gardocki\DefinedTurns\IMG\robocam_2025_04_06_21_58_06_591.jpg;-14.58024;1;0;4.981417;41.62175;95.12103;0.4451551;182.4476;359.1866
C:\Mark's Python files\ME5920\HW3_Gardocki\DefinedTurns\IMG\robocam_2025_04_06_21_58_06_632.jpg;-15;1;0;5.010835;41.42361;95.11484;0.3447832;180.9525;359.0761
C:\Mark's Python files\ME5920\HW3_Gardocki\DefinedTurns\IMG\robocam_2025_04_06_21_58_06_674.jpg;-15;1;0;5.008366;41.22651;95.11327;0.1898524;179.4474;358.9351
C:\Mark's Python files\ME5920\HW3_Gardocki\DefinedTurns\IMG\robocam_2025_04_06_21_58_06_716.jpg;-15;1;0;5.006119;41.03058;95.11597;359.9706;177.9434;358.7854
C:\Mark's Python files\ME5920\HW3_Gardocki\DefinedTurns\IMG\robocam_2025_04_06_21_58_06_757.jpg;-15;1;0;5.00196;40.83287;95.12222;359.863;176.6239;358.6697
C:\Mark's Python files\ME5920\HW3_Gardocki\DefinedTurns\IMG\robocam_2025_04_06_21_58_06_797.jpg;-15;1;0;5.001603;40.63315;95.1319;359.88;175.4337;358.6133
C:\Mark's Python files\ME5920\HW3_Gardocki\DefinedTurns\IMG\robocam_2025_04_06_21_58_06_839.jpg;-12.67396;1;0;5.001498;40.43213;95.14437;359.9833;174.3058;358.6412
C:\Mark's Python files\ME5920\HW3_Gardocki\DefinedTurns\IMG\robocam_2025_04_06_21_58_06_881.jpg;-11.27081;1;0;5.002898;40.23183;95.15967;0.04845396;173.2711;358.7496
C:\Mark's Python files\ME5920\HW3_Gardocki\DefinedTurns\IMG\robocam_2025_04_06_21_58_06_921.jpg;-9.391302;1;0;5.005228;40.03244;95.18077;0.04795861;172.1129;358.8268
C:\Mark's Python files\ME5920\HW3_Gardocki\DefinedTurns\IMG\robocam_2025_04_06_21_58_06_964.jpg;-7.482493;1;0;5.016169;39.83451;95.20553;0.007850342;171.0529;358.9009
C:\Mark's Python files\ME5920\HW3_Gardocki\DefinedTurns\IMG\robocam_2025_04_06_21_58_07_008.jpg;-5.552128;1;0;5.010774;39.53819;95.252;359.9922;169.8372;358.885
C:\Mark's Python files\ME5920\HW3_Gardocki\DefinedTurns\IMG\robocam_2025_04_06_21_58_07_048.jpg;-3.733233;1;0;5.012854;39.34063;95.2864;0.008770176;169.2664;358.8618
C:\Mark's Python files\ME5920\HW3_Gardocki\DefinedTurns\IMG\robocam_2025_04_06_21_58_07_088.jpg;-1.874247;1;0;5.010818;39.14349;95.32162;0.005236407;168.8598;358.8831
C:\Mark's Python files\ME5920\HW3_Gardocki\DefinedTurns\IMG\robocam_2025_04_06_21_58_07_129.jpg;0;1;0;5.01119;38.94635;95.35792;0.008032996;168.6106;358.9366
C:\Mark's Python files\ME5920\HW3_Gardocki\DefinedTurns\IMG\robocam_2025_04_06_21_58_07_174.jpg;0;1;0;5.012021;38.74921;95.39577;0.02489743;168.4751;358.9801
C:\Mark's Python files\ME5920\HW3_Gardocki\DefinedTurns\IMG\robocam_2025_04_06_21_58_07_215.jpg;0;1;0;5.011563;38.55194;95.43472;0.06106788;168.4076;359.015
C:\Mark's Python files\ME5920\HW3_Gardocki\DefinedTurns\IMG\robocam_2025_04_06_21_58_07_257.jpg;0;1;0;5.011526;38.35446;95.47432;0.1162049;168.3752;359.0506
C:\Mark's Python files\ME5920\HW3_Gardocki\DefinedTurns\IMG\robocam_2025_04_06_21_58_07_299.jpg;0;1;0;5.011654;38.15684;95.51411;0.1812726;168.3655;359.1003
C:\Mark's Python files\ME5920\HW3_Gardocki\DefinedTurns\IMG\robocam_2025_04_06_21_58_07_342.jpg;0;1;0;5.004545;37.95874;95.55443;0.2776511;168.3541;359.1479
C:\Mark's Python files\ME5920\HW3_Gardocki\DefinedTurns\IMG\robocam_2025_04_06_21_58_07_384.jpg;0;1;0;5.005993;37.76058;95.59466;0.3766392;168.3547;359.2151
C:\Mark's Python files\ME5920\HW3_Gardocki\DefinedTurns\IMG\robocam_2025_04_06_21_58_07_425.jpg;0;1;0;5.006292;37.5623;95.63496;0.4835339;168.3568;359.293
C:\Mark's Python files\ME5920\HW3_Gardocki\DefinedTurns\IMG\robocam_2025_04_06_21_58_07_466.jpg;0;1;0;5.006657;37.26453;95.69555;0.6588205;168.3604;359.4265
C:\Mark's Python files\ME5920\HW3_Gardocki\DefinedTurns\IMG\robocam_2025_04_06_21_58_07_514.jpg;0;1;0;5.014351;37.06602;95.73595;0.7805948;168.3716;359.5228
C:\Mark's Python files\ME5920\HW3_Gardocki\DefinedTurns\IMG\robocam_2025_04_06_21_58_07_555.jpg;0;1;0;5.014399;36.86735;95.77634;0.909486;168.3865;359.6222
C:\Mark's Python files\ME5920\HW3_Gardocki\DefinedTurns\IMG\robocam_2025_04_06_21_58_07_597.jpg;0;1;0;5.014112;36.66857;95.81667;1.04319;168.4052;359.7244
C:\Mark's Python files\ME5920\HW3_Gardocki\DefinedTurns\IMG\robocam_2025_04_06_21_58_07_639.jpg;0;1;0;5.018425;36.46957;95.85696;1.185197;168.4245;359.8265
C:\Mark's Python files\ME5920\HW3_Gardocki\DefinedTurns\IMG\robocam_2025_04_06_21_58_07_681.jpg;0;1;0;5.025352;36.27047;95.89706;1.32792;168.4445;359.9331
C:\Mark's Python files\ME5920\HW3_Gardocki\DefinedTurns\IMG\robocam_2025_04_06_21_58_07_721.jpg;0;1;0;5.014009;36.07219;95.93761;1.45232;168.4813;-0.002111367
C:\Mark's Python files\ME5920\HW3_Gardocki\DefinedTurns\IMG\robocam_2025_04_06_21_58_07_763.jpg;0;1;0;5.006799;35.87462;95.97913;1.528605;168.4614;-0.00362337
C:\Mark's Python files\ME5920\HW3_Gardocki\DefinedTurns\IMG\robocam_2025_04_06_21_58_07_803.jpg;0;1;0;5.042702;35.67845;96.02026;1.482797;168.4465;-0.002062074
C:\Mark's Python files\ME5920\HW3_Gardocki\DefinedTurns\IMG\robocam_2025_04_06_21_58_07_844.jpg;0;1;0;5.002911;35.48453;96.06093;1.41741;168.4242;-0.001060765
C:\Mark's Python files\ME5920\HW3_Gardocki\DefinedTurns\IMG\robocam_2025_04_06_21_58_07_885.jpg;0;0.9555748;0;5.010773;35.2887;96.10201;1.388348;168.4003;-0.001253814
C:\Mark's Python files\ME5920\HW3_Gardocki\DefinedTurns\IMG\robocam_2025_04_06_21_58_07_926.jpg;0;0.8276461;0;5.005704;34.99473;96.16374;1.360497;168.3733;-0.001539308
C:\Mark's Python files\ME5920\HW3_Gardocki\DefinedTurns\IMG\robocam_2025_04_06_21_58_07_967.jpg;0;0.7010743;0;4.998261;34.79913;96.20486;1.33718;168.334;-0.001213916
C:\Mark's Python files\ME5920\HW3_Gardocki\DefinedTurns\IMG\robocam_2025_04_06_21_58_08_009.jpg;0;0.5785129;0;5.008086;34.60356;96.24604;1.311351;168.3112;-0.001215452
C:\Mark's Python files\ME5920\HW3_Gardocki\DefinedTurns\IMG\robocam_2025_04_06_21_58_08_055.jpg;0;0.4304197;0;4.996832;34.40829;96.28722;1.274834;168.2882;-0.001101427
C:\Mark's Python files\ME5920\HW3_Gardocki\DefinedTurns\IMG\robocam_2025_04_06_21_58_08_098.jpg;0;0.3024529;0;5.001726;34.21329;96.32843;1.226122;168.2675;-0.001171913
C:\Mark's Python files\ME5920\HW3_Gardocki\DefinedTurns\IMG\robocam_2025_04_06_21_58_08_148.jpg;0;0.1630162;0;4.997296;33.92167;96.39014;1.11962;168.2376;-0.001004443
C:\Mark's Python files\ME5920\HW3_Gardocki\DefinedTurns\IMG\robocam_2025_04_06_21_58_08_189.jpg;0;0.03794234;0;4.991624;33.72797;96.43121;1.025003;168.2189;-0.0009052517
C:\Mark's Python files\ME5920\HW3_Gardocki\DefinedTurns\IMG\robocam_2025_04_06_21_58_08_233.jpg;0;0;0;4.982172;33.53504;96.47213;0.9096124;168.2012;-0.0007779925
C:\Mark's Python files\ME5920\HW3_Gardocki\DefinedTurns\IMG\robocam_2025_04_06_21_58_08_274.jpg;0;0;0;4.971513;33.34284;96.51292;0.776507;168.1845;-0.0005962555
C:\Mark's Python files\ME5920\HW3_Gardocki\DefinedTurns\IMG\robocam_2025_04_06_21_58_08_315.jpg;0;0;0;4.960845;33.15132;96.55359;0.6294385;168.169;-0.0003185568
C:\Mark's Python files\ME5920\HW3_Gardocki\DefinedTurns\IMG\robocam_2025_04_06_21_58_08_357.jpg;0;0;0;4.950168;32.9604;96.59412;0.4719969;168.1548;2.740172E-05
C:\Mark's Python files\ME5920\HW3_Gardocki\DefinedTurns\IMG\robocam_2025_04_06_21_58_08_398.jpg;0;0;0;4.934236;32.77002;96.63452;0.3075034;168.143;0.001942349
C:\Mark's Python files\ME5920\HW3_Gardocki\DefinedTurns\IMG\robocam_2025_04_06_21_58_08_439.jpg;0;0;0;4.923589;32.58013;96.67475;0.138895;168.1337;0.006710766
C:\Mark's Python files\ME5920\HW3_Gardocki\DefinedTurns\IMG\robocam_2025_04_06_21_58_08_481.jpg;0;0;0;4.912823;32.39066;96.71481;359.969;168.1273;0.01483026
C:\Mark's Python files\ME5920\HW3_Gardocki\DefinedTurns\IMG\robocam_2025_04_06_21_58_08_523.jpg;0;0;0;4.901544;32.20113;96.75523;359.832;168.1122;-0.0009248942
C:\Mark's Python files\ME5920\HW3_Gardocki\DefinedTurns\IMG\robocam_2025_04_06_21_58_08_564.jpg;0;0;0;4.890102;32.01166;96.7952;359.713;168.1077;0.002014437
C:\Mark's Python files\ME5920\HW3_Gardocki\DefinedTurns\IMG\robocam_2025_04_06_21_58_08_605.jpg;0;0;0;4.878491;31.82241;96.83522;359.6087;168.1021;-0.0008892259
C:\Mark's Python files\ME5920\HW3_Gardocki\DefinedTurns\IMG\robocam_2025_04_06_21_58_08_646.jpg;0;0;0;4.867386;31.53913;96.89503;359.4653;168.0974;-0.002290828
C:\Mark's Python files\ME5920\HW3_Gardocki\DefinedTurns\IMG\robocam_2025_04_06_21_58_08_688.jpg;0;0;0;4.855546;31.35058;96.93475;359.3836;168.0972;0.001450272
C:\Mark's Python files\ME5920\HW3_Gardocki\DefinedTurns\IMG\robocam_2025_04_06_21_58_08_730.jpg;0;0;0;4.844397;31.16248;96.9744;359.3014;168.097;0.004580008
C:\Mark's Python files\ME5920\HW3_Gardocki\DefinedTurns\IMG\robocam_2025_04_06_21_58_08_771.jpg;0;0;0;4.832523;30.97426;97.01427;359.2568;168.0921;-0.0041907
C:\Mark's Python files\ME5920\HW3_Gardocki\DefinedTurns\IMG\robocam_2025_04_06_21_58_08_814.jpg;0;0;0;4.815455;30.78651;97.05389;359.2086;168.0902;359.9926
C:\Mark's Python files\ME5920\HW3_Gardocki\DefinedTurns\IMG\robocam_2025_04_06_21_58_08_857.jpg;0;0;0;4.804517;30.59919;97.09341;359.1599;168.0892;359.9902
C:\Mark's Python files\ME5920\HW3_Gardocki\DefinedTurns\IMG\robocam_2025_04_06_21_58_08_899.jpg;0;0;0;4.793606;30.4123;97.13283;359.1114;168.0887;359.9882
C:\Mark's Python files\ME5920\HW3_Gardocki\DefinedTurns\IMG\robocam_2025_04_06_21_58_08_941.jpg;0;0;0;4.780956;30.22511;97.17207;359.1061;168.0948;0.00161623
C:\Mark's Python files\ME5920\HW3_Gardocki\DefinedTurns\IMG\robocam_2025_04_06_21_58_08_982.jpg;0;0;0;4.769851;30.03848;97.21133;359.0952;168.0977;0.01061365
C:\Mark's Python files\ME5920\HW3_Gardocki\DefinedTurns\IMG\robocam_2025_04_06_21_58_09_024.jpg;0;0;0;4.759007;29.85232;97.25056;359.0825;168.0992;0.01776392
C:\Mark's Python files\ME5920\HW3_Gardocki\DefinedTurns\IMG\robocam_2025_04_06_21_58_09_066.jpg;0;0;0;4.748201;29.57393;97.30924;359.0608;168.1002;0.02667619
C:\Mark's Python files\ME5920\HW3_Gardocki\DefinedTurns\IMG\robocam_2025_04_06_21_58_09_106.jpg;0;0;0;4.737421;29.38865;97.34875;359.0654;168.0893;0.006500965
C:\Mark's Python files\ME5920\HW3_Gardocki\DefinedTurns\IMG\robocam_2025_04_06_21_58_09_148.jpg;0;0;0.1075731;4.723504;29.20384;97.38816;359.079;168.0767;359.9749
C:\Mark's Python files\ME5920\HW3_Gardocki\DefinedTurns\IMG\robocam_2025_04_06_21_58_09_190.jpg;0;0;0.2293725;4.698217;29.02063;97.42695;359.0626;168.0702;359.9515
C:\Mark's Python files\ME5920\HW3_Gardocki\DefinedTurns\IMG\robocam_2025_04_06_21_58_09_234.jpg;0;0;0.3500226;4.656627;28.84006;97.4651;358.9954;168.0667;359.9319
C:\Mark's Python files\ME5920\HW3_Gardocki\DefinedTurns\IMG\robocam_2025_04_06_21_58_09_274.jpg;0;0;0.4760364;4.599875;28.66234;97.50195;358.8925;168.0745;359.9519
C:\Mark's Python files\ME5920\HW3_Gardocki\DefinedTurns\IMG\robocam_2025_04_06_21_58_09_316.jpg;0;0;0.600386;4.496721;28.48733;97.53807;358.7787;168.0969;-0.004370339
C:\Mark's Python files\ME5920\HW3_Gardocki\DefinedTurns\IMG\robocam_2025_04_06_21_58_09_358.jpg;0;0;0.7255067;4.408383;28.31594;97.57435;358.6828;168.1222;-0.001098296
C:\Mark's Python files\ME5920\HW3_Gardocki\DefinedTurns\IMG\robocam_2025_04_06_21_58_09_401.jpg;0;0;0.8475932;4.275762;28.14778;97.61004;358.6172;168.1538;359.9927
C:\Mark's Python files\ME5920\HW3_Gardocki\DefinedTurns\IMG\robocam_2025_04_06_21_58_09_443.jpg;0;0;0.9726879;4.208745;27.98381;97.64442;358.5288;168.1998;0.004578643
C:\Mark's Python files\ME5920\HW3_Gardocki\DefinedTurns\IMG\robocam_2025_04_06_21_58_09_484.jpg;0;0;1;4.128738;27.82046;97.67896;358.5942;168.2166;-0.00567482
C:\Mark's Python files\ME5920\HW3_Gardocki\DefinedTurns\IMG\robocam_2025_04_06_21_58_09_525.jpg;0;0;1;4.001904;27.58301;97.72871;358.6775;168.2269;-0.002160142
C:\Mark's Python files\ME5920\HW3_Gardocki\DefinedTurns\IMG\robocam_2025_04_06_21_58_09_566.jpg;0;0;1;3.928303;27.43058;97.76075;358.7183;168.2261;359.9932
C:\Mark's Python files\ME5920\HW3_Gardocki\DefinedTurns\IMG\robocam_2025_04_06_21_58_09_607.jpg;0;0;0;3.790641;27.28227;97.79162;358.726;168.2329;0.006055979
C:\Mark's Python files\ME5920\HW3_Gardocki\DefinedTurns\IMG\robocam_2025_04_06_21_58_09_650.jpg;0;0;0;3.686245;27.1376;97.82206;358.7527;168.2325;0.001135788
C:\Mark's Python files\ME5920\HW3_Gardocki\DefinedTurns\IMG\robocam_2025_04_06_21_58_09_692.jpg;0;0;0;3.669448;26.99264;97.85257;358.843;168.2278;-0.003975394
C:\Mark's Python files\ME5920\HW3_Gardocki\DefinedTurns\IMG\robocam_2025_04_06_21_58_09_732.jpg;0;0;0;3.655748;26.84749;97.8829;358.9679;168.2258;0.001921089
C:\Mark's Python files\ME5920\HW3_Gardocki\DefinedTurns\IMG\robocam_2025_04_06_21_58_09_773.jpg;0;0;0;3.645492;26.70279;97.9131;359.0869;168.2251;0.008420532
C:\Mark's Python files\ME5920\HW3_Gardocki\DefinedTurns\IMG\robocam_2025_04_06_21_58_09_814.jpg;0;0;0;3.636426;26.55825;97.94371;359.2231;168.2135;359.9854
C:\Mark's Python files\ME5920\HW3_Gardocki\DefinedTurns\IMG\robocam_2025_04_06_21_58_09_854.jpg;0;0;0;3.627791;26.41419;97.97388;359.3469;168.2095;359.9718
C:\Mark's Python files\ME5920\HW3_Gardocki\DefinedTurns\IMG\robocam_2025_04_06_21_58_09_896.jpg;0;0;0;3.619656;26.27063;98.00385;359.4584;168.208;359.9613
C:\Mark's Python files\ME5920\HW3_Gardocki\DefinedTurns\IMG\robocam_2025_04_06_21_58_09_937.jpg;0;0;0.0433446;3.606135;26.12766;98.03368;359.5559;168.2074;359.9524
C:\Mark's Python files\ME5920\HW3_Gardocki\DefinedTurns\IMG\robocam_2025_04_06_21_58_09_979.jpg;0;0;0.1633575;3.585311;25.9858;98.06328;359.627;168.2071;359.9446
C:\Mark's Python files\ME5920\HW3_Gardocki\DefinedTurns\IMG\robocam_2025_04_06_21_58_10_020.jpg;0;0;0;3.549765;25.84601;98.09243;359.6514;168.2069;359.9378
C:\Mark's Python files\ME5920\HW3_Gardocki\DefinedTurns\IMG\robocam_2025_04_06_21_58_10_060.jpg;0;0;0;3.536279;25.7075;98.12132;359.649;168.2069;359.932
C:\Mark's Python files\ME5920\HW3_Gardocki\DefinedTurns\IMG\robocam_2025_04_06_21_58_10_101.jpg;0;0;0;3.528365;25.56941;98.15012;359.6404;168.2069;359.9272
C:\Mark's Python files\ME5920\HW3_Gardocki\DefinedTurns\IMG\robocam_2025_04_06_21_58_10_141.jpg;0;0;0.0850557;3.518604;25.43179;98.17882;359.6247;168.2068;359.9233
C:\Mark's Python files\ME5920\HW3_Gardocki\DefinedTurns\IMG\robocam_2025_04_06_21_58_10_183.jpg;0;0;0.208569;3.495339;25.29529;98.20729;359.5877;168.2068;359.9204
C:\Mark's Python files\ME5920\HW3_Gardocki\DefinedTurns\IMG\robocam_2025_04_06_21_58_10_224.jpg;0;0;0;3.468013;25.16025;98.23521;359.5294;168.2129;359.9327
C:\Mark's Python files\ME5920\HW3_Gardocki\DefinedTurns\IMG\robocam_2025_04_06_21_58_10_266.jpg;0;0;0;3.459905;24.95839;98.27712;359.4474;168.2196;359.954
C:\Mark's Python files\ME5920\HW3_Gardocki\DefinedTurns\IMG\robocam_2025_04_06_21_58_10_308.jpg;0;0;0;3.45205;24.82399;98.3049;359.4042;168.2267;359.9783
C:\Mark's Python files\ME5920\HW3_Gardocki\DefinedTurns\IMG\robocam_2025_04_06_21_58_10_348.jpg;0;0;0;3.443482;24.68979;98.33273;359.37;168.2327;0.005672308
C:\Mark's Python files\ME5920\HW3_Gardocki\DefinedTurns\IMG\robocam_2025_04_06_21_58_10_389.jpg;0;0;0.0440202;3.435611;24.55597;98.3606;359.3348;168.2352;0.02850073
C:\Mark's Python files\ME5920\HW3_Gardocki\DefinedTurns\IMG\robocam_2025_04_06_21_58_10_431.jpg;0;0;0.1699743;3.419738;24.42305;98.38863;359.297;168.2289;0.03186198
C:\Mark's Python files\ME5920\HW3_Gardocki\DefinedTurns\IMG\robocam_2025_04_06_21_58_10_470.jpg;0;0;0;3.397184;24.29079;98.41643;359.259;168.2222;0.02899962
C:\Mark's Python files\ME5920\HW3_Gardocki\DefinedTurns\IMG\robocam_2025_04_06_21_58_10_512.jpg;0;0;0;3.389352;24.15877;98.44403;359.2235;168.2193;0.02947612
C:\Mark's Python files\ME5920\HW3_Gardocki\DefinedTurns\IMG\robocam_2025_04_06_21_58_10_554.jpg;0;0;0;3.381589;24.027;98.47154;359.1908;168.218;0.03052412
C:\Mark's Python files\ME5920\HW3_Gardocki\DefinedTurns\IMG\robocam_2025_04_06_21_58_10_596.jpg;0;0;0.1260948;3.371076;23.8955;98.49942;359.1788;168.2058;0.002736572
C:\Mark's Python files\ME5920\HW3_Gardocki\DefinedTurns\IMG\robocam_2025_04_06_21_58_10_636.jpg;0;0;0.2517789;3.328091;23.76555;98.52665;359.1378;168.2008;359.9847
C:\Mark's Python files\ME5920\HW3_Gardocki\DefinedTurns\IMG\robocam_2025_04_06_21_58_10_679.jpg;0;0;0;3.315128;23.63659;98.55358;359.0839;168.1989;359.9698
C:\Mark's Python files\ME5920\HW3_Gardocki\DefinedTurns\IMG\robocam_2025_04_06_21_58_10_722.jpg;0;0;0;3.306465;23.50745;98.58012;359.0547;168.2082;359.9793
C:\Mark's Python files\ME5920\HW3_Gardocki\DefinedTurns\IMG\robocam_2025_04_06_21_58_10_764.jpg;0;0;0;3.298289;23.37842;98.60679;359.0407;168.2163;359.9931
C:\Mark's Python files\ME5920\HW3_Gardocki\DefinedTurns\IMG\robocam_2025_04_06_21_58_10_813.jpg;0;0;0;3.290678;23.18536;98.647;359.0269;168.2205;0.005674358
C:\Mark's Python files\ME5920\HW3_Gardocki\DefinedTurns\IMG\robocam_2025_04_06_21_58_10_854.jpg;0;0;0;3.283094;23.05695;98.67378;359.0222;168.2213;0.01242245
C:\Mark's Python files\ME5920\HW3_Gardocki\DefinedTurns\IMG\robocam_2025_04_06_21_58_10_895.jpg;0;0;0;3.271763;22.92879;98.70052;359.0209;168.2216;0.01851075
C:\Mark's Python files\ME5920\HW3_Gardocki\DefinedTurns\IMG\robocam_2025_04_06_21_58_10_936.jpg;0;0;0;3.262822;22.80053;98.72779;359.0518;168.2085;359.991
C:\Mark's Python files\ME5920\HW3_Gardocki\DefinedTurns\IMG\robocam_2025_04_06_21_58_10_976.jpg;0;0;0;3.255271;22.67252;98.75462;359.0805;168.2039;359.9755
C:\Mark's Python files\ME5920\HW3_Gardocki\DefinedTurns\IMG\robocam_2025_04_06_21_58_11_017.jpg;0;0;0;3.247809;22.54479;98.7813;359.1093;168.2022;359.9633
C:\Mark's Python files\ME5920\HW3_Gardocki\DefinedTurns\IMG\robocam_2025_04_06_21_58_11_058.jpg;0;0;0;3.240381;22.41735;98.8079;359.1378;168.2016;359.9526
C:\Mark's Python files\ME5920\HW3_Gardocki\DefinedTurns\IMG\robocam_2025_04_06_21_58_11_099.jpg;0;0;0;3.232981;22.29021;98.83443;359.1656;168.2014;359.9431
C:\Mark's Python files\ME5920\HW3_Gardocki\DefinedTurns\IMG\robocam_2025_04_06_21_58_11_141.jpg;0;0;0.0419511;3.225608;22.16337;98.86089;359.1924;168.2014;359.9348
C:\Mark's Python files\ME5920\HW3_Gardocki\DefinedTurns\IMG\robocam_2025_04_06_21_58_11_187.jpg;0;0;0.1867209;3.207554;21.97436;98.89994;359.228;168.2115;359.9497
C:\Mark's Python files\ME5920\HW3_Gardocki\DefinedTurns\IMG\robocam_2025_04_06_21_58_11_235.jpg;0;0;0;3.181398;21.84953;98.92589;359.2376;168.2152;359.9606
C:\Mark's Python files\ME5920\HW3_Gardocki\DefinedTurns\IMG\robocam_2025_04_06_21_58_11_277.jpg;0;0;0;3.174134;21.72501;98.95184;359.2469;168.2166;359.9696
C:\Mark's Python files\ME5920\HW3_Gardocki\DefinedTurns\IMG\robocam_2025_04_06_21_58_11_319.jpg;0;0;0.0399102;3.166896;21.60078;98.97777;359.2558;168.2171;359.9779
C:\Mark's Python files\ME5920\HW3_Gardocki\DefinedTurns\IMG\robocam_2025_04_06_21_58_11_360.jpg;0;0;0.166359;3.148458;21.47732;99.00353;359.2531;168.2173;359.9859
C:\Mark's Python files\ME5920\HW3_Gardocki\DefinedTurns\IMG\robocam_2025_04_06_21_58_11_402.jpg;0;0;0;3.125122;21.35527;99.029;359.2258;168.2174;359.9934
C:\Mark's Python files\ME5920\HW3_Gardocki\DefinedTurns\IMG\robocam_2025_04_06_21_58_11_444.jpg;0;0;0;3.117064;21.23314;99.05409;359.2211;168.2275;0.02596907
C:\Mark's Python files\ME5920\HW3_Gardocki\DefinedTurns\IMG\robocam_2025_04_06_21_58_11_486.jpg;0;0;0;3.109885;21.05058;99.0921;359.2149;168.2319;0.05899045
C:\Mark's Python files\ME5920\HW3_Gardocki\DefinedTurns\IMG\robocam_2025_04_06_21_58_11_527.jpg;0;0;0.0865323;3.100497;20.9295;99.11736;359.2055;168.2327;0.07738987
C:\Mark's Python files\ME5920\HW3_Gardocki\DefinedTurns\IMG\robocam_2025_04_06_21_58_11_569.jpg;0;0;0.2154795;3.078272;20.80954;99.14285;359.1966;168.2214;0.06484289
C:\Mark's Python files\ME5920\HW3_Gardocki\DefinedTurns\IMG\robocam_2025_04_06_21_58_11_610.jpg;0;0;0;3.039673;20.69156;99.16757;359.1481;168.2174;0.06219594
C:\Mark's Python files\ME5920\HW3_Gardocki\DefinedTurns\IMG\robocam_2025_04_06_21_58_11_654.jpg;0;0;0;3.026766;20.57391;99.19215;359.1017;168.2159;0.06070291
C:\Mark's Python files\ME5920\HW3_Gardocki\DefinedTurns\IMG\robocam_2025_04_06_21_58_11_698.jpg;0;0;0.0447183;3.012995;20.45618;99.21716;359.0853;168.2039;0.03086777
C:\Mark's Python files\ME5920\HW3_Gardocki\DefinedTurns\IMG\robocam_2025_04_06_21_58_11_741.jpg;0;0;0.1724868;2.993681;20.33921;99.24168;359.0589;168.1993;0.01036963
C:\Mark's Python files\ME5920\HW3_Gardocki\DefinedTurns\IMG\robocam_2025_04_06_21_58_11_784.jpg;0;0;0.3007263;2.958103;20.22396;99.26575;359.0031;168.1975;359.9927
C:\Mark's Python files\ME5920\HW3_Gardocki\DefinedTurns\IMG\robocam_2025_04_06_21_58_11_827.jpg;0;0;0.4282224;2.904393;20.05558;99.30029;358.8623;168.2152;0.007714619
C:\Mark's Python files\ME5920\HW3_Gardocki\DefinedTurns\IMG\robocam_2025_04_06_21_58_11_866.jpg;0;0;0.5516868;2.842741;19.9472;99.32311;358.7444;168.2187;-0.001850892
C:\Mark's Python files\ME5920\HW3_Gardocki\DefinedTurns\IMG\robocam_2025_04_06_21_58_11_908.jpg;0;0;0.6738198;2.774722;19.84058;99.3456;358.6577;168.2025;359.9833
C:\Mark's Python files\ME5920\HW3_Gardocki\DefinedTurns\IMG\robocam_2025_04_06_21_58_11_949.jpg;0;0;0.7984738;2.644898;19.73937;99.36615;358.5491;168.2267;0.01471801
C:\Mark's Python files\ME5920\HW3_Gardocki\DefinedTurns\IMG\robocam_2025_04_06_21_58_11_991.jpg;0;0;0;2.578786;19.63878;99.38768;358.5419;168.2524;359.9909
C:\Mark's Python files\ME5920\HW3_Gardocki\DefinedTurns\IMG\robocam_2025_04_06_21_58_12_032.jpg;0;0;0;2.568553;19.53804;99.40864;358.6327;168.2558;359.9901
C:\Mark's Python files\ME5920\HW3_Gardocki\DefinedTurns\IMG\robocam_2025_04_06_21_58_12_072.jpg;0;0;0;2.497418;19.43789;99.42973;358.7821;168.2898;359.9823
C:\Mark's Python files\ME5920\HW3_Gardocki\DefinedTurns\IMG\robocam_2025_04_06_21_58_12_114.jpg;0;0;0.0813027;2.484264;19.33717;99.451;358.9976;168.2789;359.9549
C:\Mark's Python files\ME5920\HW3_Gardocki\DefinedTurns\IMG\robocam_2025_04_06_21_58_12_156.jpg;0;0;0.2334039;2.448678;19.23734;99.47129;359.2053;168.2889;359.9673
C:\Mark's Python files\ME5920\HW3_Gardocki\DefinedTurns\IMG\robocam_2025_04_06_21_58_12_205.jpg;0;0;0.3669333;2.407335;19.14012;99.49138;359.3493;168.2906;359.9683
C:\Mark's Python files\ME5920\HW3_Gardocki\DefinedTurns\IMG\robocam_2025_04_06_21_58_12_246.jpg;0;0;0.4906527;2.348226;19.0012;99.52016;359.4089;168.2911;359.9687
C:\Mark's Python files\ME5920\HW3_Gardocki\DefinedTurns\IMG\robocam_2025_04_06_21_58_12_290.jpg;0;0;0.6338067;2.27453;18.91447;99.53812;359.3208;168.2911;359.9691
C:\Mark's Python files\ME5920\HW3_Gardocki\DefinedTurns\IMG\robocam_2025_04_06_21_58_12_331.jpg;0;0;0.7594849;2.131714;18.83309;99.55456;359.1331;168.3012;359.9936
C:\Mark's Python files\ME5920\HW3_Gardocki\DefinedTurns\IMG\robocam_2025_04_06_21_58_12_371.jpg;0;0;0.879415;2.016671;18.75784;99.5703;358.8473;168.3023;-0.0008692641
C:\Mark's Python files\ME5920\HW3_Gardocki\DefinedTurns\IMG\robocam_2025_04_06_21_58_12_421.jpg;0;0;0;1.943582;18.68622;99.58537;358.5558;168.2879;-0.00492533
C:\Mark's Python files\ME5920\HW3_Gardocki\DefinedTurns\IMG\robocam_2025_04_06_21_58_12_461.jpg;0;0;0;1.935298;18.61259;99.60078;358.424;168.2739;359.9939
C:\Mark's Python files\ME5920\HW3_Gardocki\DefinedTurns\IMG\robocam_2025_04_06_21_58_12_502.jpg;0;0;0;1.926621;18.53617;99.61676;358.4746;168.2643;-0.005647633
C:\Mark's Python files\ME5920\HW3_Gardocki\DefinedTurns\IMG\robocam_2025_04_06_21_58_12_543.jpg;0;0;0;1.918386;18.45698;99.63332;358.7067;168.2546;-0.005537652
C:\Mark's Python files\ME5920\HW3_Gardocki\DefinedTurns\IMG\robocam_2025_04_06_21_58_12_589.jpg;0;0;0.1449306;1.886734;18.3375;99.65818;359.1939;168.2481;0.0004755189
C:\Mark's Python files\ME5920\HW3_Gardocki\DefinedTurns\IMG\robocam_2025_04_06_21_58_12_629.jpg;0;0;0.2645019;1.860788;18.26059;99.67418;359.4517;168.2477;0.00582503
C:\Mark's Python files\ME5920\HW3_Gardocki\DefinedTurns\IMG\robocam_2025_04_06_21_58_12_670.jpg;0;0;0;1.836825;18.18489;99.68994;359.6746;168.2476;0.01064434
C:\Mark's Python files\ME5920\HW3_Gardocki\DefinedTurns\IMG\robocam_2025_04_06_21_58_12_717.jpg;0;0;0;1.830923;18.10966;99.7056;359.8784;168.2476;0.01504542
C:\Mark's Python files\ME5920\HW3_Gardocki\DefinedTurns\IMG\robocam_2025_04_06_21_58_12_759.jpg;0;0;0;1.827019;18.03494;99.72115;0.06186682;168.2476;0.0190342
C:\Mark's Python files\ME5920\HW3_Gardocki\DefinedTurns\IMG\robocam_2025_04_06_21_58_12_799.jpg;0;0;0;1.823163;17.96074;99.7366;0.2240214;168.2476;0.0226039
C:\Mark's Python files\ME5920\HW3_Gardocki\DefinedTurns\IMG\robocam_2025_04_06_21_58_12_842.jpg;0;0;0;1.819349;17.88706;99.75193;0.3643928;168.2476;0.02574959
C:\Mark's Python files\ME5920\HW3_Gardocki\DefinedTurns\IMG\robocam_2025_04_06_21_58_12_882.jpg;0;0;0;1.815569;17.8139;99.76716;0.4827983;168.2476;0.02846954
C:\Mark's Python files\ME5920\HW3_Gardocki\DefinedTurns\IMG\robocam_2025_04_06_21_58_12_923.jpg;0;0;0;1.811903;17.74138;99.78236;0.5731573;168.245;0.02431071
C:\Mark's Python files\ME5920\HW3_Gardocki\DefinedTurns\IMG\robocam_2025_04_06_21_58_12_969.jpg;0;0;0;1.80818;17.63371;99.80506;0.6614501;168.2379;0.009616372
C:\Mark's Python files\ME5920\HW3_Gardocki\DefinedTurns\IMG\robocam_2025_04_06_21_58_13_011.jpg;0;0;0;1.804492;17.56256;99.82006;0.693691;168.2332;-0.0001564655
C:\Mark's Python files\ME5920\HW3_Gardocki\DefinedTurns\IMG\robocam_2025_04_06_21_58_13_051.jpg;0;0;0;1.800775;17.49186;99.8348;0.7060608;168.2326;-0.0007258427
C:\Mark's Python files\ME5920\HW3_Gardocki\DefinedTurns\IMG\robocam_2025_04_06_21_58_13_093.jpg;0;0;0;1.797059;17.4216;99.84946;0.7012131;168.2322;-0.0006963045
C:\Mark's Python files\ME5920\HW3_Gardocki\DefinedTurns\IMG\robocam_2025_04_06_21_58_13_133.jpg;0;0;0;1.79333;17.35175;99.86403;0.6812374;168.2317;-0.0006519555
C:\Mark's Python files\ME5920\HW3_Gardocki\DefinedTurns\IMG\robocam_2025_04_06_21_58_13_174.jpg;0;0;0.07610879;1.789576;17.2824;99.8785;0.6452907;168.231;-0.000576387
C:\Mark's Python files\ME5920\HW3_Gardocki\DefinedTurns\IMG\robocam_2025_04_06_21_58_13_216.jpg;0;0;0.2018394;1.774022;17.21436;99.8927;0.5780621;168.2305;-0.0003203682
C:\Mark's Python files\ME5920\HW3_Gardocki\DefinedTurns\IMG\robocam_2025_04_06_21_58_13_257.jpg;0;0;0.3278202;1.719848;17.14855;99.90642;0.4622642;168.2303;0.0006001957
C:\Mark's Python files\ME5920\HW3_Gardocki\DefinedTurns\IMG\robocam_2025_04_06_21_58_13_297.jpg;0;0;0.4473225;1.663656;17.08599;99.91946;0.2757147;168.2303;0.001958887
C:\Mark's Python files\ME5920\HW3_Gardocki\DefinedTurns\IMG\robocam_2025_04_06_21_58_13_338.jpg;0;0;0.6028709;1.590912;17.02761;99.93163;0.002051111;168.2303;0.003214519
C:\Mark's Python files\ME5920\HW3_Gardocki\DefinedTurns\IMG\robocam_2025_04_06_21_58_13_378.jpg;0;0;0.723141;1.501992;16.97426;99.94275;359.6289;168.2304;0.004365236
C:\Mark's Python files\ME5920\HW3_Gardocki\DefinedTurns\IMG\robocam_2025_04_06_21_58_13_419.jpg;0;0;0.8443241;1.401328;16.9259;99.95296;359.1922;168.2269;-0.002302189
C:\Mark's Python files\ME5920\HW3_Gardocki\DefinedTurns\IMG\robocam_2025_04_06_21_58_13_460.jpg;0;0;0.9671972;1.28787;16.88333;99.96181;358.6837;168.2323;0.002916621
C:\Mark's Python files\ME5920\HW3_Gardocki\DefinedTurns\IMG\robocam_2025_04_06_21_58_13_501.jpg;0;0;1;1.184486;16.84483;99.97003;358.176;168.2173;0.001388779
C:\Mark's Python files\ME5920\HW3_Gardocki\DefinedTurns\IMG\robocam_2025_04_06_21_58_13_543.jpg;0;0;1;1.109036;16.80761;99.97794;357.7686;168.2373;0.002344212
C:\Mark's Python files\ME5920\HW3_Gardocki\DefinedTurns\IMG\robocam_2025_04_06_21_58_13_583.jpg;0;0;1;1.033017;16.77152;99.98569;357.4626;168.2305;-0.001218676
C:\Mark's Python files\ME5920\HW3_Gardocki\DefinedTurns\IMG\robocam_2025_04_06_21_58_13_624.jpg;0;0;1;0.9515697;16.73736;99.993;357.2419;168.2837;0.002288416
C:\Mark's Python files\ME5920\HW3_Gardocki\DefinedTurns\IMG\robocam_2025_04_06_21_58_13_665.jpg;0;0;1;0.8636494;16.68952;100.0033;357.0906;168.4341;0.0008509217
C:\Mark's Python files\ME5920\HW3_Gardocki\DefinedTurns\IMG\robocam_2025_04_06_21_58_13_706.jpg;0;0;0;0.7511386;16.66103;100.0088;357.0659;168.5939;-0.0003473008
C:\Mark's Python files\ME5920\HW3_Gardocki\DefinedTurns\IMG\robocam_2025_04_06_21_58_13_748.jpg;0;0;0;0.7218932;16.63019;100.0145;357.221;168.7036;-0.003181593
C:\Mark's Python files\ME5920\HW3_Gardocki\DefinedTurns\IMG\robocam_2025_04_06_21_58_13_792.jpg;0;0;0;0.7114157;16.59649;100.0207;357.5648;168.8091;-0.003054786
C:\Mark's Python files\ME5920\HW3_Gardocki\DefinedTurns\IMG\robocam_2025_04_06_21_58_13_835.jpg;0;0;0;0.7014546;16.55996;100.0274;358.0957;168.9104;-0.003616235
C:\Mark's Python files\ME5920\HW3_Gardocki\DefinedTurns\IMG\robocam_2025_04_06_21_58_13_877.jpg;0;0;0;0.6926339;16.52145;100.0345;358.7842;168.9962;-0.004415004
C:\Mark's Python files\ME5920\HW3_Gardocki\DefinedTurns\IMG\robocam_2025_04_06_21_58_13_919.jpg;0;0;0;0.6605154;16.48378;100.0418;359.4682;169.0107;359.9936
C:\Mark's Python files\ME5920\HW3_Gardocki\DefinedTurns\IMG\robocam_2025_04_06_21_58_13_963.jpg;0;0;0;0.659473;16.44701;100.0489;0.1021386;169.0121;359.9906
C:\Mark's Python files\ME5920\HW3_Gardocki\DefinedTurns\IMG\robocam_2025_04_06_21_58_14_005.jpg;0;0;0;0.6591629;16.39468;100.0588;0.8865171;169.0161;0.0105993
C:\Mark's Python files\ME5920\HW3_Gardocki\DefinedTurns\IMG\robocam_2025_04_06_21_58_14_046.jpg;0;0;0;0.6609877;16.36191;100.0655;1.286834;169.0091;-0.001356028
C:\Mark's Python files\ME5920\HW3_Gardocki\DefinedTurns\IMG\robocam_2025_04_06_21_58_14_088.jpg;0;0;0;0.6630166;16.33165;100.0715;1.530896;169.0063;-0.003110607
C:\Mark's Python files\ME5920\HW3_Gardocki\DefinedTurns\IMG\robocam_2025_04_06_21_58_14_129.jpg;0;0;0;0.6684033;16.30474;100.0768;1.565557;168.9978;-0.003268505
C:\Mark's Python files\ME5920\HW3_Gardocki\DefinedTurns\IMG\robocam_2025_04_06_21_58_14_171.jpg;0;0;0.0836862;0.6795177;16.28149;100.0814;1.384846;168.9935;-0.003295835
C:\Mark's Python files\ME5920\HW3_Gardocki\DefinedTurns\IMG\robocam_2025_04_06_21_58_14_211.jpg;0;0;0.2411916;0.6054788;16.26349;100.085;0.9981044;168.7931;0.001975025
C:\Mark's Python files\ME5920\HW3_Gardocki\DefinedTurns\IMG\robocam_2025_04_06_21_58_14_253.jpg;0;0;0.3634971;0.4456742;16.25499;100.0868;0.4126799;168.7282;0.003755727
C:\Mark's Python files\ME5920\HW3_Gardocki\DefinedTurns\IMG\robocam_2025_04_06_21_58_14_294.jpg;0;0;0.4862802;0.3278288;16.25466;100.0868;359.6682;168.7285;0.006543245
C:\Mark's Python files\ME5920\HW3_Gardocki\DefinedTurns\IMG\robocam_2025_04_06_21_58_14_336.jpg;0;0;0;0.2951164;16.25442;100.0871;358.9883;168.7284;-0.004591136
C:\Mark's Python files\ME5920\HW3_Gardocki\DefinedTurns\IMG\robocam_2025_04_06_21_58_14_376.jpg;0;0;0;0.2479011;16.25416;100.0872;358.4067;168.7267;0.00560196
C:\Mark's Python files\ME5920\HW3_Gardocki\DefinedTurns\IMG\robocam_2025_04_06_21_58_14_419.jpg;0;0;0;0.193361;16.25403;100.0874;357.9432;168.7237;359.9924
C:\Mark's Python files\ME5920\HW3_Gardocki\DefinedTurns\IMG\robocam_2025_04_06_21_58_14_459.jpg;0;0;0;0.1374819;16.25386;100.0873;357.6039;168.7266;0.009960402
C:\Mark's Python files\ME5920\HW3_Gardocki\DefinedTurns\IMG\robocam_2025_04_06_21_58_14_499.jpg;0;0;0;0.0823115;16.25381;100.0876;357.3902;168.7237;359.9939
C:\Mark's Python files\ME5920\HW3_Gardocki\DefinedTurns\IMG\robocam_2025_04_06_21_58_14_541.jpg;0;0;0;0.02694259;16.25371;100.0876;357.3041;168.7244;359.9923
C:\Mark's Python files\ME5920\HW3_Gardocki\DefinedTurns\IMG\robocam_2025_04_06_21_58_14_584.jpg;0;0;0;-0.02963147;16.25366;100.0878;357.3452;168.7252;359.9931
C:\Mark's Python files\ME5920\HW3_Gardocki\DefinedTurns\IMG\robocam_2025_04_06_21_58_14_624.jpg;0;0;0;-0.08493824;16.25365;100.0882;357.5132;168.7253;359.9933
C:\Mark's Python files\ME5920\HW3_Gardocki\DefinedTurns\IMG\robocam_2025_04_06_21_58_14_673.jpg;0;0;0;-0.1399232;16.25367;100.0885;357.9837;168.7256;0.005145998
C:\Mark's Python files\ME5920\HW3_Gardocki\DefinedTurns\IMG\robocam_2025_04_06_21_58_14_715.jpg;0;0;0;-0.1943009;16.25364;100.0885;358.4756;168.7263;0.03014963
C:\Mark's Python files\ME5920\HW3_Gardocki\DefinedTurns\IMG\robocam_2025_04_06_21_58_14_758.jpg;0;0;0;-0.2491579;16.25388;100.0889;359.0408;168.7269;0.0330795
C:\Mark's Python files\ME5920\HW3_Gardocki\DefinedTurns\IMG\robocam_2025_04_06_21_58_14_798.jpg;0;0;0;-0.2396884;16.25411;100.0889;359.5821;168.7267;0.04804518
C:\Mark's Python files\ME5920\HW3_Gardocki\DefinedTurns\IMG\robocam_2025_04_06_21_58_14_839.jpg;0;0;0;-0.2285779;16.25432;100.0889;0.1004412;168.7263;0.06162441
C:\Mark's Python files\ME5920\HW3_Gardocki\DefinedTurns\IMG\robocam_2025_04_06_21_58_14_880.jpg;0;0;0;-0.2161002;16.2545;100.0889;0.592498;168.7256;0.07378574
C:\Mark's Python files\ME5920\HW3_Gardocki\DefinedTurns\IMG\robocam_2025_04_06_21_58_14_921.jpg;0;0;0;-0.182651;16.25486;100.0899;1.007994;168.7256;0.01385382
C:\Mark's Python files\ME5920\HW3_Gardocki\DefinedTurns\IMG\robocam_2025_04_06_21_58_14_962.jpg;0;0;0;-0.1537701;16.25495;100.0897;1.371617;168.726;359.9897
C:\Mark's Python files\ME5920\HW3_Gardocki\DefinedTurns\IMG\robocam_2025_04_06_21_58_15_003.jpg;0;0;0;-0.0935908;16.25499;100.0892;1.613634;168.7229;-0.0007970469
C:\Mark's Python files\ME5920\HW3_Gardocki\DefinedTurns\IMG\robocam_2025_04_06_21_58_15_043.jpg;0;0;0;-0.03443087;16.25507;100.0891;1.718975;168.7213;0.003153871
C:\Mark's Python files\ME5920\HW3_Gardocki\DefinedTurns\IMG\robocam_2025_04_06_21_58_15_085.jpg;-0.235809;0;0;0.02538442;16.2552;100.0892;1.687136;168.723;359.9889
C:\Mark's Python files\ME5920\HW3_Gardocki\DefinedTurns\IMG\robocam_2025_04_06_21_58_15_130.jpg;-2.37807;0;0;0.08588319;16.25531;100.0893;1.405026;168.4553;0.006336639
C:\Mark's Python files\ME5920\HW3_Gardocki\DefinedTurns\IMG\robocam_2025_04_06_21_58_15_172.jpg;-4.232371;0;0;0.1210395;16.25532;100.0896;1.120592;168.0281;0.002295916
C:\Mark's Python files\ME5920\HW3_Gardocki\DefinedTurns\IMG\robocam_2025_04_06_21_58_15_214.jpg;-6.156138;0;0;0.1193761;16.25524;100.0897;0.8505821;167.3904;0.0142197
C:\Mark's Python files\ME5920\HW3_Gardocki\DefinedTurns\IMG\robocam_2025_04_06_21_58_15_254.jpg;-8.02453;0;0;0.1168181;16.25515;100.0897;0.5862077;166.5295;0.02216379
C:\Mark's Python files\ME5920\HW3_Gardocki\DefinedTurns\IMG\robocam_2025_04_06_21_58_15_295.jpg;-9.979362;0;0;0.1132603;16.25506;100.0897;0.3295253;165.4419;0.02313844
C:\Mark's Python files\ME5920\HW3_Gardocki\DefinedTurns\IMG\robocam_2025_04_06_21_58_15_335.jpg;-11.83154;0;0;0.1088385;16.25497;100.0897;0.08276449;164.1594;0.01490579
C:\Mark's Python files\ME5920\HW3_Gardocki\DefinedTurns\IMG\robocam_2025_04_06_21_58_15_378.jpg;-13.69704;0;0;0.1036554;16.25488;100.0898;359.8481;162.6554;-0.003951932
C:\Mark's Python files\ME5920\HW3_Gardocki\DefinedTurns\IMG\robocam_2025_04_06_21_58_15_419.jpg;-15;0;0;0.09780197;16.25479;100.0898;359.6275;160.9287;359.9654
C:\Mark's Python files\ME5920\HW3_Gardocki\DefinedTurns\IMG\robocam_2025_04_06_21_58_15_459.jpg;-15;0;0;0.09135438;16.2547;100.0898;359.4229;159.1284;359.9237
C:\Mark's Python files\ME5920\HW3_Gardocki\DefinedTurns\IMG\robocam_2025_04_06_21_58_15_500.jpg;-15;0;0;0.07492969;16.25461;100.0898;359.2552;157.3286;359.8962
C:\Mark's Python files\ME5920\HW3_Gardocki\DefinedTurns\IMG\robocam_2025_04_06_21_58_15_541.jpg;-15;0;0;0.06361525;16.25453;100.0898;359.1118;155.5284;359.8704
C:\Mark's Python files\ME5920\HW3_Gardocki\DefinedTurns\IMG\robocam_2025_04_06_21_58_15_583.jpg;-15;0;0;0.05284499;16.25447;100.0899;358.9933;153.7283;359.8492
C:\Mark's Python files\ME5920\HW3_Gardocki\DefinedTurns\IMG\robocam_2025_04_06_21_58_15_623.jpg;-15;0;0;0.04031816;16.25441;100.0899;358.9064;151.9283;359.8424
C:\Mark's Python files\ME5920\HW3_Gardocki\DefinedTurns\IMG\robocam_2025_04_06_21_58_15_666.jpg;-15;0;0;0.03437449;16.25436;100.0899;358.8586;149.2292;359.8927
C:\Mark's Python files\ME5920\HW3_Gardocki\DefinedTurns\IMG\robocam_2025_04_06_21_58_15_706.jpg;-15;0;0;-0.0440429;16.25436;100.0899;358.8691;147.43;359.9598
C:\Mark's Python files\ME5920\HW3_Gardocki\DefinedTurns\IMG\robocam_2025_04_06_21_58_15_746.jpg;-15;0;0;-0.04647323;16.25438;100.09;358.8867;145.6308;0.02715873
C:\Mark's Python files\ME5920\HW3_Gardocki\DefinedTurns\IMG\robocam_2025_04_06_21_58_15_787.jpg;-15;0;0;-0.04157809;16.25441;100.09;358.9174;143.8312;0.07842984
C:\Mark's Python files\ME5920\HW3_Gardocki\DefinedTurns\IMG\robocam_2025_04_06_21_58_15_832.jpg;-15;0;0;-0.03938045;16.25444;100.09;358.9584;142.0314;0.1208078
C:\Mark's Python files\ME5920\HW3_Gardocki\DefinedTurns\IMG\robocam_2025_04_06_21_58_15_873.jpg;-15;0;0;-0.03855056;16.25447;100.0901;359.011;140.2315;0.1533095
C:\Mark's Python files\ME5920\HW3_Gardocki\DefinedTurns\IMG\robocam_2025_04_06_21_58_15_920.jpg;-15;0;0;-0.03910752;16.2545;100.0901;359.07;138.4316;0.1819992
C:\Mark's Python files\ME5920\HW3_Gardocki\DefinedTurns\IMG\robocam_2025_04_06_21_58_15_962.jpg;-15;0;0;-0.03971794;16.25454;100.0901;359.131;136.6317;0.2116602
C:\Mark's Python files\ME5920\HW3_Gardocki\DefinedTurns\IMG\robocam_2025_04_06_21_58_16_003.jpg;-15;0;0;-0.040193;16.25457;100.0901;359.1957;134.8318;0.2395506
C:\Mark's Python files\ME5920\HW3_Gardocki\DefinedTurns\IMG\robocam_2025_04_06_21_58_16_044.jpg;-15;0;0;-0.0404318;16.25461;100.0901;359.2613;133.0318;0.2679791
C:\Mark's Python files\ME5920\HW3_Gardocki\DefinedTurns\IMG\robocam_2025_04_06_21_58_16_085.jpg;-15;0;0;-0.04043637;16.25464;100.0901;359.3276;131.2318;0.2964608
C:\Mark's Python files\ME5920\HW3_Gardocki\DefinedTurns\IMG\robocam_2025_04_06_21_58_16_127.jpg;-15;0;0;-0.04021488;16.2547;100.0901;359.4272;128.5318;0.3388083
C:\Mark's Python files\ME5920\HW3_Gardocki\DefinedTurns\IMG\robocam_2025_04_06_21_58_16_166.jpg;-15;0;0;-0.03974032;16.25472;100.0901;359.4932;126.7316;0.3663264
C:\Mark's Python files\ME5920\HW3_Gardocki\DefinedTurns\IMG\robocam_2025_04_06_21_58_16_208.jpg;-15;0;0;-0.03915306;16.25476;100.09;359.5582;124.9315;0.3929649
C:\Mark's Python files\ME5920\HW3_Gardocki\DefinedTurns\IMG\robocam_2025_04_06_21_58_16_249.jpg;-15;0;0;-0.03834648;16.25478;100.09;359.6217;123.1313;0.4186251
C:\Mark's Python files\ME5920\HW3_Gardocki\DefinedTurns\IMG\robocam_2025_04_06_21_58_16_291.jpg;-15;0;0;-0.03736823;16.25481;100.09;359.6835;121.3311;0.4430562
C:\Mark's Python files\ME5920\HW3_Gardocki\DefinedTurns\IMG\robocam_2025_04_06_21_58_16_332.jpg;-15;0;0;-0.03624004;16.25484;100.09;359.7431;119.5309;0.4660135
C:\Mark's Python files\ME5920\HW3_Gardocki\DefinedTurns\IMG\robocam_2025_04_06_21_58_16_374.jpg;-15;0;0;-0.03498409;16.25487;100.09;359.8004;117.7307;0.4872617
C:\Mark's Python files\ME5920\HW3_Gardocki\DefinedTurns\IMG\robocam_2025_04_06_21_58_16_415.jpg;-15;0;0;-0.0329151;16.25489;100.09;359.8551;115.9305;0.5065769
C:\Mark's Python files\ME5920\HW3_Gardocki\DefinedTurns\IMG\robocam_2025_04_06_21_58_16_456.jpg;-15;0;0;-0.03145164;16.25492;100.09;359.907;114.1302;0.5237569
C:\Mark's Python files\ME5920\HW3_Gardocki\DefinedTurns\IMG\robocam_2025_04_06_21_58_16_498.jpg;-15;0;0;-0.02995296;16.25494;100.0899;359.9561;112.33;0.5386161
C:\Mark's Python files\ME5920\HW3_Gardocki\DefinedTurns\IMG\robocam_2025_04_06_21_58_16_539.jpg;-15;0;0;-0.02844771;16.25495;100.0899;0.002204204;110.5298;0.5509953
C:\Mark's Python files\ME5920\HW3_Gardocki\DefinedTurns\IMG\robocam_2025_04_06_21_58_16_580.jpg;-15;0;0;-0.02696603;16.25497;100.0899;0.04528657;108.7296;0.5607597
C:\Mark's Python files\ME5920\HW3_Gardocki\DefinedTurns\IMG\robocam_2025_04_06_21_58_16_621.jpg;-15;0;0;-0.02369234;16.25498;100.0899;0.08211259;106.9294;0.5643592
C:\Mark's Python files\ME5920\HW3_Gardocki\DefinedTurns\IMG\robocam_2025_04_06_21_58_16_661.jpg;-15;0;0;-0.02163898;16.25499;100.0899;0.1138483;105.1292;0.5623968
C:\Mark's Python files\ME5920\HW3_Gardocki\DefinedTurns\IMG\robocam_2025_04_06_21_58_16_703.jpg;-15;0;0;-0.02029796;16.255;100.0898;0.1414031;103.329;0.5555447
C:\Mark's Python files\ME5920\HW3_Gardocki\DefinedTurns\IMG\robocam_2025_04_06_21_58_16_746.jpg;-15;0;0;-0.01948603;16.25499;100.0898;0.176642;100.6287;0.5375717
C:\Mark's Python files\ME5920\HW3_Gardocki\DefinedTurns\IMG\robocam_2025_04_06_21_58_16_786.jpg;-15;0;0;-0.01930074;16.25499;100.0898;0.1966594;98.82858;0.5210481
C:\Mark's Python files\ME5920\HW3_Gardocki\DefinedTurns\IMG\robocam_2025_04_06_21_58_16_828.jpg;-15;0;0;-0.01905529;16.25498;100.0898;0.2149907;97.02847;0.5020124
C:\Mark's Python files\ME5920\HW3_Gardocki\DefinedTurns\IMG\robocam_2025_04_06_21_58_16_870.jpg;-15;0;0;-0.01904648;16.25497;100.0898;0.2306946;95.22836;0.4795969
C:\Mark's Python files\ME5920\HW3_Gardocki\DefinedTurns\IMG\robocam_2025_04_06_21_58_16_912.jpg;-15;0;0;-0.01925183;16.25496;100.0898;0.2450358;93.42831;0.455282
C:\Mark's Python files\ME5920\HW3_Gardocki\DefinedTurns\IMG\robocam_2025_04_06_21_58_16_951.jpg;-15;0;0;-0.01936914;16.25495;100.0898;0.2581466;91.6283;0.4292667
C:\Mark's Python files\ME5920\HW3_Gardocki\DefinedTurns\IMG\robocam_2025_04_06_21_58_16_996.jpg;-15;0;0;-0.01948435;16.25494;100.0897;0.2700882;89.82829;0.4018379
C:\Mark's Python files\ME5920\HW3_Gardocki\DefinedTurns\IMG\robocam_2025_04_06_21_58_17_037.jpg;-15;0;0;-0.01952825;16.25492;100.0897;0.2809474;88.02831;0.3732664
C:\Mark's Python files\ME5920\HW3_Gardocki\DefinedTurns\IMG\robocam_2025_04_06_21_58_17_077.jpg;-15;0;0;-0.01951423;16.25491;100.0897;0.2908643;86.22836;0.3439256
C:\Mark's Python files\ME5920\HW3_Gardocki\DefinedTurns\IMG\robocam_2025_04_06_21_58_17_118.jpg;-15;0;0;-0.0194389;16.25489;100.0897;0.29985;84.42842;0.3140491
C:\Mark's Python files\ME5920\HW3_Gardocki\DefinedTurns\IMG\robocam_2025_04_06_21_58_17_167.jpg;-15;0;0;-0.01930015;16.25487;100.0897;0.3115895;81.72853;0.2687206
C:\Mark's Python files\ME5920\HW3_Gardocki\DefinedTurns\IMG\robocam_2025_04_06_21_58_17_209.jpg;-15;0;0;-0.01909827;16.25486;100.0897;0.3182514;79.92861;0.2384675
C:\Mark's Python files\ME5920\HW3_Gardocki\DefinedTurns\IMG\robocam_2025_04_06_21_58_17_251.jpg;-15;0;0;-0.01883442;16.25484;100.0897;0.3239712;78.12872;0.2084181
C:\Mark's Python files\ME5920\HW3_Gardocki\DefinedTurns\IMG\robocam_2025_04_06_21_58_17_291.jpg;-15;0;0;-0.01851288;16.25483;100.0897;0.3287353;76.32882;0.1787543
C:\Mark's Python files\ME5920\HW3_Gardocki\DefinedTurns\IMG\robocam_2025_04_06_21_58_17_333.jpg;-15;0;0;-0.01813795;16.25481;100.0897;0.3325292;74.52893;0.1496431
C:\Mark's Python files\ME5920\HW3_Gardocki\DefinedTurns\IMG\robocam_2025_04_06_21_58_17_374.jpg;-15;0;0;-0.01749008;16.2548;100.0897;0.3353334;72.72903;0.1212354
C:\Mark's Python files\ME5920\HW3_Gardocki\DefinedTurns\IMG\robocam_2025_04_06_21_58_17_422.jpg;-15;0;0;-0.01701129;16.25478;100.0897;0.3371303;70.92915;0.09366684
C:\Mark's Python files\ME5920\HW3_Gardocki\DefinedTurns\IMG\robocam_2025_04_06_21_58_17_465.jpg;-15;0;0;-0.01650484;16.25476;100.0897;0.3378973;68.22931;0.0541423
C:\Mark's Python files\ME5920\HW3_Gardocki\DefinedTurns\IMG\robocam_2025_04_06_21_58_17_508.jpg;-15;0;0;-0.01597907;16.25475;100.0897;0.3371038;66.42941;0.02915609
C:\Mark's Python files\ME5920\HW3_Gardocki\DefinedTurns\IMG\robocam_2025_04_06_21_58_17_548.jpg;-15;0;0;0.01544307;16.25474;100.0897;0.3352524;64.62951;0.00535574
C:\Mark's Python files\ME5920\HW3_Gardocki\DefinedTurns\IMG\robocam_2025_04_06_21_58_17_588.jpg;-15;0;0;0.01490621;16.25473;100.0897;0.3323351;62.82959;359.9828
C:\Mark's Python files\ME5920\HW3_Gardocki\DefinedTurns\IMG\robocam_2025_04_06_21_58_17_632.jpg;-15;0;0;0.01437711;16.25472;100.0898;0.3283525;61.02967;359.9615
C:\Mark's Python files\ME5920\HW3_Gardocki\DefinedTurns\IMG\robocam_2025_04_06_21_58_17_675.jpg;-15;0;0;0.01386508;16.25471;100.0898;0.323307;59.22971;359.9416
C:\Mark's Python files\ME5920\HW3_Gardocki\DefinedTurns\IMG\robocam_2025_04_06_21_58_17_717.jpg;-15;0;0;0.01337743;16.25471;100.0898;0.3172089;57.42977;359.9231
C:\Mark's Python files\ME5920\HW3_Gardocki\DefinedTurns\IMG\robocam_2025_04_06_21_58_17_759.jpg;-15;0;0;0.01270873;16.2547;100.0898;0.3100747;55.62984;359.9059
C:\Mark's Python files\ME5920\HW3_Gardocki\DefinedTurns\IMG\robocam_2025_04_06_21_58_17_803.jpg;-15;0;0;0.01231271;16.25469;100.0898;0.3019264;53.82987;359.89
C:\Mark's Python files\ME5920\HW3_Gardocki\DefinedTurns\IMG\robocam_2025_04_06_21_58_17_844.jpg;-15;0;0;0.01196124;16.25469;100.0898;0.2927955;52.0299;359.8756
C:\Mark's Python files\ME5920\HW3_Gardocki\DefinedTurns\IMG\robocam_2025_04_06_21_58_17_887.jpg;-15;0;0;0.01165612;16.25469;100.0898;0.2773378;49.32992;359.8564
C:\Mark's Python files\ME5920\HW3_Gardocki\DefinedTurns\IMG\robocam_2025_04_06_21_58_17_930.jpg;-15;0;0;0.01139771;16.25468;100.0898;0.2659267;47.5299;359.8452
C:\Mark's Python files\ME5920\HW3_Gardocki\DefinedTurns\IMG\robocam_2025_04_06_21_58_17_971.jpg;-15;0;0;0.01118448;16.25468;100.0898;0.2536909;45.7299;359.8353
C:\Mark's Python files\ME5920\HW3_Gardocki\DefinedTurns\IMG\robocam_2025_04_06_21_58_18_013.jpg;-15;0;0;0.01101266;16.25468;100.0898;0.2406911;43.92989;359.8265
C:\Mark's Python files\ME5920\HW3_Gardocki\DefinedTurns\IMG\robocam_2025_04_06_21_58_18_057.jpg;-15;0;0;0.01082232;16.25468;100.0898;0.2269912;42.12986;359.819
C:\Mark's Python files\ME5920\HW3_Gardocki\DefinedTurns\IMG\robocam_2025_04_06_21_58_18_099.jpg;-15;0;0;0.01073085;16.25468;100.0899;0.212661;40.32983;359.8126
C:\Mark's Python files\ME5920\HW3_Gardocki\DefinedTurns\IMG\robocam_2025_04_06_21_58_18_141.jpg;-15;0;0;0.01065991;16.25469;100.0899;0.197776;38.52977;359.8073
C:\Mark's Python files\ME5920\HW3_Gardocki\DefinedTurns\IMG\robocam_2025_04_06_21_58_18_184.jpg;-15;0;0;0.01060399;16.25469;100.0899;0.1824126;36.72974;359.8029
C:\Mark's Python files\ME5920\HW3_Gardocki\DefinedTurns\IMG\robocam_2025_04_06_21_58_18_229.jpg;-15;0;0;0.01055444;16.2547;100.0899;0.1586504;34.02972;359.7983
C:\Mark's Python files\ME5920\HW3_Gardocki\DefinedTurns\IMG\robocam_2025_04_06_21_58_18_271.jpg;-15;0;0;0.01050624;16.2547;100.0899;0.1424528;32.22969;359.7963
C:\Mark's Python files\ME5920\HW3_Gardocki\DefinedTurns\IMG\robocam_2025_04_06_21_58_18_316.jpg;-15;0;0;0.01045435;16.25471;100.0899;0.1260691;30.42962;359.7951
C:\Mark's Python files\ME5920\HW3_Gardocki\DefinedTurns\IMG\robocam_2025_04_06_21_58_18_358.jpg;-15;0;0;0.0103591;16.25471;100.0899;0.1095852;28.62957;359.7948
C:\Mark's Python files\ME5920\HW3_Gardocki\DefinedTurns\IMG\robocam_2025_04_06_21_58_18_401.jpg;-15;0;0;0.01027897;16.25472;100.0899;0.09308594;26.82951;359.7951
C:\Mark's Python files\ME5920\HW3_Gardocki\DefinedTurns\IMG\robocam_2025_04_06_21_58_18_443.jpg;-15;0;0;0.01018263;16.25473;100.0899;0.07665433;25.02953;359.7962
C:\Mark's Python files\ME5920\HW3_Gardocki\DefinedTurns\IMG\robocam_2025_04_06_21_58_18_486.jpg;-15;0;0;0.0100688;16.25474;100.0899;0.05231385;22.32947;359.799
C:\Mark's Python files\ME5920\HW3_Gardocki\DefinedTurns\IMG\robocam_2025_04_06_21_58_18_530.jpg;-15;0;0;0;16.25474;100.0899;0.03640382;20.5294;359.8016
C:\Mark's Python files\ME5920\HW3_Gardocki\DefinedTurns\IMG\robocam_2025_04_06_21_58_18_573.jpg;-15;0;0;0;16.25475;100.0899;0.02083665;18.72936;359.8048
C:\Mark's Python files\ME5920\HW3_Gardocki\DefinedTurns\IMG\robocam_2025_04_06_21_58_18_616.jpg;-15;0;0;0;16.25476;100.09;0.005679029;16.92934;359.8085
C:\Mark's Python files\ME5920\HW3_Gardocki\DefinedTurns\IMG\robocam_2025_04_06_21_58_18_658.jpg;-15;0;0;0;16.25477;100.0899;359.991;15.12936;359.8126
C:\Mark's Python files\ME5920\HW3_Gardocki\DefinedTurns\IMG\robocam_2025_04_06_21_58_18_701.jpg;-15;0;0;0;16.25478;100.0899;359.9769;13.32935;359.8172
C:\Mark's Python files\ME5920\HW3_Gardocki\DefinedTurns\IMG\robocam_2025_04_06_21_58_18_745.jpg;-15;0;0;0;16.25479;100.09;359.9568;10.62929;359.8249
C:\Mark's Python files\ME5920\HW3_Gardocki\DefinedTurns\IMG\robocam_2025_04_06_21_58_18_788.jpg;-13.04826;0;0;0;16.25479;100.09;359.9437;9.022987;359.8306
C:\Mark's Python files\ME5920\HW3_Gardocki\DefinedTurns\IMG\robocam_2025_04_06_21_58_18_831.jpg;-11.06615;0;0;0;16.2548;100.0899;359.9307;7.654869;359.837
C:\Mark's Python files\ME5920\HW3_Gardocki\DefinedTurns\IMG\robocam_2025_04_06_21_58_18_871.jpg;-9.261002;0;0;0;16.2548;100.09;359.918;6.501701;359.8442
C:\Mark's Python files\ME5920\HW3_Gardocki\DefinedTurns\IMG\robocam_2025_04_06_21_58_18_918.jpg;-7.373743;0;0;0;16.25481;100.0899;359.9059;5.542122;359.8522
C:\Mark's Python files\ME5920\HW3_Gardocki\DefinedTurns\IMG\robocam_2025_04_06_21_58_18_959.jpg;-5.292129;0;0;0;16.25482;100.0899;359.8944;4.793808;359.861
C:\Mark's Python files\ME5920\HW3_Gardocki\DefinedTurns\IMG\robocam_2025_04_06_21_58_19_002.jpg;-3.383071;0;0;0;16.25482;100.0899;359.8837;4.273041;359.8708
C:\Mark's Python files\ME5920\HW3_Gardocki\DefinedTurns\IMG\robocam_2025_04_06_21_58_19_044.jpg;-1.489642;0;0;0;16.25483;100.0899;359.8738;3.979156;359.8814
C:\Mark's Python files\ME5920\HW3_Gardocki\DefinedTurns\IMG\robocam_2025_04_06_21_58_19_088.jpg;0;0;0;0;16.25483;100.0899;359.8612;3.906281;359.899
C:\Mark's Python files\ME5920\HW3_Gardocki\DefinedTurns\IMG\robocam_2025_04_06_21_58_19_130.jpg;-0.6747119;0;0;0;16.25484;100.0899;359.8547;3.892578;359.911
C:\Mark's Python files\ME5920\HW3_Gardocki\DefinedTurns\IMG\robocam_2025_04_06_21_58_19_174.jpg;-2.528096;0;0;0;16.25484;100.0899;359.85;3.686638;359.9227
C:\Mark's Python files\ME5920\HW3_Gardocki\DefinedTurns\IMG\robocam_2025_04_06_21_58_19_216.jpg;-4.452418;0;0;0;16.25484;100.0899;359.847;3.254662;359.9338
C:\Mark's Python files\ME5920\HW3_Gardocki\DefinedTurns\IMG\robocam_2025_04_06_21_58_19_260.jpg;-6.358244;0;0;0;16.25484;100.0899;359.8455;2.620285;359.9443
C:\Mark's Python files\ME5920\HW3_Gardocki\DefinedTurns\IMG\robocam_2025_04_06_21_58_19_303.jpg;-8.271486;0;0;0;16.25484;100.0899;359.8453;1.765877;359.9542
C:\Mark's Python files\ME5920\HW3_Gardocki\DefinedTurns\IMG\robocam_2025_04_06_21_58_19_345.jpg;-10.08053;0;0;0;16.25484;100.0899;359.8463;0.6838455;359.9632
C:\Mark's Python files\ME5920\HW3_Gardocki\DefinedTurns\IMG\robocam_2025_04_06_21_58_19_388.jpg;-12.00681;0;0;0;16.25484;100.0899;359.8497;358.6701;359.9755
C:\Mark's Python files\ME5920\HW3_Gardocki\DefinedTurns\IMG\robocam_2025_04_06_21_58_19_428.jpg;-13.88004;0;0;0;16.25484;100.0899;359.8529;357.0609;359.9829
C:\Mark's Python files\ME5920\HW3_Gardocki\DefinedTurns\IMG\robocam_2025_04_06_21_58_19_469.jpg;-15;0;0;0;16.25484;100.0899;359.8568;355.2745;359.9897
C:\Mark's Python files\ME5920\HW3_Gardocki\DefinedTurns\IMG\robocam_2025_04_06_21_58_19_510.jpg;-15;0;0;0;16.25484;100.0899;359.8611;353.4745;-0.003537021
C:\Mark's Python files\ME5920\HW3_Gardocki\DefinedTurns\IMG\robocam_2025_04_06_21_58_19_553.jpg;-14.63172;0;0;0;16.25484;100.0899;359.8659;351.6746;0.003092803
C:\Mark's Python files\ME5920\HW3_Gardocki\DefinedTurns\IMG\robocam_2025_04_06_21_58_19_594.jpg;-12.75608;0;0;0;16.25483;100.0899;359.8711;350.0455;0.009967939
C:\Mark's Python files\ME5920\HW3_Gardocki\DefinedTurns\IMG\robocam_2025_04_06_21_58_19_637.jpg;-10.89465;0;0;0;16.25483;100.0899;359.8768;348.6446;0.01711271
C:\Mark's Python files\ME5920\HW3_Gardocki\DefinedTurns\IMG\robocam_2025_04_06_21_58_19_677.jpg;-9.021842;0;0;0;16.25483;100.0899;359.8829;347.4702;0.02440073
C:\Mark's Python files\ME5920\HW3_Gardocki\DefinedTurns\IMG\robocam_2025_04_06_21_58_19_720.jpg;-7.11628;0;0;0;16.25482;100.0899;359.8896;346.4993;0.03166129
C:\Mark's Python files\ME5920\HW3_Gardocki\DefinedTurns\IMG\robocam_2025_04_06_21_58_19_763.jpg;-5.277071;0.0597072;0;0;16.25484;100.0899;359.8977;346.0919;0.03932054
C:\Mark's Python files\ME5920\HW3_Gardocki\DefinedTurns\IMG\robocam_2025_04_06_21_58_19_805.jpg;-3.370016;0.1868442;0;0;16.25507;100.0897;359.9117;346.0756;0.04601879
C:\Mark's Python files\ME5920\HW3_Gardocki\DefinedTurns\IMG\robocam_2025_04_06_21_58_19_845.jpg;-1.534349;0.309222;0;0;16.25603;100.0895;359.9455;346.0878;0.05549484
C:\Mark's Python files\ME5920\HW3_Gardocki\DefinedTurns\IMG\robocam_2025_04_06_21_58_19_887.jpg;0;0.4352268;0;0.02576257;16.25798;100.089;-0.003180033;346.007;0.06072958
C:\Mark's Python files\ME5920\HW3_Gardocki\DefinedTurns\IMG\robocam_2025_04_06_21_58_19_928.jpg;0;0.5653231;0;0.03482373;16.26005;100.0885;0.04817506;345.9348;0.06527758
C:\Mark's Python files\ME5920\HW3_Gardocki\DefinedTurns\IMG\robocam_2025_04_06_21_58_19_968.jpg;0;0.6912496;0;0.04116377;16.26357;100.0876;0.1293528;345.9785;0.06880722
C:\Mark's Python files\ME5920\HW3_Gardocki\DefinedTurns\IMG\robocam_2025_04_06_21_58_20_011.jpg;0;0.8163673;0;0.1001679;16.26883;100.0863;0.2452906;346.0927;0.07105281
C:\Mark's Python files\ME5920\HW3_Gardocki\DefinedTurns\IMG\robocam_2025_04_06_21_58_20_063.jpg;0;0.9491992;0;0.1257466;16.27531;100.0845;0.376569;346.2095;0.06427588
C:\Mark's Python files\ME5920\HW3_Gardocki\DefinedTurns\IMG\robocam_2025_04_06_21_58_20_103.jpg;0;1;0;0.1604737;16.28336;100.0824;0.5251993;346.1942;0.04774338
C:\Mark's Python files\ME5920\HW3_Gardocki\DefinedTurns\IMG\robocam_2025_04_06_21_58_20_146.jpg;0;1;0;0.1748877;16.29801;100.0786;0.7685881;346.2451;0.009158266
C:\Mark's Python files\ME5920\HW3_Gardocki\DefinedTurns\IMG\robocam_2025_04_06_21_58_20_188.jpg;0;1;0;0.218534;16.31;100.0757;0.9493975;346.3319;359.9866
C:\Mark's Python files\ME5920\HW3_Gardocki\DefinedTurns\IMG\robocam_2025_04_06_21_58_20_228.jpg;0;1;0;0.2618333;16.32363;100.0727;1.138093;346.4156;359.9835
C:\Mark's Python files\ME5920\HW3_Gardocki\DefinedTurns\IMG\robocam_2025_04_06_21_58_20_271.jpg;0;1;0;0.2931121;16.33798;100.0696;1.297766;346.4095;0.004669845
C:\Mark's Python files\ME5920\HW3_Gardocki\DefinedTurns\IMG\robocam_2025_04_06_21_58_20_314.jpg;0;1;0;0.3226706;16.35089;100.0661;1.329046;346.4601;-0.004421976
C:\Mark's Python files\ME5920\HW3_Gardocki\DefinedTurns\IMG\robocam_2025_04_06_21_58_20_356.jpg;0;1;0;0.3920266;16.36348;100.0629;1.236945;346.42;-0.0007372453
C:\Mark's Python files\ME5920\HW3_Gardocki\DefinedTurns\IMG\robocam_2025_04_06_21_58_20_399.jpg;0;1;0;0.4232583;16.3782;100.0592;1.158057;346.4149;-0.001841753
C:\Mark's Python files\ME5920\HW3_Gardocki\DefinedTurns\IMG\robocam_2025_04_06_21_58_20_440.jpg;0;1;0;0.4536437;16.39488;100.0552;1.113644;346.4657;-0.0004737204
C:\Mark's Python files\ME5920\HW3_Gardocki\DefinedTurns\IMG\robocam_2025_04_06_21_58_20_482.jpg;0;1;0;0.4732219;16.41274;100.0509;1.086187;346.5959;-0.001451516
C:\Mark's Python files\ME5920\HW3_Gardocki\DefinedTurns\IMG\robocam_2025_04_06_21_58_20_522.jpg;0;1;0;0.5174482;16.43255;100.0461;1.091258;346.6178;-0.000451995
C:\Mark's Python files\ME5920\HW3_Gardocki\DefinedTurns\IMG\robocam_2025_04_06_21_58_20_564.jpg;0;1;0;0.5374396;16.45357;100.041;1.110251;346.6331;-0.0007687006
C:\Mark's Python files\ME5920\HW3_Gardocki\DefinedTurns\IMG\robocam_2025_04_06_21_58_20_606.jpg;0;1;0;0.576053;16.48845;100.0326;1.179402;346.6409;-0.0001576613
C:\Mark's Python files\ME5920\HW3_Gardocki\DefinedTurns\IMG\robocam_2025_04_06_21_58_20_646.jpg;0;1;0;0.6056544;16.51307;100.0266;1.219189;346.638;-0.001264298
C:\Mark's Python files\ME5920\HW3_Gardocki\DefinedTurns\IMG\robocam_2025_04_06_21_58_20_688.jpg;0;1;0;0.6367565;16.53827;100.0205;1.231508;346.7146;-0.002554707
C:\Mark's Python files\ME5920\HW3_Gardocki\DefinedTurns\IMG\robocam_2025_04_06_21_58_20_731.jpg;0;1;0;0.690712;16.56494;100.0141;1.236009;346.7502;-0.001538591
C:\Mark's Python files\ME5920\HW3_Gardocki\DefinedTurns\IMG\robocam_2025_04_06_21_58_20_774.jpg;0;1;0;0.7254626;16.59263;100.0075;1.227281;346.779;-0.001742311
C:\Mark's Python files\ME5920\HW3_Gardocki\DefinedTurns\IMG\robocam_2025_04_06_21_58_20_815.jpg;0;1;0;0.7575765;16.62158;100.0006;1.21249;346.8218;-0.001993954
C:\Mark's Python files\ME5920\HW3_Gardocki\DefinedTurns\IMG\robocam_2025_04_06_21_58_20_858.jpg;0;1;0;0.7921013;16.65196;99.99329;1.198938;346.8382;-0.001243527
C:\Mark's Python files\ME5920\HW3_Gardocki\DefinedTurns\IMG\robocam_2025_04_06_21_58_20_900.jpg;0;1;0;0.8392067;16.68392;99.98567;1.199614;346.815;-0.0002620592
C:\Mark's Python files\ME5920\HW3_Gardocki\DefinedTurns\IMG\robocam_2025_04_06_21_58_20_941.jpg;0;1;0;0.8537298;16.71666;99.97787;1.194322;346.8223;-0.001191753
C:\Mark's Python files\ME5920\HW3_Gardocki\DefinedTurns\IMG\robocam_2025_04_06_21_58_20_984.jpg;0;1;0;0.9003733;16.75153;99.96959;1.209664;346.8444;-0.001155787
C:\Mark's Python files\ME5920\HW3_Gardocki\DefinedTurns\IMG\robocam_2025_04_06_21_58_21_026.jpg;0;1;0;0.9316757;16.80618;99.95659;1.227687;346.8362;-0.0007759915
C:\Mark's Python files\ME5920\HW3_Gardocki\DefinedTurns\IMG\robocam_2025_04_06_21_58_21_075.jpg;0;1;0;0.9799513;16.84411;99.94757;1.232877;346.8319;-0.0007040459
C:\Mark's Python files\ME5920\HW3_Gardocki\DefinedTurns\IMG\robocam_2025_04_06_21_58_21_116.jpg;0;1;0;1.012196;16.88317;99.93828;1.230673;346.8274;-0.0006800274
C:\Mark's Python files\ME5920\HW3_Gardocki\DefinedTurns\IMG\robocam_2025_04_06_21_58_21_157.jpg;0;1;0;1.044255;16.92337;99.92871;1.22266;346.8227;-0.0006679631
C:\Mark's Python files\ME5920\HW3_Gardocki\DefinedTurns\IMG\robocam_2025_04_06_21_58_21_199.jpg;0;1;0;1.067155;16.96459;99.91891;1.211538;346.8118;-5.913705E-05
C:\Mark's Python files\ME5920\HW3_Gardocki\DefinedTurns\IMG\robocam_2025_04_06_21_58_21_240.jpg;0;1;0;1.105901;17.00757;99.90866;1.222408;346.8054;-0.0007523992
C:\Mark's Python files\ME5920\HW3_Gardocki\DefinedTurns\IMG\robocam_2025_04_06_21_58_21_284.jpg;0;1;0;1.137565;17.05167;99.89816;1.22782;346.8012;-0.0008312862
C:\Mark's Python files\ME5920\HW3_Gardocki\DefinedTurns\IMG\robocam_2025_04_06_21_58_21_327.jpg;0;1;0;1.16558;17.11977;99.88191;1.224532;346.7682;-0.0005002656
C:\Mark's Python files\ME5920\HW3_Gardocki\DefinedTurns\IMG\robocam_2025_04_06_21_58_21_368.jpg;0;1;0;1.198162;17.16669;99.8707;1.223995;346.7407;-0.000695931
C:\Mark's Python files\ME5920\HW3_Gardocki\DefinedTurns\IMG\robocam_2025_04_06_21_58_21_410.jpg;0;1;0;1.22953;17.21491;99.85917;1.22883;346.7205;-0.0007733766
C:\Mark's Python files\ME5920\HW3_Gardocki\DefinedTurns\IMG\robocam_2025_04_06_21_58_21_454.jpg;0;1;0;1.25894;17.26435;99.84732;1.233016;346.7012;-0.0006618279
C:\Mark's Python files\ME5920\HW3_Gardocki\DefinedTurns\IMG\robocam_2025_04_06_21_58_21_496.jpg;0;1;0;1.307275;17.31496;99.83517;1.235324;346.6883;-0.0008700374
C:\Mark's Python files\ME5920\HW3_Gardocki\DefinedTurns\IMG\robocam_2025_04_06_21_58_21_538.jpg;0;1;0;1.341114;17.36681;99.82271;1.237213;346.6727;-0.0007402876
C:\Mark's Python files\ME5920\HW3_Gardocki\DefinedTurns\IMG\robocam_2025_04_06_21_58_21_579.jpg;0;1;0;1.370557;17.41984;99.80994;1.237316;346.6623;-0.0009019019
C:\Mark's Python files\ME5920\HW3_Gardocki\DefinedTurns\IMG\robocam_2025_04_06_21_58_21_621.jpg;0;1;0;1.402493;17.47418;99.79684;1.240812;346.6466;-0.000885731
C:\Mark's Python files\ME5920\HW3_Gardocki\DefinedTurns\IMG\robocam_2025_04_06_21_58_21_664.jpg;0;1;0;1.433888;17.52976;99.78342;1.245703;346.6346;-0.0009186642
C:\Mark's Python files\ME5920\HW3_Gardocki\DefinedTurns\IMG\robocam_2025_04_06_21_58_21_706.jpg;0;1;0;1.466381;17.61534;99.76275;1.2493;346.6211;-0.0009423632
C:\Mark's Python files\ME5920\HW3_Gardocki\DefinedTurns\IMG\robocam_2025_04_06_21_58_21_748.jpg;0;1;0;1.496553;17.67389;99.74858;1.250726;346.6122;-0.0009301945
C:\Mark's Python files\ME5920\HW3_Gardocki\DefinedTurns\IMG\robocam_2025_04_06_21_58_21_790.jpg;0;1;0;1.527877;17.73368;99.73412;1.253309;346.6038;-0.0009427915
C:\Mark's Python files\ME5920\HW3_Gardocki\DefinedTurns\IMG\robocam_2025_04_06_21_58_21_833.jpg;0;1;0;1.558902;17.79469;99.71934;1.25661;346.5961;-0.0009631814
C:\Mark's Python files\ME5920\HW3_Gardocki\DefinedTurns\IMG\robocam_2025_04_06_21_58_21_875.jpg;0;1;0;1.589848;17.8569;99.70425;1.260234;346.5886;-0.0009794619
C:\Mark's Python files\ME5920\HW3_Gardocki\DefinedTurns\IMG\robocam_2025_04_06_21_58_21_918.jpg;0;1;0;1.63622;17.92023;99.68889;1.260005;346.5834;-0.001002786
C:\Mark's Python files\ME5920\HW3_Gardocki\DefinedTurns\IMG\robocam_2025_04_06_21_58_21_960.jpg;0;1;0;1.667682;17.98486;99.67319;1.264569;346.5737;-0.0009976641
C:\Mark's Python files\ME5920\HW3_Gardocki\DefinedTurns\IMG\robocam_2025_04_06_21_58_22_004.jpg;0;1;0;1.698412;18.05066;99.65722;1.268129;346.5666;-0.001021737
C:\Mark's Python files\ME5920\HW3_Gardocki\DefinedTurns\IMG\robocam_2025_04_06_21_58_22_047.jpg;0;1;0;1.72906;18.15153;99.6327;1.271096;346.557;-0.001044529
C:\Mark's Python files\ME5920\HW3_Gardocki\DefinedTurns\IMG\robocam_2025_04_06_21_58_22_088.jpg;0;1;0;1.75964;18.22027;99.61597;1.272795;346.5497;-0.001056699
C:\Mark's Python files\ME5920\HW3_Gardocki\DefinedTurns\IMG\robocam_2025_04_06_21_58_22_130.jpg;0;1;0;1.790146;18.29025;99.59895;1.277458;346.5407;-0.001047627
C:\Mark's Python files\ME5920\HW3_Gardocki\DefinedTurns\IMG\robocam_2025_04_06_21_58_22_171.jpg;0;1;0;1.819746;18.36136;99.58163;1.280102;346.5339;-0.001060491
C:\Mark's Python files\ME5920\HW3_Gardocki\DefinedTurns\IMG\robocam_2025_04_06_21_58_22_210.jpg;0;1;0;1.850709;18.43367;99.564;1.284153;346.5275;-0.001098762
C:\Mark's Python files\ME5920\HW3_Gardocki\DefinedTurns\IMG\robocam_2025_04_06_21_58_22_253.jpg;0;1;0;1.881054;18.50712;99.5461;1.286044;346.5204;-0.001104795
C:\Mark's Python files\ME5920\HW3_Gardocki\DefinedTurns\IMG\robocam_2025_04_06_21_58_22_294.jpg;0;1;0;1.926289;18.58178;99.52788;1.289726;346.5115;-0.00110138
C:\Mark's Python files\ME5920\HW3_Gardocki\DefinedTurns\IMG\robocam_2025_04_06_21_58_22_336.jpg;0;1;0;1.956459;18.65755;99.50938;1.290485;346.5045;-0.001121343
C:\Mark's Python files\ME5920\HW3_Gardocki\DefinedTurns\IMG\robocam_2025_04_06_21_58_22_378.jpg;0;1;0;1.98628;18.73458;99.49056;1.295938;346.4964;-0.001125722
C:\Mark's Python files\ME5920\HW3_Gardocki\DefinedTurns\IMG\robocam_2025_04_06_21_58_22_419.jpg;0;1;0;2.016328;18.81269;99.47147;1.297756;346.4896;-0.001142162
C:\Mark's Python files\ME5920\HW3_Gardocki\DefinedTurns\IMG\robocam_2025_04_06_21_58_22_463.jpg;0;1;0;2.045488;18.89196;99.45209;1.299652;346.4832;-0.001163939
C:\Mark's Python files\ME5920\HW3_Gardocki\DefinedTurns\IMG\robocam_2025_04_06_21_58_22_504.jpg;0;1;0;2.075939;18.97242;99.4324;1.302268;346.4745;-0.001159831
C:\Mark's Python files\ME5920\HW3_Gardocki\DefinedTurns\IMG\robocam_2025_04_06_21_58_22_546.jpg;0;1;0;2.104973;19.09522;99.40233;1.304639;346.4639;-0.001171628
C:\Mark's Python files\ME5920\HW3_Gardocki\DefinedTurns\IMG\robocam_2025_04_06_21_58_22_587.jpg;0;1;0;2.135291;19.17856;99.38191;1.30818;346.4559;-0.001202907
C:\Mark's Python files\ME5920\HW3_Gardocki\DefinedTurns\IMG\robocam_2025_04_06_21_58_22_630.jpg;0;1;0;2.164199;19.26297;99.36122;1.307287;346.449;-0.001181396
C:\Mark's Python files\ME5920\HW3_Gardocki\DefinedTurns\IMG\robocam_2025_04_06_21_58_22_672.jpg;0;1;0;2.209031;19.34859;99.34022;1.310015;346.4408;-0.001216091
C:\Mark's Python files\ME5920\HW3_Gardocki\DefinedTurns\IMG\robocam_2025_04_06_21_58_22_713.jpg;0;1;0;2.238307;19.43539;99.31892;1.315176;346.4333;-0.001235362
C:\Mark's Python files\ME5920\HW3_Gardocki\DefinedTurns\IMG\robocam_2025_04_06_21_58_22_754.jpg;0;1;0;2.267817;19.52323;99.29733;1.315131;346.4264;-0.001221325
C:\Mark's Python files\ME5920\HW3_Gardocki\DefinedTurns\IMG\robocam_2025_04_06_21_58_22_796.jpg;0;1;0;2.296964;19.61226;99.27545;1.317947;346.4183;-0.001244224
C:\Mark's Python files\ME5920\HW3_Gardocki\DefinedTurns\IMG\robocam_2025_04_06_21_58_22_837.jpg;0;1;0;2.32606;19.70245;99.25327;1.322517;346.4107;-0.001271875
C:\Mark's Python files\ME5920\HW3_Gardocki\DefinedTurns\IMG\robocam_2025_04_06_21_58_22_878.jpg;0;1;0;2.355386;19.79367;99.23083;1.321305;346.4037;-0.001252285
C:\Mark's Python files\ME5920\HW3_Gardocki\DefinedTurns\IMG\robocam_2025_04_06_21_58_22_921.jpg;0;1;0;2.384341;19.88607;99.20809;1.322611;346.3954;-0.001281002
C:\Mark's Python files\ME5920\HW3_Gardocki\DefinedTurns\IMG\robocam_2025_04_06_21_58_22_961.jpg;0;1;0;2.413236;19.97961;99.18505;1.32558;346.3877;-0.001275399
C:\Mark's Python files\ME5920\HW3_Gardocki\DefinedTurns\IMG\robocam_2025_04_06_21_58_23_003.jpg;0;1;0;2.442078;20.0743;99.16171;1.329767;346.3802;-0.001306786
C:\Mark's Python files\ME5920\HW3_Gardocki\DefinedTurns\IMG\robocam_2025_04_06_21_58_23_043.jpg;0;1;0;2.470367;20.17003;99.1381;1.330711;346.374;-0.001311643
C:\Mark's Python files\ME5920\HW3_Gardocki\DefinedTurns\IMG\robocam_2025_04_06_21_58_23_084.jpg;0;1;0;2.499873;20.26688;99.1142;1.33008;346.365;-0.001293495
C:\Mark's Python files\ME5920\HW3_Gardocki\DefinedTurns\IMG\robocam_2025_04_06_21_58_23_125.jpg;0;1;0;2.528508;20.41426;99.0778;1.331623;346.3528;-0.001317195
C:\Mark's Python files\ME5920\HW3_Gardocki\DefinedTurns\IMG\robocam_2025_04_06_21_58_23_167.jpg;0;1;0;2.557079;20.51393;99.05318;1.334088;346.345;-0.001315168
C:\Mark's Python files\ME5920\HW3_Gardocki\DefinedTurns\IMG\robocam_2025_04_06_21_58_23_211.jpg;0;1;0;2.585589;20.61471;99.02824;1.337358;346.3371;-0.001335773
C:\Mark's Python files\ME5920\HW3_Gardocki\DefinedTurns\IMG\robocam_2025_04_06_21_58_23_254.jpg;0;1;0;2.614046;20.71661;99.00303;1.341065;346.3293;-0.001364544
C:\Mark's Python files\ME5920\HW3_Gardocki\DefinedTurns\IMG\robocam_2025_04_06_21_58_23_297.jpg;0;1;0;2.642451;20.8196;98.97753;1.344833;346.3216;-0.001355686
C:\Mark's Python files\ME5920\HW3_Gardocki\DefinedTurns\IMG\robocam_2025_04_06_21_58_23_338.jpg;0;1;0;2.684962;20.92369;98.95174;1.348291;346.314;-0.001394865
C:\Mark's Python files\ME5920\HW3_Gardocki\DefinedTurns\IMG\robocam_2025_04_06_21_58_23_381.jpg;0;1;0;2.713234;21.02886;98.92566;1.351169;346.3064;-0.001406716
C:\Mark's Python files\ME5920\HW3_Gardocki\DefinedTurns\IMG\robocam_2025_04_06_21_58_23_424.jpg;0;1;0;2.74145;21.13511;98.89931;1.353289;346.2989;-0.001419207
C:\Mark's Python files\ME5920\HW3_Gardocki\DefinedTurns\IMG\robocam_2025_04_06_21_58_23_467.jpg;0;1;0;2.769602;21.2965;98.85924;1.354902;346.2875;-0.001429563
C:\Mark's Python files\ME5920\HW3_Gardocki\DefinedTurns\IMG\robocam_2025_04_06_21_58_23_507.jpg;0;1;0;2.797687;21.40544;98.83218;1.355016;346.2798;-0.001423959
C:\Mark's Python files\ME5920\HW3_Gardocki\DefinedTurns\IMG\robocam_2025_04_06_21_58_23_550.jpg;0;1;0;2.825701;21.51546;98.80482;1.354541;346.272;-0.001433139
C:\Mark's Python files\ME5920\HW3_Gardocki\DefinedTurns\IMG\robocam_2025_04_06_21_58_23_590.jpg;0;1;0;2.853642;21.62654;98.77719;1.353691;346.264;-0.001418567
C:\Mark's Python files\ME5920\HW3_Gardocki\DefinedTurns\IMG\robocam_2025_04_06_21_58_23_633.jpg;0;1;0;2.881973;21.73883;98.74924;1.359717;346.2556;-0.001320199
C:\Mark's Python files\ME5920\HW3_Gardocki\DefinedTurns\IMG\robocam_2025_04_06_21_58_23_675.jpg;0;1;0;2.909036;21.85214;98.72102;1.363677;346.246;-0.001438963
C:\Mark's Python files\ME5920\HW3_Gardocki\DefinedTurns\IMG\robocam_2025_04_06_21_58_23_717.jpg;0;1;0;2.936812;21.9665;98.69252;1.366063;346.2375;-0.00147083
C:\Mark's Python files\ME5920\HW3_Gardocki\DefinedTurns\IMG\robocam_2025_04_06_21_58_23_757.jpg;0;1;0;2.978366;22.0819;98.66374;1.36684;346.2292;-0.001480491
C:\Mark's Python files\ME5920\HW3_Gardocki\DefinedTurns\IMG\robocam_2025_04_06_21_58_23_798.jpg;0;1;0;3.005983;22.19835;98.63468;1.36617;346.221;-0.001477982
C:\Mark's Python files\ME5920\HW3_Gardocki\DefinedTurns\IMG\robocam_2025_04_06_21_58_23_842.jpg;0;1;0;3.033977;22.31592;98.60534;1.368424;346.2138;-0.001024127
C:\Mark's Python files\ME5920\HW3_Gardocki\DefinedTurns\IMG\robocam_2025_04_06_21_58_23_883.jpg;0;1;0;3.060719;22.43455;98.57568;1.371651;346.203;-0.001479106
C:\Mark's Python files\ME5920\HW3_Gardocki\DefinedTurns\IMG\robocam_2025_04_06_21_58_23_924.jpg;0;1;0;3.088156;22.55421;98.54576;1.37295;346.1937;-0.001486046
C:\Mark's Python files\ME5920\HW3_Gardocki\DefinedTurns\IMG\robocam_2025_04_06_21_58_23_964.jpg;0;1;0;3.115525;22.67489;98.51556;1.372434;346.1849;-0.001495333
C:\Mark's Python files\ME5920\HW3_Gardocki\DefinedTurns\IMG\robocam_2025_04_06_21_58_24_006.jpg;0;1;0;3.142531;22.85802;98.46971;1.378872;346.1705;-0.001511137
C:\Mark's Python files\ME5920\HW3_Gardocki\DefinedTurns\IMG\robocam_2025_04_06_21_58_24_048.jpg;0;1;0;3.169796;22.98136;98.4388;1.379657;346.161;-0.001514179
C:\Mark's Python files\ME5920\HW3_Gardocki\DefinedTurns\IMG\robocam_2025_04_06_21_58_24_090.jpg;0;0.9132358;0;3.196655;23.10573;98.40762;1.381091;346.1531;-0.001079163
C:\Mark's Python files\ME5920\HW3_Gardocki\DefinedTurns\IMG\robocam_2025_04_06_21_58_24_133.jpg;0;0.7844111;0;3.220147;23.23093;98.37618;1.381052;346.1433;-0.001044522
C:\Mark's Python files\ME5920\HW3_Gardocki\DefinedTurns\IMG\robocam_2025_04_06_21_58_24_176.jpg;0;0.6525548;0;3.248025;23.35687;98.34454;1.381923;346.1317;-0.0009312042
C:\Mark's Python files\ME5920\HW3_Gardocki\DefinedTurns\IMG\robocam_2025_04_06_21_58_24_220.jpg;0;0.5230924;0;3.261354;23.48326;98.31277;1.377998;346.1183;-0.0009151898
C:\Mark's Python files\ME5920\HW3_Gardocki\DefinedTurns\IMG\robocam_2025_04_06_21_58_24_264.jpg;0;0.3986194;0;3.2708;23.60991;98.28089;1.365103;346.1043;-0.0008787825
C:\Mark's Python files\ME5920\HW3_Gardocki\DefinedTurns\IMG\robocam_2025_04_06_21_58_24_305.jpg;0;0.2719108;0;3.275958;23.79984;98.23303;1.320302;346.0829;-0.000800999
