Path;SteerAngle;Throttle;Brake;Speed;X_Position;Y_Position;Pitch;Yaw;Roll
C:\Mark's Python files\ME5920\IMG\robocam_2025_04_03_22_42_46_374.jpg;0;0;1;0;99.66999;85.58897;0.0002361887;56.82556;1.995105E-07
C:\Mark's Python files\ME5920\IMG\robocam_2025_04_03_22_42_46_384.jpg;0;0;0;0;99.66999;85.58897;0.0002361887;56.82556;1.995105E-07
C:\Mark's Python files\ME5920\IMG\robocam_2025_04_03_22_42_46_422.jpg;0;0;0;0;99.66999;85.58897;0.0002361887;56.82556;1.995105E-07
C:\Mark's Python files\ME5920\IMG\robocam_2025_04_03_22_42_46_486.jpg;0;0;0;0;99.66999;85.58897;0.0002361887;56.82556;1.995105E-07
C:\Mark's Python files\ME5920\IMG\robocam_2025_04_03_22_42_46_556.jpg;0;0;0;0;99.66999;85.58897;0.0002361887;56.82556;1.995105E-07
C:\Mark's Python files\ME5920\IMG\robocam_2025_04_03_22_42_46_626.jpg;0;0;0;0;99.66999;85.58897;0.0002361887;56.82556;1.995105E-07
C:\Mark's Python files\ME5920\IMG\robocam_2025_04_03_22_42_46_697.jpg;0;0;0;0;99.66999;85.58897;0.0002361887;56.82556;1.995105E-07
C:\Mark's Python files\ME5920\IMG\robocam_2025_04_03_22_42_46_768.jpg;0;0;0;0;99.66999;85.58897;0.0002361887;56.82556;1.995105E-07
C:\Mark's Python files\ME5920\IMG\robocam_2025_04_03_22_42_46_839.jpg;0;0;0;0;99.66999;85.58897;0.0002361887;56.82556;1.995105E-07
C:\Mark's Python files\ME5920\IMG\robocam_2025_04_03_22_42_46_910.jpg;0;0;0;0;99.66999;85.58897;0.0002361887;56.82556;1.995105E-07
C:\Mark's Python files\ME5920\IMG\robocam_2025_04_03_22_42_46_981.jpg;0;0;0;0;99.66999;85.58897;0.0002361887;56.82556;1.995105E-07
C:\Mark's Python files\ME5920\IMG\robocam_2025_04_03_22_42_47_054.jpg;0;0;0;0;99.66999;85.58897;0.0002361887;56.82556;1.995105E-07
C:\Mark's Python files\ME5920\IMG\robocam_2025_04_03_22_42_47_124.jpg;0;0;0;0;99.66999;85.58897;0.0002361887;56.82556;1.995105E-07
C:\Mark's Python files\ME5920\IMG\robocam_2025_04_03_22_42_47_194.jpg;0;0;0;0;99.66999;85.58897;0.0002361887;56.82556;1.995105E-07
C:\Mark's Python files\ME5920\IMG\robocam_2025_04_03_22_42_47_267.jpg;0;0;0;0;99.66999;85.58897;0.0002361887;56.82556;1.995105E-07
C:\Mark's Python files\ME5920\IMG\robocam_2025_04_03_22_42_47_339.jpg;0;0;0;0;99.66999;85.58897;0.0002361887;56.82556;1.995105E-07
C:\Mark's Python files\ME5920\IMG\robocam_2025_04_03_22_42_47_410.jpg;0;0;0;0;99.66999;85.58897;0.0002361887;56.82556;1.995105E-07
C:\Mark's Python files\ME5920\IMG\robocam_2025_04_03_22_42_47_483.jpg;0;0;0;0;99.66999;85.58897;0.0002361887;56.82556;1.995105E-07
C:\Mark's Python files\ME5920\IMG\robocam_2025_04_03_22_42_47_552.jpg;0;0;0;0;99.66999;85.58897;0.0002361887;56.82556;1.995105E-07
C:\Mark's Python files\ME5920\IMG\robocam_2025_04_03_22_42_47_623.jpg;0;0;0;0;99.66999;85.58897;0.0002361887;56.82556;1.995105E-07
C:\Mark's Python files\ME5920\IMG\robocam_2025_04_03_22_42_47_694.jpg;0;0;0;0;99.66999;85.58897;0.0002361887;56.82556;1.995105E-07
C:\Mark's Python files\ME5920\IMG\robocam_2025_04_03_22_42_47_734.jpg;0;0;0;0;99.66999;85.58897;0.0002361887;56.82556;1.995105E-07
C:\Mark's Python files\ME5920\IMG\robocam_2025_04_03_22_42_47_804.jpg;0;0;0;0;99.66999;85.58897;0.0002361887;56.82556;1.995105E-07
C:\Mark's Python files\ME5920\IMG\robocam_2025_04_03_22_42_47_875.jpg;0;0;0;0;99.66999;85.58897;0.0002361887;56.82556;1.995105E-07
C:\Mark's Python files\ME5920\IMG\robocam_2025_04_03_22_42_47_945.jpg;0;0;0;0;99.66999;85.58897;0.0002361887;56.82556;1.995105E-07
C:\Mark's Python files\ME5920\IMG\robocam_2025_04_03_22_42_48_017.jpg;0;0;0;0;99.66999;85.58897;0.0002361887;56.82556;1.995105E-07
C:\Mark's Python files\ME5920\IMG\robocam_2025_04_03_22_42_48_087.jpg;0;0;0;0;99.66999;85.58897;0.0002361887;56.82556;1.995105E-07
C:\Mark's Python files\ME5920\IMG\robocam_2025_04_03_22_42_48_159.jpg;0;0;0;0;99.66999;85.58897;0.0002361887;56.82556;1.995105E-07
C:\Mark's Python files\ME5920\IMG\robocam_2025_04_03_22_42_48_228.jpg;0;0;0;0;99.66999;85.58897;0.0002361887;56.82556;1.995105E-07
C:\Mark's Python files\ME5920\IMG\robocam_2025_04_03_22_42_48_301.jpg;0;0;0;0;99.66999;85.58897;0.0002361887;56.82556;1.995105E-07
C:\Mark's Python files\ME5920\IMG\robocam_2025_04_03_22_42_48_371.jpg;0;0;0;0;99.66999;85.58897;0.0002361887;56.82556;1.995105E-07
C:\Mark's Python files\ME5920\IMG\robocam_2025_04_03_22_42_48_442.jpg;0;0;0;0;99.66999;85.58897;0.0002361887;56.82556;1.995105E-07
C:\Mark's Python files\ME5920\IMG\robocam_2025_04_03_22_42_48_511.jpg;0;0;0;0;99.66999;85.58897;0.0002361887;56.82556;1.995105E-07
C:\Mark's Python files\ME5920\IMG\robocam_2025_04_03_22_42_48_582.jpg;0;0;0;0;99.66999;85.58897;0.0002361887;56.82556;1.995105E-07
C:\Mark's Python files\ME5920\IMG\robocam_2025_04_03_22_42_48_653.jpg;0;0;0;0;99.66999;85.58897;0.0002361887;56.82556;1.995105E-07
C:\Mark's Python files\ME5920\IMG\robocam_2025_04_03_22_42_48_722.jpg;0;0;0;0;99.66999;85.58897;0.0002361887;56.82556;1.995105E-07
C:\Mark's Python files\ME5920\IMG\robocam_2025_04_03_22_42_48_793.jpg;0;0;0;0;99.66999;85.58897;0.0002361887;56.82556;1.995105E-07
C:\Mark's Python files\ME5920\IMG\robocam_2025_04_03_22_42_48_833.jpg;0;0;0;0;99.66999;85.58897;0.0002361887;56.82556;1.995105E-07
C:\Mark's Python files\ME5920\IMG\robocam_2025_04_03_22_42_48_900.jpg;0;0;0;0;99.66999;85.58897;0.0002361887;56.82556;1.995105E-07
C:\Mark's Python files\ME5920\IMG\robocam_2025_04_03_22_42_48_970.jpg;0;0;0;0;99.66999;85.58897;0.0002361887;56.82556;1.995105E-07
C:\Mark's Python files\ME5920\IMG\robocam_2025_04_03_22_42_49_041.jpg;0;0;0;0;99.66999;85.58897;0.0002361887;56.82556;1.995105E-07
C:\Mark's Python files\ME5920\IMG\robocam_2025_04_03_22_42_49_112.jpg;0;0;0;0;99.66999;85.58897;0.0002361887;56.82556;1.995105E-07
C:\Mark's Python files\ME5920\IMG\robocam_2025_04_03_22_42_49_184.jpg;0;0;0;0;99.66999;85.58897;0.0002361887;56.82556;1.995105E-07
C:\Mark's Python files\ME5920\IMG\robocam_2025_04_03_22_42_49_255.jpg;0;0;0;0;99.66999;85.58897;0.0002361887;56.82556;1.995105E-07
C:\Mark's Python files\ME5920\IMG\robocam_2025_04_03_22_42_49_327.jpg;0;0;0;0;99.66999;85.58897;0.0002361887;56.82556;1.995105E-07
C:\Mark's Python files\ME5920\IMG\robocam_2025_04_03_22_42_49_399.jpg;0;0;0;0;99.66999;85.58897;0.0002361887;56.82556;1.995105E-07
C:\Mark's Python files\ME5920\IMG\robocam_2025_04_03_22_42_49_472.jpg;0;0;0;0;99.66999;85.58897;0.0002361887;56.82556;1.995105E-07
C:\Mark's Python files\ME5920\IMG\robocam_2025_04_03_22_42_49_542.jpg;0;0;0.2183307;0.02659273;99.67007;85.58911;0.003568823;56.82563;1.768516E-06
C:\Mark's Python files\ME5920\IMG\robocam_2025_04_03_22_42_49_614.jpg;0;0;0.4309899;0;99.67007;85.5891;0.003148419;56.82563;4.880277E-06
C:\Mark's Python files\ME5920\IMG\robocam_2025_04_03_22_42_49_685.jpg;0;0;0;0;99.67007;85.5891;0.002794558;56.82563;6.655828E-06
C:\Mark's Python files\ME5920\IMG\robocam_2025_04_03_22_42_49_758.jpg;0;0;0;0;99.67007;85.58909;0.00228799;56.82563;8.934347E-06
C:\Mark's Python files\ME5920\IMG\robocam_2025_04_03_22_42_49_830.jpg;0;0;0;0;99.67006;85.58908;0.001760245;56.82563;1.052845E-05
C:\Mark's Python files\ME5920\IMG\robocam_2025_04_03_22_42_49_902.jpg;0;0;0.2217924;0.02572469;99.67011;85.58916;0.003312046;56.82564;1.369863E-05
C:\Mark's Python files\ME5920\IMG\robocam_2025_04_03_22_42_49_971.jpg;0;0;0.4306029;0;99.6701;85.58916;0.002555199;56.82564;1.842924E-05
C:\Mark's Python files\ME5920\IMG\robocam_2025_04_03_22_42_50_043.jpg;0;0;0;0;99.6701;85.58915;0.001983272;56.82564;2.106049E-05
C:\Mark's Python files\ME5920\IMG\robocam_2025_04_03_22_42_50_113.jpg;0;0;0;0;99.6701;85.58913;0.001234577;56.82564;2.309699E-05
C:\Mark's Python files\ME5920\IMG\robocam_2025_04_03_22_42_50_184.jpg;0;0;0;0;99.67009;85.58913;0.0006964912;56.82564;2.389364E-05
C:\Mark's Python files\ME5920\IMG\robocam_2025_04_03_22_42_50_255.jpg;0;0;0;0;99.67008;85.58912;2.796058E-05;56.82564;2.447516E-05
C:\Mark's Python files\ME5920\IMG\robocam_2025_04_03_22_42_50_328.jpg;0;0;0;0;99.67007;85.58911;-0.0004277261;56.82564;2.453825E-05
C:\Mark's Python files\ME5920\IMG\robocam_2025_04_03_22_42_50_400.jpg;0;0.1077957;0;0;99.66957;85.58835;359.9785;56.7703;1.340275E-05
C:\Mark's Python files\ME5920\IMG\robocam_2025_04_03_22_42_50_471.jpg;0;0;0.3211008;0;99.6698;85.58868;359.9885;56.79274;2.779496E-05
C:\Mark's Python files\ME5920\IMG\robocam_2025_04_03_22_42_50_543.jpg;0;0;0.5317392;0;99.66981;85.58868;359.9894;56.79275;1.667964E-05
C:\Mark's Python files\ME5920\IMG\robocam_2025_04_03_22_42_50_615.jpg;0;0;0.747758;0;99.66982;85.58866;359.9908;56.79276;3.11494E-06
C:\Mark's Python files\ME5920\IMG\robocam_2025_04_03_22_42_50_685.jpg;0;0;0.9635717;0;99.66981;85.58866;359.992;56.79276;-6.664895E-06
C:\Mark's Python files\ME5920\IMG\robocam_2025_04_03_22_42_50_757.jpg;0;0;0;0;99.66979;85.58865;359.9937;56.79274;-1.800095E-05
C:\Mark's Python files\ME5920\IMG\robocam_2025_04_03_22_42_50_827.jpg;0;0;0;0;99.66978;85.58865;-0.004981735;56.79274;-2.535474E-05
C:\Mark's Python files\ME5920\IMG\robocam_2025_04_03_22_42_50_899.jpg;0;0;0;0;99.66977;85.58865;-0.00322707;56.79273;-3.280062E-05
C:\Mark's Python files\ME5920\IMG\robocam_2025_04_03_22_42_50_970.jpg;0;0;0;0;99.66975;85.58864;-0.001523947;56.79273;-3.807495E-05
C:\Mark's Python files\ME5920\IMG\robocam_2025_04_03_22_42_51_040.jpg;1.995312;0;0;0;99.66975;85.58863;-0.0003122763;57.03217;-3.959516E-05
C:\Mark's Python files\ME5920\IMG\robocam_2025_04_03_22_42_51_110.jpg;5.889582;0;0;0;99.66976;85.58862;0.001179789;58.21468;-7.293534E-05
C:\Mark's Python files\ME5920\IMG\robocam_2025_04_03_22_42_51_183.jpg;9.98562;0;0;0;99.66977;85.58862;0.002186169;59.87171;-0.0001603093
C:\Mark's Python files\ME5920\IMG\robocam_2025_04_03_22_42_51_254.jpg;9.866197;0;0;0;99.66978;85.5886;0.003347699;62.49528;-0.000362015
C:\Mark's Python files\ME5920\IMG\robocam_2025_04_03_22_42_51_323.jpg;5.641284;0;0;0;99.66978;85.58861;0.004069247;63.65051;-0.0004941841
C:\Mark's Python files\ME5920\IMG\robocam_2025_04_03_22_42_51_395.jpg;1.443421;0;0;0;99.66979;85.58862;0.004837082;64.25191;-0.0005984784
C:\Mark's Python files\ME5920\IMG\robocam_2025_04_03_22_42_51_465.jpg;0;0;0;0;99.6698;85.58862;0.00526554;64.25191;-0.0006256812
C:\Mark's Python files\ME5920\IMG\robocam_2025_04_03_22_42_51_538.jpg;0;0;0;0;99.6698;85.58863;0.005638669;64.25191;-0.000638325
C:\Mark's Python files\ME5920\IMG\robocam_2025_04_03_22_42_51_607.jpg;0;0;0;0;99.6698;85.58863;0.005774874;64.25191;-0.0006321825
C:\Mark's Python files\ME5920\IMG\robocam_2025_04_03_22_42_51_678.jpg;0;0;0;0;99.6698;85.58863;0.005776863;64.25191;-0.0006049613
C:\Mark's Python files\ME5920\IMG\robocam_2025_04_03_22_42_51_750.jpg;0;0;0;0;99.6698;85.58863;0.005591942;64.25191;-0.0005584151
C:\Mark's Python files\ME5920\IMG\robocam_2025_04_03_22_42_51_822.jpg;0;0;0;0;99.66979;85.58863;0.005345059;64.25191;-0.0005142624
C:\Mark's Python files\ME5920\IMG\robocam_2025_04_03_22_42_51_894.jpg;0;0;0;0;99.66979;85.58862;0.004892825;64.25191;-0.0004448181
C:\Mark's Python files\ME5920\IMG\robocam_2025_04_03_22_42_51_965.jpg;0;0.106302;0;0;99.66961;85.58825;-0.004884703;64.25195;-0.0003873761
C:\Mark's Python files\ME5920\IMG\robocam_2025_04_03_22_42_52_038.jpg;0;0;0.3230184;0;99.66912;85.58724;359.9735;64.25188;-0.000311439
C:\Mark's Python files\ME5920\IMG\robocam_2025_04_03_22_42_52_109.jpg;0;0;0.5397867;0;99.66912;85.58724;359.9773;64.25188;-0.0002330936
C:\Mark's Python files\ME5920\IMG\robocam_2025_04_03_22_42_52_180.jpg;0;0;0.7514241;0;99.66912;85.58725;359.9805;64.25187;-0.0001743774
C:\Mark's Python files\ME5920\IMG\robocam_2025_04_03_22_42_52_252.jpg;0;0;0;0;99.66912;85.58726;359.9849;64.25188;-9.902628E-05
C:\Mark's Python files\ME5920\IMG\robocam_2025_04_03_22_42_52_323.jpg;0;0;0;0;99.66912;85.58727;359.9883;64.25188;-4.593077E-05
C:\Mark's Python files\ME5920\IMG\robocam_2025_04_03_22_42_52_395.jpg;0;0;0;0;99.66913;85.58727;359.9927;64.25188;1.903263E-05
C:\Mark's Python files\ME5920\IMG\robocam_2025_04_03_22_42_52_435.jpg;0;0.1032558;0;0;99.66913;85.58728;-0.005084614;64.25188;4.806697E-05
C:\Mark's Python files\ME5920\IMG\robocam_2025_04_03_22_42_52_503.jpg;0;0;0.2188533;0.02556899;99.6692;85.58742;0.001281565;64.25203;8.994109E-05
C:\Mark's Python files\ME5920\IMG\robocam_2025_04_03_22_42_52_574.jpg;0;0;0.4304181;0;99.66919;85.58741;0.004774895;64.25204;0.0001382105
C:\Mark's Python files\ME5920\IMG\robocam_2025_04_03_22_42_52_645.jpg;0;0;0.6418662;0;99.66919;85.5874;0.007079336;64.25204;0.0001673393
C:\Mark's Python files\ME5920\IMG\robocam_2025_04_03_22_42_52_717.jpg;0;0;0.852289;0;99.66917;85.58741;0.009683684;64.25204;0.0001976584
C:\Mark's Python files\ME5920\IMG\robocam_2025_04_03_22_42_52_787.jpg;0;0;1;0;99.66917;85.58741;0.01126507;64.25204;0.0002128231
C:\Mark's Python files\ME5920\IMG\robocam_2025_04_03_22_42_52_859.jpg;0;0;1;0;99.66918;85.58741;0.01286499;64.25203;0.0002244793
C:\Mark's Python files\ME5920\IMG\robocam_2025_04_03_22_42_52_930.jpg;0;0;1;0;99.66919;85.5874;0.01388697;64.25203;0.0002257254
C:\Mark's Python files\ME5920\IMG\robocam_2025_04_03_22_42_53_002.jpg;0;0;1;0;99.6692;85.58741;0.01428524;64.25203;0.0002218653
C:\Mark's Python files\ME5920\IMG\robocam_2025_04_03_22_42_53_073.jpg;0;0;1;0;99.6692;85.58741;0.01435548;64.25203;0.0002100588
C:\Mark's Python files\ME5920\IMG\robocam_2025_04_03_22_42_53_144.jpg;0;0;1;0;99.6692;85.5874;0.01408808;64.25204;0.0001969728
C:\Mark's Python files\ME5920\IMG\robocam_2025_04_03_22_42_53_215.jpg;0;0;1;0;99.66919;85.58739;0.01335313;64.25204;0.0001746807
C:\Mark's Python files\ME5920\IMG\robocam_2025_04_03_22_42_53_286.jpg;0;0;1;0;99.66918;85.5874;0.01255355;64.25203;0.0001559006
C:\Mark's Python files\ME5920\IMG\robocam_2025_04_03_22_42_53_357.jpg;0;0;0;0;99.66917;85.58741;0.01121545;64.25203;0.0001286288
C:\Mark's Python files\ME5920\IMG\robocam_2025_04_03_22_42_53_429.jpg;0;0;0;0;99.66916;85.58742;0.009635756;64.25203;9.983774E-05
C:\Mark's Python files\ME5920\IMG\robocam_2025_04_03_22_42_53_499.jpg;0;0;0;0;99.66915;85.58742;0.008338748;64.25203;7.812717E-05
C:\Mark's Python files\ME5920\IMG\robocam_2025_04_03_22_42_53_570.jpg;0;0;0;0;99.66914;85.58742;0.006518886;64.25204;4.926385E-05
C:\Mark's Python files\ME5920\IMG\robocam_2025_04_03_22_42_53_639.jpg;-3.137117;0;0;0;99.66913;85.58743;0.005125777;63.78062;6.887854E-05
C:\Mark's Python files\ME5920\IMG\robocam_2025_04_03_22_42_53_711.jpg;-6.293044;0;0;0;99.66911;85.58743;0.003282706;62.46241;9.16556E-05
C:\Mark's Python files\ME5920\IMG\robocam_2025_04_03_22_42_53_784.jpg;-3.053386;0;0;0;99.66911;85.58743;0.001946869;61.80951;4.185997E-05
C:\Mark's Python files\ME5920\IMG\robocam_2025_04_03_22_42_53_854.jpg;0;0;0;0;99.66909;85.58743;0.0002718537;61.64617;-6.360853E-05
C:\Mark's Python files\ME5920\IMG\robocam_2025_04_03_22_42_53_924.jpg;0;0;0;0;99.66908;85.58743;-0.0008811151;61.64617;-0.0001366108
C:\Mark's Python files\ME5920\IMG\robocam_2025_04_03_22_42_53_995.jpg;0;0;0;0;99.66908;85.58744;-0.002252888;61.64617;-0.0002197274
C:\Mark's Python files\ME5920\IMG\robocam_2025_04_03_22_42_54_069.jpg;0;0;0;0;99.66907;85.58746;-0.003409621;61.64617;-0.0002856726
C:\Mark's Python files\ME5920\IMG\robocam_2025_04_03_22_42_54_138.jpg;0;0;0.2135946;-0.01699578;99.66953;85.5883;0.01605247;61.64619;-0.0003182299
C:\Mark's Python files\ME5920\IMG\robocam_2025_04_03_22_42_54_207.jpg;0;0;0.4258026;0;99.66953;85.58831;0.01354436;61.6462;-0.0003402037
C:\Mark's Python files\ME5920\IMG\robocam_2025_04_03_22_42_54_278.jpg;0;0;0.633777;0;99.66953;85.58832;0.01009973;61.6462;-0.0003555981
C:\Mark's Python files\ME5920\IMG\robocam_2025_04_03_22_42_54_349.jpg;0;0;0.8443373;0;99.66953;85.58833;0.006652696;61.6462;-0.0003562188
C:\Mark's Python files\ME5920\IMG\robocam_2025_04_03_22_42_54_420.jpg;0;0;1;0;99.66953;85.58833;0.004136176;61.6462;-0.0003483683
C:\Mark's Python files\ME5920\IMG\robocam_2025_04_03_22_42_54_492.jpg;0;0;1;0;99.66954;85.58835;0.0009555819;61.6462;-0.0003283265
C:\Mark's Python files\ME5920\IMG\robocam_2025_04_03_22_42_54_563.jpg;0;0;1;0;99.66954;85.58835;-0.00125043;61.6462;-0.0003064872
C:\Mark's Python files\ME5920\IMG\robocam_2025_04_03_22_42_54_632.jpg;0;0;1;0;99.66955;85.58834;-0.003892988;61.6462;-0.0002707328
C:\Mark's Python files\ME5920\IMG\robocam_2025_04_03_22_42_54_704.jpg;0;0;1;0;99.66956;85.58833;-0.005620102;61.6462;-0.00024047
C:\Mark's Python files\ME5920\IMG\robocam_2025_04_03_22_42_54_776.jpg;0;0;1;0;99.66957;85.58834;359.9925;61.6462;-0.0001965491
C:\Mark's Python files\ME5920\IMG\robocam_2025_04_03_22_42_54_846.jpg;0;0;1;0;99.66956;85.58834;359.9913;61.6462;-0.0001618276
C:\Mark's Python files\ME5920\IMG\robocam_2025_04_03_22_42_54_919.jpg;0;0;1;0;99.66956;85.58835;359.9901;61.6462;-0.0001160223
C:\Mark's Python files\ME5920\IMG\robocam_2025_04_03_22_42_54_990.jpg;0;0;0;0;99.66955;85.58834;359.9895;61.64621;-7.056451E-05
C:\Mark's Python files\ME5920\IMG\robocam_2025_04_03_22_42_55_062.jpg;0;0;0;0;99.66954;85.58833;359.9892;61.6462;-3.803983E-05
C:\Mark's Python files\ME5920\IMG\robocam_2025_04_03_22_42_55_131.jpg;0;0;0;0;99.66954;85.58833;359.9893;61.6462;1.523286E-06
C:\Mark's Python files\ME5920\IMG\robocam_2025_04_03_22_42_55_203.jpg;0;0;0;0;99.66955;85.58834;359.9895;61.6462;2.825269E-05
C:\Mark's Python files\ME5920\IMG\robocam_2025_04_03_22_42_55_274.jpg;0;0;0;0;99.66955;85.58835;359.9902;61.6462;5.968349E-05
C:\Mark's Python files\ME5920\IMG\robocam_2025_04_03_22_42_55_345.jpg;0;0;0;0;99.66956;85.58836;359.9908;61.64621;7.968005E-05
C:\Mark's Python files\ME5920\IMG\robocam_2025_04_03_22_42_55_417.jpg;0;0;0;0;99.66956;85.58835;359.9919;61.64621;0.0001007436
C:\Mark's Python files\ME5920\IMG\robocam_2025_04_03_22_42_55_490.jpg;0;0;0;0;99.66957;85.58833;359.9932;61.6462;0.000115919
C:\Mark's Python files\ME5920\IMG\robocam_2025_04_03_22_42_55_561.jpg;0;0;0;0;99.66958;85.58833;359.9942;61.64621;0.000123754
C:\Mark's Python files\ME5920\IMG\robocam_2025_04_03_22_42_55_635.jpg;0;0;0;0;99.66959;85.58832;-0.004330401;61.64621;0.0001291862
C:\Mark's Python files\ME5920\IMG\robocam_2025_04_03_22_42_55_706.jpg;0;0;0;0;99.6696;85.58832;-0.003242418;61.6462;0.0001300195
C:\Mark's Python files\ME5920\IMG\robocam_2025_04_03_22_42_55_777.jpg;0;0;0;0;99.66962;85.5883;-0.001814082;61.6462;0.000126486
C:\Mark's Python files\ME5920\IMG\robocam_2025_04_03_22_42_55_848.jpg;0;0;0;0;99.66962;85.5883;-0.0007848723;61.64621;0.000121196
C:\Mark's Python files\ME5920\IMG\robocam_2025_04_03_22_42_55_919.jpg;0;0;0;0;99.66963;85.58829;0.0004985547;61.64621;0.0001113275
C:\Mark's Python files\ME5920\IMG\robocam_2025_04_03_22_42_55_989.jpg;0;0;0;0;99.66965;85.58827;0.001650428;61.64621;9.846999E-05
C:\Mark's Python files\ME5920\IMG\robocam_2025_04_03_22_42_56_062.jpg;0;0;0;0;99.66965;85.58827;0.002411804;61.64621;8.760449E-05
C:\Mark's Python files\ME5920\IMG\robocam_2025_04_03_22_42_56_134.jpg;0;0;0;0;99.66965;85.58829;0.003274586;61.6462;7.18371E-05
C:\Mark's Python files\ME5920\IMG\robocam_2025_04_03_22_42_56_205.jpg;0;0;0.21117;0.02241881;99.66921;85.58745;359.9832;61.64566;5.9296E-05
C:\Mark's Python files\ME5920\IMG\robocam_2025_04_03_22_42_56_276.jpg;0;0;0.4253172;0;99.6692;85.58743;359.9864;61.64558;3.83206E-05
C:\Mark's Python files\ME5920\IMG\robocam_2025_04_03_22_42_56_347.jpg;0;0;0.6382058;0;99.6692;85.58742;359.9889;61.64558;2.360905E-05
C:\Mark's Python files\ME5920\IMG\robocam_2025_04_03_22_42_56_419.jpg;0;0;0.8525759;0;99.6692;85.5874;359.9923;61.64558;6.534411E-06
C:\Mark's Python files\ME5920\IMG\robocam_2025_04_03_22_42_56_489.jpg;0;0;0;0;99.66919;85.58739;-0.004409996;61.64558;-9.356492E-06
C:\Mark's Python files\ME5920\IMG\robocam_2025_04_03_22_42_56_559.jpg;0;0;0;0;99.66919;85.58739;-0.00201702;61.64558;-2.008567E-05
C:\Mark's Python files\ME5920\IMG\robocam_2025_04_03_22_42_56_630.jpg;0;0;0;0;99.66918;85.58738;0.0009642152;61.64558;-3.133457E-05
C:\Mark's Python files\ME5920\IMG\robocam_2025_04_03_22_42_56_700.jpg;0;0;0;0;99.66917;85.58739;0.003000333;61.64558;-3.815338E-05
C:\Mark's Python files\ME5920\IMG\robocam_2025_04_03_22_42_56_772.jpg;0;0;0;0;99.66917;85.58739;0.005398556;61.64558;-4.568605E-05
C:\Mark's Python files\ME5920\IMG\robocam_2025_04_03_22_42_56_843.jpg;0;0;0;0;99.66916;85.58739;0.006934583;61.64558;-4.980099E-05
C:\Mark's Python files\ME5920\IMG\robocam_2025_04_03_22_42_56_914.jpg;0;0.1121991;0;0;99.66885;85.58685;-0.005436966;61.64622;-5.212865E-05
C:\Mark's Python files\ME5920\IMG\robocam_2025_04_03_22_42_56_984.jpg;0;0.3243222;0;0.0127893;99.66944;85.58794;0.02415373;61.56874;-4.278082E-05
C:\Mark's Python files\ME5920\IMG\robocam_2025_04_03_22_42_57_056.jpg;0;0.5370282;0;0.02745663;99.67144;85.59164;0.1130317;61.71414;-0.0003061001
C:\Mark's Python files\ME5920\IMG\robocam_2025_04_03_22_42_57_125.jpg;0;0.7474098;0;0.05043889;99.67371;85.59586;0.2053355;61.68656;-0.0002140985
C:\Mark's Python files\ME5920\IMG\robocam_2025_04_03_22_42_57_197.jpg;0;0.958455;0;0.1057181;99.67991;85.60734;0.4509639;61.75055;-0.001107105
C:\Mark's Python files\ME5920\IMG\robocam_2025_04_03_22_42_57_269.jpg;0;1;0;0.168225;99.68963;85.62541;0.7819527;61.94566;-0.001892872
C:\Mark's Python files\ME5920\IMG\robocam_2025_04_03_22_42_57_340.jpg;0;1;0;0.2363644;99.69904;85.64298;1.064348;61.98734;-0.000994898
C:\Mark's Python files\ME5920\IMG\robocam_2025_04_03_22_42_57_411.jpg;0;1;0;0.2848153;99.71281;85.66854;1.341075;61.87988;-0.001346183
C:\Mark's Python files\ME5920\IMG\robocam_2025_04_03_22_42_57_485.jpg;0;1;0;0.3440403;99.72171;85.68534;1.213991;61.88814;-0.0008575679
C:\Mark's Python files\ME5920\IMG\robocam_2025_04_03_22_42_57_554.jpg;0;1;0;0.4153981;99.73679;85.71349;1.078001;61.85785;-0.0007839295
C:\Mark's Python files\ME5920\IMG\robocam_2025_04_03_22_42_57_625.jpg;0;1;0;0.4968249;99.75058;85.73922;1.0676;61.98204;-0.0003244102
C:\Mark's Python files\ME5920\IMG\robocam_2025_04_03_22_42_57_696.jpg;0;1;0;0.5236307;99.77129;85.77785;1.115123;62.05926;-0.0002793436
C:\Mark's Python files\ME5920\IMG\robocam_2025_04_03_22_42_57_767.jpg;0;0.891238;0;0.5846854;99.78884;85.81068;1.199402;61.97196;0.0004200419
C:\Mark's Python files\ME5920\IMG\robocam_2025_04_03_22_42_57_839.jpg;0;0.6794684;0;0.642593;99.81362;85.85679;1.238946;61.94831;-0.001742399
C:\Mark's Python files\ME5920\IMG\robocam_2025_04_03_22_42_57_910.jpg;0;0.4667393;0;0.6731857;99.83899;85.90379;1.155921;61.86969;0.0003835291
C:\Mark's Python files\ME5920\IMG\robocam_2025_04_03_22_42_57_981.jpg;0;0.2540408;0;0.7017083;99.85854;85.94008;1.090877;61.9268;-0.000410019
C:\Mark's Python files\ME5920\IMG\robocam_2025_04_03_22_42_58_053.jpg;0;0.0417284;0;0.7088088;99.88499;85.98923;0.9961689;61.91644;0.0002391461
C:\Mark's Python files\ME5920\IMG\robocam_2025_04_03_22_42_58_122.jpg;0;0;0;0.713295;99.90437;86.02534;0.8921841;61.91422;0.003388865
C:\Mark's Python files\ME5920\IMG\robocam_2025_04_03_22_42_58_193.jpg;0;0;0;0.7112898;99.92981;86.073;0.728617;61.91393;0.01286701
C:\Mark's Python files\ME5920\IMG\robocam_2025_04_03_22_42_58_263.jpg;-1.717475;0;0;0.708446;99.94897;86.10822;0.5906538;61.86639;0.01289611
C:\Mark's Python files\ME5920\IMG\robocam_2025_04_03_22_42_58_335.jpg;-4.955644;0;0;0.7060218;99.9754;86.15421;0.3954386;61.61343;359.9869
C:\Mark's Python files\ME5920\IMG\robocam_2025_04_03_22_42_58_406.jpg;-1.73192;0.2149149;0;0.6923339;99.99451;86.18769;0.2238857;61.44492;359.9726
C:\Mark's Python files\ME5920\IMG\robocam_2025_04_03_22_42_58_477.jpg;0;0.4276647;0;0.7056147;100.0206;86.23544;0.07374457;61.36887;359.9751
C:\Mark's Python files\ME5920\IMG\robocam_2025_04_03_22_42_58_546.jpg;0;0.6365676;0;0.746648;100.0419;86.27451;0.05002066;61.34927;359.9779
C:\Mark's Python files\ME5920\IMG\robocam_2025_04_03_22_42_58_618.jpg;0;0.8499189;0;0.7906844;100.0728;86.33087;0.1253471;61.24638;359.9802
C:\Mark's Python files\ME5920\IMG\robocam_2025_04_03_22_42_58_688.jpg;0;1;0;0.8431267;100.0984;86.37753;0.2835741;61.22223;359.9813
C:\Mark's Python files\ME5920\IMG\robocam_2025_04_03_22_42_58_759.jpg;0;1;0;0.8846576;100.1347;86.44411;0.5629134;61.19447;-0.004070389
C:\Mark's Python files\ME5920\IMG\robocam_2025_04_03_22_42_58_833.jpg;0;1;0;0.9370288;100.1743;86.51572;0.8885978;61.18661;-0.0005517375
C:\Mark's Python files\ME5920\IMG\robocam_2025_04_03_22_42_58_872.jpg;0;0.7868323;0;0.9990092;100.1951;86.55321;1.057199;61.18431;-0.0006325672
C:\Mark's Python files\ME5920\IMG\robocam_2025_04_03_22_42_58_939.jpg;0;0.6700159;0;1.022471;100.227;86.6108;1.288187;61.17868;-0.001316825
C:\Mark's Python files\ME5920\IMG\robocam_2025_04_03_22_42_59_009.jpg;0;0.4613353;0;1.065188;100.2683;86.68518;1.277218;61.16867;-0.001938414
C:\Mark's Python files\ME5920\IMG\robocam_2025_04_03_22_42_59_081.jpg;0;0.2486521;0;1.087597;100.2986;86.73977;1.11992;61.16346;-1.801273E-05
C:\Mark's Python files\ME5920\IMG\robocam_2025_04_03_22_42_59_151.jpg;0;0.03918915;0;1.082781;100.3388;86.81225;0.8912054;61.16054;0.006266776
C:\Mark's Python files\ME5920\IMG\robocam_2025_04_03_22_42_59_220.jpg;-3.146666;0;0;1.092653;100.37;86.8666;0.7297345;61.00382;-0.002218938
C:\Mark's Python files\ME5920\IMG\robocam_2025_04_03_22_42_59_292.jpg;-6.298101;0;0;1.087249;100.4129;86.93745;0.4962757;60.51066;359.9471
C:\Mark's Python files\ME5920\IMG\robocam_2025_04_03_22_42_59_362.jpg;-9.480758;0;0;1.080388;100.4466;86.98915;0.3133737;59.90676;359.8714
C:\Mark's Python files\ME5920\IMG\robocam_2025_04_03_22_42_59_436.jpg;-12.73755;0;0;1.074849;100.4935;87.05607;0.06892443;58.81457;359.7214
C:\Mark's Python files\ME5920\IMG\robocam_2025_04_03_22_42_59_506.jpg;-15;0;0;1.065778;100.5303;87.10466;359.8912;57.81315;359.5757
C:\Mark's Python files\ME5920\IMG\robocam_2025_04_03_22_42_59_577.jpg;-13.29808;0;0;1.059237;100.5803;87.1695;359.732;56.4931;359.4351
C:\Mark's Python files\ME5920\IMG\robocam_2025_04_03_22_42_59_647.jpg;-10.11645;0;0;1.05375;100.6181;87.21847;359.6603;55.67459;359.373
C:\Mark's Python files\ME5920\IMG\robocam_2025_04_03_22_42_59_717.jpg;-6.936503;0;0;1.050567;100.6686;87.28419;359.6034;54.87943;359.3394
C:\Mark's Python files\ME5920\IMG\robocam_2025_04_03_22_42_59_786.jpg;-3.810691;0;0;1.046047;100.7062;87.33387;359.5828;54.48915;359.3515
C:\Mark's Python files\ME5920\IMG\robocam_2025_04_03_22_42_59_857.jpg;-0.6892258;0;0;1.042566;100.7554;87.40089;359.5708;54.29185;359.4204
C:\Mark's Python files\ME5920\IMG\robocam_2025_04_03_22_42_59_929.jpg;-3.863931;0;0;1.03764;100.8051;87.46722;359.5722;54.02744;359.4837
C:\Mark's Python files\ME5920\IMG\robocam_2025_04_03_22_43_00_002.jpg;-0.6027763;0.1068459;0;1.033687;100.8422;87.51726;359.5878;53.90852;359.5504
C:\Mark's Python files\ME5920\IMG\robocam_2025_04_03_22_43_00_072.jpg;0;0.3201942;0;1.0338;100.8916;87.58494;359.6334;53.90829;359.6588
C:\Mark's Python files\ME5920\IMG\robocam_2025_04_03_22_43_00_142.jpg;0;0.5307852;0;1.059911;100.9299;87.63747;359.7204;53.9246;359.7406
C:\Mark's Python files\ME5920\IMG\robocam_2025_04_03_22_43_00_213.jpg;0;0.7455137;0;1.087324;100.9835;87.71085;359.924;53.91845;359.8463
C:\Mark's Python files\ME5920\IMG\robocam_2025_04_03_22_43_00_285.jpg;0;0.9578177;0;1.135425;101.0259;87.76894;0.1473172;53.92009;359.921
C:\Mark's Python files\ME5920\IMG\robocam_2025_04_03_22_43_00_356.jpg;0;0.7424445;0;1.174068;101.0854;87.8504;0.5206824;53.91766;0.01218936
C:\Mark's Python files\ME5920\IMG\robocam_2025_04_03_22_43_00_429.jpg;0;0.9597515;0;1.222025;101.1478;87.93486;0.9014172;53.90239;0.05022638
C:\Mark's Python files\ME5920\IMG\robocam_2025_04_03_22_43_00_500.jpg;0;0.7444397;0;1.265022;101.1962;88.00021;1.17051;53.88805;0.04285878
C:\Mark's Python files\ME5920\IMG\robocam_2025_04_03_22_43_00_572.jpg;0;0.5266847;0;1.307707;101.2605;88.08696;1.344094;53.86275;-0.0029672
C:\Mark's Python files\ME5920\IMG\robocam_2025_04_03_22_43_00_642.jpg;-3.134016;0.3177503;0;1.338173;101.3076;88.14981;1.235348;53.68621;0.0001359684
C:\Mark's Python files\ME5920\IMG\robocam_2025_04_03_22_43_00_711.jpg;-6.289097;0.1074116;0;1.352577;101.3725;88.23224;1.056497;53.11825;359.9887
C:\Mark's Python files\ME5920\IMG\robocam_2025_04_03_22_43_00_782.jpg;-9.475888;0;0;1.347039;101.4227;88.29188;0.891635;52.3941;359.9324
C:\Mark's Python files\ME5920\IMG\robocam_2025_04_03_22_43_00_854.jpg;-12.67676;0;0;1.340684;101.4917;88.36804;0.6363968;51.09838;359.789
C:\Mark's Python files\ME5920\IMG\robocam_2025_04_03_22_43_00_925.jpg;-15;0;0;1.330531;101.545;88.4225;0.4235029;49.9143;359.6351
C:\Mark's Python files\ME5920\IMG\robocam_2025_04_03_22_43_00_996.jpg;-15;0;0;1.323469;101.6176;88.49236;0.1288182;48.25264;359.399
C:\Mark's Python files\ME5920\IMG\robocam_2025_04_03_22_43_01_069.jpg;-11.79349;0;0;1.316373;101.6724;88.54417;359.9294;47.14284;359.2455
C:\Mark's Python files\ME5920\IMG\robocam_2025_04_03_22_43_01_138.jpg;-8.630519;0;0;1.312318;101.746;88.61426;359.7531;46.0252;359.1323
C:\Mark's Python files\ME5920\IMG\robocam_2025_04_03_22_43_01_209.jpg;-5.436676;0;0;1.306012;101.8203;88.68594;359.6977;45.26761;359.1464
C:\Mark's Python files\ME5920\IMG\robocam_2025_04_03_22_43_01_249.jpg;-2.311341;0;0;1.3006;101.8576;88.72239;359.7131;45.04445;359.2016
C:\Mark's Python files\ME5920\IMG\robocam_2025_04_03_22_43_01_316.jpg;-3.734623;0;0;1.29738;101.9139;88.7765;359.7368;44.76704;359.283
C:\Mark's Python files\ME5920\IMG\robocam_2025_04_03_22_43_01_387.jpg;-6.884745;0;0;1.291042;101.9711;88.82903;359.7579;44.30136;359.3344
C:\Mark's Python files\ME5920\IMG\robocam_2025_04_03_22_43_01_458.jpg;-10.06137;0;0;1.285302;102.0493;88.89601;359.7802;43.29313;359.3458
C:\Mark's Python files\ME5920\IMG\robocam_2025_04_03_22_43_01_529.jpg;-10.11427;0;0;1.276658;102.129;88.96011;359.8037;42.04855;359.3241
C:\Mark's Python files\ME5920\IMG\robocam_2025_04_03_22_43_01_602.jpg;-6.855067;0;0;1.273074;102.1884;89.00816;359.8199;41.3504;359.3348
C:\Mark's Python files\ME5920\IMG\robocam_2025_04_03_22_43_01_673.jpg;-3.6384;0;0;1.268413;102.2669;89.07253;359.8331;40.77443;359.3873
C:\Mark's Python files\ME5920\IMG\robocam_2025_04_03_22_43_01_744.jpg;-0.4073862;0;0;1.262994;102.3248;89.12146;359.8353;40.63024;359.4637
C:\Mark's Python files\ME5920\IMG\robocam_2025_04_03_22_43_01_817.jpg;-3.613235;0;0;1.258741;102.4022;89.18547;359.831;40.35268;359.5463
C:\Mark's Python files\ME5920\IMG\robocam_2025_04_03_22_43_01_888.jpg;-0.3706118;0;0;1.25293;102.46;89.23329;359.8231;40.18926;359.6155
C:\Mark's Python files\ME5920\IMG\robocam_2025_04_03_22_43_01_960.jpg;0;0;0;1.248548;102.5361;89.29744;359.8076;40.16923;359.7296
C:\Mark's Python files\ME5920\IMG\robocam_2025_04_03_22_43_02_000.jpg;0;0;0;1.242909;102.574;89.3294;359.7987;40.16871;359.7857
C:\Mark's Python files\ME5920\IMG\robocam_2025_04_03_22_43_02_069.jpg;0;0;0;1.240088;102.6496;89.39307;359.7795;40.16859;359.893
C:\Mark's Python files\ME5920\IMG\robocam_2025_04_03_22_43_02_141.jpg;0;0.1074114;0;1.235857;102.7061;89.44067;359.7675;40.16862;359.9677
C:\Mark's Python files\ME5920\IMG\robocam_2025_04_03_22_43_02_212.jpg;0;0.3200493;0;1.239875;102.7823;89.50485;359.7825;40.16849;0.05778432
C:\Mark's Python files\ME5920\IMG\robocam_2025_04_03_22_43_02_284.jpg;0;0.5341318;0;1.259644;102.8408;89.55415;359.8371;40.16819;0.1170319
C:\Mark's Python files\ME5920\IMG\robocam_2025_04_03_22_43_02_355.jpg;0;0.7516885;0;1.284996;102.9219;89.6224;359.9929;40.16757;0.1839111
C:\Mark's Python files\ME5920\IMG\robocam_2025_04_03_22_43_02_424.jpg;0;0.9592676;0;1.33158;102.9855;89.67599;0.1803455;40.16699;0.2245755
C:\Mark's Python files\ME5920\IMG\robocam_2025_04_03_22_43_02_493.jpg;0;1;0;1.375842;103.0745;89.75011;0.4730001;40.15015;0.2160104
C:\Mark's Python files\ME5920\IMG\robocam_2025_04_03_22_43_02_563.jpg;0;1;0;1.436676;103.144;89.80821;0.7260771;40.13914;0.1854246
C:\Mark's Python files\ME5920\IMG\robocam_2025_04_03_22_43_02_632.jpg;0;1;0;1.482385;103.2404;89.88862;1.087095;40.12113;0.1120311
C:\Mark's Python files\ME5920\IMG\robocam_2025_04_03_22_43_02_703.jpg;0;1;0;1.542106;103.3149;89.95013;1.320121;40.09533;0.008088611
C:\Mark's Python files\ME5920\IMG\robocam_2025_04_03_22_43_02_773.jpg;0;1;0;1.591136;103.4121;90.03323;1.311914;40.08232;-0.002193653
C:\Mark's Python files\ME5920\IMG\robocam_2025_04_03_22_43_02_847.jpg;0;1;0;1.661596;103.4874;90.09641;1.22779;40.0669;-0.0006866449
C:\Mark's Python files\ME5920\IMG\robocam_2025_04_03_22_43_02_917.jpg;0;0.7836493;0;1.70288;103.5917;90.18356;1.18508;40.05405;-0.0005014324
C:\Mark's Python files\ME5920\IMG\robocam_2025_04_03_22_43_02_987.jpg;0;0.5718294;0;1.745072;103.6721;90.25056;1.17769;40.04397;-0.0004814699
C:\Mark's Python files\ME5920\IMG\robocam_2025_04_03_22_43_03_058.jpg;0;0.3617128;0;1.76568;103.7805;90.34098;1.161978;40.03039;-0.0004379425
C:\Mark's Python files\ME5920\IMG\robocam_2025_04_03_22_43_03_129.jpg;0;0.1460722;0;1.779752;103.8892;90.43159;1.109095;40.0169;-0.0003580117
C:\Mark's Python files\ME5920\IMG\robocam_2025_04_03_22_43_03_201.jpg;0;0.1451131;0;1.780567;103.9703;90.49918;1.035227;40.00703;-0.0002950003
C:\Mark's Python files\ME5920\IMG\robocam_2025_04_03_22_43_03_269.jpg;0;0.3578212;0;1.785639;104.0787;90.5895;0.9207867;39.9945;-0.0002794335
C:\Mark's Python files\ME5920\IMG\robocam_2025_04_03_22_43_03_340.jpg;0;0.5634181;0;1.798795;104.161;90.6581;0.8492345;39.98579;-0.0003081127
C:\Mark's Python files\ME5920\IMG\robocam_2025_04_03_22_43_03_410.jpg;0;0.776785;0;1.831277;104.2733;90.75172;0.8038976;39.97509;-0.0003694535
C:\Mark's Python files\ME5920\IMG\robocam_2025_04_03_22_43_03_482.jpg;0;0.9901653;0;1.878987;104.3602;90.82413;0.8217227;39.96745;-0.0004567891
C:\Mark's Python files\ME5920\IMG\robocam_2025_04_03_22_43_03_554.jpg;0;1;0;1.922524;104.4801;90.9241;0.9181108;39.9572;-0.0005697802
C:\Mark's Python files\ME5920\IMG\robocam_2025_04_03_22_43_03_622.jpg;0;0.79015;0;1.97652;104.5726;91.00119;1.022838;39.94893;-0.0006087575
C:\Mark's Python files\ME5920\IMG\robocam_2025_04_03_22_43_03_692.jpg;0;0.5797094;0;2.006921;104.6981;91.10566;1.160392;39.93628;-0.0006194598
C:\Mark's Python files\ME5920\IMG\robocam_2025_04_03_22_43_03_762.jpg;0;0.3702721;0;2.033648;104.793;91.18455;1.237646;39.92558;-0.0006029581
C:\Mark's Python files\ME5920\IMG\robocam_2025_04_03_22_43_03_835.jpg;0;0.1598476;0;2.04313;104.9194;91.28944;1.276942;39.9099;-0.0005395589
C:\Mark's Python files\ME5920\IMG\robocam_2025_04_03_22_43_03_905.jpg;0;0.155935;0;2.042809;105.0134;91.36745;1.249313;39.89754;-0.0004676055
C:\Mark's Python files\ME5920\IMG\robocam_2025_04_03_22_43_03_975.jpg;0;0.3649126;0;2.047188;105.1386;91.47124;1.16999;39.88074;-0.0004423469
C:\Mark's Python files\ME5920\IMG\robocam_2025_04_03_22_43_04_046.jpg;0;0.5780776;0;2.065834;105.2333;91.54968;1.106651;39.86838;-0.0004408161
C:\Mark's Python files\ME5920\IMG\robocam_2025_04_03_22_43_04_117.jpg;0;0.7907152;0;2.090933;105.3617;91.65617;1.054388;39.85246;-0.0004972739
C:\Mark's Python files\ME5920\IMG\robocam_2025_04_03_22_43_04_186.jpg;0;1;0;2.137365;105.4605;91.73807;1.055814;39.84085;-0.0005669486
C:\Mark's Python files\ME5920\IMG\robocam_2025_04_03_22_43_04_257.jpg;0;0.8931505;0;2.180091;105.5961;91.85037;1.116694;39.82545;-0.0006389841
C:\Mark's Python files\ME5920\IMG\robocam_2025_04_03_22_43_04_328.jpg;0;0.6830326;0;2.227732;105.6999;91.93637;1.182495;39.81356;-0.0006598942
C:\Mark's Python files\ME5920\IMG\robocam_2025_04_03_22_43_04_398.jpg;0;0.8959255;0;2.258467;105.8409;92.05302;1.280275;39.79654;-0.0007600482
C:\Mark's Python files\ME5920\IMG\robocam_2025_04_03_22_43_04_468.jpg;0;1;0;2.310614;105.9488;92.1422;1.350984;39.78246;-0.001315657
C:\Mark's Python files\ME5920\IMG\robocam_2025_04_03_22_43_04_537.jpg;0;0.7903411;0;2.3527;106.0941;92.26224;1.334809;39.76753;-0.001295953
C:\Mark's Python files\ME5920\IMG\robocam_2025_04_03_22_43_04_607.jpg;0;0.5808508;0;2.396778;106.2045;92.35328;1.288682;39.75556;-0.0006156198
C:\Mark's Python files\ME5920\IMG\robocam_2025_04_03_22_43_04_677.jpg;0;0.3704672;0;2.415727;106.3528;92.47562;1.220909;39.73605;-0.0005290329
C:\Mark's Python files\ME5920\IMG\robocam_2025_04_03_22_43_04_747.jpg;0;0.1615921;0;2.427655;106.4642;92.5675;1.148244;39.72126;-0.0004592357
C:\Mark's Python files\ME5920\IMG\robocam_2025_04_03_22_43_04_818.jpg;0;0;0;2.425503;106.612;92.68927;1.002304;39.70276;-0.0003301141
C:\Mark's Python files\ME5920\IMG\robocam_2025_04_03_22_43_04_888.jpg;0;0.2091867;0;2.418607;106.7222;92.78007;0.8641477;39.68979;-0.0001938553
C:\Mark's Python files\ME5920\IMG\robocam_2025_04_03_22_43_04_958.jpg;0;0.4183251;0;2.423762;106.8696;92.90157;0.687754;39.67367;-6.342393E-05
C:\Mark's Python files\ME5920\IMG\robocam_2025_04_03_22_43_05_027.jpg;0;0.6278236;0;2.443515;106.9814;92.99374;0.5856704;39.66283;-5.141586E-05
C:\Mark's Python files\ME5920\IMG\robocam_2025_04_03_22_43_05_097.jpg;0;0.8340589;0;2.468956;107.1332;93.119;0.5197089;39.65051;-0.0002604651
C:\Mark's Python files\ME5920\IMG\robocam_2025_04_03_22_43_05_168.jpg;0;1;0;2.515854;107.2499;93.21527;0.5342678;39.64299;-0.0004089353
C:\Mark's Python files\ME5920\IMG\robocam_2025_04_03_22_43_05_239.jpg;0;0.8952136;0;2.556973;107.4093;93.3469;0.6315347;39.63388;-0.0005067455
C:\Mark's Python files\ME5920\IMG\robocam_2025_04_03_22_43_05_309.jpg;0;0.6838831;0;2.602708;107.572;93.48119;0.7709304;39.62411;-0.0005702124
C:\Mark's Python files\ME5920\IMG\robocam_2025_04_03_22_43_05_379.jpg;0;0.4761496;0;2.627718;107.6953;93.58282;0.8706226;39.61556;-0.0005821807
C:\Mark's Python files\ME5920\IMG\robocam_2025_04_03_22_43_05_451.jpg;0;0.262424;0;2.645715;107.86;93.71842;0.9608659;39.60227;-0.0005758445
C:\Mark's Python files\ME5920\IMG\robocam_2025_04_03_22_43_05_519.jpg;0;0.2579195;0;2.650617;107.9832;93.81974;0.9842429;39.59105;-0.000555435
C:\Mark's Python files\ME5920\IMG\robocam_2025_04_03_22_43_05_592.jpg;0;0.4679561;0;2.658131;108.1476;93.9549;0.9811981;39.57475;-0.0005583431
C:\Mark's Python files\ME5920\IMG\robocam_2025_04_03_22_43_05_660.jpg;0;0.682709;0;2.681869;108.272;94.05703;0.9784269;39.56203;-0.0005888962
C:\Mark's Python files\ME5920\IMG\robocam_2025_04_03_22_43_05_733.jpg;0;0.8923673;0;2.710307;108.4404;94.19527;1.005772;39.5448;-0.000666126
C:\Mark's Python files\ME5920\IMG\robocam_2025_04_03_22_43_05_805.jpg;0;1;0;2.760698;108.5692;94.30099;1.06172;39.53163;-0.000755159
C:\Mark's Python files\ME5920\IMG\robocam_2025_04_03_22_43_05_877.jpg;0;1;0;2.80178;108.7446;94.44478;1.178362;39.51311;-0.0008649487
C:\Mark's Python files\ME5920\IMG\robocam_2025_04_03_22_43_05_948.jpg;0;1;0;2.856568;108.8788;94.55464;1.287548;39.49792;-0.0009438182
C:\Mark's Python files\ME5920\IMG\robocam_2025_04_03_22_43_06_019.jpg;0;1;0;2.897195;109.0603;94.70314;1.408441;39.47521;-0.002021012
C:\Mark's Python files\ME5920\IMG\robocam_2025_04_03_22_43_06_089.jpg;0;1;0;2.95486;109.2434;94.85274;1.371395;39.45182;-0.001475316
C:\Mark's Python files\ME5920\IMG\robocam_2025_04_03_22_43_06_161.jpg;0;1;0;2.998849;109.3833;94.96686;1.353083;39.43632;-0.0008767497
C:\Mark's Python files\ME5920\IMG\robocam_2025_04_03_22_43_06_231.jpg;0;1;0;3.052661;109.5734;95.12181;1.373012;39.41063;-0.000923141
C:\Mark's Python files\ME5920\IMG\robocam_2025_04_03_22_43_06_302.jpg;0;1;0;3.092494;109.7181;95.23972;1.385206;39.39058;-0.001500626
C:\Mark's Python files\ME5920\IMG\robocam_2025_04_03_22_43_06_375.jpg;0;1;0;3.147592;109.9139;95.39914;1.385334;39.37078;-0.001561208
C:\Mark's Python files\ME5920\IMG\robocam_2025_04_03_22_43_06_445.jpg;0;1;0;3.202092;110.063;95.52042;1.382396;39.35897;-0.001082793
C:\Mark's Python files\ME5920\IMG\robocam_2025_04_03_22_43_06_515.jpg;0;1;0;3.242889;110.2649;95.68455;1.38886;39.33676;-0.001538151
C:\Mark's Python files\ME5920\IMG\robocam_2025_04_03_22_43_06_585.jpg;-3.224232;1;0;3.296123;110.4191;95.80864;1.39084;39.15749;-0.0004392892
C:\Mark's Python files\ME5920\IMG\robocam_2025_04_03_22_43_06_656.jpg;-6.392862;1;0;3.336044;110.6298;95.97314;1.381549;38.32042;0.001391362
C:\Mark's Python files\ME5920\IMG\robocam_2025_04_03_22_43_06_726.jpg;-3.243816;0.7900636;0;3.385261;110.7912;96.09627;1.372706;37.58372;0.0003649862
C:\Mark's Python files\ME5920\IMG\robocam_2025_04_03_22_43_06_796.jpg;-0.09217818;0.5799544;0;3.411928;111.0085;96.26177;1.360152;37.12916;-0.003054915
C:\Mark's Python files\ME5920\IMG\robocam_2025_04_03_22_43_06_868.jpg;0;0.3636736;0;3.433717;111.1719;96.38644;1.32994;37.06379;-0.004133964
C:\Mark's Python files\ME5920\IMG\robocam_2025_04_03_22_43_06_939.jpg;0;0.1524736;0;3.438814;111.3895;96.55215;1.235742;37.06373;-0.004164663
C:\Mark's Python files\ME5920\IMG\robocam_2025_04_03_22_43_07_009.jpg;0;0;0;3.431996;111.6056;96.7166;1.06587;37.08348;-0.003773505
C:\Mark's Python files\ME5920\IMG\robocam_2025_04_03_22_43_07_049.jpg;-1.537654;0;0;3.421425;111.7131;96.79817;0.9551781;37.06693;-0.004600985
C:\Mark's Python files\ME5920\IMG\robocam_2025_04_03_22_43_07_118.jpg;-3.272233;0;0;3.413938;111.8743;96.91859;0.7619703;36.82563;359.9626
C:\Mark's Python files\ME5920\IMG\robocam_2025_04_03_22_43_07_189.jpg;-6.488073;0;0;3.3983;112.0907;97.074;0.4587466;35.97167;359.8257
C:\Mark's Python files\ME5920\IMG\robocam_2025_04_03_22_43_07_259.jpg;-9.644549;0;0;3.385226;112.2549;97.18511;0.1996132;34.87048;359.6252
C:\Mark's Python files\ME5920\IMG\robocam_2025_04_03_22_43_07_331.jpg;-6.456839;0;0;3.367317;112.4756;97.32845;359.8598;33.37815;359.3203
C:\Mark's Python files\ME5920\IMG\robocam_2025_04_03_22_43_07_401.jpg;-3.200347;0;0;3.351084;112.6421;97.43501;359.6796;32.61761;359.1423
C:\Mark's Python files\ME5920\IMG\robocam_2025_04_03_22_43_07_472.jpg;-0.03998793;0;0;3.338597;112.8657;97.57923;359.639;32.19648;359.1147
C:\Mark's Python files\ME5920\IMG\robocam_2025_04_03_22_43_07_542.jpg;0;0;0;3.31881;113.0347;97.68811;359.7462;32.18021;359.2284
C:\Mark's Python files\ME5920\IMG\robocam_2025_04_03_22_43_07_614.jpg;0;0;0;3.306622;113.2599;97.83052;359.8626;32.18109;359.3545
C:\Mark's Python files\ME5920\IMG\robocam_2025_04_03_22_43_07_687.jpg;0;0.1194414;0;3.292244;113.4278;97.93633;359.9173;32.18113;359.4477
C:\Mark's Python files\ME5920\IMG\robocam_2025_04_03_22_43_07_757.jpg;0;0.3320847;0;3.289353;113.6515;98.0771;359.9777;32.18121;359.5746
C:\Mark's Python files\ME5920\IMG\robocam_2025_04_03_22_43_07_829.jpg;0;0.5465904;0;3.298921;113.8763;98.21851;0.06066744;32.18142;359.7008
C:\Mark's Python files\ME5920\IMG\robocam_2025_04_03_22_43_07_901.jpg;0;0.7642143;0;3.323658;114.0465;98.32557;0.158302;32.18168;359.7924
C:\Mark's Python files\ME5920\IMG\robocam_2025_04_03_22_43_07_973.jpg;0;0.9766371;0;3.353146;114.2771;98.47047;0.3599169;32.18229;359.9077
C:\Mark's Python files\ME5920\IMG\robocam_2025_04_03_22_43_08_044.jpg;0;1;0;3.402656;114.4527;98.58109;0.5564008;32.18846;-0.0013867
C:\Mark's Python files\ME5920\IMG\robocam_2025_04_03_22_43_08_116.jpg;0;1;0;3.441318;114.6909;98.72964;0.8353378;32.16451;0.03300402
C:\Mark's Python files\ME5920\IMG\robocam_2025_04_03_22_43_08_186.jpg;0;0.8920789;0;3.493158;114.8721;98.84236;1.051752;32.13882;0.0310094
C:\Mark's Python files\ME5920\IMG\robocam_2025_04_03_22_43_08_259.jpg;0;0.6820129;0;3.524541;115.1159;98.99374;1.315148;32.0998;-0.0004264655
C:\Mark's Python files\ME5920\IMG\robocam_2025_04_03_22_43_08_330.jpg;0;0.4656194;0;3.552439;115.3593;99.14548;1.446342;32.07767;-0.002354284
C:\Mark's Python files\ME5920\IMG\robocam_2025_04_03_22_43_08_400.jpg;0;0.2521247;0;3.567675;115.5404;99.2581;1.387736;32.06476;-0.001133237
C:\Mark's Python files\ME5920\IMG\robocam_2025_04_03_22_43_08_471.jpg;-3.14046;0.04276066;0;3.568398;115.7814;99.40601;1.2343;31.77871;-0.000317891
C:\Mark's Python files\ME5920\IMG\robocam_2025_04_03_22_43_08_539.jpg;-6.308874;0;0;3.554535;115.9622;99.51367;1.063255;31.16573;359.9908
C:\Mark's Python files\ME5920\IMG\robocam_2025_04_03_22_43_08_609.jpg;-9.470007;0;0;3.541472;116.2046;99.64958;0.7609724;29.73197;359.8413
C:\Mark's Python files\ME5920\IMG\robocam_2025_04_03_22_43_08_649.jpg;-12.42563;0;0;3.526978;116.3267;99.71343;0.5800504;28.752;359.693
C:\Mark's Python files\ME5920\IMG\robocam_2025_04_03_22_43_08_717.jpg;-11.1272;0;0;3.51589;116.5109;99.80402;0.2776997;27.10903;359.3917
C:\Mark's Python files\ME5920\IMG\robocam_2025_04_03_22_43_08_786.jpg;-7.972086;0;0;3.498453;116.6957;99.89037;359.9527;25.6573;359.051
C:\Mark's Python files\ME5920\IMG\robocam_2025_04_03_22_43_08_857.jpg;-4.827702;0;0;3.486152;116.9445;100.0053;359.7141;24.31419;358.7795
C:\Mark's Python files\ME5920\IMG\robocam_2025_04_03_22_43_08_928.jpg;-1.581492;0;0;3.46954;117.1336;100.0936;359.756;23.77047;358.8666
C:\Mark's Python files\ME5920\IMG\robocam_2025_04_03_22_43_08_998.jpg;0;0;0;3.449845;117.3878;100.2089;359.9433;23.63318;359.1099
C:\Mark's Python files\ME5920\IMG\robocam_2025_04_03_22_43_09_067.jpg;0;0;0;3.433189;117.578;100.2926;0.04951781;23.62399;359.2643
C:\Mark's Python files\ME5920\IMG\robocam_2025_04_03_22_43_09_139.jpg;0;0;0;3.422191;117.8299;100.4029;0.12508;23.62305;359.4643
C:\Mark's Python files\ME5920\IMG\robocam_2025_04_03_22_43_09_212.jpg;0;0;0;3.40727;118.0797;100.5121;0.1409356;23.62321;359.6557
C:\Mark's Python files\ME5920\IMG\robocam_2025_04_03_22_43_09_284.jpg;0;0.1087776;0;3.393233;118.266;100.5934;0.1210299;23.62333;359.7921
C:\Mark's Python files\ME5920\IMG\robocam_2025_04_03_22_43_09_356.jpg;0;0.3245178;0;3.39028;118.5141;100.7016;0.08583071;23.62324;359.9603
C:\Mark's Python files\ME5920\IMG\robocam_2025_04_03_22_43_09_425.jpg;0;0.5381607;0;3.398849;118.7009;100.7831;0.07635625;23.6231;0.07410537
C:\Mark's Python files\ME5920\IMG\robocam_2025_04_03_22_43_09_497.jpg;0;0.7514601;0;3.416207;118.9524;100.8927;0.1203737;23.62277;0.2069187
C:\Mark's Python files\ME5920\IMG\robocam_2025_04_03_22_43_09_569.jpg;0;0.9659055;0;3.452756;119.2078;101.0035;0.2159019;23.6074;0.2774762
C:\Mark's Python files\ME5920\IMG\robocam_2025_04_03_22_43_09_640.jpg;0;0.7553589;0;3.487488;119.4021;101.0877;0.3254001;23.59522;0.3024205
C:\Mark's Python files\ME5920\IMG\robocam_2025_04_03_22_43_09_708.jpg;0;0.5424466;0;3.519934;119.5977;101.1724;0.4421189;23.58226;0.3059592
C:\Mark's Python files\ME5920\IMG\robocam_2025_04_03_22_43_09_777.jpg;0;0.336337;0;3.53348;119.8593;101.2857;0.5738956;23.56366;0.2843922
C:\Mark's Python files\ME5920\IMG\robocam_2025_04_03_22_43_09_848.jpg;0;0.1281757;0;3.538377;120.0551;101.3704;0.6359254;23.54912;0.2545314
C:\Mark's Python files\ME5920\IMG\robocam_2025_04_03_22_43_09_921.jpg;0;0;0;3.531204;120.3145;101.4825;0.6470438;23.53054;0.2061058
C:\Mark's Python files\ME5920\IMG\robocam_2025_04_03_22_43_09_993.jpg;0;0;0;3.516229;120.5715;101.5937;0.5813237;23.51385;0.1565991
C:\Mark's Python files\ME5920\IMG\robocam_2025_04_03_22_43_10_062.jpg;0;0;0;3.501051;120.7629;101.6765;0.4932604;23.5035;0.1230037
C:\Mark's Python files\ME5920\IMG\robocam_2025_04_03_22_43_10_134.jpg;0;0;0;3.489661;121.0165;101.7863;0.339116;23.49378;0.08694327
C:\Mark's Python files\ME5920\IMG\robocam_2025_04_03_22_43_10_206.jpg;0;0;0;3.474431;121.2056;101.8683;0.2053213;23.49019;0.06810549
C:\Mark's Python files\ME5920\IMG\robocam_2025_04_03_22_43_10_276.jpg;0;0;0;3.462976;121.4565;101.9773;0.01285328;23.48986;0.05279818
C:\Mark's Python files\ME5920\IMG\robocam_2025_04_03_22_43_10_345.jpg;0;0;0;3.447623;121.644;102.0586;359.8707;23.48476;0.02956668
C:\Mark's Python files\ME5920\IMG\robocam_2025_04_03_22_43_10_416.jpg;0;0;0;3.435657;121.8935;102.1666;359.7086;23.47074;359.973
C:\Mark's Python files\ME5920\IMG\robocam_2025_04_03_22_43_10_487.jpg;0;0;0;3.419536;122.08;102.2479;359.6116;23.47565;359.9603
C:\Mark's Python files\ME5920\IMG\robocam_2025_04_03_22_43_10_556.jpg;0;0;0;3.407668;122.3281;102.3561;359.5053;23.48752;359.9659
C:\Mark's Python files\ME5920\IMG\robocam_2025_04_03_22_43_10_626.jpg;0;0;0;3.391914;122.5135;102.437;359.4404;23.49619;359.9811
C:\Mark's Python files\ME5920\IMG\robocam_2025_04_03_22_43_10_696.jpg;0;0;0;3.379656;122.7602;102.5445;359.3756;23.5043;0.01089101
C:\Mark's Python files\ME5920\IMG\robocam_2025_04_03_22_43_10_768.jpg;0;0;0;3.363821;122.945;102.6245;359.3486;23.49617;0.004559072
C:\Mark's Python files\ME5920\IMG\robocam_2025_04_03_22_43_10_838.jpg;0;0;0;3.35195;123.1905;102.731;359.324;23.49126;-0.00472063
C:\Mark's Python files\ME5920\IMG\robocam_2025_04_03_22_43_10_906.jpg;0;0;0;3.336716;123.3738;102.8107;359.3045;23.49055;359.9908
C:\Mark's Python files\ME5920\IMG\robocam_2025_04_03_22_43_10_978.jpg;0;0;0;3.324464;123.6176;102.9172;359.3183;23.50346;0.02521129
C:\Mark's Python files\ME5920\IMG\robocam_2025_04_03_22_43_11_048.jpg;0;0;0;3.309324;123.7998;102.9964;359.3237;23.50516;0.0405332
C:\Mark's Python files\ME5920\IMG\robocam_2025_04_03_22_43_11_118.jpg;0;0;0;3.298058;124.0421;103.1013;359.3463;23.49635;0.03377516
C:\Mark's Python files\ME5920\IMG\robocam_2025_04_03_22_43_11_190.jpg;0;0;0;3.282253;124.2833;103.2061;359.3765;23.49182;0.01956335
C:\Mark's Python files\ME5920\IMG\robocam_2025_04_03_22_43_11_260.jpg;0;0;0.2131263;3.266253;124.4618;103.2836;359.3541;23.49116;0.01107009
C:\Mark's Python files\ME5920\IMG\robocam_2025_04_03_22_43_11_329.jpg;0;0;0.423297;3.185889;124.6914;103.3833;359.17;23.48885;-0.004048992
C:\Mark's Python files\ME5920\IMG\robocam_2025_04_03_22_43_11_399.jpg;0;0;0.6318573;3.087407;124.8539;103.4547;358.8759;23.50753;0.0293704
C:\Mark's Python files\ME5920\IMG\robocam_2025_04_03_22_43_11_471.jpg;0;0;0;2.899871;125.0609;103.5431;358.4431;23.46596;359.9619
C:\Mark's Python files\ME5920\IMG\robocam_2025_04_03_22_43_11_539.jpg;0;0;0;2.881066;125.2208;103.614;358.5721;23.49263;0.04696514
C:\Mark's Python files\ME5920\IMG\robocam_2025_04_03_22_43_11_611.jpg;0;0;0;2.838234;125.4363;103.706;359.0058;23.44669;-0.005190391
C:\Mark's Python files\ME5920\IMG\robocam_2025_04_03_22_43_11_680.jpg;0;0;0;2.823605;125.5967;103.7758;359.3334;23.4464;0.02056709
C:\Mark's Python files\ME5920\IMG\robocam_2025_04_03_22_43_11_752.jpg;0;0;0;2.811022;125.8089;103.8678;359.7105;23.44572;0.04458667
C:\Mark's Python files\ME5920\IMG\robocam_2025_04_03_22_43_11_822.jpg;0;0;0;2.798711;125.9667;103.9362;359.9434;23.44559;0.05925217
C:\Mark's Python files\ME5920\IMG\robocam_2025_04_03_22_43_11_893.jpg;0;0;0;2.789606;126.1752;104.0266;0.1836351;23.44559;0.07481785
C:\Mark's Python files\ME5920\IMG\robocam_2025_04_03_22_43_11_962.jpg;0;0;0;2.777595;126.3302;104.0937;0.3109255;23.44566;0.08354124
C:\Mark's Python files\ME5920\IMG\robocam_2025_04_03_22_43_12_033.jpg;0;0;0;2.768655;126.5349;104.1825;0.4129234;23.44579;0.09135451
C:\Mark's Python files\ME5920\IMG\robocam_2025_04_03_22_43_12_101.jpg;-1.546466;0;0;2.756702;126.6874;104.2479;0.4410575;23.36777;0.08110991
C:\Mark's Python files\ME5920\IMG\robocam_2025_04_03_22_43_12_172.jpg;-4.707;0;0;2.747295;126.8903;104.3311;0.4213568;22.80736;359.9919
C:\Mark's Python files\ME5920\IMG\robocam_2025_04_03_22_43_12_242.jpg;-7.840467;0;0;2.732782;127.0425;104.3891;0.3553101;21.95715;359.856
C:\Mark's Python files\ME5920\IMG\robocam_2025_04_03_22_43_12_313.jpg;-7.810151;0;0;2.721028;127.2452;104.4603;0.2010887;20.4301;359.5942
C:\Mark's Python files\ME5920\IMG\robocam_2025_04_03_22_43_12_382.jpg;-4.635798;0;0;2.709603;127.3966;104.5119;0.05409748;19.54926;359.4052
C:\Mark's Python files\ME5920\IMG\robocam_2025_04_03_22_43_12_452.jpg;-1.489474;0;0;2.701039;127.598;104.5807;359.8843;18.92776;359.2332
C:\Mark's Python files\ME5920\IMG\robocam_2025_04_03_22_43_12_522.jpg;0;0;0;2.688191;127.7488;104.6328;359.7868;18.81088;359.1708
C:\Mark's Python files\ME5920\IMG\robocam_2025_04_03_22_43_12_593.jpg;0;0;0;2.678504;127.9498;104.7025;359.7096;18.79884;359.1674
C:\Mark's Python files\ME5920\IMG\robocam_2025_04_03_22_43_12_664.jpg;0;0;0;2.665163;128.1008;104.7548;359.7031;18.81026;359.2239
C:\Mark's Python files\ME5920\IMG\robocam_2025_04_03_22_43_12_735.jpg;-3.123004;0;0;2.655298;128.3024;104.8218;359.713;18.53062;359.2785
C:\Mark's Python files\ME5920\IMG\robocam_2025_04_03_22_43_12_806.jpg;-6.316817;0;0;2.642053;128.4539;104.8687;359.7228;17.952;359.2717
C:\Mark's Python files\ME5920\IMG\robocam_2025_04_03_22_43_12_875.jpg;-6.361591;0;0;2.630475;128.6564;104.9259;359.7444;16.72614;359.193
C:\Mark's Python files\ME5920\IMG\robocam_2025_04_03_22_43_12_946.jpg;-3.199851;0;0;2.618579;128.8082;104.9676;359.7699;16.00665;359.1565
C:\Mark's Python files\ME5920\IMG\robocam_2025_04_03_22_43_13_016.jpg;-0.03680082;0;0;2.609599;129.0096;105.0239;359.8046;15.6224;359.1808
C:\Mark's Python files\ME5920\IMG\robocam_2025_04_03_22_43_13_086.jpg;0;0;0;2.597845;129.1598;105.066;359.813;15.57629;359.2246
C:\Mark's Python files\ME5920\IMG\robocam_2025_04_03_22_43_13_157.jpg;0;0;0;2.589061;129.3592;105.1219;359.8129;15.56885;359.3084
C:\Mark's Python files\ME5920\IMG\robocam_2025_04_03_22_43_13_227.jpg;-1.590134;0;0;2.577555;129.5079;105.1632;359.7984;15.53471;359.3729
C:\Mark's Python files\ME5920\IMG\robocam_2025_04_03_22_43_13_299.jpg;-4.769316;0;0;2.56831;129.7063;105.2146;359.7819;15.00634;359.4042
C:\Mark's Python files\ME5920\IMG\robocam_2025_04_03_22_43_13_370.jpg;-7.94556;0;0;2.554828;129.905;105.26;359.7682;13.87868;359.3418
C:\Mark's Python files\ME5920\IMG\robocam_2025_04_03_22_43_13_439.jpg;-11.14052;0;0;2.543167;130.0544;105.2887;359.7726;12.60091;359.2233
C:\Mark's Python files\ME5920\IMG\robocam_2025_04_03_22_43_13_511.jpg;-11.09714;0;0;2.525007;130.2542;105.3201;359.8179;10.53619;359.0024
C:\Mark's Python files\ME5920\IMG\robocam_2025_04_03_22_43_13_580.jpg;-7.878281;0;0;2.511897;130.4049;105.3418;359.9291;9.276031;358.9108
C:\Mark's Python files\ME5920\IMG\robocam_2025_04_03_22_43_13_651.jpg;-4.742622;0;0;2.502622;130.6049;105.3691;0.04613606;8.107674;358.9127
C:\Mark's Python files\ME5920\IMG\robocam_2025_04_03_22_43_13_721.jpg;-1.532718;0;0;2.493629;130.7525;105.3889;0.01798255;7.639191;358.993
C:\Mark's Python files\ME5920\IMG\robocam_2025_04_03_22_43_13_791.jpg;0;0;0;2.485625;130.9483;105.415;359.9502;7.509819;359.1287
C:\Mark's Python files\ME5920\IMG\robocam_2025_04_03_22_43_13_863.jpg;0;0;0.10542;2.469517;131.0939;105.4344;359.8828;7.500053;359.2465
C:\Mark's Python files\ME5920\IMG\robocam_2025_04_03_22_43_13_933.jpg;0;0;0.3174903;2.428118;131.2819;105.4594;359.6794;7.503532;359.4235
C:\Mark's Python files\ME5920\IMG\robocam_2025_04_03_22_43_14_004.jpg;0;0;0.5307705;2.317574;131.4145;105.4772;359.3791;7.513451;359.5797
C:\Mark's Python files\ME5920\IMG\robocam_2025_04_03_22_43_14_072.jpg;0;0;0.7388562;2.19266;131.5756;105.4998;358.7683;7.500397;359.8797
C:\Mark's Python files\ME5920\IMG\robocam_2025_04_03_22_43_14_142.jpg;0;0;0.9451635;2.018475;131.6892;105.5136;358.3832;7.466469;0.03845444
C:\Mark's Python files\ME5920\IMG\robocam_2025_04_03_22_43_14_212.jpg;0;0;0;1.907666;131.8396;105.5287;358.2887;7.065964;359.9807
C:\Mark's Python files\ME5920\IMG\robocam_2025_04_03_22_43_14_280.jpg;0;0;0;1.884607;131.9588;105.542;358.6885;6.80983;0.014892
C:\Mark's Python files\ME5920\IMG\robocam_2025_04_03_22_43_14_353.jpg;0;0;0;1.822593;132.1172;105.5596;359.4128;6.657387;0.003154512
C:\Mark's Python files\ME5920\IMG\robocam_2025_04_03_22_43_14_422.jpg;0;0;0;1.814126;132.2333;105.5731;359.8739;6.649918;0.01337354
C:\Mark's Python files\ME5920\IMG\robocam_2025_04_03_22_43_14_493.jpg;0;0;0;1.808429;132.3859;105.5909;0.3897223;6.648888;0.02488078
C:\Mark's Python files\ME5920\IMG\robocam_2025_04_03_22_43_14_564.jpg;0;0;0;1.801224;132.4983;105.6037;0.6813657;6.642601;0.01588283
C:\Mark's Python files\ME5920\IMG\robocam_2025_04_03_22_43_14_634.jpg;0;0;0;1.796347;132.6454;105.6206;0.9299775;6.636353;-0.001111386
C:\Mark's Python files\ME5920\IMG\robocam_2025_04_03_22_43_14_704.jpg;0;0;0;1.789473;132.7538;105.6332;1.030772;6.636185;-0.001004147
C:\Mark's Python files\ME5920\IMG\robocam_2025_04_03_22_43_14_773.jpg;0;0;0;1.784298;132.8962;105.6497;1.06921;6.632919;-0.0008286782
C:\Mark's Python files\ME5920\IMG\robocam_2025_04_03_22_43_14_845.jpg;0;0;0;1.777268;133.0017;105.6618;1.038738;6.628838;-0.0007057065
C:\Mark's Python files\ME5920\IMG\robocam_2025_04_03_22_43_14_916.jpg;0;0;0;1.771876;133.1407;105.6777;0.9375334;6.622498;-0.0005649002
C:\Mark's Python files\ME5920\IMG\robocam_2025_04_03_22_43_14_985.jpg;0;0;0;1.76458;133.244;105.6894;0.8280278;6.617752;-0.0003963257
C:\Mark's Python files\ME5920\IMG\robocam_2025_04_03_22_43_15_055.jpg;0;0;0;1.759062;133.3808;105.7051;0.6528925;6.611664;-4.378543E-05
C:\Mark's Python files\ME5920\IMG\robocam_2025_04_03_22_43_15_125.jpg;0;0;0;1.75163;133.4827;105.7168;0.5088854;6.608749;0.003505092
C:\Mark's Python files\ME5920\IMG\robocam_2025_04_03_22_43_15_197.jpg;0;0;0;1.746;133.6179;105.7324;0.3072797;6.608589;0.01508736
C:\Mark's Python files\ME5920\IMG\robocam_2025_04_03_22_43_15_270.jpg;0;0;0;1.738389;133.7523;105.7479;0.09881043;6.608635;0.02513848
C:\Mark's Python files\ME5920\IMG\robocam_2025_04_03_22_43_15_338.jpg;0;0;0;1.732602;133.8528;105.7596;359.9453;6.608673;0.03131437
C:\Mark's Python files\ME5920\IMG\robocam_2025_04_03_22_43_15_411.jpg;0;0;0;1.7248;133.9866;105.7749;359.758;6.605865;0.03112119
C:\Mark's Python files\ME5920\IMG\robocam_2025_04_03_22_43_15_480.jpg;0;0;0;1.716581;134.087;105.7864;359.6477;6.600571;0.01597993
C:\Mark's Python files\ME5920\IMG\robocam_2025_04_03_22_43_15_551.jpg;0;0;0;1.710386;134.2209;105.8018;359.5347;6.595535;359.9875
C:\Mark's Python files\ME5920\IMG\robocam_2025_04_03_22_43_15_622.jpg;0;0;0;1.704129;134.3214;105.8136;359.4805;6.599899;359.9837
C:\Mark's Python files\ME5920\IMG\robocam_2025_04_03_22_43_15_691.jpg;0;0;0;1.696022;134.4552;105.8292;359.4343;6.605011;359.9864
C:\Mark's Python files\ME5920\IMG\robocam_2025_04_03_22_43_15_762.jpg;0;0;0;1.68776;134.5555;105.8409;359.416;6.605995;359.9901
C:\Mark's Python files\ME5920\IMG\robocam_2025_04_03_22_43_15_833.jpg;0;0;0;1.681887;134.689;105.8565;359.4136;6.610085;0.004726632
C:\Mark's Python files\ME5920\IMG\robocam_2025_04_03_22_43_15_903.jpg;0;0;0;1.673729;134.789;105.8681;359.4246;6.610924;0.01639077
C:\Mark's Python files\ME5920\IMG\robocam_2025_04_03_22_43_15_972.jpg;0;0;0;1.667928;134.9219;105.8834;359.4505;6.608589;0.02379216
C:\Mark's Python files\ME5920\IMG\robocam_2025_04_03_22_43_16_042.jpg;0;0;0;1.659915;135.0214;105.8948;359.4814;6.607033;0.0228893
C:\Mark's Python files\ME5920\IMG\robocam_2025_04_03_22_43_16_115.jpg;0;0;0;1.6542;135.1535;105.9101;359.5233;6.606857;0.02223813
C:\Mark's Python files\ME5920\IMG\robocam_2025_04_03_22_43_16_185.jpg;-3.216438;0;0;1.646442;135.2523;105.9204;359.5532;6.444244;-0.005446961
C:\Mark's Python files\ME5920\IMG\robocam_2025_04_03_22_43_16_256.jpg;-6.359891;0;0;1.639657;135.3837;105.9307;359.5931;5.763733;359.8911
C:\Mark's Python files\ME5920\IMG\robocam_2025_04_03_22_43_16_327.jpg;-9.561339;0;0;1.629319;135.482;105.9355;359.6321;4.953102;359.7736
C:\Mark's Python files\ME5920\IMG\robocam_2025_04_03_22_43_16_397.jpg;-12.75849;0;0;1.619516;135.6125;105.9368;359.6974;3.406212;359.5519
C:\Mark's Python files\ME5920\IMG\robocam_2025_04_03_22_43_16_467.jpg;-15;0;0;1.605296;135.7097;105.9337;359.7539;1.971474;359.3445
C:\Mark's Python files\ME5920\IMG\robocam_2025_04_03_22_43_16_537.jpg;-15;0;0;1.5955;135.8384;105.9254;359.8467;359.9496;359.0611
C:\Mark's Python files\ME5920\IMG\robocam_2025_04_03_22_43_16_607.jpg;-14.85741;0;0;1.584456;135.9346;105.9169;359.9513;358.4627;358.8916
C:\Mark's Python files\ME5920\IMG\robocam_2025_04_03_22_43_16_675.jpg;-11.80557;0;0;1.577127;136.0604;105.905;359.9929;356.7278;358.8639
C:\Mark's Python files\ME5920\IMG\robocam_2025_04_03_22_43_16_745.jpg;-8.633454;0;0;1.572661;136.1535;105.8947;359.9769;355.7138;358.9604
C:\Mark's Python files\ME5920\IMG\robocam_2025_04_03_22_43_16_816.jpg;-8.659639;0;0;1.568432;136.277;105.8787;359.9499;354.6315;359.0764
C:\Mark's Python files\ME5920\IMG\robocam_2025_04_03_22_43_16_886.jpg;-11.81854;0;0;1.559844;136.3686;105.8636;359.9238;353.6183;359.1138
C:\Mark's Python files\ME5920\IMG\robocam_2025_04_03_22_43_16_955.jpg;-14.96982;0;0;1.551313;136.4889;105.8384;359.8898;351.8447;359.0885
C:\Mark's Python files\ME5920\IMG\robocam_2025_04_03_22_43_17_024.jpg;-15;0;0;1.540549;136.5781;105.8166;359.8755;350.3942;359.0466
C:\Mark's Python files\ME5920\IMG\robocam_2025_04_03_22_43_17_093.jpg;-15;0;0;1.533537;136.6961;105.7845;359.8915;348.4743;358.9957
C:\Mark's Python files\ME5920\IMG\robocam_2025_04_03_22_43_17_165.jpg;-15;0;0;1.523736;136.784;105.7578;359.9375;347.0363;358.9657
C:\Mark's Python files\ME5920\IMG\robocam_2025_04_03_22_43_17_236.jpg;-15;0;0;1.51639;136.8995;105.7188;0.009713063;345.103;358.9315
C:\Mark's Python files\ME5920\IMG\robocam_2025_04_03_22_43_17_307.jpg;-15;0;0;1.50825;136.9838;105.6878;0.003133349;343.6651;358.9316
C:\Mark's Python files\ME5920\IMG\robocam_2025_04_03_22_43_17_378.jpg;-15;0;0;1.502087;137.0943;105.6431;359.9875;341.7654;358.9467
C:\Mark's Python files\ME5920\IMG\robocam_2025_04_03_22_43_17_450.jpg;-11.82101;0;0;1.494458;137.2035;105.596;359.9842;340.0893;358.9732
C:\Mark's Python files\ME5920\IMG\robocam_2025_04_03_22_43_17_523.jpg;-8.575174;0;0;1.489481;137.285;105.5604;359.9774;339.1301;359.0138
C:\Mark's Python files\ME5920\IMG\robocam_2025_04_03_22_43_17_593.jpg;-5.324118;0;0;1.48536;137.3933;105.5133;359.9584;338.2533;359.1049
C:\Mark's Python files\ME5920\IMG\robocam_2025_04_03_22_43_17_664.jpg;-5.594591;0;0;1.479345;137.474;105.4779;359.9355;337.7562;359.1833
C:\Mark's Python files\ME5920\IMG\robocam_2025_04_03_22_43_17_735.jpg;-8.812343;0;0;1.473747;137.5797;105.4279;359.9011;336.799;359.2372
C:\Mark's Python files\ME5920\IMG\robocam_2025_04_03_22_43_17_805.jpg;-12.03432;0;0;1.464829;137.6572;105.3879;359.8748;335.8161;359.2336
C:\Mark's Python files\ME5920\IMG\robocam_2025_04_03_22_43_17_876.jpg;-15;0;0;1.456206;137.7575;105.3306;359.8469;334.1029;359.166
C:\Mark's Python files\ME5920\IMG\robocam_2025_04_03_22_43_17_945.jpg;-15;0;0;1.445555;137.831;105.2855;359.8374;332.7123;359.0979
C:\Mark's Python files\ME5920\IMG\robocam_2025_04_03_22_43_18_018.jpg;-15;0;0;1.438975;137.9275;105.2229;359.8609;330.879;359.022
C:\Mark's Python files\ME5920\IMG\robocam_2025_04_03_22_43_18_088.jpg;-15;0;0;1.429465;137.9986;105.1739;359.9146;329.5069;358.9814
C:\Mark's Python files\ME5920\IMG\robocam_2025_04_03_22_43_18_159.jpg;-15;0;0;1.422371;138.0912;105.106;0.007000464;327.6585;358.9358
C:\Mark's Python files\ME5920\IMG\robocam_2025_04_03_22_43_18_229.jpg;-15;0;0;1.414315;138.1798;105.0368;0.007469986;325.8278;358.9279
C:\Mark's Python files\ME5920\IMG\robocam_2025_04_03_22_43_18_300.jpg;-15;0;0;1.408726;138.2443;104.9834;359.9914;324.4712;358.9477
C:\Mark's Python files\ME5920\IMG\robocam_2025_04_03_22_43_18_371.jpg;-15;0;0;1.400492;138.3275;104.9098;359.9779;322.6597;358.9587
C:\Mark's Python files\ME5920\IMG\robocam_2025_04_03_22_43_18_441.jpg;-15;0;0;1.394594;138.3882;104.8531;359.9751;321.3091;358.9617
C:\Mark's Python files\ME5920\IMG\robocam_2025_04_03_22_43_18_513.jpg;-15;0;0;1.386506;138.4668;104.7756;359.9778;319.5128;358.9544
C:\Mark's Python files\ME5920\IMG\robocam_2025_04_03_22_43_18_585.jpg;-15;0;0;1.37838;138.5238;104.7161;359.9827;318.1674;358.9437
C:\Mark's Python files\ME5920\IMG\robocam_2025_04_03_22_43_18_653.jpg;-13.40151;0;0;1.372494;138.5978;104.6355;-0.003911564;316.4484;358.9496
C:\Mark's Python files\ME5920\IMG\robocam_2025_04_03_22_43_18_722.jpg;-10.24402;0;0;1.367634;138.6526;104.5749;-0.001494211;315.4106;358.9792
C:\Mark's Python files\ME5920\IMG\robocam_2025_04_03_22_43_18_792.jpg;-13.31496;0;0;1.362474;138.7228;104.4925;359.9872;313.9518;358.9868
C:\Mark's Python files\ME5920\IMG\robocam_2025_04_03_22_43_18_862.jpg;-10.19234;0;0;1.355576;138.7743;104.4302;359.9744;312.9365;358.9979
C:\Mark's Python files\ME5920\IMG\robocam_2025_04_03_22_43_18_932.jpg;-7.048719;0;0.2095749;1.338568;138.8411;104.3496;359.8973;311.9498;359.0601
C:\Mark's Python files\ME5920\IMG\robocam_2025_04_03_22_43_19_003.jpg;-3.887446;0;0.4203264;1.259754;138.888;104.2943;359.7284;311.5284;359.166
C:\Mark's Python files\ME5920\IMG\robocam_2025_04_03_22_43_19_074.jpg;-0.7223577;0;0.6313323;1.155316;138.9432;104.2317;359.3033;311.3439;359.4285
C:\Mark's Python files\ME5920\IMG\robocam_2025_04_03_22_43_19_144.jpg;0;0;0.8435763;0.9912425;138.9777;104.1938;358.8701;311.4163;359.7441
C:\Mark's Python files\ME5920\IMG\robocam_2025_04_03_22_43_19_214.jpg;0;0;1;0.7930515;139.0093;104.1587;358.1824;311.7878;0.1655311
C:\Mark's Python files\ME5920\IMG\robocam_2025_04_03_22_43_19_284.jpg;0;0;1;0.5060632;139.0207;104.1407;357.6985;311.6328;0.1625075
C:\Mark's Python files\ME5920\IMG\robocam_2025_04_03_22_43_19_354.jpg;0;0;1;0.2672805;139.0231;104.1315;357.0485;310.9749;359.9857
C:\Mark's Python files\ME5920\IMG\robocam_2025_04_03_22_43_19_426.jpg;0;0;1;0.08145337;139.0232;104.1314;356.7611;310.9767;0.01097743
C:\Mark's Python files\ME5920\IMG\robocam_2025_04_03_22_43_19_496.jpg;0;0;1;0;139.0234;104.1313;356.868;310.9921;0.01212387
C:\Mark's Python files\ME5920\IMG\robocam_2025_04_03_22_43_19_567.jpg;0;0;1;-0.1056427;139.0234;104.1311;357.2787;310.9853;-0.002070922
C:\Mark's Python files\ME5920\IMG\robocam_2025_04_03_22_43_19_637.jpg;0;0;1;-0.2016059;139.0234;104.1312;358.2664;310.9932;0.005970077
C:\Mark's Python files\ME5920\IMG\robocam_2025_04_03_22_43_19_706.jpg;0;0;1;-0.2940386;139.0233;104.1313;359.2495;310.9916;-0.004165412
C:\Mark's Python files\ME5920\IMG\robocam_2025_04_03_22_43_19_775.jpg;0;0;1;-0.2786743;139.0229;104.1317;0.4814965;310.9918;359.9878
C:\Mark's Python files\ME5920\IMG\robocam_2025_04_03_22_43_19_847.jpg;0;0;0;-0.2256131;139.0228;104.1319;1.233042;310.9988;0.01256363
C:\Mark's Python files\ME5920\IMG\robocam_2025_04_03_22_43_19_919.jpg;0;0;0;-0.1612641;139.023;104.1325;1.880295;310.9994;0.01457088
C:\Mark's Python files\ME5920\IMG\robocam_2025_04_03_22_43_19_989.jpg;0;0;0;-0.05310427;139.0226;104.1324;1.993832;310.9969;0.001667095
C:\Mark's Python files\ME5920\IMG\robocam_2025_04_03_22_43_20_058.jpg;0;0;0;0.05163069;139.0221;104.1321;1.683666;310.995;359.9922
C:\Mark's Python files\ME5920\IMG\robocam_2025_04_03_22_43_20_128.jpg;1.57698;0;0;0.150099;139.022;104.1321;1.162144;311.0862;0.01789659
C:\Mark's Python files\ME5920\IMG\robocam_2025_04_03_22_43_20_198.jpg;4.717777;0;0;0.1614788;139.0221;104.1318;0.4443645;312.0231;0.07591335
C:\Mark's Python files\ME5920\IMG\robocam_2025_04_03_22_43_20_269.jpg;7.914082;0;0;0.1505762;139.0222;104.1316;359.7855;313.733;0.1519479
C:\Mark's Python files\ME5920\IMG\robocam_2025_04_03_22_43_20_339.jpg;11.06723;0;0;0.1394329;139.0223;104.1314;359.3648;315.6313;0.2030713
C:\Mark's Python files\ME5920\IMG\robocam_2025_04_03_22_43_20_409.jpg;14.26368;0;0;0.1036611;139.0224;104.1312;358.938;318.8648;0.2405892
C:\Mark's Python files\ME5920\IMG\robocam_2025_04_03_22_43_20_481.jpg;15;0;0;0.07340412;139.0225;104.1311;358.7665;321.562;0.1838467
C:\Mark's Python files\ME5920\IMG\robocam_2025_04_03_22_43_20_552.jpg;15;0;0;0.06533288;139.0226;104.1311;358.7862;325.1591;359.9495
C:\Mark's Python files\ME5920\IMG\robocam_2025_04_03_22_43_20_622.jpg;15;0;0;-0.07070528;139.0227;104.1312;358.9095;327.8585;359.8133
C:\Mark's Python files\ME5920\IMG\robocam_2025_04_03_22_43_20_691.jpg;15;0;0;-0.06542364;139.0227;104.1313;359.1389;331.4588;359.7098
C:\Mark's Python files\ME5920\IMG\robocam_2025_04_03_22_43_20_760.jpg;15;0;0;-0.06591117;139.0226;104.1313;359.3194;334.1591;359.6424
C:\Mark's Python files\ME5920\IMG\robocam_2025_04_03_22_43_20_832.jpg;15;0;0;-0.06398648;139.0226;104.1314;359.5477;337.7594;359.5483
C:\Mark's Python files\ME5920\IMG\robocam_2025_04_03_22_43_20_901.jpg;15;0;0;-0.06004824;139.0225;104.1315;359.706;340.4599;359.4773
C:\Mark's Python files\ME5920\IMG\robocam_2025_04_03_22_43_20_971.jpg;15;0;0;-0.05624748;139.0224;104.1315;359.8967;344.0608;359.3866
C:\Mark's Python files\ME5920\IMG\robocam_2025_04_03_22_43_21_042.jpg;15;0;0;-0.05036757;139.0224;104.1316;0.02295312;346.7615;359.3245
C:\Mark's Python files\ME5920\IMG\robocam_2025_04_03_22_43_21_112.jpg;15;0;0;-0.04120468;139.0222;104.1316;0.1513266;350.3626;359.2719
C:\Mark's Python files\ME5920\IMG\robocam_2025_04_03_22_43_21_183.jpg;15;0;0;-0.03122154;139.0222;104.1317;0.2225126;353.0631;359.2553
C:\Mark's Python files\ME5920\IMG\robocam_2025_04_03_22_43_21_253.jpg;15;0;0;-0.0271431;139.0222;104.1317;0.2898377;356.6634;359.2617
C:\Mark's Python files\ME5920\IMG\robocam_2025_04_03_22_43_21_322.jpg;15;0;0;-0.02365602;139.0221;104.1317;0.3252826;359.3636;359.2841
C:\Mark's Python files\ME5920\IMG\robocam_2025_04_03_22_43_21_394.jpg;15;0;0;-0.02307774;139.0221;104.1317;0.3593551;2.96357;359.3318
C:\Mark's Python files\ME5920\IMG\robocam_2025_04_03_22_43_21_464.jpg;15;0;0;-0.02381011;139.0221;104.1316;0.3776853;5.66349;359.3784
C:\Mark's Python files\ME5920\IMG\robocam_2025_04_03_22_43_21_535.jpg;15;0;0;-0.0246182;139.0221;104.1316;0.3957282;9.26329;359.4508
C:\Mark's Python files\ME5920\IMG\robocam_2025_04_03_22_43_21_605.jpg;15;0;0;-0.02551467;139.0221;104.1316;0.4058925;11.96307;359.5106
C:\Mark's Python files\ME5920\IMG\robocam_2025_04_03_22_43_21_676.jpg;15;0;0;-0.02588126;139.0221;104.1315;0.4160479;15.56275;359.5946
C:\Mark's Python files\ME5920\IMG\robocam_2025_04_03_22_43_21_744.jpg;15;0;0;-0.02598194;139.0221;104.1315;0.4214241;18.26247;359.6592
C:\Mark's Python files\ME5920\IMG\robocam_2025_04_03_22_43_21_815.jpg;15;0;0;-0.02574207;139.022;104.1315;0.4258667;21.86201;359.7455
C:\Mark's Python files\ME5920\IMG\robocam_2025_04_03_22_43_21_854.jpg;15;0;0;-0.02503479;139.0221;104.1314;0.4269435;23.6618;359.7879
C:\Mark's Python files\ME5920\IMG\robocam_2025_04_03_22_43_21_921.jpg;15;0;0;-0.02453077;139.0221;104.1314;0.4271072;26.36146;359.85
C:\Mark's Python files\ME5920\IMG\robocam_2025_04_03_22_43_21_991.jpg;15;0;0;-0.02361583;139.0221;104.1314;0.4244896;29.96094;359.9284
C:\Mark's Python files\ME5920\IMG\robocam_2025_04_03_22_43_22_062.jpg;15;0;0;0.0221633;139.0221;104.1314;0.4202587;32.66058;359.9832
C:\Mark's Python files\ME5920\IMG\robocam_2025_04_03_22_43_22_133.jpg;15;0;0;0.02096025;139.0221;104.1313;0.4113533;36.26007;0.04968672
C:\Mark's Python files\ME5920\IMG\robocam_2025_04_03_22_43_22_203.jpg;15;0;0;0.01930016;139.0221;104.1313;0.4020728;38.95977;0.09428742
C:\Mark's Python files\ME5920\IMG\robocam_2025_04_03_22_43_22_273.jpg;15;0;0;0.01808235;139.0222;104.1313;0.3860446;42.55943;0.146277
C:\Mark's Python files\ME5920\IMG\robocam_2025_04_03_22_43_22_343.jpg;15;0;0;0.01658958;139.0222;104.1313;0.3712073;45.25921;0.1795539
C:\Mark's Python files\ME5920\IMG\robocam_2025_04_03_22_43_22_414.jpg;15;0;0;0.01539859;139.0222;104.1313;0.3431442;48.85887;0.2119099
C:\Mark's Python files\ME5920\IMG\robocam_2025_04_03_22_43_22_454.jpg;15;0;0;0.0145391;139.0222;104.1313;0.3269024;50.65878;0.2246349
C:\Mark's Python files\ME5920\IMG\robocam_2025_04_03_22_43_22_523.jpg;15;0;0;0.0143359;139.0222;104.1313;0.3004773;53.35873;0.2403288
C:\Mark's Python files\ME5920\IMG\robocam_2025_04_03_22_43_22_596.jpg;15;0;0;0.01412374;139.0222;104.1313;0.2623163;56.95873;0.2559139
C:\Mark's Python files\ME5920\IMG\robocam_2025_04_03_22_43_22_635.jpg;15;0;0;0.01395187;139.0223;104.1313;0.2422153;58.75875;0.2616085
C:\Mark's Python files\ME5920\IMG\robocam_2025_04_03_22_43_22_704.jpg;15;0;0;0.01388969;139.0223;104.1313;0.2110774;61.45881;0.2677292
C:\Mark's Python files\ME5920\IMG\robocam_2025_04_03_22_43_22_773.jpg;15;0;0;0.01380211;139.0223;104.1313;0.1682916;65.05891;0.2717471
C:\Mark's Python files\ME5920\IMG\robocam_2025_04_03_22_43_22_843.jpg;15;0;0;0.01365795;139.0223;104.1313;0.1357408;67.75902;0.2719614
C:\Mark's Python files\ME5920\IMG\robocam_2025_04_03_22_43_22_913.jpg;15;0;0;0.01350604;139.0223;104.1314;0.09243839;71.35916;0.2689406
C:\Mark's Python files\ME5920\IMG\robocam_2025_04_03_22_43_22_984.jpg;15;0;0;0.01322537;139.0223;104.1314;0.06050794;74.0593;0.2644648
C:\Mark's Python files\ME5920\IMG\robocam_2025_04_03_22_43_23_054.jpg;15;0;0;0.01294915;139.0223;104.1314;0.01932204;77.65947;0.2559142
C:\Mark's Python files\ME5920\IMG\robocam_2025_04_03_22_43_23_124.jpg;15;0;0;0.01249575;139.0223;104.1314;359.9899;80.35959;0.247787
C:\Mark's Python files\ME5920\IMG\robocam_2025_04_03_22_43_23_195.jpg;15;0;0;0.01209873;139.0223;104.1314;359.9531;83.95973;0.234958
C:\Mark's Python files\ME5920\IMG\robocam_2025_04_03_22_43_23_265.jpg;15;0;0;0.01151112;139.0223;104.1314;359.9277;86.65984;0.2240212
C:\Mark's Python files\ME5920\IMG\robocam_2025_04_03_22_43_23_337.jpg;15;0;0;0.01104124;139.0223;104.1314;359.8971;90.25995;0.2079235
C:\Mark's Python files\ME5920\IMG\robocam_2025_04_03_22_43_23_409.jpg;15;0;0;0.01040175;139.0223;104.1315;359.8706;93.86005;0.1903419
C:\Mark's Python files\ME5920\IMG\robocam_2025_04_03_22_43_23_483.jpg;15;0;0;0;139.0223;104.1315;359.8535;96.56009;0.1763335
C:\Mark's Python files\ME5920\IMG\robocam_2025_04_03_22_43_23_554.jpg;15;0;0;0;139.0223;104.1315;359.8346;100.1602;0.1567539
C:\Mark's Python files\ME5920\IMG\robocam_2025_04_03_22_43_23_623.jpg;15;0;0;0;139.0223;104.1315;359.8233;102.8602;0.1415228
C:\Mark's Python files\ME5920\IMG\robocam_2025_04_03_22_43_23_694.jpg;15;0;0;0;139.0222;104.1315;359.8121;106.4602;0.1206764
C:\Mark's Python files\ME5920\IMG\robocam_2025_04_03_22_43_23_764.jpg;15;0;0;0;139.0222;104.1315;359.8065;109.1602;0.1047707
C:\Mark's Python files\ME5920\IMG\robocam_2025_04_03_22_43_23_835.jpg;15;0;0;0;139.0222;104.1315;359.8026;112.7602;0.08340069
C:\Mark's Python files\ME5920\IMG\robocam_2025_04_03_22_43_23_905.jpg;15;0;0;0;139.0222;104.1315;359.8021;115.4602;0.06739101
C:\Mark's Python files\ME5920\IMG\robocam_2025_04_03_22_43_23_975.jpg;15;0;0;0;139.0222;104.1315;359.8045;119.0601;0.0462747
C:\Mark's Python files\ME5920\IMG\robocam_2025_04_03_22_43_24_046.jpg;15;0;0;0;139.0222;104.1315;359.8084;121.7601;0.03075386
C:\Mark's Python files\ME5920\IMG\robocam_2025_04_03_22_43_24_119.jpg;15;0;0;0;139.0222;104.1315;359.8161;125.3601;0.01068813
C:\Mark's Python files\ME5920\IMG\robocam_2025_04_03_22_43_24_191.jpg;15;0;0;0;139.0222;104.1315;359.8262;128.96;359.9916
C:\Mark's Python files\ME5920\IMG\robocam_2025_04_03_22_43_24_262.jpg;15;0;0;0;139.0222;104.1314;359.8351;131.66;359.978
C:\Mark's Python files\ME5920\IMG\robocam_2025_04_03_22_43_24_334.jpg;11.8152;0;0;0;139.0222;104.1314;359.8489;134.6897;359.9597
C:\Mark's Python files\ME5920\IMG\robocam_2025_04_03_22_43_24_405.jpg;8.58822;0;0;0;139.0222;104.1314;359.8608;136.4257;359.9461
C:\Mark's Python files\ME5920\IMG\robocam_2025_04_03_22_43_24_477.jpg;5.391114;0;0;0;139.0222;104.1314;359.8791;137.9137;359.9287
C:\Mark's Python files\ME5920\IMG\robocam_2025_04_03_22_43_24_549.jpg;2.111779;0;0;0;139.0222;104.1314;359.8999;138.618;359.9137
C:\Mark's Python files\ME5920\IMG\robocam_2025_04_03_22_43_24_622.jpg;0;0;0;0;139.0222;104.1314;359.9171;138.649;359.9047
C:\Mark's Python files\ME5920\IMG\robocam_2025_04_03_22_43_24_694.jpg;0;0;0;0;139.0222;104.1314;359.9405;138.649;359.8968
C:\Mark's Python files\ME5920\IMG\robocam_2025_04_03_22_43_24_764.jpg;0;0;0;0;139.0222;104.1314;359.958;138.649;359.8939
C:\Mark's Python files\ME5920\IMG\robocam_2025_04_03_22_43_24_834.jpg;0;0;0;0;139.0222;104.1314;359.9805;138.649;359.8938
C:\Mark's Python files\ME5920\IMG\robocam_2025_04_03_22_43_24_903.jpg;0;0;0;0;139.0222;104.1314;-0.00356712;138.649;359.8963
C:\Mark's Python files\ME5920\IMG\robocam_2025_04_03_22_43_24_975.jpg;0;0.1090185;0;0;139.0225;104.1311;0.005959083;138.6488;359.9026
C:\Mark's Python files\ME5920\IMG\robocam_2025_04_03_22_43_25_046.jpg;0;0.3193305;0;0;139.0212;104.1322;0.05758055;138.5697;359.9094
C:\Mark's Python files\ME5920\IMG\robocam_2025_04_03_22_43_25_087.jpg;0;0.5299701;0;0.03367066;139.02;104.1333;0.100392;138.5796;359.9146
C:\Mark's Python files\ME5920\IMG\robocam_2025_04_03_22_43_25_154.jpg;0;0.6468705;0;0.04390616;139.0152;104.1375;0.2438996;138.6265;359.9261
C:\Mark's Python files\ME5920\IMG\robocam_2025_04_03_22_43_25_224.jpg;0;0.8582661;0;0.09517893;139.0091;104.1427;0.399465;138.6612;359.9455
C:\Mark's Python files\ME5920\IMG\robocam_2025_04_03_22_43_25_294.jpg;0;1;0;0.1290977;138.9972;104.1529;0.663081;138.5378;-0.004981622
C:\Mark's Python files\ME5920\IMG\robocam_2025_04_03_22_43_25_365.jpg;0;1;0;0.1987711;138.9854;104.1636;0.8978729;138.378;0.02167312
C:\Mark's Python files\ME5920\IMG\robocam_2025_04_03_22_43_25_437.jpg;0;1;0;0.2553361;138.9657;104.1819;1.235943;138.1873;0.003010519
C:\Mark's Python files\ME5920\IMG\robocam_2025_04_03_22_43_25_509.jpg;0;1;0;0.3409518;138.9449;104.2004;1.291723;138.1163;-0.002155045
C:\Mark's Python files\ME5920\IMG\robocam_2025_04_03_22_43_25_582.jpg;0;1;0;0.4027935;138.9295;104.2143;1.122597;138.0708;-0.0005332573
C:\Mark's Python files\ME5920\IMG\robocam_2025_04_03_22_43_25_653.jpg;0;1;0;0.4528095;138.9031;104.2381;1.038421;138.0319;4.277575E-05
C:\Mark's Python files\ME5920\IMG\robocam_2025_04_03_22_43_25_725.jpg;0;1;0;0.5166158;138.8803;104.2587;1.036404;138.012;-0.0004999929
C:\Mark's Python files\ME5920\IMG\robocam_2025_04_03_22_43_25_795.jpg;0;1;0;0.5664056;138.8455;104.2902;1.118612;138.1259;-0.0005946599
C:\Mark's Python files\ME5920\IMG\robocam_2025_04_03_22_43_25_866.jpg;0;1;0;0.6200499;138.8167;104.3162;1.20752;138.1117;7.653645E-05
C:\Mark's Python files\ME5920\IMG\robocam_2025_04_03_22_43_25_937.jpg;0;1;0;0.6548709;138.7765;104.3526;1.24172;138.0454;-0.0007427974
C:\Mark's Python files\ME5920\IMG\robocam_2025_04_03_22_43_26_008.jpg;0;1;0;0.7447978;138.7433;104.3828;1.251364;138.0434;-0.00098581
C:\Mark's Python files\ME5920\IMG\robocam_2025_04_03_22_43_26_081.jpg;0;1;0;0.7881132;138.6962;104.4255;1.218796;138.0021;-0.0006603833
C:\Mark's Python files\ME5920\IMG\robocam_2025_04_03_22_43_26_151.jpg;0;1;0;0.8470276;138.6458;104.4711;1.182217;138.015;-0.000664991
C:\Mark's Python files\ME5920\IMG\robocam_2025_04_03_22_43_26_220.jpg;0;1;0;0.9163671;138.6043;104.5086;1.222571;138.022;-0.0009255412
C:\Mark's Python files\ME5920\IMG\robocam_2025_04_03_22_43_26_293.jpg;0;1;0;0.9763107;138.5458;104.5617;1.254784;138.0159;-0.001812676
C:\Mark's Python files\ME5920\IMG\robocam_2025_04_03_22_43_26_363.jpg;0;1;0;1.042389;138.4997;104.6036;1.240481;137.998;-0.00070234
C:\Mark's Python files\ME5920\IMG\robocam_2025_04_03_22_43_26_435.jpg;0;1;0;1.090605;138.435;104.6623;1.216025;138.0014;-0.0002992083
C:\Mark's Python files\ME5920\IMG\robocam_2025_04_03_22_43_26_506.jpg;0;1;0;1.150513;138.3839;104.7088;1.22879;137.9625;-0.0004835071
C:\Mark's Python files\ME5920\IMG\robocam_2025_04_03_22_43_26_579.jpg;0;1;0;1.194273;138.3126;104.7734;1.228448;137.9265;-0.000900191
C:\Mark's Python files\ME5920\IMG\robocam_2025_04_03_22_43_26_650.jpg;0;1;0;1.25868;138.2375;104.8417;1.23217;137.8748;-0.0006711145
C:\Mark's Python files\ME5920\IMG\robocam_2025_04_03_22_43_26_719.jpg;0;1;0;1.322704;138.1788;104.8952;1.237003;137.8511;-0.0008189597
C:\Mark's Python files\ME5920\IMG\robocam_2025_04_03_22_43_26_793.jpg;0;1;0;1.370269;138.0974;104.9695;1.240858;137.8275;-0.0008909616
C:\Mark's Python files\ME5920\IMG\robocam_2025_04_03_22_43_26_864.jpg;0;1;0;1.431832;138.0338;105.0275;1.243883;137.8108;-0.0009133796
C:\Mark's Python files\ME5920\IMG\robocam_2025_04_03_22_43_26_935.jpg;0;1;0;1.478933;137.9458;105.1079;1.25069;137.791;-0.0009346245
C:\Mark's Python files\ME5920\IMG\robocam_2025_04_03_22_43_27_004.jpg;0;1;0;1.542203;137.8775;105.1704;1.25629;137.7779;-0.0009295561
C:\Mark's Python files\ME5920\IMG\robocam_2025_04_03_22_43_27_075.jpg;0;1;0;1.587717;137.7832;105.2566;1.260288;137.7654;-0.0009734307
C:\Mark's Python files\ME5920\IMG\robocam_2025_04_03_22_43_27_145.jpg;0;1;0;1.64954;137.7101;105.3235;1.264912;137.7529;-0.0009691626
C:\Mark's Python files\ME5920\IMG\robocam_2025_04_03_22_43_27_217.jpg;0;1;0;1.696408;137.6095;105.4157;1.268717;137.7382;-0.0009930755
C:\Mark's Python files\ME5920\IMG\robocam_2025_04_03_22_43_27_288.jpg;0;1;0;1.756769;137.5316;105.487;1.275665;137.7272;-0.001015282
C:\Mark's Python files\ME5920\IMG\robocam_2025_04_03_22_43_27_359.jpg;0;1;0;1.803265;137.4247;105.585;1.279005;137.7128;-0.001034017
C:\Mark's Python files\ME5920\IMG\robocam_2025_04_03_22_43_27_433.jpg;0;1;0;1.863202;137.3142;105.6863;1.286569;137.6976;-0.00106028
C:\Mark's Python files\ME5920\IMG\robocam_2025_04_03_22_43_27_503.jpg;-1.578483;1;0;1.924304;137.2292;105.7645;1.287555;137.6582;-0.00101945
C:\Mark's Python files\ME5920\IMG\robocam_2025_04_03_22_43_27_574.jpg;-4.713093;1;0;1.968255;137.1146;105.8734;1.286883;137.1626;0.0007982128
C:\Mark's Python files\ME5920\IMG\robocam_2025_04_03_22_43_27_646.jpg;-7.891578;1;0;2.026906;137.0282;105.9591;1.287454;136.4466;0.001161585
C:\Mark's Python files\ME5920\IMG\robocam_2025_04_03_22_43_27_718.jpg;-4.597628;1;0;2.070726;136.9115;106.0776;1.285925;135.4701;0.002079302
C:\Mark's Python files\ME5920\IMG\robocam_2025_04_03_22_43_27_792.jpg;-1.314185;1;0;2.129508;136.7914;106.1998;1.3023;134.9463;0.0006219212
C:\Mark's Python files\ME5920\IMG\robocam_2025_04_03_22_43_27_862.jpg;0;1;0;2.189392;136.6989;106.2934;1.312414;134.8442;-0.0008647793
C:\Mark's Python files\ME5920\IMG\robocam_2025_04_03_22_43_27_934.jpg;0;1;0;2.233633;136.5729;106.4211;1.313091;134.8109;-0.00118599
C:\Mark's Python files\ME5920\IMG\robocam_2025_04_03_22_43_28_004.jpg;0;1;0;2.292292;136.4763;106.5191;1.316116;134.7969;-0.001221112
C:\Mark's Python files\ME5920\IMG\robocam_2025_04_03_22_43_28_075.jpg;0;1;0;2.335902;136.3446;106.6528;1.322891;134.783;-0.001255435
C:\Mark's Python files\ME5920\IMG\robocam_2025_04_03_22_43_28_145.jpg;0;1;0;2.394151;136.2438;106.7553;1.325001;134.77;-0.001250526
C:\Mark's Python files\ME5920\IMG\robocam_2025_04_03_22_43_28_217.jpg;0;1;0;2.437443;136.1064;106.8948;1.332389;134.7548;-0.00128485
C:\Mark's Python files\ME5920\IMG\robocam_2025_04_03_22_43_28_288.jpg;-1.604205;1;0;2.494483;136.0016;107.0017;1.332182;134.713;-0.001198809
C:\Mark's Python files\ME5920\IMG\robocam_2025_04_03_22_43_28_358.jpg;-4.786412;0.8932222;0;2.537276;135.8611;107.1488;1.322579;134.1837;0.0008730561
C:\Mark's Python files\ME5920\IMG\robocam_2025_04_03_22_43_28_430.jpg;-7.96557;0.6812782;0;2.58315;135.722;107.3016;1.296618;133.0514;359.9817
C:\Mark's Python files\ME5920\IMG\robocam_2025_04_03_22_43_28_502.jpg;-4.749979;0.4669054;0;2.613846;135.6185;107.4183;1.241436;132.2031;359.9551
C:\Mark's Python files\ME5920\IMG\robocam_2025_04_03_22_43_28_572.jpg;-1.534734;0.2525558;0;2.626764;135.4804;107.5745;1.139951;131.5857;359.9201
C:\Mark's Python files\ME5920\IMG\robocam_2025_04_03_22_43_28_643.jpg;0;0.04048906;0;2.629007;135.3766;107.6908;1.032582;131.4818;359.9091
C:\Mark's Python files\ME5920\IMG\robocam_2025_04_03_22_43_28_715.jpg;0;0;0;2.621908;135.2393;107.8447;0.8398458;131.4748;359.8933
C:\Mark's Python files\ME5920\IMG\robocam_2025_04_03_22_43_28_755.jpg;0;0;0;2.610787;135.171;107.9213;0.7274012;131.4807;359.8839
C:\Mark's Python files\ME5920\IMG\robocam_2025_04_03_22_43_28_824.jpg;0;0;0;2.605174;135.0692;108.0357;0.5464313;131.4896;359.8678
C:\Mark's Python files\ME5920\IMG\robocam_2025_04_03_22_43_28_894.jpg;0;0;0;2.596703;134.9342;108.1876;0.2947567;131.4973;359.8421
C:\Mark's Python files\ME5920\IMG\robocam_2025_04_03_22_43_28_963.jpg;0;0;0;2.585311;134.8334;108.3012;0.1072556;131.4991;359.8196
C:\Mark's Python files\ME5920\IMG\robocam_2025_04_03_22_43_29_034.jpg;0;0;0;2.5767;134.6993;108.4523;359.8776;131.5045;359.8073
C:\Mark's Python files\ME5920\IMG\robocam_2025_04_03_22_43_29_106.jpg;0;0;0;2.564625;134.5986;108.5654;359.7426;131.517;359.8324
C:\Mark's Python files\ME5920\IMG\robocam_2025_04_03_22_43_29_176.jpg;0;0;0;2.555608;134.4646;108.7162;359.5911;131.5276;359.8759
C:\Mark's Python files\ME5920\IMG\robocam_2025_04_03_22_43_29_246.jpg;-3.14694;0;0;2.543468;134.3652;108.83;359.5019;131.3634;359.8911
C:\Mark's Python files\ME5920\IMG\robocam_2025_04_03_22_43_29_318.jpg;-6.353028;0;0;2.533059;134.2364;108.9844;359.4228;130.582;359.8323
C:\Mark's Python files\ME5920\IMG\robocam_2025_04_03_22_43_29_390.jpg;-6.35976;0;0;2.517878;134.1121;109.1419;359.3877;129.3504;359.6927
C:\Mark's Python files\ME5920\IMG\robocam_2025_04_03_22_43_29_429.jpg;-3.261532;0;0;2.508576;134.0505;109.2208;359.3803;128.8749;359.6282
C:\Mark's Python files\ME5920\IMG\robocam_2025_04_03_22_43_29_498.jpg;-1.51083;0;0;2.502816;133.9575;109.3388;359.3988;128.46;359.5832
C:\Mark's Python files\ME5920\IMG\robocam_2025_04_03_22_43_29_570.jpg;0;0;0;2.491225;133.8334;109.4952;359.424;128.3417;359.5683
C:\Mark's Python files\ME5920\IMG\robocam_2025_04_03_22_43_29_642.jpg;0;0;0;2.482147;133.7406;109.6121;359.4539;128.3331;359.5786
C:\Mark's Python files\ME5920\IMG\robocam_2025_04_03_22_43_29_715.jpg;0;0;0;2.470856;133.6176;109.7674;359.4871;128.3313;359.6004
C:\Mark's Python files\ME5920\IMG\robocam_2025_04_03_22_43_29_786.jpg;0;0;0;2.45967;133.5258;109.8834;359.5067;128.3312;359.6242
C:\Mark's Python files\ME5920\IMG\robocam_2025_04_03_22_43_29_856.jpg;0;0;0;2.450953;133.4036;110.0375;359.5456;128.3371;359.6833
C:\Mark's Python files\ME5920\IMG\robocam_2025_04_03_22_43_29_926.jpg;0;0;0;2.439882;133.3125;110.1526;359.5666;128.3376;359.7268
C:\Mark's Python files\ME5920\IMG\robocam_2025_04_03_22_43_29_997.jpg;0;0;0;2.431628;133.1917;110.3053;359.5847;128.3376;359.7868
C:\Mark's Python files\ME5920\IMG\robocam_2025_04_03_22_43_30_071.jpg;0;0;0;2.420668;133.0716;110.4572;359.5923;128.3375;359.8471
C:\Mark's Python files\ME5920\IMG\robocam_2025_04_03_22_43_30_142.jpg;0;0;0;2.409753;132.9819;110.5706;359.5919;128.3374;359.8911
C:\Mark's Python files\ME5920\IMG\robocam_2025_04_03_22_43_30_213.jpg;0;0;0;2.401592;132.863;110.7212;359.5844;128.3373;359.9469
C:\Mark's Python files\ME5920\IMG\robocam_2025_04_03_22_43_30_284.jpg;0;0;0;2.390742;132.7741;110.8336;359.5746;128.3372;359.9855
C:\Mark's Python files\ME5920\IMG\robocam_2025_04_03_22_43_30_356.jpg;0;0;0;2.382626;132.6563;110.9831;359.5702;128.3315;0.01764206
C:\Mark's Python files\ME5920\IMG\robocam_2025_04_03_22_43_30_427.jpg;0;0;0;2.371423;132.5681;111.0948;359.5698;128.3298;0.03674032
C:\Mark's Python files\ME5920\IMG\robocam_2025_04_03_22_43_30_500.jpg;0;0;0;2.363217;132.451;111.2432;359.5786;128.3244;0.04444518
C:\Mark's Python files\ME5920\IMG\robocam_2025_04_03_22_43_30_571.jpg;0;0;0;2.35233;132.3343;111.3909;359.5837;128.3235;0.0503881
C:\Mark's Python files\ME5920\IMG\robocam_2025_04_03_22_43_30_643.jpg;0;0;0;2.344355;132.2473;111.5013;359.5877;128.3206;0.04695874
C:\Mark's Python files\ME5920\IMG\robocam_2025_04_03_22_43_30_713.jpg;0;0;0;2.333447;132.1316;111.6478;359.5966;128.3181;0.03583652
C:\Mark's Python files\ME5920\IMG\robocam_2025_04_03_22_43_30_784.jpg;0;0;0;2.322911;132.0451;111.7572;359.5977;128.3179;0.02853969
C:\Mark's Python files\ME5920\IMG\robocam_2025_04_03_22_43_30_855.jpg;0;0;0;2.315041;131.9305;111.9025;359.5977;128.3152;0.01285298
C:\Mark's Python files\ME5920\IMG\robocam_2025_04_03_22_43_30_925.jpg;0;0;0;2.304297;131.8447;112.011;359.6013;128.3131;-0.003439257
C:\Mark's Python files\ME5920\IMG\robocam_2025_04_03_22_43_30_997.jpg;0;0;0;2.296486;131.7309;112.155;359.5993;128.3127;359.9788
C:\Mark's Python files\ME5920\IMG\robocam_2025_04_03_22_43_31_069.jpg;0;0;0;2.285811;131.6173;112.2984;359.6082;128.3178;359.9807
C:\Mark's Python files\ME5920\IMG\robocam_2025_04_03_22_43_31_139.jpg;0;0;0;2.278055;131.5326;112.4055;359.6087;128.3181;359.9792
C:\Mark's Python files\ME5920\IMG\robocam_2025_04_03_22_43_31_212.jpg;0;0;0;2.26777;131.4201;112.5478;359.6118;128.3219;359.9876
C:\Mark's Python files\ME5920\IMG\robocam_2025_04_03_22_43_31_284.jpg;0;0;0;2.257248;131.3361;112.654;359.6143;128.323;-0.004543993
C:\Mark's Python files\ME5920\IMG\robocam_2025_04_03_22_43_31_355.jpg;0;0;0;2.2496;131.2246;112.7951;359.611;128.3232;0.004369808
C:\Mark's Python files\ME5920\IMG\robocam_2025_04_03_22_43_31_396.jpg;0;0;0;2.23931;131.1691;112.8655;359.6121;128.3204;0.00183132
C:\Mark's Python files\ME5920\IMG\robocam_2025_04_03_22_43_31_466.jpg;0;0;0;2.234058;131.086;112.9708;359.6159;128.3185;-0.001060197
C:\Mark's Python files\ME5920\IMG\robocam_2025_04_03_22_43_31_538.jpg;0;0;0;2.226486;130.9756;113.1104;359.6143;128.3182;-0.003156246
C:\Mark's Python files\ME5920\IMG\robocam_2025_04_03_22_43_31_610.jpg;0;0;0;2.216319;130.8656;113.2494;359.6178;128.3221;0.006754246
C:\Mark's Python files\ME5920\IMG\robocam_2025_04_03_22_43_31_684.jpg;0;0;0;2.206149;130.7835;113.3532;359.6181;128.3226;0.01301906
C:\Mark's Python files\ME5920\IMG\robocam_2025_04_03_22_43_31_755.jpg;0;0;0;2.198672;130.6746;113.4913;359.6211;128.3191;0.01051744
C:\Mark's Python files\ME5920\IMG\robocam_2025_04_03_22_43_31_825.jpg;0;0;0;2.188472;130.5932;113.5944;359.6234;128.3181;0.006822665
C:\Mark's Python files\ME5920\IMG\robocam_2025_04_03_22_43_31_895.jpg;0;0;0;2.181056;130.4851;113.7311;359.6202;128.318;0.002761551
C:\Mark's Python files\ME5920\IMG\robocam_2025_04_03_22_43_31_967.jpg;0;0;0;2.171088;130.4044;113.8334;359.6228;128.3173;-0.00151931
C:\Mark's Python files\ME5920\IMG\robocam_2025_04_03_22_43_32_038.jpg;0;0;0;2.163553;130.2971;113.9691;359.6244;128.3173;-0.005004435
C:\Mark's Python files\ME5920\IMG\robocam_2025_04_03_22_43_32_109.jpg;0;0;0;2.153781;130.1903;114.1042;359.6238;128.3198;-0.002149688
C:\Mark's Python files\ME5920\IMG\robocam_2025_04_03_22_43_32_182.jpg;0;0;0;2.14623;130.1104;114.2051;359.6266;128.3216;0.004552591
C:\Mark's Python files\ME5920\IMG\robocam_2025_04_03_22_43_32_253.jpg;0;0;0;2.136528;130.0045;114.3391;359.6242;128.3218;0.01108261
C:\Mark's Python files\ME5920\IMG\robocam_2025_04_03_22_43_32_324.jpg;0;0;0;2.126628;129.9255;114.4394;359.6299;128.318;0.003699685
C:\Mark's Python files\ME5920\IMG\robocam_2025_04_03_22_43_32_394.jpg;0;0;0;2.119413;129.8204;114.5724;359.6301;128.3174;-0.0007266565
C:\Mark's Python files\ME5920\IMG\robocam_2025_04_03_22_43_32_465.jpg;0;0;0;2.10984;129.7419;114.6716;359.63;128.3196;0.001369335
C:\Mark's Python files\ME5920\IMG\robocam_2025_04_03_22_43_32_504.jpg;0;0;0;2.10244;129.6896;114.7377;359.6325;128.321;0.005517592
C:\Mark's Python files\ME5920\IMG\robocam_2025_04_03_22_43_32_573.jpg;0;0;0;2.097686;129.5856;114.8692;359.6321;128.3215;0.01123416
C:\Mark's Python files\ME5920\IMG\robocam_2025_04_03_22_43_32_642.jpg;0;0;0;2.088114;129.508;114.9676;359.6353;128.3184;0.006397101
C:\Mark's Python files\ME5920\IMG\robocam_2025_04_03_22_43_32_714.jpg;0;0;0;2.080889;129.4048;115.0982;359.6373;128.3174;0.0009661777
C:\Mark's Python files\ME5920\IMG\robocam_2025_04_03_22_43_32_786.jpg;0;0;0;2.07149;129.3278;115.1957;359.6344;128.3174;-0.002436293
C:\Mark's Python files\ME5920\IMG\robocam_2025_04_03_22_43_32_856.jpg;0;0;0;2.064234;129.2253;115.3252;359.6393;128.321;0.006201287
C:\Mark's Python files\ME5920\IMG\robocam_2025_04_03_22_43_32_926.jpg;0;0;0;2.054903;129.1489;115.4219;359.6383;128.3212;0.009792785
C:\Mark's Python files\ME5920\IMG\robocam_2025_04_03_22_43_32_996.jpg;0;0;0;2.047846;129.0474;115.5505;359.6423;128.3179;0.003451481
C:\Mark's Python files\ME5920\IMG\robocam_2025_04_03_22_43_33_067.jpg;0;0;0;2.038453;128.9716;115.6464;359.6429;128.3174;-0.0005361335
C:\Mark's Python files\ME5920\IMG\robocam_2025_04_03_22_43_33_138.jpg;0;0;0;2.031543;128.8708;115.7738;359.6421;128.3194;-0.000570999
C:\Mark's Python files\ME5920\IMG\robocam_2025_04_03_22_43_33_207.jpg;0;0;0;2.022135;128.7955;115.869;359.6447;128.3209;0.004171398
C:\Mark's Python files\ME5920\IMG\robocam_2025_04_03_22_43_33_278.jpg;0;0;0;2.015279;128.6956;115.9954;359.6427;128.3211;0.008555552
C:\Mark's Python files\ME5920\IMG\robocam_2025_04_03_22_43_33_350.jpg;0;0;0;2.005955;128.5962;116.1214;359.6479;128.3177;0.0002257407
C:\Mark's Python files\ME5920\IMG\robocam_2025_04_03_22_43_33_422.jpg;0;0;0;1.999149;128.5219;116.2154;359.6473;128.3175;-0.00342912
C:\Mark's Python files\ME5920\IMG\robocam_2025_04_03_22_43_33_494.jpg;0;0;0;1.990117;128.4232;116.3402;359.6484;128.3203;-0.0002497201
C:\Mark's Python files\ME5920\IMG\robocam_2025_04_03_22_43_33_565.jpg;0;0;0;1.980904;128.3495;116.4334;359.6497;128.321;0.003646589
C:\Mark's Python files\ME5920\IMG\robocam_2025_04_03_22_43_33_635.jpg;0;0;0;1.974187;128.2516;116.5572;359.6463;128.3212;0.007778814
C:\Mark's Python files\ME5920\IMG\robocam_2025_04_03_22_43_33_705.jpg;0;0;0;1.965053;128.1786;116.6499;359.6506;128.3177;0.000195231
C:\Mark's Python files\ME5920\IMG\robocam_2025_04_03_22_43_33_775.jpg;0;0;0;1.958384;128.0815;116.7727;359.6497;128.3174;-0.004652466
C:\Mark's Python files\ME5920\IMG\robocam_2025_04_03_22_43_33_846.jpg;0;0;0;1.949452;128.0089;116.8645;359.6522;128.32;-0.000660793
C:\Mark's Python files\ME5920\IMG\robocam_2025_04_03_22_43_33_917.jpg;0;0;0;1.942709;127.9125;116.9864;359.6537;128.3207;0.004049836
C:\Mark's Python files\ME5920\IMG\robocam_2025_04_03_22_43_33_988.jpg;0;0;0;1.93393;127.8406;117.0773;359.6512;128.3208;0.006907256
C:\Mark's Python files\ME5920\IMG\robocam_2025_04_03_22_43_34_058.jpg;0;0;0;1.927167;127.7451;117.1984;359.656;128.3174;-0.001518257
C:\Mark's Python files\ME5920\IMG\robocam_2025_04_03_22_43_34_128.jpg;0;0;0;1.918452;127.6738;117.2887;359.6552;128.3172;-0.004958474
C:\Mark's Python files\ME5920\IMG\robocam_2025_04_03_22_43_34_199.jpg;0;0;0;1.911868;127.5789;117.4086;359.6587;128.3201;1.687567E-06
C:\Mark's Python files\ME5920\IMG\robocam_2025_04_03_22_43_34_269.jpg;0;0;0;1.903101;127.4845;117.528;359.6591;128.3204;0.004179636
C:\Mark's Python files\ME5920\IMG\robocam_2025_04_03_22_43_34_338.jpg;0;0;0;1.896647;127.4141;117.6172;359.6593;128.3186;0.002607224
C:\Mark's Python files\ME5920\IMG\robocam_2025_04_03_22_43_34_410.jpg;0;0;0;1.887874;127.3205;117.7357;359.662;128.3173;-0.002993209
C:\Mark's Python files\ME5920\IMG\robocam_2025_04_03_22_43_34_482.jpg;0;0;0;1.881471;127.2506;117.8241;359.6603;128.3172;359.9939
C:\Mark's Python files\ME5920\IMG\robocam_2025_04_03_22_43_34_553.jpg;0;0;0;1.872893;127.1576;117.9416;359.6633;128.3203;-0.0004345182
C:\Mark's Python files\ME5920\IMG\robocam_2025_04_03_22_43_34_623.jpg;0;0;0;1.864304;127.0883;118.0294;359.6634;128.3206;0.002788486
C:\Mark's Python files\ME5920\IMG\robocam_2025_04_03_22_43_34_695.jpg;0;0;0;1.85798;126.9962;118.146;359.665;128.3182;0.0001556296
C:\Mark's Python files\ME5920\IMG\robocam_2025_04_03_22_43_34_767.jpg;0;0;0;1.84939;126.9274;118.2331;359.6668;128.3177;-0.003292334
C:\Mark's Python files\ME5920\IMG\robocam_2025_04_03_22_43_34_837.jpg;0;0;0;1.843117;126.836;118.3487;359.6645;128.3176;359.993
C:\Mark's Python files\ME5920\IMG\robocam_2025_04_03_22_43_34_908.jpg;0;0;0;1.8346;126.7677;118.435;359.6685;128.3204;-0.0006334173
C:\Mark's Python files\ME5920\IMG\robocam_2025_04_03_22_43_34_977.jpg;0;0;0;1.828372;126.677;118.5497;359.6683;128.3207;0.00363659
C:\Mark's Python files\ME5920\IMG\robocam_2025_04_03_22_43_35_049.jpg;0;0;0;1.820107;126.5869;118.6639;359.6696;128.3182;0.0005169018
C:\Mark's Python files\ME5920\IMG\robocam_2025_04_03_22_43_35_119.jpg;0;0;0;1.813746;126.5195;118.7493;359.6707;128.3176;-0.002770688
C:\Mark's Python files\ME5920\IMG\robocam_2025_04_03_22_43_35_190.jpg;0;0;0.2074872;1.792779;126.4314;118.8604;359.6178;128.3209;0.002339685
C:\Mark's Python files\ME5920\IMG\robocam_2025_04_03_22_43_35_262.jpg;0;0;0.4218921;1.740869;126.3695;118.939;359.4659;128.3181;-0.001468034
C:\Mark's Python files\ME5920\IMG\robocam_2025_04_03_22_43_35_335.jpg;0;0;0.6376424;1.608085;126.2956;119.0325;359.0331;128.3179;-0.001241537
C:\Mark's Python files\ME5920\IMG\robocam_2025_04_03_22_43_35_406.jpg;0;0;0.8563472;1.425553;126.248;119.0929;358.5576;128.3166;-0.003974481
C:\Mark's Python files\ME5920\IMG\robocam_2025_04_03_22_43_35_477.jpg;0;0;1;1.293034;126.1891;119.1676;358.1399;128.3315;359.994
C:\Mark's Python files\ME5920\IMG\robocam_2025_04_03_22_43_35_517.jpg;0;0;1;1.136137;126.1611;119.2032;358.0673;128.339;359.994
C:\Mark's Python files\ME5920\IMG\robocam_2025_04_03_22_43_35_585.jpg;0;0;0;1.06289;126.1202;119.2551;358.1376;128.3393;-0.001696651
C:\Mark's Python files\ME5920\IMG\robocam_2025_04_03_22_43_35_625.jpg;0;0;0;1.054761;126.0912;119.2919;358.4086;128.3484;-0.0005105401
C:\Mark's Python files\ME5920\IMG\robocam_2025_04_03_22_43_35_693.jpg;0;0;0;1.047159;126.0306;119.3688;359.2946;128.356;0.004056599
C:\Mark's Python files\ME5920\IMG\robocam_2025_04_03_22_43_35_762.jpg;0;0;0;1.010772;125.9867;119.4243;359.8744;128.3564;0.02062634
C:\Mark's Python files\ME5920\IMG\robocam_2025_04_03_22_43_35_834.jpg;0;0;0;1.007828;125.93;119.4965;0.5180126;128.3488;0.02182054
C:\Mark's Python files\ME5920\IMG\robocam_2025_04_03_22_43_35_905.jpg;0;0;0;1.005553;125.889;119.5487;0.8584074;128.3433;-0.001335985
C:\Mark's Python files\ME5920\IMG\robocam_2025_04_03_22_43_35_946.jpg;0;0;0;1.003682;125.8622;119.5824;1.029474;128.3458;-0.001032859
C:\Mark's Python files\ME5920\IMG\robocam_2025_04_03_22_43_36_014.jpg;0;0;0;1.002342;125.8101;119.6484;1.250278;128.3431;-0.0008252086
C:\Mark's Python files\ME5920\IMG\robocam_2025_04_03_22_43_36_086.jpg;0;0;0.0110292;1.001882;125.7731;119.6955;1.239008;128.3373;-0.000934647
C:\Mark's Python files\ME5920\IMG\robocam_2025_04_03_22_43_36_157.jpg;0;0;0.2239812;0.9878679;125.7274;119.7538;1.019388;128.3241;0.003828713
C:\Mark's Python files\ME5920\IMG\robocam_2025_04_03_22_43_36_228.jpg;0;0;0.4365984;0.7813128;125.7049;119.7821;0.4280556;128.3682;0.01686522
C:\Mark's Python files\ME5920\IMG\robocam_2025_04_03_22_43_36_301.jpg;0;0;0.6517982;0.4947603;125.7;119.7894;358.8725;128.3808;-0.005663163
C:\Mark's Python files\ME5920\IMG\robocam_2025_04_03_22_43_36_372.jpg;0;0;0.8679836;0.3086066;125.6993;119.7894;357.5542;128.3826;-0.003414042
C:\Mark's Python files\ME5920\IMG\robocam_2025_04_03_22_43_36_443.jpg;0;0;1;0.1943259;125.6995;119.7898;356.8937;128.3815;359.976
C:\Mark's Python files\ME5920\IMG\robocam_2025_04_03_22_43_36_515.jpg;0;0;1;0.1099258;125.6991;119.7897;356.4575;128.3833;-0.001871312
C:\Mark's Python files\ME5920\IMG\robocam_2025_04_03_22_43_36_555.jpg;0;0;1;0;125.699;119.7897;356.4432;128.384;0.002676293
C:\Mark's Python files\ME5920\IMG\robocam_2025_04_03_22_43_36_622.jpg;0;0;1;-0.05073162;125.6994;119.7902;356.6881;128.3837;359.9934
C:\Mark's Python files\ME5920\IMG\robocam_2025_04_03_22_43_36_695.jpg;0;0;1;-0.1491057;125.6999;119.7908;357.4464;128.3832;359.9935
C:\Mark's Python files\ME5920\IMG\robocam_2025_04_03_22_43_36_768.jpg;0;0;1;-0.262084;125.7004;119.7912;358.3455;128.3835;0.007594653
C:\Mark's Python files\ME5920\IMG\robocam_2025_04_03_22_43_36_839.jpg;0;0;0;-0.3163404;125.701;119.7911;359.7446;128.3806;359.9338
C:\Mark's Python files\ME5920\IMG\robocam_2025_04_03_22_43_36_910.jpg;0;0;0;-0.2878768;125.7003;119.7899;0.9608692;128.3816;359.967
C:\Mark's Python files\ME5920\IMG\robocam_2025_04_03_22_43_36_980.jpg;0;0;0;-0.2308697;125.7004;119.7897;1.655482;128.3783;0.03936104
C:\Mark's Python files\ME5920\IMG\robocam_2025_04_03_22_43_37_052.jpg;0;0;0;-0.1217269;125.7016;119.7903;2.139369;128.3849;359.9937
C:\Mark's Python files\ME5920\IMG\robocam_2025_04_03_22_43_37_122.jpg;-1.576242;0;0;-0.0151103;125.702;119.7904;2.10362;128.2035;359.9929
C:\Mark's Python files\ME5920\IMG\robocam_2025_04_03_22_43_37_194.jpg;-4.796113;0;0;0.09446551;125.7029;119.7909;1.596591;127.2737;359.9918
C:\Mark's Python files\ME5920\IMG\robocam_2025_04_03_22_43_37_264.jpg;-8.009982;0;0;0.1817909;125.703;119.791;0.9747781;126.0238;0.002843878
C:\Mark's Python files\ME5920\IMG\robocam_2025_04_03_22_43_37_337.jpg;-11.23945;0;0;0.1788488;125.7028;119.7913;0.1802291;123.5258;359.9927
C:\Mark's Python files\ME5920\IMG\robocam_2025_04_03_22_43_37_408.jpg;-14.44328;0;0;0.1643661;125.7027;119.7915;359.6315;121.1181;359.9414
C:\Mark's Python files\ME5920\IMG\robocam_2025_04_03_22_43_37_478.jpg;-15;0;0;0.1365422;125.7025;119.7917;359.0466;117.5178;359.8889
C:\Mark's Python files\ME5920\IMG\robocam_2025_04_03_22_43_37_552.jpg;-15;0;0;0.1009955;125.7023;119.7919;358.6601;113.9196;359.8917
C:\Mark's Python files\ME5920\IMG\robocam_2025_04_03_22_43_37_619.jpg;-15;0;0;0.03933609;125.701;119.7916;358.6331;111.3333;0.03859705
C:\Mark's Python files\ME5920\IMG\robocam_2025_04_03_22_43_37_690.jpg;-15;0;0;-0.07293681;125.7015;119.7919;358.916;107.6961;0.09649119
C:\Mark's Python files\ME5920\IMG\robocam_2025_04_03_22_43_37_761.jpg;-15;0;0;-0.07691497;125.7016;119.7918;359.1586;104.9959;0.1387631
C:\Mark's Python files\ME5920\IMG\robocam_2025_04_03_22_43_37_835.jpg;-15;0;0;-0.0765921;125.7017;119.7917;359.4642;101.3958;0.2223598
C:\Mark's Python files\ME5920\IMG\robocam_2025_04_03_22_43_37_905.jpg;-15;0;0;-0.07291325;125.7017;119.7916;359.6777;98.69559;0.297187
C:\Mark's Python files\ME5920\IMG\robocam_2025_04_03_22_43_37_945.jpg;-15;0;0;-0.06880596;125.7018;119.7916;359.8106;96.89529;0.3508399
C:\Mark's Python files\ME5920\IMG\robocam_2025_04_03_22_43_38_011.jpg;-15;0;0;-0.0655245;125.7018;119.7915;0.05042564;93.29443;0.4622339
C:\Mark's Python files\ME5920\IMG\robocam_2025_04_03_22_43_38_085.jpg;-15;0;0;-0.05792373;125.7019;119.7914;0.1992282;90.5936;0.5385233
C:\Mark's Python files\ME5920\IMG\robocam_2025_04_03_22_43_38_155.jpg;-15;0;0;-0.04227014;125.7019;119.7913;0.3408385;86.99233;0.6050446
C:\Mark's Python files\ME5920\IMG\robocam_2025_04_03_22_43_38_226.jpg;-15;0;0;-0.03046856;125.7019;119.7913;0.4162014;84.29153;0.6346463
C:\Mark's Python files\ME5920\IMG\robocam_2025_04_03_22_43_38_296.jpg;-15;0;0;-0.02476127;125.7019;119.7912;0.4751582;80.6909;0.6393338
C:\Mark's Python files\ME5920\IMG\robocam_2025_04_03_22_43_38_336.jpg;-15;0;0;-0.01961585;125.7019;119.7912;0.4849054;78.89072;0.6218663
C:\Mark's Python files\ME5920\IMG\robocam_2025_04_03_22_43_38_404.jpg;-15;0;0;-0.02038652;125.7019;119.7912;0.4872565;76.19071;0.5815061
C:\Mark's Python files\ME5920\IMG\robocam_2025_04_03_22_43_38_474.jpg;-15;0;0;-0.0222088;125.7018;119.7912;0.4832848;72.59093;0.5166535
C:\Mark's Python files\ME5920\IMG\robocam_2025_04_03_22_43_38_514.jpg;-15;0;0;-0.02369379;125.7018;119.7912;0.478902;70.7911;0.480223
C:\Mark's Python files\ME5920\IMG\robocam_2025_04_03_22_43_38_582.jpg;-15;0;0;-0.02402692;125.7018;119.7912;0.4701115;68.09138;0.4217063
C:\Mark's Python files\ME5920\IMG\robocam_2025_04_03_22_43_38_653.jpg;-15;0;0;-0.02505724;125.7018;119.7912;0.455371;64.49178;0.3384758
C:\Mark's Python files\ME5920\IMG\robocam_2025_04_03_22_43_38_723.jpg;-15;0;0;-0.02549654;125.7017;119.7912;0.4427485;61.79223;0.2737468
C:\Mark's Python files\ME5920\IMG\robocam_2025_04_03_22_43_38_793.jpg;-15;0;0;0.02545112;125.7017;119.7912;0.4247704;58.19283;0.1868499
C:\Mark's Python files\ME5920\IMG\robocam_2025_04_03_22_43_38_863.jpg;-15;0;0;0.0249182;125.7017;119.7912;0.41076;55.49315;0.1227859
C:\Mark's Python files\ME5920\IMG\robocam_2025_04_03_22_43_38_932.jpg;-15;0;0;0.02419014;125.7016;119.7913;0.3916415;51.89356;0.04085998
C:\Mark's Python files\ME5920\IMG\robocam_2025_04_03_22_43_39_003.jpg;-15;0;0;0.02285774;125.7016;119.7913;0.3770078;49.19383;359.9832
C:\Mark's Python files\ME5920\IMG\robocam_2025_04_03_22_43_39_074.jpg;-13.42193;0;0;0.02165034;125.7016;119.7913;0.3567016;45.78347;359.9117
C:\Mark's Python files\ME5920\IMG\robocam_2025_04_03_22_43_39_142.jpg;-10.26602;0;0;0.01974884;125.7016;119.7913;0.3392256;43.83247;359.8605
C:\Mark's Python files\ME5920\IMG\robocam_2025_04_03_22_43_39_214.jpg;-7.06928;0;0;0.01820514;125.7016;119.7914;0.3109083;41.94067;359.7981
C:\Mark's Python files\ME5920\IMG\robocam_2025_04_03_22_43_39_286.jpg;-3.829356;0;0;0.01615142;125.7016;119.7914;0.2849329;41.056;359.757
C:\Mark's Python files\ME5920\IMG\robocam_2025_04_03_22_43_39_357.jpg;-0.6336992;0;0;0.01469747;125.7016;119.7914;0.241789;40.70465;359.7119
C:\Mark's Python files\ME5920\IMG\robocam_2025_04_03_22_43_39_427.jpg;-3.79274;0;0;0.01309925;125.7016;119.7914;0.2071923;40.21244;359.6898
C:\Mark's Python files\ME5920\IMG\robocam_2025_04_03_22_43_39_498.jpg;-6.984464;0;0;0.01236182;125.7016;119.7915;0.1641747;38.73499;359.6743
C:\Mark's Python files\ME5920\IMG\robocam_2025_04_03_22_43_39_570.jpg;-6.896687;0;0;0.01186139;125.7016;119.7915;0.1224019;36.88057;359.6706
C:\Mark's Python files\ME5920\IMG\robocam_2025_04_03_22_43_39_640.jpg;-3.68047;0;0;0.0116409;125.7016;119.7915;0.08763794;36.11365;359.6732
C:\Mark's Python files\ME5920\IMG\robocam_2025_04_03_22_43_39_713.jpg;-0.5578206;0;0;0.01156869;125.7016;119.7915;0.03888664;35.79184;359.6849
C:\Mark's Python files\ME5920\IMG\robocam_2025_04_03_22_43_39_785.jpg;0;0;0;0.0115241;125.7016;119.7915;0.003167714;35.79182;359.7
C:\Mark's Python files\ME5920\IMG\robocam_2025_04_03_22_43_39_856.jpg;0;0;0;0.01150631;125.7017;119.7915;359.9596;35.79179;359.7275
C:\Mark's Python files\ME5920\IMG\robocam_2025_04_03_22_43_39_929.jpg;0;0;0;0.0114284;125.7017;119.7915;359.9215;35.79177;359.7617
C:\Mark's Python files\ME5920\IMG\robocam_2025_04_03_22_43_40_000.jpg;0;0.1041585;0;0.01129168;125.7013;119.7912;359.8866;35.90199;359.7907
C:\Mark's Python files\ME5920\IMG\robocam_2025_04_03_22_43_40_072.jpg;0;0.3213687;0;0.01918177;125.7034;119.7927;359.9139;35.82375;359.8317
C:\Mark's Python files\ME5920\IMG\robocam_2025_04_03_22_43_40_143.jpg;0;0.5334669;0;0.04894087;125.7064;119.7948;359.9743;35.96167;359.8635
C:\Mark's Python files\ME5920\IMG\robocam_2025_04_03_22_43_40_213.jpg;0;0.7444702;0;0.08333126;125.714;119.8004;0.1462176;35.96596;359.9056
C:\Mark's Python files\ME5920\IMG\robocam_2025_04_03_22_43_40_285.jpg;0;0.9544263;0;0.1275918;125.723;119.8069;0.3477457;35.81897;359.9371
C:\Mark's Python files\ME5920\IMG\robocam_2025_04_03_22_43_40_324.jpg;0;1;0;0.1792081;125.7311;119.813;0.5204538;35.78159;359.9731
C:\Mark's Python files\ME5920\IMG\robocam_2025_04_03_22_43_40_391.jpg;0;1;0;0.2046647;125.7504;119.8266;0.8709847;35.93828;0.02433208
C:\Mark's Python files\ME5920\IMG\robocam_2025_04_03_22_43_40_460.jpg;0;1;0;0.2815634;125.768;119.839;1.146514;35.98502;0.02562263
C:\Mark's Python files\ME5920\IMG\robocam_2025_04_03_22_43_40_530.jpg;0;1;0;0.3116098;125.7926;119.8563;1.334951;35.9981;-0.003763549
C:\Mark's Python files\ME5920\IMG\robocam_2025_04_03_22_43_40_601.jpg;0;0.7844695;0;0.4130592;125.8099;119.8688;1.180624;36.01504;-0.001307832
C:\Mark's Python files\ME5920\IMG\robocam_2025_04_03_22_43_40_673.jpg;0;0.9941199;0;0.4517994;125.8369;119.8884;1.021014;36.20256;0.0003410033
C:\Mark's Python files\ME5920\IMG\robocam_2025_04_03_22_43_40_743.jpg;0;0.7778865;0;0.5062038;125.8606;119.9056;0.9766598;36.29412;-0.001061341
C:\Mark's Python files\ME5920\IMG\robocam_2025_04_03_22_43_40_814.jpg;0;0.5680614;0;0.5234666;125.8953;119.9309;0.9702941;36.3722;-0.0005415569
C:\Mark's Python files\ME5920\IMG\robocam_2025_04_03_22_43_40_886.jpg;0;0.3537273;0;0.5653949;125.923;119.9512;0.9816433;36.3651;0.0001712868
C:\Mark's Python files\ME5920\IMG\robocam_2025_04_03_22_43_40_956.jpg;0;0.141654;0;0.5860487;125.9602;119.9784;0.9698767;36.34228;0.0001504992
C:\Mark's Python files\ME5920\IMG\robocam_2025_04_03_22_43_41_026.jpg;0;0.1463988;0;0.5784491;125.988;119.9988;0.9352718;36.37043;9.979809E-05
C:\Mark's Python files\ME5920\IMG\robocam_2025_04_03_22_43_41_097.jpg;0;0.3545439;0;0.5937271;126.0256;120.0263;0.8773103;36.3538;2.585636E-05
C:\Mark's Python files\ME5920\IMG\robocam_2025_04_03_22_43_41_169.jpg;0;0.3628143;0;0.6003023;126.055;120.0478;0.8477226;36.35098;1.307484E-05
C:\Mark's Python files\ME5920\IMG\robocam_2025_04_03_22_43_41_240.jpg;0;0.1458636;0;0.6475155;126.0949;120.077;0.8022757;36.28833;0.0001386184
C:\Mark's Python files\ME5920\IMG\robocam_2025_04_03_22_43_41_312.jpg;0;0;0;0.6316732;126.1348;120.1062;0.735781;36.35312;0.0001311451
C:\Mark's Python files\ME5920\IMG\robocam_2025_04_03_22_43_41_382.jpg;0;0;0;0.636299;126.1648;120.1282;0.6746358;36.35254;0.002504932
C:\Mark's Python files\ME5920\IMG\robocam_2025_04_03_22_43_41_454.jpg;0;0;0;0.6344731;126.2041;120.1572;0.5690135;36.35247;0.008416821
C:\Mark's Python files\ME5920\IMG\robocam_2025_04_03_22_43_41_523.jpg;0;0;0;0.6319726;126.2334;120.1787;0.4750727;36.35246;0.01232224
C:\Mark's Python files\ME5920\IMG\robocam_2025_04_03_22_43_41_595.jpg;0.1552545;0;0;0.6300399;126.272;120.2071;0.3382497;36.3564;0.01714331
C:\Mark's Python files\ME5920\IMG\robocam_2025_04_03_22_43_41_667.jpg;3.443031;0;0;0.6272541;126.3005;120.2288;0.2316773;36.4485;0.03241949
C:\Mark's Python files\ME5920\IMG\robocam_2025_04_03_22_43_41_738.jpg;3.457004;0;0;0.6246082;126.3377;120.2582;0.09039156;36.69726;0.06703039
C:\Mark's Python files\ME5920\IMG\robocam_2025_04_03_22_43_41_809.jpg;0.2634394;0;0;0.6220859;126.3755;120.2869;359.9587;36.77536;0.07626595
C:\Mark's Python files\ME5920\IMG\robocam_2025_04_03_22_43_41_884.jpg;0;0;0;0.6199619;126.404;120.3082;359.8693;36.77742;0.07496047
C:\Mark's Python files\ME5920\IMG\robocam_2025_04_03_22_43_41_955.jpg;0;0;0;0.6170693;126.4421;120.3367;359.7658;36.77753;0.07097557
C:\Mark's Python files\ME5920\IMG\robocam_2025_04_03_22_43_42_025.jpg;0;0;0.2132346;0.6038654;126.4662;120.3547;359.5768;36.77794;0.06662003
C:\Mark's Python files\ME5920\IMG\robocam_2025_04_03_22_43_42_096.jpg;0;0;0.4226025;0.2887529;126.4715;120.3582;358.7096;36.53276;0.006565904
C:\Mark's Python files\ME5920\IMG\robocam_2025_04_03_22_43_42_135.jpg;0;0;0.6305079;0.1548739;126.4715;120.3585;358.335;36.53334;0.01683301
C:\Mark's Python files\ME5920\IMG\robocam_2025_04_03_22_43_42_204.jpg;0;0;0.7463886;0.1010812;126.4719;120.3582;358.004;36.53081;359.9852
C:\Mark's Python files\ME5920\IMG\robocam_2025_04_03_22_43_42_276.jpg;0;0;0.9627728;0.01960616;126.4721;120.3583;357.9923;36.53371;359.9936
C:\Mark's Python files\ME5920\IMG\robocam_2025_04_03_22_43_42_347.jpg;0;0;1;-0.08936182;126.4721;120.3584;358.3055;36.54046;0.01406658
C:\Mark's Python files\ME5920\IMG\robocam_2025_04_03_22_43_42_419.jpg;0;0;0;-0.1703112;126.472;120.3583;359.0668;36.53348;359.9754
C:\Mark's Python files\ME5920\IMG\robocam_2025_04_03_22_43_42_490.jpg;0;0;0;-0.1714053;126.4718;120.3581;359.8242;36.53361;359.9256
C:\Mark's Python files\ME5920\IMG\robocam_2025_04_03_22_43_42_562.jpg;0;0;0;-0.1565289;126.4716;120.358;0.3494748;36.53441;359.8939
C:\Mark's Python files\ME5920\IMG\robocam_2025_04_03_22_43_42_635.jpg;0;0;0;-0.1345986;126.4714;120.3579;0.9315941;36.53614;359.9095
C:\Mark's Python files\ME5920\IMG\robocam_2025_04_03_22_43_42_705.jpg;0;0;0;-0.1027102;126.4713;120.3578;1.266758;36.53595;359.9688
C:\Mark's Python files\ME5920\IMG\robocam_2025_04_03_22_43_42_777.jpg;0;0;0;-0.04520215;126.472;120.3567;1.38313;36.53445;-0.0002364575
C:\Mark's Python files\ME5920\IMG\robocam_2025_04_03_22_43_42_847.jpg;0;0;0;0.02787777;126.4721;120.3566;1.269381;36.53458;0.01065066
C:\Mark's Python files\ME5920\IMG\robocam_2025_04_03_22_43_42_919.jpg;0;0;0;0.05566007;126.4727;120.3559;0.9874303;36.5343;0.007762195
C:\Mark's Python files\ME5920\IMG\robocam_2025_04_03_22_43_42_988.jpg;0;0;0;0.0625824;126.4727;120.3559;0.7768614;36.53411;0.02400941
C:\Mark's Python files\ME5920\IMG\robocam_2025_04_03_22_43_43_058.jpg;0;0;0;0.06255665;126.4728;120.3559;0.497063;36.53408;0.04271169
C:\Mark's Python files\ME5920\IMG\robocam_2025_04_03_22_43_43_128.jpg;0;0;0;0.06059612;126.4729;120.356;0.2933148;36.53418;0.05431435
C:\Mark's Python files\ME5920\IMG\robocam_2025_04_03_22_43_43_198.jpg;0;0;0;0.05788194;126.473;120.356;0.03651114;36.53443;0.06646267
C:\Mark's Python files\ME5920\IMG\robocam_2025_04_03_22_43_43_267.jpg;0;0;0;0.05286153;126.473;120.3561;359.8589;36.53466;0.07309071
C:\Mark's Python files\ME5920\IMG\robocam_2025_04_03_22_43_43_306.jpg;0;0;0;0.04822249;126.4731;120.3561;359.7491;36.53482;0.07635316
C:\Mark's Python files\ME5920\IMG\robocam_2025_04_03_22_43_43_337.jpg;0;0;0;0.04822249;126.4731;120.3561;359.7491;36.53482;0.07635316
C:\Mark's Python files\ME5920\IMG\robocam_2025_04_03_22_43_43_340.jpg;0;0;0;0;126.4731;120.3561;359.7491;36.53482;0.07635316
C:\Mark's Python files\ME5920\IMG\robocam_2025_04_03_22_43_43_372.jpg;0;0;0;0;126.4731;120.3561;359.7491;36.53482;0.07635316
C:\Mark's Python files\ME5920\IMG\robocam_2025_04_03_22_43_43_375.jpg;0;0;0;0;126.4731;120.3561;359.7491;36.53482;0.07635316
C:\Mark's Python files\ME5920\IMG\robocam_2025_04_03_22_43_43_408.jpg;0;0;0;0;126.4731;120.3561;359.7491;36.53482;0.07635316
C:\Mark's Python files\ME5920\IMG\robocam_2025_04_03_22_43_43_410.jpg;0;0;0;0;126.4731;120.3561;359.7491;36.53482;0.07635316
C:\Mark's Python files\ME5920\IMG\robocam_2025_04_03_22_43_43_443.jpg;0;0;0;0;126.4731;120.3561;359.7491;36.53482;0.07635316
C:\Mark's Python files\ME5920\IMG\robocam_2025_04_03_22_43_43_445.jpg;0;0;0;0;126.4731;120.3561;359.7491;36.53482;0.07635316
C:\Mark's Python files\ME5920\IMG\robocam_2025_04_03_22_43_43_477.jpg;0;0;0;0;126.4731;120.3561;359.7491;36.53482;0.07635316
C:\Mark's Python files\ME5920\IMG\robocam_2025_04_03_22_43_43_480.jpg;0;0;0;0;126.4731;120.3561;359.7491;36.53482;0.07635316
C:\Mark's Python files\ME5920\IMG\robocam_2025_04_03_22_43_43_515.jpg;0;0;0;0;126.4731;120.3561;359.7491;36.53482;0.07635316
C:\Mark's Python files\ME5920\IMG\robocam_2025_04_03_22_43_43_516.jpg;0;0;0;0;126.4731;120.3561;359.7491;36.53482;0.07635316
C:\Mark's Python files\ME5920\IMG\robocam_2025_04_03_22_43_43_549.jpg;0;0;0;0;126.4731;120.3561;359.7491;36.53482;0.07635316
C:\Mark's Python files\ME5920\IMG\robocam_2025_04_03_22_43_43_551.jpg;0;0;0;0;126.4731;120.3561;359.7491;36.53482;0.07635316
C:\Mark's Python files\ME5920\IMG\robocam_2025_04_03_22_43_43_584.jpg;0;0;0;0;126.4731;120.3561;359.7491;36.53482;0.07635316
C:\Mark's Python files\ME5920\IMG\robocam_2025_04_03_22_43_43_586.jpg;0;0;0;0;126.4731;120.3561;359.7491;36.53482;0.07635316
C:\Mark's Python files\ME5920\IMG\robocam_2025_04_03_22_43_43_620.jpg;0;0;0;0;126.4731;120.3561;359.7491;36.53482;0.07635316
C:\Mark's Python files\ME5920\IMG\robocam_2025_04_03_22_43_43_622.jpg;0;0;0;0;126.4731;120.3561;359.7491;36.53482;0.07635316
C:\Mark's Python files\ME5920\IMG\robocam_2025_04_03_22_43_43_657.jpg;0;0;0;0;126.4731;120.3561;359.7491;36.53482;0.07635316
C:\Mark's Python files\ME5920\IMG\robocam_2025_04_03_22_43_43_659.jpg;0;0;0;0;126.4731;120.3561;359.7491;36.53482;0.07635316
C:\Mark's Python files\ME5920\IMG\robocam_2025_04_03_22_43_43_693.jpg;0;0;0;0;126.4731;120.3561;359.7491;36.53482;0.07635316
C:\Mark's Python files\ME5920\IMG\robocam_2025_04_03_22_43_43_695.jpg;0;0;0;0;126.4731;120.3561;359.7491;36.53482;0.07635316
C:\Mark's Python files\ME5920\IMG\robocam_2025_04_03_22_43_43_729.jpg;0;0;0;0;126.4731;120.3561;359.7491;36.53482;0.07635316
C:\Mark's Python files\ME5920\IMG\robocam_2025_04_03_22_43_43_731.jpg;0;0;0;0;126.4731;120.3561;359.7491;36.53482;0.07635316
C:\Mark's Python files\ME5920\IMG\robocam_2025_04_03_22_43_43_764.jpg;0;0;0;0;126.4731;120.3561;359.7491;36.53482;0.07635316
C:\Mark's Python files\ME5920\IMG\robocam_2025_04_03_22_43_43_765.jpg;0;0;0;0;126.4731;120.3561;359.7491;36.53482;0.07635316
C:\Mark's Python files\ME5920\IMG\robocam_2025_04_03_22_43_43_799.jpg;0;0;0;0;126.4731;120.3561;359.7491;36.53482;0.07635316
C:\Mark's Python files\ME5920\IMG\robocam_2025_04_03_22_43_43_800.jpg;0;0;0;0;126.4731;120.3561;359.7491;36.53482;0.07635316
C:\Mark's Python files\ME5920\IMG\robocam_2025_04_03_22_43_43_833.jpg;0;0;0;0;126.4731;120.3561;359.7491;36.53482;0.07635316
C:\Mark's Python files\ME5920\IMG\robocam_2025_04_03_22_43_43_837.jpg;0;0;0;0;126.4731;120.3561;359.7491;36.53482;0.07635316
C:\Mark's Python files\ME5920\IMG\robocam_2025_04_03_22_43_43_869.jpg;0;0;0;0;126.4731;120.3561;359.7491;36.53482;0.07635316
C:\Mark's Python files\ME5920\IMG\robocam_2025_04_03_22_43_43_871.jpg;0;0;0;0;126.4731;120.3561;359.7491;36.53482;0.07635316
C:\Mark's Python files\ME5920\IMG\robocam_2025_04_03_22_43_43_903.jpg;0;0;0;0;126.4731;120.3561;359.7491;36.53482;0.07635316
C:\Mark's Python files\ME5920\IMG\robocam_2025_04_03_22_43_43_905.jpg;0;0;0;0;126.4731;120.3561;359.7491;36.53482;0.07635316
C:\Mark's Python files\ME5920\IMG\robocam_2025_04_03_22_43_43_938.jpg;0;0;0;0;126.4731;120.3561;359.7491;36.53482;0.07635316
C:\Mark's Python files\ME5920\IMG\robocam_2025_04_03_22_43_43_939.jpg;0;0;0;0;126.4731;120.3561;359.7491;36.53482;0.07635316
C:\Mark's Python files\ME5920\IMG\robocam_2025_04_03_22_43_43_973.jpg;0;0;0;0;126.4731;120.3561;359.7491;36.53482;0.07635316
C:\Mark's Python files\ME5920\IMG\robocam_2025_04_03_22_43_43_975.jpg;0;0;0;0;126.4731;120.3561;359.7491;36.53482;0.07635316
C:\Mark's Python files\ME5920\IMG\robocam_2025_04_03_22_43_44_009.jpg;0;0;0;0;126.4731;120.3561;359.7491;36.53482;0.07635316
C:\Mark's Python files\ME5920\IMG\robocam_2025_04_03_22_43_44_011.jpg;0;0;0;0;126.4731;120.3561;359.7491;36.53482;0.07635316
C:\Mark's Python files\ME5920\IMG\robocam_2025_04_03_22_43_44_044.jpg;0;0;0;0;126.4731;120.3561;359.7491;36.53482;0.07635316
C:\Mark's Python files\ME5920\IMG\robocam_2025_04_03_22_43_44_045.jpg;0;0;0;0;126.4731;120.3561;359.7491;36.53482;0.07635316
C:\Mark's Python files\ME5920\IMG\robocam_2025_04_03_22_43_44_080.jpg;0;0;0;0;126.4731;120.3561;359.7491;36.53482;0.07635316
C:\Mark's Python files\ME5920\IMG\robocam_2025_04_03_22_43_44_081.jpg;0;0;0;0;126.4731;120.3561;359.7491;36.53482;0.07635316
C:\Mark's Python files\ME5920\IMG\robocam_2025_04_03_22_43_44_116.jpg;0;0;0;0;126.4731;120.3561;359.7491;36.53482;0.07635316
C:\Mark's Python files\ME5920\IMG\robocam_2025_04_03_22_43_44_118.jpg;0;0;0;0;126.4731;120.3561;359.7491;36.53482;0.07635316
C:\Mark's Python files\ME5920\IMG\robocam_2025_04_03_22_43_44_151.jpg;0;0;0;0;126.4731;120.3561;359.7491;36.53482;0.07635316
C:\Mark's Python files\ME5920\IMG\robocam_2025_04_03_22_43_44_152.jpg;0;0;0;0;126.4731;120.3561;359.7491;36.53482;0.07635316
C:\Mark's Python files\ME5920\IMG\robocam_2025_04_03_22_43_44_185.jpg;0;0;0;0;126.4731;120.3561;359.7491;36.53482;0.07635316
C:\Mark's Python files\ME5920\IMG\robocam_2025_04_03_22_43_44_186.jpg;0;0;0;0;126.4731;120.3561;359.7491;36.53482;0.07635316
C:\Mark's Python files\ME5920\IMG\robocam_2025_04_03_22_43_44_220.jpg;0;0;0;0;126.4731;120.3561;359.7491;36.53482;0.07635316
C:\Mark's Python files\ME5920\IMG\robocam_2025_04_03_22_43_44_222.jpg;0;0;0;0;126.4731;120.3561;359.7491;36.53482;0.07635316
C:\Mark's Python files\ME5920\IMG\robocam_2025_04_03_22_43_44_255.jpg;0;0;0;0;126.4731;120.3561;359.7491;36.53482;0.07635316
C:\Mark's Python files\ME5920\IMG\robocam_2025_04_03_22_43_44_257.jpg;0;0;0;0;126.4731;120.3561;359.7491;36.53482;0.07635316
C:\Mark's Python files\ME5920\IMG\robocam_2025_04_03_22_43_44_290.jpg;0;0;0;0;126.4731;120.3561;359.7491;36.53482;0.07635316
C:\Mark's Python files\ME5920\IMG\robocam_2025_04_03_22_43_44_293.jpg;0;0;0;0;126.4731;120.3561;359.7491;36.53482;0.07635316
C:\Mark's Python files\ME5920\IMG\robocam_2025_04_03_22_43_44_325.jpg;0;0;0;0;126.4731;120.3561;359.7491;36.53482;0.07635316
C:\Mark's Python files\ME5920\IMG\robocam_2025_04_03_22_43_44_327.jpg;0;0;0;0;126.4731;120.3561;359.7491;36.53482;0.07635316
C:\Mark's Python files\ME5920\IMG\robocam_2025_04_03_22_43_44_361.jpg;0;0;0;0;126.4731;120.3561;359.7491;36.53482;0.07635316
C:\Mark's Python files\ME5920\IMG\robocam_2025_04_03_22_43_44_362.jpg;0;0;0;0;126.4731;120.3561;359.7491;36.53482;0.07635316
C:\Mark's Python files\ME5920\IMG\robocam_2025_04_03_22_43_44_395.jpg;0;0;0;0;126.4731;120.3561;359.7491;36.53482;0.07635316
C:\Mark's Python files\ME5920\IMG\robocam_2025_04_03_22_43_44_396.jpg;0;0;0;0;126.4731;120.3561;359.7491;36.53482;0.07635316
C:\Mark's Python files\ME5920\IMG\robocam_2025_04_03_22_43_44_431.jpg;0;0;0;0;126.4731;120.3561;359.7491;36.53482;0.07635316
C:\Mark's Python files\ME5920\IMG\robocam_2025_04_03_22_43_44_432.jpg;0;0;0;0;126.4731;120.3561;359.7491;36.53482;0.07635316
C:\Mark's Python files\ME5920\IMG\robocam_2025_04_03_22_43_44_466.jpg;0;0;0;0;126.4731;120.3561;359.7491;36.53482;0.07635316
C:\Mark's Python files\ME5920\IMG\robocam_2025_04_03_22_43_44_467.jpg;0;0;0;0;126.4731;120.3561;359.7491;36.53482;0.07635316
C:\Mark's Python files\ME5920\IMG\robocam_2025_04_03_22_43_44_500.jpg;0;0;0;0;126.4731;120.3561;359.7491;36.53482;0.07635316
C:\Mark's Python files\ME5920\IMG\robocam_2025_04_03_22_43_44_502.jpg;0;0;0;0;126.4731;120.3561;359.7491;36.53482;0.07635316
C:\Mark's Python files\ME5920\IMG\robocam_2025_04_03_22_43_44_535.jpg;0;0;0;0;126.4731;120.3561;359.7491;36.53482;0.07635316
C:\Mark's Python files\ME5920\IMG\robocam_2025_04_03_22_43_44_536.jpg;0;0;0;0;126.4731;120.3561;359.7491;36.53482;0.07635316
C:\Mark's Python files\ME5920\IMG\robocam_2025_04_03_22_43_44_570.jpg;0;0;0;0;126.4731;120.3561;359.7491;36.53482;0.07635316
C:\Mark's Python files\ME5920\IMG\robocam_2025_04_03_22_43_44_572.jpg;0;0;0;0;126.4731;120.3561;359.7491;36.53482;0.07635316
C:\Mark's Python files\ME5920\IMG\robocam_2025_04_03_22_43_44_606.jpg;0;0;0;0;126.4731;120.3561;359.7491;36.53482;0.07635316
C:\Mark's Python files\ME5920\IMG\robocam_2025_04_03_22_43_44_607.jpg;0;0;0;0;126.4731;120.3561;359.7491;36.53482;0.07635316
C:\Mark's Python files\ME5920\IMG\robocam_2025_04_03_22_43_44_641.jpg;0;0;0;0;126.4731;120.3561;359.7491;36.53482;0.07635316
C:\Mark's Python files\ME5920\IMG\robocam_2025_04_03_22_43_44_644.jpg;0;0;0;0;126.4731;120.3561;359.7491;36.53482;0.07635316
C:\Mark's Python files\ME5920\IMG\robocam_2025_04_03_22_43_44_678.jpg;0;0;0;0;126.4731;120.3561;359.7491;36.53482;0.07635316
C:\Mark's Python files\ME5920\IMG\robocam_2025_04_03_22_43_44_678.jpg;0;0;0;0;126.4731;120.3561;359.7491;36.53482;0.07635316
C:\Mark's Python files\ME5920\IMG\robocam_2025_04_03_22_43_44_713.jpg;0;0;0;0;126.4731;120.3561;359.7491;36.53482;0.07635316
C:\Mark's Python files\ME5920\IMG\robocam_2025_04_03_22_43_44_714.jpg;0;0;0;0;126.4731;120.3561;359.7491;36.53482;0.07635316
C:\Mark's Python files\ME5920\IMG\robocam_2025_04_03_22_43_44_747.jpg;0;0;0;0;126.4731;120.3561;359.7491;36.53482;0.07635316
C:\Mark's Python files\ME5920\IMG\robocam_2025_04_03_22_43_44_749.jpg;0;0;0;0;126.4731;120.3561;359.7491;36.53482;0.07635316
C:\Mark's Python files\ME5920\IMG\robocam_2025_04_03_22_43_44_784.jpg;0;0;0;0;126.4731;120.3561;359.7491;36.53482;0.07635316
C:\Mark's Python files\ME5920\IMG\robocam_2025_04_03_22_43_44_786.jpg;0;0;0;0;126.4731;120.3561;359.7491;36.53482;0.07635316
C:\Mark's Python files\ME5920\IMG\robocam_2025_04_03_22_43_44_821.jpg;0;0;0;0;126.4731;120.3561;359.7491;36.53482;0.07635316
C:\Mark's Python files\ME5920\IMG\robocam_2025_04_03_22_43_44_822.jpg;0;0;0;0;126.4731;120.3561;359.7491;36.53482;0.07635316
C:\Mark's Python files\ME5920\IMG\robocam_2025_04_03_22_43_44_857.jpg;0;0;0;0;126.4731;120.3561;359.7491;36.53482;0.07635316
C:\Mark's Python files\ME5920\IMG\robocam_2025_04_03_22_43_44_858.jpg;0;0;0;0;126.4731;120.3561;359.7491;36.53482;0.07635316
C:\Mark's Python files\ME5920\IMG\robocam_2025_04_03_22_43_44_892.jpg;0;0;0;0;126.4731;120.3561;359.7491;36.53482;0.07635316
C:\Mark's Python files\ME5920\IMG\robocam_2025_04_03_22_43_44_893.jpg;0;0;0;0;126.4731;120.3561;359.7491;36.53482;0.07635316
C:\Mark's Python files\ME5920\IMG\robocam_2025_04_03_22_43_44_928.jpg;0;0;0;0;126.4731;120.3561;359.7491;36.53482;0.07635316
C:\Mark's Python files\ME5920\IMG\robocam_2025_04_03_22_43_44_930.jpg;0;0;0;0;126.4731;120.3561;359.7491;36.53482;0.07635316
C:\Mark's Python files\ME5920\IMG\robocam_2025_04_03_22_43_44_963.jpg;0;0;0;0;126.4731;120.3561;359.7491;36.53482;0.07635316
C:\Mark's Python files\ME5920\IMG\robocam_2025_04_03_22_43_44_965.jpg;0;0;0;0;126.4731;120.3561;359.7491;36.53482;0.07635316
C:\Mark's Python files\ME5920\IMG\robocam_2025_04_03_22_43_45_000.jpg;0;0;0;0;126.4731;120.3561;359.7491;36.53482;0.07635316
C:\Mark's Python files\ME5920\IMG\robocam_2025_04_03_22_43_45_002.jpg;0;0;0;0;126.4731;120.3561;359.7491;36.53482;0.07635316
C:\Mark's Python files\ME5920\IMG\robocam_2025_04_03_22_43_45_035.jpg;0;0;0;0;126.4731;120.3561;359.7491;36.53482;0.07635316
C:\Mark's Python files\ME5920\IMG\robocam_2025_04_03_22_43_45_037.jpg;0;0;0;0;126.4731;120.3561;359.7491;36.53482;0.07635316
C:\Mark's Python files\ME5920\IMG\robocam_2025_04_03_22_43_45_069.jpg;0;0;0;0;126.4731;120.3561;359.7491;36.53482;0.07635316
C:\Mark's Python files\ME5920\IMG\robocam_2025_04_03_22_43_45_072.jpg;0;0;0;0;126.4731;120.3561;359.7491;36.53482;0.07635316
C:\Mark's Python files\ME5920\IMG\robocam_2025_04_03_22_43_45_104.jpg;0;0;0;0;126.4731;120.3561;359.7491;36.53482;0.07635316
C:\Mark's Python files\ME5920\IMG\robocam_2025_04_03_22_43_45_106.jpg;0;0;0;0;126.4731;120.3561;359.7491;36.53482;0.07635316
C:\Mark's Python files\ME5920\IMG\robocam_2025_04_03_22_43_45_139.jpg;0;0;0;0;126.4731;120.3561;359.7491;36.53482;0.07635316
C:\Mark's Python files\ME5920\IMG\robocam_2025_04_03_22_43_45_140.jpg;0;0;0;0;126.4731;120.3561;359.7491;36.53482;0.07635316
C:\Mark's Python files\ME5920\IMG\robocam_2025_04_03_22_43_45_174.jpg;0;0;0;0;126.4731;120.3561;359.7491;36.53482;0.07635316
C:\Mark's Python files\ME5920\IMG\robocam_2025_04_03_22_43_45_175.jpg;0;0;0;0;126.4731;120.3561;359.7491;36.53482;0.07635316
C:\Mark's Python files\ME5920\IMG\robocam_2025_04_03_22_43_45_207.jpg;0;0;0;0;126.4731;120.3561;359.7491;36.53482;0.07635316
C:\Mark's Python files\ME5920\IMG\robocam_2025_04_03_22_43_45_209.jpg;0;0;0;0;126.4731;120.3561;359.7491;36.53482;0.07635316
C:\Mark's Python files\ME5920\IMG\robocam_2025_04_03_22_43_45_241.jpg;0;0;0;0;126.4731;120.3561;359.7491;36.53482;0.07635316
C:\Mark's Python files\ME5920\IMG\robocam_2025_04_03_22_43_45_243.jpg;0;0;0;0;126.4731;120.3561;359.7491;36.53482;0.07635316
C:\Mark's Python files\ME5920\IMG\robocam_2025_04_03_22_43_45_277.jpg;0;0;0;0;126.4731;120.3561;359.7491;36.53482;0.07635316
C:\Mark's Python files\ME5920\IMG\robocam_2025_04_03_22_43_45_278.jpg;0;0;0;0;126.4731;120.3561;359.7491;36.53482;0.07635316
C:\Mark's Python files\ME5920\IMG\robocam_2025_04_03_22_43_45_313.jpg;0;0;0;0;126.4731;120.3561;359.7491;36.53482;0.07635316
C:\Mark's Python files\ME5920\IMG\robocam_2025_04_03_22_43_45_314.jpg;0;0;0;0;126.4731;120.3561;359.7491;36.53482;0.07635316
C:\Mark's Python files\ME5920\IMG\robocam_2025_04_03_22_43_45_348.jpg;0;0;0;0;126.4731;120.3561;359.7491;36.53482;0.07635316
C:\Mark's Python files\ME5920\IMG\robocam_2025_04_03_22_43_45_350.jpg;0;0;0;0;126.4731;120.3561;359.7491;36.53482;0.07635316
C:\Mark's Python files\ME5920\IMG\robocam_2025_04_03_22_43_45_384.jpg;0;0;0;0;126.4731;120.3561;359.7491;36.53482;0.07635316
C:\Mark's Python files\ME5920\IMG\robocam_2025_04_03_22_43_45_386.jpg;0;0;0;0;126.4731;120.3561;359.7491;36.53482;0.07635316
C:\Mark's Python files\ME5920\IMG\robocam_2025_04_03_22_43_45_421.jpg;0;0;0;0;126.4731;120.3561;359.7491;36.53482;0.07635316
C:\Mark's Python files\ME5920\IMG\robocam_2025_04_03_22_43_45_423.jpg;0;0;0;0;126.4731;120.3561;359.7491;36.53482;0.07635316
C:\Mark's Python files\ME5920\IMG\robocam_2025_04_03_22_43_45_456.jpg;0;0;0;0;126.4731;120.3561;359.7491;36.53482;0.07635316
C:\Mark's Python files\ME5920\IMG\robocam_2025_04_03_22_43_45_458.jpg;0;0;0;0;126.4731;120.3561;359.7491;36.53482;0.07635316
C:\Mark's Python files\ME5920\IMG\robocam_2025_04_03_22_43_45_490.jpg;0;0;0;0;126.4731;120.3561;359.7491;36.53482;0.07635316
C:\Mark's Python files\ME5920\IMG\robocam_2025_04_03_22_43_45_493.jpg;0;0;0;0;126.4731;120.3561;359.7491;36.53482;0.07635316
C:\Mark's Python files\ME5920\IMG\robocam_2025_04_03_22_43_45_526.jpg;0;0;0;0;126.4731;120.3561;359.7491;36.53482;0.07635316
C:\Mark's Python files\ME5920\IMG\robocam_2025_04_03_22_43_45_527.jpg;0;0;0;0;126.4731;120.3561;359.7491;36.53482;0.07635316
C:\Mark's Python files\ME5920\IMG\robocam_2025_04_03_22_43_45_561.jpg;0;0;0;0;126.4731;120.3561;359.7491;36.53482;0.07635316
C:\Mark's Python files\ME5920\IMG\robocam_2025_04_03_22_43_45_562.jpg;0;0;0;0;126.4731;120.3561;359.7491;36.53482;0.07635316
C:\Mark's Python files\ME5920\IMG\robocam_2025_04_03_22_43_45_597.jpg;0;0;0;0;126.4731;120.3561;359.7491;36.53482;0.07635316
C:\Mark's Python files\ME5920\IMG\robocam_2025_04_03_22_43_45_600.jpg;0;0;0;0;126.4731;120.3561;359.7491;36.53482;0.07635316
C:\Mark's Python files\ME5920\IMG\robocam_2025_04_03_22_43_45_635.jpg;0;0;0;0;126.4731;120.3561;359.7491;36.53482;0.07635316
C:\Mark's Python files\ME5920\IMG\robocam_2025_04_03_22_43_45_636.jpg;0;0;0;0;126.4731;120.3561;359.7491;36.53482;0.07635316
C:\Mark's Python files\ME5920\IMG\robocam_2025_04_03_22_43_45_669.jpg;0;0;0;0;126.4731;120.3561;359.7491;36.53482;0.07635316
C:\Mark's Python files\ME5920\IMG\robocam_2025_04_03_22_43_45_671.jpg;0;0;0;0;126.4731;120.3561;359.7491;36.53482;0.07635316
C:\Mark's Python files\ME5920\IMG\robocam_2025_04_03_22_43_45_705.jpg;0;0;0;0;126.4731;120.3561;359.7491;36.53482;0.07635316
C:\Mark's Python files\ME5920\IMG\robocam_2025_04_03_22_43_45_707.jpg;0;0;0;0;126.4731;120.3561;359.7491;36.53482;0.07635316
C:\Mark's Python files\ME5920\IMG\robocam_2025_04_03_22_43_45_740.jpg;0;0;0;0;126.4731;120.3561;359.7491;36.53482;0.07635316
C:\Mark's Python files\ME5920\IMG\robocam_2025_04_03_22_43_45_742.jpg;0;0;0;0;126.4731;120.3561;359.7491;36.53482;0.07635316
C:\Mark's Python files\ME5920\IMG\robocam_2025_04_03_22_43_45_775.jpg;0;0;0;0;126.4731;120.3561;359.7491;36.53482;0.07635316
C:\Mark's Python files\ME5920\IMG\robocam_2025_04_03_22_43_45_776.jpg;0;0;0;0;126.4731;120.3561;359.7491;36.53482;0.07635316
C:\Mark's Python files\ME5920\IMG\robocam_2025_04_03_22_43_45_811.jpg;0;0;0;0;126.4731;120.3561;359.7491;36.53482;0.07635316
C:\Mark's Python files\ME5920\IMG\robocam_2025_04_03_22_43_45_812.jpg;0;0;0;0;126.4731;120.3561;359.7491;36.53482;0.07635316
C:\Mark's Python files\ME5920\IMG\robocam_2025_04_03_22_43_45_846.jpg;0;0;0;0;126.4731;120.3561;359.7491;36.53482;0.07635316
C:\Mark's Python files\ME5920\IMG\robocam_2025_04_03_22_43_45_848.jpg;0;0;0;0;126.4731;120.3561;359.7491;36.53482;0.07635316
C:\Mark's Python files\ME5920\IMG\robocam_2025_04_03_22_43_45_883.jpg;0;0;0;0;126.4731;120.3561;359.7491;36.53482;0.07635316
C:\Mark's Python files\ME5920\IMG\robocam_2025_04_03_22_43_45_885.jpg;0;0;0;0;126.4731;120.3561;359.7491;36.53482;0.07635316
C:\Mark's Python files\ME5920\IMG\robocam_2025_04_03_22_43_45_918.jpg;0;0;0;0;126.4731;120.3561;359.7491;36.53482;0.07635316
C:\Mark's Python files\ME5920\IMG\robocam_2025_04_03_22_43_45_919.jpg;0;0;0;0;126.4731;120.3561;359.7491;36.53482;0.07635316
C:\Mark's Python files\ME5920\IMG\robocam_2025_04_03_22_43_45_953.jpg;0;0;0;0;126.4731;120.3561;359.7491;36.53482;0.07635316
C:\Mark's Python files\ME5920\IMG\robocam_2025_04_03_22_43_45_954.jpg;0;0;0;0;126.4731;120.3561;359.7491;36.53482;0.07635316
C:\Mark's Python files\ME5920\IMG\robocam_2025_04_03_22_43_45_988.jpg;0;0;0;0;126.4731;120.3561;359.7491;36.53482;0.07635316
C:\Mark's Python files\ME5920\IMG\robocam_2025_04_03_22_43_45_989.jpg;0;0;0;0;126.4731;120.3561;359.7491;36.53482;0.07635316
C:\Mark's Python files\ME5920\IMG\robocam_2025_04_03_22_43_46_024.jpg;0;0;0;0;126.4731;120.3561;359.7491;36.53482;0.07635316
C:\Mark's Python files\ME5920\IMG\robocam_2025_04_03_22_43_46_025.jpg;0;0;0;0;126.4731;120.3561;359.7491;36.53482;0.07635316
C:\Mark's Python files\ME5920\IMG\robocam_2025_04_03_22_43_46_060.jpg;0;0;0;0;126.4731;120.3561;359.7491;36.53482;0.07635316
C:\Mark's Python files\ME5920\IMG\robocam_2025_04_03_22_43_46_061.jpg;0;0;0;0;126.4731;120.3561;359.7491;36.53482;0.07635316
C:\Mark's Python files\ME5920\IMG\robocam_2025_04_03_22_43_46_094.jpg;0;0;0;0;126.4731;120.3561;359.7491;36.53482;0.07635316
C:\Mark's Python files\ME5920\IMG\robocam_2025_04_03_22_43_46_095.jpg;0;0;0;0;126.4731;120.3561;359.7491;36.53482;0.07635316
C:\Mark's Python files\ME5920\IMG\robocam_2025_04_03_22_43_46_130.jpg;0;0;0;0;126.4731;120.3561;359.7491;36.53482;0.07635316
C:\Mark's Python files\ME5920\IMG\robocam_2025_04_03_22_43_46_132.jpg;0;0;0;0;126.4731;120.3561;359.7491;36.53482;0.07635316
C:\Mark's Python files\ME5920\IMG\robocam_2025_04_03_22_43_46_164.jpg;0;0;0;0;126.4731;120.3561;359.7491;36.53482;0.07635316
C:\Mark's Python files\ME5920\IMG\robocam_2025_04_03_22_43_46_167.jpg;0;0;0;0;126.4731;120.3561;359.7491;36.53482;0.07635316
C:\Mark's Python files\ME5920\IMG\robocam_2025_04_03_22_43_46_202.jpg;0;0;0;0;126.4731;120.3561;359.7491;36.53482;0.07635316
C:\Mark's Python files\ME5920\IMG\robocam_2025_04_03_22_43_46_203.jpg;0;0;0;0;126.4731;120.3561;359.7491;36.53482;0.07635316
C:\Mark's Python files\ME5920\IMG\robocam_2025_04_03_22_43_46_238.jpg;0;0;0;0;126.4731;120.3561;359.7491;36.53482;0.07635316
C:\Mark's Python files\ME5920\IMG\robocam_2025_04_03_22_43_46_239.jpg;0;0;0;0;126.4731;120.3561;359.7491;36.53482;0.07635316
C:\Mark's Python files\ME5920\IMG\robocam_2025_04_03_22_43_46_272.jpg;0;0;0;0;126.4731;120.3561;359.7491;36.53482;0.07635316
C:\Mark's Python files\ME5920\IMG\robocam_2025_04_03_22_43_46_274.jpg;0;0;0;0;126.4731;120.3561;359.7491;36.53482;0.07635316
C:\Mark's Python files\ME5920\IMG\robocam_2025_04_03_22_43_46_307.jpg;0;0;0;0;126.4731;120.3561;359.7491;36.53482;0.07635316
C:\Mark's Python files\ME5920\IMG\robocam_2025_04_03_22_43_46_309.jpg;0;0;0;0;126.4731;120.3561;359.7491;36.53482;0.07635316
C:\Mark's Python files\ME5920\IMG\robocam_2025_04_03_22_43_46_343.jpg;0;0;0;0;126.4731;120.3561;359.7491;36.53482;0.07635316
C:\Mark's Python files\ME5920\IMG\robocam_2025_04_03_22_43_46_344.jpg;0;0;0;0;126.4731;120.3561;359.7491;36.53482;0.07635316
C:\Mark's Python files\ME5920\IMG\robocam_2025_04_03_22_43_46_379.jpg;0;0;0;0;126.4731;120.3561;359.7491;36.53482;0.07635316
C:\Mark's Python files\ME5920\IMG\robocam_2025_04_03_22_43_46_379.jpg;0;0;0;0;126.4731;120.3561;359.7491;36.53482;0.07635316
C:\Mark's Python files\ME5920\IMG\robocam_2025_04_03_22_43_46_413.jpg;0;0;0;0;126.4731;120.3561;359.7491;36.53482;0.07635316
C:\Mark's Python files\ME5920\IMG\robocam_2025_04_03_22_43_46_415.jpg;0;0;0;0;126.4731;120.3561;359.7491;36.53482;0.07635316
C:\Mark's Python files\ME5920\IMG\robocam_2025_04_03_22_43_46_450.jpg;0;0;0;0;126.4731;120.3561;359.7491;36.53482;0.07635316
C:\Mark's Python files\ME5920\IMG\robocam_2025_04_03_22_43_46_453.jpg;0;0;0;0;126.4731;120.3561;359.7491;36.53482;0.07635316
C:\Mark's Python files\ME5920\IMG\robocam_2025_04_03_22_43_46_485.jpg;0;0;0;0;126.4731;120.3561;359.7491;36.53482;0.07635316
C:\Mark's Python files\ME5920\IMG\robocam_2025_04_03_22_43_46_487.jpg;0;0;0;0;126.4731;120.3561;359.7491;36.53482;0.07635316
C:\Mark's Python files\ME5920\IMG\robocam_2025_04_03_22_43_46_519.jpg;0;0;0;0;126.4731;120.3561;359.7491;36.53482;0.07635316
C:\Mark's Python files\ME5920\IMG\robocam_2025_04_03_22_43_46_521.jpg;0;0;0;0;126.4731;120.3561;359.7491;36.53482;0.07635316
C:\Mark's Python files\ME5920\IMG\robocam_2025_04_03_22_43_46_555.jpg;0;0;0;0;126.4731;120.3561;359.7491;36.53482;0.07635316
C:\Mark's Python files\ME5920\IMG\robocam_2025_04_03_22_43_46_556.jpg;0;0;0;0;126.4731;120.3561;359.7491;36.53482;0.07635316
C:\Mark's Python files\ME5920\IMG\robocam_2025_04_03_22_43_46_591.jpg;0;0;0;0;126.4731;120.3561;359.7491;36.53482;0.07635316
C:\Mark's Python files\ME5920\IMG\robocam_2025_04_03_22_43_46_594.jpg;0;0;0;0;126.4731;120.3561;359.7491;36.53482;0.07635316
C:\Mark's Python files\ME5920\IMG\robocam_2025_04_03_22_43_46_627.jpg;0;0;0;0;126.4731;120.3561;359.7491;36.53482;0.07635316
C:\Mark's Python files\ME5920\IMG\robocam_2025_04_03_22_43_46_628.jpg;0;0;0;0;126.4731;120.3561;359.7491;36.53482;0.07635316
C:\Mark's Python files\ME5920\IMG\robocam_2025_04_03_22_43_46_663.jpg;0;0;0;0;126.4731;120.3561;359.7491;36.53482;0.07635316
C:\Mark's Python files\ME5920\IMG\robocam_2025_04_03_22_43_46_665.jpg;0;0;0;0;126.4731;120.3561;359.7491;36.53482;0.07635316
C:\Mark's Python files\ME5920\IMG\robocam_2025_04_03_22_43_46_701.jpg;0;0;0;0;126.4731;120.3561;359.7491;36.53482;0.07635316
C:\Mark's Python files\ME5920\IMG\robocam_2025_04_03_22_43_46_703.jpg;0;0;0;0;126.4731;120.3561;359.7491;36.53482;0.07635316
C:\Mark's Python files\ME5920\IMG\robocam_2025_04_03_22_43_46_737.jpg;0;0;0;0;126.4731;120.3561;359.7491;36.53482;0.07635316
C:\Mark's Python files\ME5920\IMG\robocam_2025_04_03_22_43_46_738.jpg;0;0;0;0;126.4731;120.3561;359.7491;36.53482;0.07635316
C:\Mark's Python files\ME5920\IMG\robocam_2025_04_03_22_43_46_772.jpg;0;0;0;0;126.4731;120.3561;359.7491;36.53482;0.07635316
C:\Mark's Python files\ME5920\IMG\robocam_2025_04_03_22_43_46_774.jpg;0;0;0;0;126.4731;120.3561;359.7491;36.53482;0.07635316
C:\Mark's Python files\ME5920\IMG\robocam_2025_04_03_22_43_46_808.jpg;0;0;0;0;126.4731;120.3561;359.7491;36.53482;0.07635316
C:\Mark's Python files\ME5920\IMG\robocam_2025_04_03_22_43_46_809.jpg;0;0;0;0;126.4731;120.3561;359.7491;36.53482;0.07635316
C:\Mark's Python files\ME5920\IMG\robocam_2025_04_03_22_43_46_844.jpg;0;0;0;0;126.4731;120.3561;359.7491;36.53482;0.07635316
C:\Mark's Python files\ME5920\IMG\robocam_2025_04_03_22_43_46_846.jpg;0;0;0;0;126.4731;120.3561;359.7491;36.53482;0.07635316
C:\Mark's Python files\ME5920\IMG\robocam_2025_04_03_22_43_46_880.jpg;0;0;0;0;126.4731;120.3561;359.7491;36.53482;0.07635316
C:\Mark's Python files\ME5920\IMG\robocam_2025_04_03_22_43_46_882.jpg;0;0;0;0;126.4731;120.3561;359.7491;36.53482;0.07635316
C:\Mark's Python files\ME5920\IMG\robocam_2025_04_03_22_43_46_916.jpg;0;0;0;0;126.4731;120.3561;359.7491;36.53482;0.07635316
C:\Mark's Python files\ME5920\IMG\robocam_2025_04_03_22_43_46_917.jpg;0;0;0;0;126.4731;120.3561;359.7491;36.53482;0.07635316
C:\Mark's Python files\ME5920\IMG\robocam_2025_04_03_22_43_46_952.jpg;0;0;0;0;126.4731;120.3561;359.7491;36.53482;0.07635316
C:\Mark's Python files\ME5920\IMG\robocam_2025_04_03_22_43_46_953.jpg;0;0;0;0;126.4731;120.3561;359.7491;36.53482;0.07635316
C:\Mark's Python files\ME5920\IMG\robocam_2025_04_03_22_43_46_988.jpg;0;0;0;0;126.4731;120.3561;359.7491;36.53482;0.07635316
C:\Mark's Python files\ME5920\IMG\robocam_2025_04_03_22_43_46_991.jpg;0;0;0;0;126.4731;120.3561;359.7491;36.53482;0.07635316
C:\Mark's Python files\ME5920\IMG\robocam_2025_04_03_22_43_47_024.jpg;0;0;0;0;126.4731;120.3561;359.7491;36.53482;0.07635316
C:\Mark's Python files\ME5920\IMG\robocam_2025_04_03_22_43_47_025.jpg;0;0;0;0;126.4731;120.3561;359.7491;36.53482;0.07635316
C:\Mark's Python files\ME5920\IMG\robocam_2025_04_03_22_43_47_059.jpg;0;0;0;0;126.4731;120.3561;359.7491;36.53482;0.07635316
C:\Mark's Python files\ME5920\IMG\robocam_2025_04_03_22_43_47_061.jpg;0;0;0;0;126.4731;120.3561;359.7491;36.53482;0.07635316
C:\Mark's Python files\ME5920\IMG\robocam_2025_04_03_22_43_47_096.jpg;0;0;0;0;126.4731;120.3561;359.7491;36.53482;0.07635316
C:\Mark's Python files\ME5920\IMG\robocam_2025_04_03_22_43_47_098.jpg;0;0;0;0;126.4731;120.3561;359.7491;36.53482;0.07635316
C:\Mark's Python files\ME5920\IMG\robocam_2025_04_03_22_43_47_132.jpg;0;0;0;0;126.4731;120.3561;359.7491;36.53482;0.07635316
C:\Mark's Python files\ME5920\IMG\robocam_2025_04_03_22_43_47_133.jpg;0;0;0;0;126.4731;120.3561;359.7491;36.53482;0.07635316
C:\Mark's Python files\ME5920\IMG\robocam_2025_04_03_22_43_47_167.jpg;0;0;0;0;126.4731;120.3561;359.7491;36.53482;0.07635316
C:\Mark's Python files\ME5920\IMG\robocam_2025_04_03_22_43_47_170.jpg;0;0;0;0;126.4731;120.3561;359.7491;36.53482;0.07635316
C:\Mark's Python files\ME5920\IMG\robocam_2025_04_03_22_43_47_204.jpg;0;0;0;0;126.4731;120.3561;359.7491;36.53482;0.07635316
C:\Mark's Python files\ME5920\IMG\robocam_2025_04_03_22_43_47_205.jpg;0;0;0;0;126.4731;120.3561;359.7491;36.53482;0.07635316
C:\Mark's Python files\ME5920\IMG\robocam_2025_04_03_22_43_47_238.jpg;0;0;0;0;126.4731;120.3561;359.7491;36.53482;0.07635316
C:\Mark's Python files\ME5920\IMG\robocam_2025_04_03_22_43_47_240.jpg;0;0;0;0;126.4731;120.3561;359.7491;36.53482;0.07635316
C:\Mark's Python files\ME5920\IMG\robocam_2025_04_03_22_43_47_273.jpg;0;0;0;0;126.4731;120.3561;359.7491;36.53482;0.07635316
C:\Mark's Python files\ME5920\IMG\robocam_2025_04_03_22_43_47_275.jpg;0;0;0;0;126.4731;120.3561;359.7491;36.53482;0.07635316
C:\Mark's Python files\ME5920\IMG\robocam_2025_04_03_22_43_47_307.jpg;0;0;0;0;126.4731;120.3561;359.7491;36.53482;0.07635316
C:\Mark's Python files\ME5920\IMG\robocam_2025_04_03_22_43_47_308.jpg;0;0;0;0;126.4731;120.3561;359.7491;36.53482;0.07635316
C:\Mark's Python files\ME5920\IMG\robocam_2025_04_03_22_43_47_342.jpg;0;0;0;0;126.4731;120.3561;359.7491;36.53482;0.07635316
C:\Mark's Python files\ME5920\IMG\robocam_2025_04_03_22_43_47_343.jpg;0;0;0;0;126.4731;120.3561;359.7491;36.53482;0.07635316
C:\Mark's Python files\ME5920\IMG\robocam_2025_04_03_22_43_47_378.jpg;0;0;0;0;126.4731;120.3561;359.7491;36.53482;0.07635316
C:\Mark's Python files\ME5920\IMG\robocam_2025_04_03_22_43_47_379.jpg;0;0;0;0;126.4731;120.3561;359.7491;36.53482;0.07635316
C:\Mark's Python files\ME5920\IMG\robocam_2025_04_03_22_43_47_413.jpg;0;0;0;0;126.4731;120.3561;359.7491;36.53482;0.07635316
C:\Mark's Python files\ME5920\IMG\robocam_2025_04_03_22_43_47_414.jpg;0;0;0;0;126.4731;120.3561;359.7491;36.53482;0.07635316
C:\Mark's Python files\ME5920\IMG\robocam_2025_04_03_22_43_47_448.jpg;0;0;0;0;126.4731;120.3561;359.7491;36.53482;0.07635316
C:\Mark's Python files\ME5920\IMG\robocam_2025_04_03_22_43_47_450.jpg;0;0;0;0;126.4731;120.3561;359.7491;36.53482;0.07635316
C:\Mark's Python files\ME5920\IMG\robocam_2025_04_03_22_43_47_484.jpg;0;0;0;0;126.4731;120.3561;359.7491;36.53482;0.07635316
C:\Mark's Python files\ME5920\IMG\robocam_2025_04_03_22_43_47_485.jpg;0;0;0;0;126.4731;120.3561;359.7491;36.53482;0.07635316
C:\Mark's Python files\ME5920\IMG\robocam_2025_04_03_22_43_47_519.jpg;0;0;0;0;126.4731;120.3561;359.7491;36.53482;0.07635316
C:\Mark's Python files\ME5920\IMG\robocam_2025_04_03_22_43_47_522.jpg;0;0;0;0;126.4731;120.3561;359.7491;36.53482;0.07635316
C:\Mark's Python files\ME5920\IMG\robocam_2025_04_03_22_43_47_554.jpg;0;0;0;0;126.4731;120.3561;359.7491;36.53482;0.07635316
C:\Mark's Python files\ME5920\IMG\robocam_2025_04_03_22_43_47_556.jpg;0;0;0;0;126.4731;120.3561;359.7491;36.53482;0.07635316
C:\Mark's Python files\ME5920\IMG\robocam_2025_04_03_22_43_47_588.jpg;0;0;0;0;126.4731;120.3561;359.7491;36.53482;0.07635316
C:\Mark's Python files\ME5920\IMG\robocam_2025_04_03_22_43_47_589.jpg;0;0;0;0;126.4731;120.3561;359.7491;36.53482;0.07635316
C:\Mark's Python files\ME5920\IMG\robocam_2025_04_03_22_43_47_624.jpg;0;0;0;0;126.4731;120.3561;359.7491;36.53482;0.07635316
C:\Mark's Python files\ME5920\IMG\robocam_2025_04_03_22_43_47_625.jpg;0;0;0;0;126.4731;120.3561;359.7491;36.53482;0.07635316
C:\Mark's Python files\ME5920\IMG\robocam_2025_04_03_22_43_47_660.jpg;0;0;0;0;126.4731;120.3561;359.7491;36.53482;0.07635316
C:\Mark's Python files\ME5920\IMG\robocam_2025_04_03_22_43_47_661.jpg;0;0;0;0;126.4731;120.3561;359.7491;36.53482;0.07635316
C:\Mark's Python files\ME5920\IMG\robocam_2025_04_03_22_43_47_696.jpg;0;0;0;0;126.4731;120.3561;359.7491;36.53482;0.07635316
C:\Mark's Python files\ME5920\IMG\robocam_2025_04_03_22_43_47_698.jpg;0;0;0;0;126.4731;120.3561;359.7491;36.53482;0.07635316
C:\Mark's Python files\ME5920\IMG\robocam_2025_04_03_22_43_47_732.jpg;0;0;0;0;126.4731;120.3561;359.7491;36.53482;0.07635316
C:\Mark's Python files\ME5920\IMG\robocam_2025_04_03_22_43_47_734.jpg;0;0;0;0;126.4731;120.3561;359.7491;36.53482;0.07635316
C:\Mark's Python files\ME5920\IMG\robocam_2025_04_03_22_43_47_770.jpg;0;0;0;0;126.4731;120.3561;359.7491;36.53482;0.07635316
C:\Mark's Python files\ME5920\IMG\robocam_2025_04_03_22_43_47_772.jpg;0;0;0;0;126.4731;120.3561;359.7491;36.53482;0.07635316
C:\Mark's Python files\ME5920\IMG\robocam_2025_04_03_22_43_47_804.jpg;0;0;0;0;126.4731;120.3561;359.7491;36.53482;0.07635316
C:\Mark's Python files\ME5920\IMG\robocam_2025_04_03_22_43_47_806.jpg;0;0;0;0;126.4731;120.3561;359.7491;36.53482;0.07635316
C:\Mark's Python files\ME5920\IMG\robocam_2025_04_03_22_43_47_840.jpg;0;0;0;0;126.4731;120.3561;359.7491;36.53482;0.07635316
C:\Mark's Python files\ME5920\IMG\robocam_2025_04_03_22_43_47_843.jpg;0;0;0;0;126.4731;120.3561;359.7491;36.53482;0.07635316
C:\Mark's Python files\ME5920\IMG\robocam_2025_04_03_22_43_47_876.jpg;0;0;0;0;126.4731;120.3561;359.7491;36.53482;0.07635316
C:\Mark's Python files\ME5920\IMG\robocam_2025_04_03_22_43_47_878.jpg;0;0;0;0;126.4731;120.3561;359.7491;36.53482;0.07635316
C:\Mark's Python files\ME5920\IMG\robocam_2025_04_03_22_43_47_911.jpg;0;0;0;0;126.4731;120.3561;359.7491;36.53482;0.07635316
C:\Mark's Python files\ME5920\IMG\robocam_2025_04_03_22_43_47_913.jpg;0;0;0;0;126.4731;120.3561;359.7491;36.53482;0.07635316
C:\Mark's Python files\ME5920\IMG\robocam_2025_04_03_22_43_47_948.jpg;0;0;0;0;126.4731;120.3561;359.7491;36.53482;0.07635316
C:\Mark's Python files\ME5920\IMG\robocam_2025_04_03_22_43_47_950.jpg;0;0;0;0;126.4731;120.3561;359.7491;36.53482;0.07635316
C:\Mark's Python files\ME5920\IMG\robocam_2025_04_03_22_43_47_982.jpg;0;0;0;0;126.4731;120.3561;359.7491;36.53482;0.07635316
C:\Mark's Python files\ME5920\IMG\robocam_2025_04_03_22_43_47_985.jpg;0;0;0;0;126.4731;120.3561;359.7491;36.53482;0.07635316
C:\Mark's Python files\ME5920\IMG\robocam_2025_04_03_22_43_48_018.jpg;0;0;0;0;126.4731;120.3561;359.7491;36.53482;0.07635316
C:\Mark's Python files\ME5920\IMG\robocam_2025_04_03_22_43_48_019.jpg;0;0;0;0;126.4731;120.3561;359.7491;36.53482;0.07635316
C:\Mark's Python files\ME5920\IMG\robocam_2025_04_03_22_43_48_053.jpg;0;0;0;0;126.4731;120.3561;359.7491;36.53482;0.07635316
C:\Mark's Python files\ME5920\IMG\robocam_2025_04_03_22_43_48_055.jpg;0;0;0;0;126.4731;120.3561;359.7491;36.53482;0.07635316
C:\Mark's Python files\ME5920\IMG\robocam_2025_04_03_22_43_48_088.jpg;0;0;0;0;126.4731;120.3561;359.7491;36.53482;0.07635316
C:\Mark's Python files\ME5920\IMG\robocam_2025_04_03_22_43_48_091.jpg;0;0;0;0;126.4731;120.3561;359.7491;36.53482;0.07635316
C:\Mark's Python files\ME5920\IMG\robocam_2025_04_03_22_43_48_123.jpg;0;0;0;0;126.4731;120.3561;359.7491;36.53482;0.07635316
C:\Mark's Python files\ME5920\IMG\robocam_2025_04_03_22_43_48_126.jpg;0;0;0;0;126.4731;120.3561;359.7491;36.53482;0.07635316
C:\Mark's Python files\ME5920\IMG\robocam_2025_04_03_22_43_48_158.jpg;0;0;0;0;126.4731;120.3561;359.7491;36.53482;0.07635316
C:\Mark's Python files\ME5920\IMG\robocam_2025_04_03_22_43_48_161.jpg;0;0;0;0;126.4731;120.3561;359.7491;36.53482;0.07635316
C:\Mark's Python files\ME5920\IMG\robocam_2025_04_03_22_43_48_193.jpg;0;0;0;0;126.4731;120.3561;359.7491;36.53482;0.07635316
C:\Mark's Python files\ME5920\IMG\robocam_2025_04_03_22_43_48_195.jpg;0;0;0;0;126.4731;120.3561;359.7491;36.53482;0.07635316
C:\Mark's Python files\ME5920\IMG\robocam_2025_04_03_22_43_48_230.jpg;0;0;0;0;126.4731;120.3561;359.7491;36.53482;0.07635316
C:\Mark's Python files\ME5920\IMG\robocam_2025_04_03_22_43_48_232.jpg;0;0;0;0;126.4731;120.3561;359.7491;36.53482;0.07635316
C:\Mark's Python files\ME5920\IMG\robocam_2025_04_03_22_43_48_265.jpg;0;0;0;0;126.4731;120.3561;359.7491;36.53482;0.07635316
C:\Mark's Python files\ME5920\IMG\robocam_2025_04_03_22_43_48_267.jpg;0;0;0;0;126.4731;120.3561;359.7491;36.53482;0.07635316
C:\Mark's Python files\ME5920\IMG\robocam_2025_04_03_22_43_48_302.jpg;0;0;0;0;126.4731;120.3561;359.7491;36.53482;0.07635316
C:\Mark's Python files\ME5920\IMG\robocam_2025_04_03_22_43_48_303.jpg;0;0;0;0;126.4731;120.3561;359.7491;36.53482;0.07635316
C:\Mark's Python files\ME5920\IMG\robocam_2025_04_03_22_43_48_336.jpg;0;0;0;0;126.4731;120.3561;359.7491;36.53482;0.07635316
C:\Mark's Python files\ME5920\IMG\robocam_2025_04_03_22_43_48_339.jpg;0;0;0;0;126.4731;120.3561;359.7491;36.53482;0.07635316
C:\Mark's Python files\ME5920\IMG\robocam_2025_04_03_22_43_48_373.jpg;0;0;0;0;126.4731;120.3561;359.7491;36.53482;0.07635316
C:\Mark's Python files\ME5920\IMG\robocam_2025_04_03_22_43_48_374.jpg;0;0;0;0;126.4731;120.3561;359.7491;36.53482;0.07635316
C:\Mark's Python files\ME5920\IMG\robocam_2025_04_03_22_43_48_407.jpg;0;0;0;0;126.4731;120.3561;359.7491;36.53482;0.07635316
C:\Mark's Python files\ME5920\IMG\robocam_2025_04_03_22_43_48_408.jpg;0;0;0;0;126.4731;120.3561;359.7491;36.53482;0.07635316
C:\Mark's Python files\ME5920\IMG\robocam_2025_04_03_22_43_48_442.jpg;0;0;0;0;126.4731;120.3561;359.7491;36.53482;0.07635316
C:\Mark's Python files\ME5920\IMG\robocam_2025_04_03_22_43_48_443.jpg;0;0;0;0;126.4731;120.3561;359.7491;36.53482;0.07635316
C:\Mark's Python files\ME5920\IMG\robocam_2025_04_03_22_43_48_476.jpg;0;0;0;0;126.4731;120.3561;359.7491;36.53482;0.07635316
C:\Mark's Python files\ME5920\IMG\robocam_2025_04_03_22_43_48_478.jpg;0;0;0;0;126.4731;120.3561;359.7491;36.53482;0.07635316
C:\Mark's Python files\ME5920\IMG\robocam_2025_04_03_22_43_48_512.jpg;0;0;0;0;126.4731;120.3561;359.7491;36.53482;0.07635316
C:\Mark's Python files\ME5920\IMG\robocam_2025_04_03_22_43_48_514.jpg;0;0;0;0;126.4731;120.3561;359.7491;36.53482;0.07635316
C:\Mark's Python files\ME5920\IMG\robocam_2025_04_03_22_43_48_547.jpg;0;0;0;0;126.4731;120.3561;359.7491;36.53482;0.07635316
C:\Mark's Python files\ME5920\IMG\robocam_2025_04_03_22_43_48_550.jpg;0;0;0;0;126.4731;120.3561;359.7491;36.53482;0.07635316
C:\Mark's Python files\ME5920\IMG\robocam_2025_04_03_22_43_48_584.jpg;0;0;0;0;126.4731;120.3561;359.7491;36.53482;0.07635316
C:\Mark's Python files\ME5920\IMG\robocam_2025_04_03_22_43_48_586.jpg;0;0;0;0;126.4731;120.3561;359.7491;36.53482;0.07635316
C:\Mark's Python files\ME5920\IMG\robocam_2025_04_03_22_43_48_621.jpg;0;0;0;0;126.4731;120.3561;359.7491;36.53482;0.07635316
C:\Mark's Python files\ME5920\IMG\robocam_2025_04_03_22_43_48_622.jpg;0;0;0;0;126.4731;120.3561;359.7491;36.53482;0.07635316
C:\Mark's Python files\ME5920\IMG\robocam_2025_04_03_22_43_48_656.jpg;0;0;0;0;126.4731;120.3561;359.7491;36.53482;0.07635316
C:\Mark's Python files\ME5920\IMG\robocam_2025_04_03_22_43_48_658.jpg;0;0;0;0;126.4731;120.3561;359.7491;36.53482;0.07635316
C:\Mark's Python files\ME5920\IMG\robocam_2025_04_03_22_43_48_691.jpg;0;0;0;0;126.4731;120.3561;359.7491;36.53482;0.07635316
C:\Mark's Python files\ME5920\IMG\robocam_2025_04_03_22_43_48_693.jpg;0;0;0;0;126.4731;120.3561;359.7491;36.53482;0.07635316
C:\Mark's Python files\ME5920\IMG\robocam_2025_04_03_22_43_48_726.jpg;0;0;0;0;126.4731;120.3561;359.7491;36.53482;0.07635316
C:\Mark's Python files\ME5920\IMG\robocam_2025_04_03_22_43_48_727.jpg;0;0;0;0;126.4731;120.3561;359.7491;36.53482;0.07635316
C:\Mark's Python files\ME5920\IMG\robocam_2025_04_03_22_43_48_762.jpg;0;0;0;0;126.4731;120.3561;359.7491;36.53482;0.07635316
C:\Mark's Python files\ME5920\IMG\robocam_2025_04_03_22_43_48_763.jpg;0;0;0;0;126.4731;120.3561;359.7491;36.53482;0.07635316
C:\Mark's Python files\ME5920\IMG\robocam_2025_04_03_22_43_48_798.jpg;0;0;0;0;126.4731;120.3561;359.7491;36.53482;0.07635316
C:\Mark's Python files\ME5920\IMG\robocam_2025_04_03_22_43_48_799.jpg;0;0;0;0;126.4731;120.3561;359.7491;36.53482;0.07635316
C:\Mark's Python files\ME5920\IMG\robocam_2025_04_03_22_43_48_835.jpg;0;0;0;0;126.4731;120.3561;359.7491;36.53482;0.07635316
C:\Mark's Python files\ME5920\IMG\robocam_2025_04_03_22_43_48_836.jpg;0;0;0;0;126.4731;120.3561;359.7491;36.53482;0.07635316
C:\Mark's Python files\ME5920\IMG\robocam_2025_04_03_22_43_48_869.jpg;0;0;0;0;126.4731;120.3561;359.7491;36.53482;0.07635316
C:\Mark's Python files\ME5920\IMG\robocam_2025_04_03_22_43_48_871.jpg;0;0;0;0;126.4731;120.3561;359.7491;36.53482;0.07635316
C:\Mark's Python files\ME5920\IMG\robocam_2025_04_03_22_43_48_905.jpg;0;0;0;0;126.4731;120.3561;359.7491;36.53482;0.07635316
C:\Mark's Python files\ME5920\IMG\robocam_2025_04_03_22_43_48_907.jpg;0;0;0;0;126.4731;120.3561;359.7491;36.53482;0.07635316
C:\Mark's Python files\ME5920\IMG\robocam_2025_04_03_22_43_48_941.jpg;0;0;0;0;126.4731;120.3561;359.7491;36.53482;0.07635316
C:\Mark's Python files\ME5920\IMG\robocam_2025_04_03_22_43_48_942.jpg;0;0;0;0;126.4731;120.3561;359.7491;36.53482;0.07635316
C:\Mark's Python files\ME5920\IMG\robocam_2025_04_03_22_43_48_975.jpg;0;0;0;0;126.4731;120.3561;359.7491;36.53482;0.07635316
C:\Mark's Python files\ME5920\IMG\robocam_2025_04_03_22_43_48_977.jpg;0;0;0;0;126.4731;120.3561;359.7491;36.53482;0.07635316
C:\Mark's Python files\ME5920\IMG\robocam_2025_04_03_22_43_49_012.jpg;0;0;0;0;126.4731;120.3561;359.7491;36.53482;0.07635316
C:\Mark's Python files\ME5920\IMG\robocam_2025_04_03_22_43_49_013.jpg;0;0;0;0;126.4731;120.3561;359.7491;36.53482;0.07635316
C:\Mark's Python files\ME5920\IMG\robocam_2025_04_03_22_43_49_048.jpg;0;0;0;0;126.4731;120.3561;359.7491;36.53482;0.07635316
C:\Mark's Python files\ME5920\IMG\robocam_2025_04_03_22_43_49_050.jpg;0;0;0;0;126.4731;120.3561;359.7491;36.53482;0.07635316
C:\Mark's Python files\ME5920\IMG\robocam_2025_04_03_22_43_49_084.jpg;0;0;0;0;126.4731;120.3561;359.7491;36.53482;0.07635316
C:\Mark's Python files\ME5920\IMG\robocam_2025_04_03_22_43_49_085.jpg;0;0;0;0;126.4731;120.3561;359.7491;36.53482;0.07635316
C:\Mark's Python files\ME5920\IMG\robocam_2025_04_03_22_43_49_118.jpg;0;0;0;0;126.4731;120.3561;359.7491;36.53482;0.07635316
C:\Mark's Python files\ME5920\IMG\robocam_2025_04_03_22_43_49_120.jpg;0;0;0;0;126.4731;120.3561;359.7491;36.53482;0.07635316
C:\Mark's Python files\ME5920\IMG\robocam_2025_04_03_22_43_49_153.jpg;0;0;0;0;126.4731;120.3561;359.7491;36.53482;0.07635316
C:\Mark's Python files\ME5920\IMG\robocam_2025_04_03_22_43_49_155.jpg;0;0;0;0;126.4731;120.3561;359.7491;36.53482;0.07635316
C:\Mark's Python files\ME5920\IMG\robocam_2025_04_03_22_43_49_189.jpg;0;0;0;0;126.4731;120.3561;359.7491;36.53482;0.07635316
C:\Mark's Python files\ME5920\IMG\robocam_2025_04_03_22_43_49_192.jpg;0;0;0;0;126.4731;120.3561;359.7491;36.53482;0.07635316
C:\Mark's Python files\ME5920\IMG\robocam_2025_04_03_22_43_49_223.jpg;0;0;0;0;126.4731;120.3561;359.7491;36.53482;0.07635316
C:\Mark's Python files\ME5920\IMG\robocam_2025_04_03_22_43_49_227.jpg;0;0;0;0;126.4731;120.3561;359.7491;36.53482;0.07635316
C:\Mark's Python files\ME5920\IMG\robocam_2025_04_03_22_43_49_258.jpg;0;0;0;0;126.4731;120.3561;359.7491;36.53482;0.07635316
C:\Mark's Python files\ME5920\IMG\robocam_2025_04_03_22_43_49_262.jpg;0;0;0;0;126.4731;120.3561;359.7491;36.53482;0.07635316
C:\Mark's Python files\ME5920\IMG\robocam_2025_04_03_22_43_49_294.jpg;0;0;0;0;126.4731;120.3561;359.7491;36.53482;0.07635316
C:\Mark's Python files\ME5920\IMG\robocam_2025_04_03_22_43_49_296.jpg;0;0;0;0;126.4731;120.3561;359.7491;36.53482;0.07635316
C:\Mark's Python files\ME5920\IMG\robocam_2025_04_03_22_43_49_331.jpg;0;0;0;0;126.4731;120.3561;359.7491;36.53482;0.07635316
C:\Mark's Python files\ME5920\IMG\robocam_2025_04_03_22_43_49_333.jpg;0;0;0;0;126.4731;120.3561;359.7491;36.53482;0.07635316
C:\Mark's Python files\ME5920\IMG\robocam_2025_04_03_22_43_49_367.jpg;0;0;0;0;126.4731;120.3561;359.7491;36.53482;0.07635316
C:\Mark's Python files\ME5920\IMG\robocam_2025_04_03_22_43_49_368.jpg;0;0;0;0;126.4731;120.3561;359.7491;36.53482;0.07635316
C:\Mark's Python files\ME5920\IMG\robocam_2025_04_03_22_43_49_402.jpg;0;0;0;0;126.4731;120.3561;359.7491;36.53482;0.07635316
C:\Mark's Python files\ME5920\IMG\robocam_2025_04_03_22_43_49_403.jpg;0;0;0;0;126.4731;120.3561;359.7491;36.53482;0.07635316
C:\Mark's Python files\ME5920\IMG\robocam_2025_04_03_22_43_49_438.jpg;0;0;0;0;126.4731;120.3561;359.7491;36.53482;0.07635316
C:\Mark's Python files\ME5920\IMG\robocam_2025_04_03_22_43_49_439.jpg;0;0;0;0;126.4731;120.3561;359.7491;36.53482;0.07635316
C:\Mark's Python files\ME5920\IMG\robocam_2025_04_03_22_43_49_472.jpg;0;0;0;0;126.4731;120.3561;359.7491;36.53482;0.07635316
C:\Mark's Python files\ME5920\IMG\robocam_2025_04_03_22_43_49_474.jpg;0;0;0;0;126.4731;120.3561;359.7491;36.53482;0.07635316
C:\Mark's Python files\ME5920\IMG\robocam_2025_04_03_22_43_49_507.jpg;0;0;0;0;126.4731;120.3561;359.7491;36.53482;0.07635316
C:\Mark's Python files\ME5920\IMG\robocam_2025_04_03_22_43_49_509.jpg;0;0;0;0;126.4731;120.3561;359.7491;36.53482;0.07635316
C:\Mark's Python files\ME5920\IMG\robocam_2025_04_03_22_43_49_543.jpg;0;0;0;0;126.4731;120.3561;359.7491;36.53482;0.07635316
C:\Mark's Python files\ME5920\IMG\robocam_2025_04_03_22_43_49_545.jpg;0;0;0;0;126.4731;120.3561;359.7491;36.53482;0.07635316
C:\Mark's Python files\ME5920\IMG\robocam_2025_04_03_22_43_49_578.jpg;0;0;0;0;126.4731;120.3561;359.7491;36.53482;0.07635316
C:\Mark's Python files\ME5920\IMG\robocam_2025_04_03_22_43_49_580.jpg;0;0;0;0;126.4731;120.3561;359.7491;36.53482;0.07635316
C:\Mark's Python files\ME5920\IMG\robocam_2025_04_03_22_43_49_613.jpg;0;0;0;0;126.4731;120.3561;359.7491;36.53482;0.07635316
C:\Mark's Python files\ME5920\IMG\robocam_2025_04_03_22_43_49_615.jpg;0;0;0;0;126.4731;120.3561;359.7491;36.53482;0.07635316
C:\Mark's Python files\ME5920\IMG\robocam_2025_04_03_22_43_49_647.jpg;0;0;0;0;126.4731;120.3561;359.7491;36.53482;0.07635316
C:\Mark's Python files\ME5920\IMG\robocam_2025_04_03_22_43_49_649.jpg;0;0;0;0;126.4731;120.3561;359.7491;36.53482;0.07635316
C:\Mark's Python files\ME5920\IMG\robocam_2025_04_03_22_43_49_683.jpg;0;0;0;0;126.4731;120.3561;359.7491;36.53482;0.07635316
C:\Mark's Python files\ME5920\IMG\robocam_2025_04_03_22_43_49_686.jpg;0;0;0;0;126.4731;120.3561;359.7491;36.53482;0.07635316
C:\Mark's Python files\ME5920\IMG\robocam_2025_04_03_22_43_49_720.jpg;0;0;0;0;126.4731;120.3561;359.7491;36.53482;0.07635316
C:\Mark's Python files\ME5920\IMG\robocam_2025_04_03_22_43_49_723.jpg;0;0;0;0;126.4731;120.3561;359.7491;36.53482;0.07635316
C:\Mark's Python files\ME5920\IMG\robocam_2025_04_03_22_43_49_756.jpg;0;0;0;0;126.4731;120.3561;359.7491;36.53482;0.07635316
C:\Mark's Python files\ME5920\IMG\robocam_2025_04_03_22_43_49_757.jpg;0;0;0;0;126.4731;120.3561;359.7491;36.53482;0.07635316
C:\Mark's Python files\ME5920\IMG\robocam_2025_04_03_22_43_49_792.jpg;0;0;0;0;126.4731;120.3561;359.7491;36.53482;0.07635316
C:\Mark's Python files\ME5920\IMG\robocam_2025_04_03_22_43_49_793.jpg;0;0;0;0;126.4731;120.3561;359.7491;36.53482;0.07635316
C:\Mark's Python files\ME5920\IMG\robocam_2025_04_03_22_43_49_826.jpg;0;0;0;0;126.4731;120.3561;359.7491;36.53482;0.07635316
C:\Mark's Python files\ME5920\IMG\robocam_2025_04_03_22_43_49_828.jpg;0;0;0;0;126.4731;120.3561;359.7491;36.53482;0.07635316
C:\Mark's Python files\ME5920\IMG\robocam_2025_04_03_22_43_49_860.jpg;0;0;0;0;126.4731;120.3561;359.7491;36.53482;0.07635316
C:\Mark's Python files\ME5920\IMG\robocam_2025_04_03_22_43_49_862.jpg;0;0;0;0;126.4731;120.3561;359.7491;36.53482;0.07635316
C:\Mark's Python files\ME5920\IMG\robocam_2025_04_03_22_43_49_896.jpg;0;0;0;0;126.4731;120.3561;359.7491;36.53482;0.07635316
C:\Mark's Python files\ME5920\IMG\robocam_2025_04_03_22_43_49_897.jpg;0;0;0;0;126.4731;120.3561;359.7491;36.53482;0.07635316
C:\Mark's Python files\ME5920\IMG\robocam_2025_04_03_22_43_49_931.jpg;0;0;0;0;126.4731;120.3561;359.7491;36.53482;0.07635316
C:\Mark's Python files\ME5920\IMG\robocam_2025_04_03_22_43_49_932.jpg;0;0;0;0;126.4731;120.3561;359.7491;36.53482;0.07635316
C:\Mark's Python files\ME5920\IMG\robocam_2025_04_03_22_43_49_967.jpg;0;0;0;0;126.4731;120.3561;359.7491;36.53482;0.07635316
C:\Mark's Python files\ME5920\IMG\robocam_2025_04_03_22_43_49_971.jpg;0;0;0;0;126.4731;120.3561;359.7491;36.53482;0.07635316
C:\Mark's Python files\ME5920\IMG\robocam_2025_04_03_22_43_50_003.jpg;0;0;0;0;126.4731;120.3561;359.7491;36.53482;0.07635316
C:\Mark's Python files\ME5920\IMG\robocam_2025_04_03_22_43_50_005.jpg;0;0;0;0;126.4731;120.3561;359.7491;36.53482;0.07635316
C:\Mark's Python files\ME5920\IMG\robocam_2025_04_03_22_43_50_038.jpg;0;0;0;0;126.4731;120.3561;359.7491;36.53482;0.07635316
C:\Mark's Python files\ME5920\IMG\robocam_2025_04_03_22_43_50_039.jpg;0;0;0;0;126.4731;120.3561;359.7491;36.53482;0.07635316
C:\Mark's Python files\ME5920\IMG\robocam_2025_04_03_22_43_50_074.jpg;0;0;0;0;126.4731;120.3561;359.7491;36.53482;0.07635316
C:\Mark's Python files\ME5920\IMG\robocam_2025_04_03_22_43_50_076.jpg;0;0;0;0;126.4731;120.3561;359.7491;36.53482;0.07635316
C:\Mark's Python files\ME5920\IMG\robocam_2025_04_03_22_43_50_113.jpg;0;0;0;0;126.4731;120.3561;359.7491;36.53482;0.07635316
C:\Mark's Python files\ME5920\IMG\robocam_2025_04_03_22_43_50_115.jpg;0;0;0;0;126.4731;120.3561;359.7491;36.53482;0.07635316
C:\Mark's Python files\ME5920\IMG\robocam_2025_04_03_22_43_50_147.jpg;0;0;0;0;126.4731;120.3561;359.7491;36.53482;0.07635316
C:\Mark's Python files\ME5920\IMG\robocam_2025_04_03_22_43_50_151.jpg;0;0;0;0;126.4731;120.3561;359.7491;36.53482;0.07635316
C:\Mark's Python files\ME5920\IMG\robocam_2025_04_03_22_43_50_184.jpg;0;0;0;0;126.4731;120.3561;359.7491;36.53482;0.07635316
C:\Mark's Python files\ME5920\IMG\robocam_2025_04_03_22_43_50_185.jpg;0;0;0;0;126.4731;120.3561;359.7491;36.53482;0.07635316
C:\Mark's Python files\ME5920\IMG\robocam_2025_04_03_22_43_50_220.jpg;0;0;0;0;126.4731;120.3561;359.7491;36.53482;0.07635316
C:\Mark's Python files\ME5920\IMG\robocam_2025_04_03_22_43_50_222.jpg;0;0;0;0;126.4731;120.3561;359.7491;36.53482;0.07635316
C:\Mark's Python files\ME5920\IMG\robocam_2025_04_03_22_43_50_254.jpg;0;0;0;0;126.4731;120.3561;359.7491;36.53482;0.07635316
C:\Mark's Python files\ME5920\IMG\robocam_2025_04_03_22_43_50_256.jpg;0;0;0;0;126.4731;120.3561;359.7491;36.53482;0.07635316
C:\Mark's Python files\ME5920\IMG\robocam_2025_04_03_22_43_50_290.jpg;0;0;0;0;126.4731;120.3561;359.7491;36.53482;0.07635316
C:\Mark's Python files\ME5920\IMG\robocam_2025_04_03_22_43_50_293.jpg;0;0;0;0;126.4731;120.3561;359.7491;36.53482;0.07635316
C:\Mark's Python files\ME5920\IMG\robocam_2025_04_03_22_43_50_326.jpg;0;0;0;0;126.4731;120.3561;359.7491;36.53482;0.07635316
C:\Mark's Python files\ME5920\IMG\robocam_2025_04_03_22_43_50_328.jpg;0;0;0;0;126.4731;120.3561;359.7491;36.53482;0.07635316
C:\Mark's Python files\ME5920\IMG\robocam_2025_04_03_22_43_50_362.jpg;0;0;0;0;126.4731;120.3561;359.7491;36.53482;0.07635316
C:\Mark's Python files\ME5920\IMG\robocam_2025_04_03_22_43_50_364.jpg;0;0;0;0;126.4731;120.3561;359.7491;36.53482;0.07635316
C:\Mark's Python files\ME5920\IMG\robocam_2025_04_03_22_43_50_398.jpg;0;0;0;0;126.4731;120.3561;359.7491;36.53482;0.07635316
C:\Mark's Python files\ME5920\IMG\robocam_2025_04_03_22_43_50_400.jpg;0;0;0;0;126.4731;120.3561;359.7491;36.53482;0.07635316
C:\Mark's Python files\ME5920\IMG\robocam_2025_04_03_22_43_50_434.jpg;0;0;0;0;126.4731;120.3561;359.7491;36.53482;0.07635316
C:\Mark's Python files\ME5920\IMG\robocam_2025_04_03_22_43_50_436.jpg;0;0;0;0;126.4731;120.3561;359.7491;36.53482;0.07635316
C:\Mark's Python files\ME5920\IMG\robocam_2025_04_03_22_43_50_468.jpg;0;0;0;0;126.4731;120.3561;359.7491;36.53482;0.07635316
C:\Mark's Python files\ME5920\IMG\robocam_2025_04_03_22_43_50_471.jpg;0;0;0;0;126.4731;120.3561;359.7491;36.53482;0.07635316
C:\Mark's Python files\ME5920\IMG\robocam_2025_04_03_22_43_50_503.jpg;0;0;0;0;126.4731;120.3561;359.7491;36.53482;0.07635316
C:\Mark's Python files\ME5920\IMG\robocam_2025_04_03_22_43_50_505.jpg;0;0;0;0;126.4731;120.3561;359.7491;36.53482;0.07635316
C:\Mark's Python files\ME5920\IMG\robocam_2025_04_03_22_43_50_538.jpg;0;0;0;0;126.4731;120.3561;359.7491;36.53482;0.07635316
C:\Mark's Python files\ME5920\IMG\robocam_2025_04_03_22_43_50_541.jpg;0;0;0;0;126.4731;120.3561;359.7491;36.53482;0.07635316
C:\Mark's Python files\ME5920\IMG\robocam_2025_04_03_22_43_50_575.jpg;0;0;0;0;126.4731;120.3561;359.7491;36.53482;0.07635316
C:\Mark's Python files\ME5920\IMG\robocam_2025_04_03_22_43_50_577.jpg;0;0;0;0;126.4731;120.3561;359.7491;36.53482;0.07635316
C:\Mark's Python files\ME5920\IMG\robocam_2025_04_03_22_43_50_610.jpg;0;0;0;0;126.4731;120.3561;359.7491;36.53482;0.07635316
C:\Mark's Python files\ME5920\IMG\robocam_2025_04_03_22_43_50_611.jpg;0;0;0;0;126.4731;120.3561;359.7491;36.53482;0.07635316
C:\Mark's Python files\ME5920\IMG\robocam_2025_04_03_22_43_50_646.jpg;0;0;0;0;126.4731;120.3561;359.7491;36.53482;0.07635316
C:\Mark's Python files\ME5920\IMG\robocam_2025_04_03_22_43_50_648.jpg;0;0;0;0;126.4731;120.3561;359.7491;36.53482;0.07635316
C:\Mark's Python files\ME5920\IMG\robocam_2025_04_03_22_43_50_684.jpg;0;0;0;0;126.4731;120.3561;359.7491;36.53482;0.07635316
C:\Mark's Python files\ME5920\IMG\robocam_2025_04_03_22_43_50_685.jpg;0;0;0;0;126.4731;120.3561;359.7491;36.53482;0.07635316
C:\Mark's Python files\ME5920\IMG\robocam_2025_04_03_22_43_50_720.jpg;0;0;0;0;126.4731;120.3561;359.7491;36.53482;0.07635316
C:\Mark's Python files\ME5920\IMG\robocam_2025_04_03_22_43_50_722.jpg;0;0;0;0;126.4731;120.3561;359.7491;36.53482;0.07635316
C:\Mark's Python files\ME5920\IMG\robocam_2025_04_03_22_43_50_756.jpg;0;0;0;0;126.4731;120.3561;359.7491;36.53482;0.07635316
C:\Mark's Python files\ME5920\IMG\robocam_2025_04_03_22_43_50_757.jpg;0;0;0;0;126.4731;120.3561;359.7491;36.53482;0.07635316
C:\Mark's Python files\ME5920\IMG\robocam_2025_04_03_22_43_50_791.jpg;0;0;0;0;126.4731;120.3561;359.7491;36.53482;0.07635316
C:\Mark's Python files\ME5920\IMG\robocam_2025_04_03_22_43_50_792.jpg;0;0;0;0;126.4731;120.3561;359.7491;36.53482;0.07635316
C:\Mark's Python files\ME5920\IMG\robocam_2025_04_03_22_43_50_826.jpg;0;0;0;0;126.4731;120.3561;359.7491;36.53482;0.07635316
C:\Mark's Python files\ME5920\IMG\robocam_2025_04_03_22_43_50_828.jpg;0;0;0;0;126.4731;120.3561;359.7491;36.53482;0.07635316
C:\Mark's Python files\ME5920\IMG\robocam_2025_04_03_22_43_50_861.jpg;0;0;0;0;126.4731;120.3561;359.7491;36.53482;0.07635316
C:\Mark's Python files\ME5920\IMG\robocam_2025_04_03_22_43_50_863.jpg;0;0;0;0;126.4731;120.3561;359.7491;36.53482;0.07635316
C:\Mark's Python files\ME5920\IMG\robocam_2025_04_03_22_43_50_896.jpg;0;0;0;0;126.4731;120.3561;359.7491;36.53482;0.07635316
C:\Mark's Python files\ME5920\IMG\robocam_2025_04_03_22_43_50_898.jpg;0;0;0;0;126.4731;120.3561;359.7491;36.53482;0.07635316
C:\Mark's Python files\ME5920\IMG\robocam_2025_04_03_22_43_50_933.jpg;0;0;0;0;126.4731;120.3561;359.7491;36.53482;0.07635316
C:\Mark's Python files\ME5920\IMG\robocam_2025_04_03_22_43_50_935.jpg;0;0;0;0;126.4731;120.3561;359.7491;36.53482;0.07635316
C:\Mark's Python files\ME5920\IMG\robocam_2025_04_03_22_43_50_969.jpg;0;0;0;0;126.4731;120.3561;359.7491;36.53482;0.07635316
C:\Mark's Python files\ME5920\IMG\robocam_2025_04_03_22_43_50_971.jpg;0;0;0;0;126.4731;120.3561;359.7491;36.53482;0.07635316
C:\Mark's Python files\ME5920\IMG\robocam_2025_04_03_22_43_51_005.jpg;0;0;0;0;126.4731;120.3561;359.7491;36.53482;0.07635316
C:\Mark's Python files\ME5920\IMG\robocam_2025_04_03_22_43_51_006.jpg;0;0;0;0;126.4731;120.3561;359.7491;36.53482;0.07635316
C:\Mark's Python files\ME5920\IMG\robocam_2025_04_03_22_43_51_041.jpg;0;0;0;0;126.4731;120.3561;359.7491;36.53482;0.07635316
C:\Mark's Python files\ME5920\IMG\robocam_2025_04_03_22_43_51_042.jpg;0;0;0;0;126.4731;120.3561;359.7491;36.53482;0.07635316
C:\Mark's Python files\ME5920\IMG\robocam_2025_04_03_22_43_51_076.jpg;0;0;0;0;126.4731;120.3561;359.7491;36.53482;0.07635316
C:\Mark's Python files\ME5920\IMG\robocam_2025_04_03_22_43_51_078.jpg;0;0;0;0;126.4731;120.3561;359.7491;36.53482;0.07635316
C:\Mark's Python files\ME5920\IMG\robocam_2025_04_03_22_43_51_111.jpg;0;0;0;0;126.4731;120.3561;359.7491;36.53482;0.07635316
C:\Mark's Python files\ME5920\IMG\robocam_2025_04_03_22_43_51_113.jpg;0;0;0;0;126.4731;120.3561;359.7491;36.53482;0.07635316
C:\Mark's Python files\ME5920\IMG\robocam_2025_04_03_22_43_51_147.jpg;0;0;0;0;126.4731;120.3561;359.7491;36.53482;0.07635316
C:\Mark's Python files\ME5920\IMG\robocam_2025_04_03_22_43_51_149.jpg;0;0;0;0;126.4731;120.3561;359.7491;36.53482;0.07635316
C:\Mark's Python files\ME5920\IMG\robocam_2025_04_03_22_43_51_182.jpg;0;0;0;0;126.4731;120.3561;359.7491;36.53482;0.07635316
C:\Mark's Python files\ME5920\IMG\robocam_2025_04_03_22_43_51_184.jpg;0;0;0;0;126.4731;120.3561;359.7491;36.53482;0.07635316
C:\Mark's Python files\ME5920\IMG\robocam_2025_04_03_22_43_51_218.jpg;0;0;0;0;126.4731;120.3561;359.7491;36.53482;0.07635316
C:\Mark's Python files\ME5920\IMG\robocam_2025_04_03_22_43_51_220.jpg;0;0;0;0;126.4731;120.3561;359.7491;36.53482;0.07635316
C:\Mark's Python files\ME5920\IMG\robocam_2025_04_03_22_43_51_254.jpg;0;0;0;0;126.4731;120.3561;359.7491;36.53482;0.07635316
C:\Mark's Python files\ME5920\IMG\robocam_2025_04_03_22_43_51_256.jpg;0;0;0;0;126.4731;120.3561;359.7491;36.53482;0.07635316
C:\Mark's Python files\ME5920\IMG\robocam_2025_04_03_22_43_51_288.jpg;0;0;0;0;126.4731;120.3561;359.7491;36.53482;0.07635316
C:\Mark's Python files\ME5920\IMG\robocam_2025_04_03_22_43_51_291.jpg;0;0;0;0;126.4731;120.3561;359.7491;36.53482;0.07635316
C:\Mark's Python files\ME5920\IMG\robocam_2025_04_03_22_43_51_323.jpg;0;0;0;0;126.4731;120.3561;359.7491;36.53482;0.07635316
C:\Mark's Python files\ME5920\IMG\robocam_2025_04_03_22_43_51_325.jpg;0;0;0;0;126.4731;120.3561;359.7491;36.53482;0.07635316
C:\Mark's Python files\ME5920\IMG\robocam_2025_04_03_22_43_51_358.jpg;0;0;0;0;126.4731;120.3561;359.7491;36.53482;0.07635316
C:\Mark's Python files\ME5920\IMG\robocam_2025_04_03_22_43_51_359.jpg;0;0;0;0;126.4731;120.3561;359.7491;36.53482;0.07635316
C:\Mark's Python files\ME5920\IMG\robocam_2025_04_03_22_43_51_395.jpg;0;0;0;0;126.4731;120.3561;359.7491;36.53482;0.07635316
C:\Mark's Python files\ME5920\IMG\robocam_2025_04_03_22_43_51_397.jpg;0;0;0;0;126.4731;120.3561;359.7491;36.53482;0.07635316
C:\Mark's Python files\ME5920\IMG\robocam_2025_04_03_22_43_51_432.jpg;0;0;0;0;126.4731;120.3561;359.7491;36.53482;0.07635316
C:\Mark's Python files\ME5920\IMG\robocam_2025_04_03_22_43_51_434.jpg;0;0;0;0;126.4731;120.3561;359.7491;36.53482;0.07635316
C:\Mark's Python files\ME5920\IMG\robocam_2025_04_03_22_43_51_467.jpg;0;0;0;0;126.4731;120.3561;359.7491;36.53482;0.07635316
C:\Mark's Python files\ME5920\IMG\robocam_2025_04_03_22_43_51_468.jpg;0;0;0;0;126.4731;120.3561;359.7491;36.53482;0.07635316
C:\Mark's Python files\ME5920\IMG\robocam_2025_04_03_22_43_51_502.jpg;0;0;0;0;126.4731;120.3561;359.7491;36.53482;0.07635316
C:\Mark's Python files\ME5920\IMG\robocam_2025_04_03_22_43_51_503.jpg;0;0;0;0;126.4731;120.3561;359.7491;36.53482;0.07635316
C:\Mark's Python files\ME5920\IMG\robocam_2025_04_03_22_43_51_536.jpg;0;0;0;0;126.4731;120.3561;359.7491;36.53482;0.07635316
C:\Mark's Python files\ME5920\IMG\robocam_2025_04_03_22_43_51_538.jpg;0;0;0;0;126.4731;120.3561;359.7491;36.53482;0.07635316
C:\Mark's Python files\ME5920\IMG\robocam_2025_04_03_22_43_51_572.jpg;0;0;0;0;126.4731;120.3561;359.7491;36.53482;0.07635316
C:\Mark's Python files\ME5920\IMG\robocam_2025_04_03_22_43_51_573.jpg;0;0;0;0;126.4731;120.3561;359.7491;36.53482;0.07635316
C:\Mark's Python files\ME5920\IMG\robocam_2025_04_03_22_43_51_606.jpg;0;0;0;0;126.4731;120.3561;359.7491;36.53482;0.07635316
C:\Mark's Python files\ME5920\IMG\robocam_2025_04_03_22_43_51_607.jpg;0;0;0;0;126.4731;120.3561;359.7491;36.53482;0.07635316
C:\Mark's Python files\ME5920\IMG\robocam_2025_04_03_22_43_51_641.jpg;0;0;0;0;126.4731;120.3561;359.7491;36.53482;0.07635316
C:\Mark's Python files\ME5920\IMG\robocam_2025_04_03_22_43_51_643.jpg;0;0;0;0;126.4731;120.3561;359.7491;36.53482;0.07635316
C:\Mark's Python files\ME5920\IMG\robocam_2025_04_03_22_43_51_676.jpg;0;0;0;0;126.4731;120.3561;359.7491;36.53482;0.07635316
C:\Mark's Python files\ME5920\IMG\robocam_2025_04_03_22_43_51_677.jpg;0;0;0;0;126.4731;120.3561;359.7491;36.53482;0.07635316
C:\Mark's Python files\ME5920\IMG\robocam_2025_04_03_22_43_51_711.jpg;0;0;0;0;126.4731;120.3561;359.7491;36.53482;0.07635316
C:\Mark's Python files\ME5920\IMG\robocam_2025_04_03_22_43_51_712.jpg;0;0;0;0;126.4731;120.3561;359.7491;36.53482;0.07635316
C:\Mark's Python files\ME5920\IMG\robocam_2025_04_03_22_43_51_745.jpg;0;0;0;0;126.4731;120.3561;359.7491;36.53482;0.07635316
C:\Mark's Python files\ME5920\IMG\robocam_2025_04_03_22_43_51_746.jpg;0;0;0;0;126.4731;120.3561;359.7491;36.53482;0.07635316
C:\Mark's Python files\ME5920\IMG\robocam_2025_04_03_22_43_51_780.jpg;0;0;0;0;126.4731;120.3561;359.7491;36.53482;0.07635316
C:\Mark's Python files\ME5920\IMG\robocam_2025_04_03_22_43_51_781.jpg;0;0;0;0;126.4731;120.3561;359.7491;36.53482;0.07635316
C:\Mark's Python files\ME5920\IMG\robocam_2025_04_03_22_43_51_815.jpg;0;0;0;0;126.4731;120.3561;359.7491;36.53482;0.07635316
C:\Mark's Python files\ME5920\IMG\robocam_2025_04_03_22_43_51_816.jpg;0;0;0;0;126.4731;120.3561;359.7491;36.53482;0.07635316
C:\Mark's Python files\ME5920\IMG\robocam_2025_04_03_22_43_51_852.jpg;0;0;0;0;126.4731;120.3561;359.7491;36.53482;0.07635316
C:\Mark's Python files\ME5920\IMG\robocam_2025_04_03_22_43_51_853.jpg;0;0;0;0;126.4731;120.3561;359.7491;36.53482;0.07635316
C:\Mark's Python files\ME5920\IMG\robocam_2025_04_03_22_43_51_888.jpg;0;0;0;0;126.4731;120.3561;359.7491;36.53482;0.07635316
C:\Mark's Python files\ME5920\IMG\robocam_2025_04_03_22_43_51_890.jpg;0;0;0;0;126.4731;120.3561;359.7491;36.53482;0.07635316
C:\Mark's Python files\ME5920\IMG\robocam_2025_04_03_22_43_51_924.jpg;0;0;0;0;126.4731;120.3561;359.7491;36.53482;0.07635316
C:\Mark's Python files\ME5920\IMG\robocam_2025_04_03_22_43_51_927.jpg;0;0;0;0;126.4731;120.3561;359.7491;36.53482;0.07635316
C:\Mark's Python files\ME5920\IMG\robocam_2025_04_03_22_43_51_960.jpg;0;0;0;0;126.4731;120.3561;359.7491;36.53482;0.07635316
C:\Mark's Python files\ME5920\IMG\robocam_2025_04_03_22_43_51_962.jpg;0;0;0;0;126.4731;120.3561;359.7491;36.53482;0.07635316
C:\Mark's Python files\ME5920\IMG\robocam_2025_04_03_22_43_53_462.jpg;0;0;0;0;126.4731;120.3561;359.7491;36.53482;0.07635316
C:\Mark's Python files\ME5920\IMG\robocam_2025_04_03_22_43_53_532.jpg;0;0;0;0;126.4731;120.3561;359.7546;36.53482;0.07459082
C:\Mark's Python files\ME5920\IMG\robocam_2025_04_03_22_43_53_573.jpg;0;0;0;0;126.4731;120.3561;359.7603;36.53482;0.07275221
C:\Mark's Python files\ME5920\IMG\robocam_2025_04_03_22_43_53_639.jpg;0;0;0;0;126.4731;120.3561;359.7722;36.53482;0.06894719
C:\Mark's Python files\ME5920\IMG\robocam_2025_04_03_22_43_53_709.jpg;0;0;0;0;126.4731;120.3561;359.7934;36.53482;0.06221656
C:\Mark's Python files\ME5920\IMG\robocam_2025_04_03_22_43_53_779.jpg;0;0;0;0;126.4731;120.3561;359.8126;36.53482;0.05618071
C:\Mark's Python files\ME5920\IMG\robocam_2025_04_03_22_43_53_818.jpg;0;0;0;0;126.473;120.3561;359.8267;36.53482;0.05179548
C:\Mark's Python files\ME5920\IMG\robocam_2025_04_03_22_43_53_887.jpg;0;0;0;0;126.473;120.3561;359.8493;36.53482;0.04481835
C:\Mark's Python files\ME5920\IMG\robocam_2025_04_03_22_43_53_957.jpg;0;0;0;0;126.473;120.3561;359.8812;36.53482;0.03506095
C:\Mark's Python files\ME5920\IMG\robocam_2025_04_03_22_43_54_025.jpg;0;0;0;0;126.473;120.3561;359.9059;36.53482;0.02762882
C:\Mark's Python files\ME5920\IMG\robocam_2025_04_03_22_43_54_095.jpg;0;0;0;0;126.473;120.356;359.9387;36.53482;0.01787185
C:\Mark's Python files\ME5920\IMG\robocam_2025_04_03_22_43_54_167.jpg;0;0;0;0;126.473;120.356;359.9627;36.53482;0.01085137
C:\Mark's Python files\ME5920\IMG\robocam_2025_04_03_22_43_54_236.jpg;0;0;0;0;126.473;120.356;359.993;36.53481;0.002117901
C:\Mark's Python files\ME5920\IMG\robocam_2025_04_03_22_43_54_306.jpg;0;0;0;0;126.473;120.356;0.01398079;36.53481;-0.003833548
C:\Mark's Python files\ME5920\IMG\robocam_2025_04_03_22_43_54_379.jpg;0;0;0;0;126.473;120.356;0.03917397;36.53481;359.9892
C:\Mark's Python files\ME5920\IMG\robocam_2025_04_03_22_43_54_450.jpg;0;0;0;0;126.473;120.356;0.06064117;36.53481;359.9834
C:\Mark's Python files\ME5920\IMG\robocam_2025_04_03_22_43_54_519.jpg;0;0;0;0;126.473;120.356;0.07406938;36.53481;359.9799
C:\Mark's Python files\ME5920\IMG\robocam_2025_04_03_22_43_54_589.jpg;0;0;0;0;126.4729;120.356;0.0882395;36.53481;359.9763
C:\Mark's Python files\ME5920\IMG\robocam_2025_04_03_22_43_54_661.jpg;0;0;0;0;126.4729;120.356;0.09602851;36.53481;359.9745
C:\Mark's Python files\ME5920\IMG\robocam_2025_04_03_22_43_54_729.jpg;0;0;0;0;126.4729;120.356;0.1026803;36.53481;359.9731
C:\Mark's Python files\ME5920\IMG\robocam_2025_04_03_22_43_54_800.jpg;0;-0.1049613;0;0;126.472;120.3554;0.07964104;36.52751;359.9728
C:\Mark's Python files\ME5920\IMG\robocam_2025_04_03_22_43_54_872.jpg;0;-0.3196236;0;-0.02596441;126.4698;120.3537;0.02307404;36.41055;359.9734
C:\Mark's Python files\ME5920\IMG\robocam_2025_04_03_22_43_54_941.jpg;0;-0.5363205;0;-0.03817848;126.467;120.3517;359.9543;36.35519;359.9747
C:\Mark's Python files\ME5920\IMG\robocam_2025_04_03_22_43_55_013.jpg;0;-0.7455373;0;-0.07811669;126.4589;120.3457;359.752;36.27927;359.9764
C:\Mark's Python files\ME5920\IMG\robocam_2025_04_03_22_43_55_082.jpg;0;-0.9557667;0;-0.1376762;126.4503;120.3395;359.5569;36.26958;359.985
C:\Mark's Python files\ME5920\IMG\robocam_2025_04_03_22_43_55_154.jpg;0;-1;0;-0.1688527;126.4345;120.3278;359.2421;36.3341;0.00266913
C:\Mark's Python files\ME5920\IMG\robocam_2025_04_03_22_43_55_224.jpg;0;-1;0;-0.2329959;126.4192;120.3165;358.9753;36.35727;-0.00156954
C:\Mark's Python files\ME5920\IMG\robocam_2025_04_03_22_43_55_294.jpg;0;-1;0;-0.2773376;126.3959;120.2992;358.668;36.26788;-0.0006430653
C:\Mark's Python files\ME5920\IMG\robocam_2025_04_03_22_43_55_333.jpg;0;-1;0;-0.3423668;126.3849;120.2911;358.6696;36.28511;-0.002215019
C:\Mark's Python files\ME5920\IMG\robocam_2025_04_03_22_43_55_400.jpg;0;-1;0;-0.3498766;126.3684;120.2789;358.8229;36.19652;-0.00131194
C:\Mark's Python files\ME5920\IMG\robocam_2025_04_03_22_43_55_474.jpg;0;-1;0;-0.4500111;126.3399;120.2578;358.8943;36.37462;-0.0004056713
C:\Mark's Python files\ME5920\IMG\robocam_2025_04_03_22_43_55_543.jpg;0;-1;0;-0.5198718;126.3146;120.2391;358.8705;36.23492;-0.001177262
C:\Mark's Python files\ME5920\IMG\robocam_2025_04_03_22_43_55_613.jpg;0;-1;0;-0.5597054;126.277;120.2113;358.7952;36.1619;-0.001446826
C:\Mark's Python files\ME5920\IMG\robocam_2025_04_03_22_43_55_685.jpg;0;-1;0;-0.6290388;126.2463;120.1886;358.7481;36.12056;-0.002081037
C:\Mark's Python files\ME5920\IMG\robocam_2025_04_03_22_43_55_756.jpg;0;-1;0;-0.6679425;126.2026;120.1564;358.7715;35.9476;-0.001815914
C:\Mark's Python files\ME5920\IMG\robocam_2025_04_03_22_43_55_825.jpg;0;-0.895414;0;-0.7401165;126.167;120.1304;358.7981;35.80443;-0.001718331
C:\Mark's Python files\ME5920\IMG\robocam_2025_04_03_22_43_55_896.jpg;0;-0.6817282;0;-0.7824237;126.1161;120.0937;358.8147;35.51026;-0.001632764
C:\Mark's Python files\ME5920\IMG\robocam_2025_04_03_22_43_55_966.jpg;0;-0.4719197;0;-0.8215567;126.0761;120.065;358.8142;35.29191;-0.001496666
C:\Mark's Python files\ME5920\IMG\robocam_2025_04_03_22_43_56_036.jpg;0;-0.2588314;0;-0.8395425;126.0215;120.0262;358.8297;34.92913;-0.002068378
C:\Mark's Python files\ME5920\IMG\robocam_2025_04_03_22_43_56_106.jpg;0;-0.05109013;0;-0.8565056;125.9802;119.9972;358.8658;34.68931;-0.002020851
C:\Mark's Python files\ME5920\IMG\robocam_2025_04_03_22_43_56_179.jpg;0;0;0;-0.8535495;125.9256;119.959;358.9607;34.68196;0.002246701
C:\Mark's Python files\ME5920\IMG\robocam_2025_04_03_22_43_56_250.jpg;0;0;0;-0.8503877;125.8718;119.9215;359.1021;34.67702;0.01032358
C:\Mark's Python files\ME5920\IMG\robocam_2025_04_03_22_43_56_320.jpg;0;0;0;-0.8471006;125.8318;119.8938;359.2277;34.67584;0.02122986
C:\Mark's Python files\ME5920\IMG\robocam_2025_04_03_22_43_56_393.jpg;0;0;0;-0.844566;125.779;119.8572;359.4137;34.67586;0.03714286
C:\Mark's Python files\ME5920\IMG\robocam_2025_04_03_22_43_56_465.jpg;0;0;0;-0.8410833;125.7396;119.8299;359.5619;34.67586;0.04702696
C:\Mark's Python files\ME5920\IMG\robocam_2025_04_03_22_43_56_536.jpg;0;0;0;-0.8383929;125.6874;119.7937;359.7613;34.67584;0.05733771
C:\Mark's Python files\ME5920\IMG\robocam_2025_04_03_22_43_56_608.jpg;0;0;0;-0.8347086;125.6483;119.7667;359.9062;34.67582;0.06293035
C:\Mark's Python files\ME5920\IMG\robocam_2025_04_03_22_43_56_680.jpg;0;0;0.2117301;-0.8324053;125.5987;119.7324;0.1543599;34.67715;0.06762601
C:\Mark's Python files\ME5920\IMG\robocam_2025_04_03_22_43_56_750.jpg;0;0;0;-0.5297042;125.5749;119.715;0.9977656;34.65867;0.02262157
C:\Mark's Python files\ME5920\IMG\robocam_2025_04_03_22_43_56_821.jpg;0;0;0;-0.5082499;125.5565;119.7023;1.458214;34.6564;359.993
C:\Mark's Python files\ME5920\IMG\robocam_2025_04_03_22_43_56_895.jpg;0;0;0;-0.4977632;125.5237;119.6796;1.445854;34.54959;359.9942
C:\Mark's Python files\ME5920\IMG\robocam_2025_04_03_22_43_56_967.jpg;0;0;0;-0.4791838;125.4946;119.6594;1.072038;34.51378;0.005948989
C:\Mark's Python files\ME5920\IMG\robocam_2025_04_03_22_43_57_040.jpg;0;0;0;-0.4759705;125.4563;119.6328;0.5781154;34.50837;0.02175188
C:\Mark's Python files\ME5920\IMG\robocam_2025_04_03_22_43_57_109.jpg;0;0;0;-0.4737948;125.4187;119.607;0.1361682;34.5083;0.04015983
C:\Mark's Python files\ME5920\IMG\robocam_2025_04_03_22_43_57_181.jpg;0;0;0;-0.4719001;125.3912;119.5881;359.8469;34.50832;0.0516157
C:\Mark's Python files\ME5920\IMG\robocam_2025_04_03_22_43_57_254.jpg;0;0;0;-0.4706191;125.3556;119.5636;359.5262;34.50839;0.06366383
C:\Mark's Python files\ME5920\IMG\robocam_2025_04_03_22_43_57_324.jpg;0;0;0;-0.4694597;125.3301;119.5457;359.3575;34.50189;0.05025847
C:\Mark's Python files\ME5920\IMG\robocam_2025_04_03_22_43_57_397.jpg;0;0;0;-0.4687303;125.2973;119.523;359.2167;34.49615;0.02171053
C:\Mark's Python files\ME5920\IMG\robocam_2025_04_03_22_43_57_470.jpg;0;0;0;-0.4675556;125.2656;119.5012;359.1556;34.49496;-0.002528245
C:\Mark's Python files\ME5920\IMG\robocam_2025_04_03_22_43_57_542.jpg;0;0;0;-0.4666598;125.2425;119.4854;359.1554;34.49809;359.9926
C:\Mark's Python files\ME5920\IMG\robocam_2025_04_03_22_43_57_612.jpg;0;0;0;-0.4652382;125.2124;119.4649;359.2009;34.50127;359.9876
C:\Mark's Python files\ME5920\IMG\robocam_2025_04_03_22_43_57_685.jpg;0;0;0;-0.463656;125.1902;119.4498;359.2611;34.50275;359.9829
C:\Mark's Python files\ME5920\IMG\robocam_2025_04_03_22_43_57_756.jpg;0;0;0.1060416;-0.4624208;125.1622;119.4305;359.3905;34.51353;359.9741
C:\Mark's Python files\ME5920\IMG\robocam_2025_04_03_22_43_57_828.jpg;0;0;0.3221298;-0.1990567;125.1588;119.4282;359.9604;34.51792;359.9678
C:\Mark's Python files\ME5920\IMG\robocam_2025_04_03_22_43_57_897.jpg;0;0;0.5330781;-0.1809911;125.1585;119.428;0.7481396;34.51697;359.9739
C:\Mark's Python files\ME5920\IMG\robocam_2025_04_03_22_43_57_968.jpg;0;0;0.7430562;-0.1428345;125.1584;119.4279;1.222004;34.51619;0.01779674
C:\Mark's Python files\ME5920\IMG\robocam_2025_04_03_22_43_58_038.jpg;0;0;0.9577927;-0.0845996;125.1582;119.4278;1.5216;34.51438;359.9725
C:\Mark's Python files\ME5920\IMG\robocam_2025_04_03_22_43_58_108.jpg;0;0;1;0.02224239;125.1581;119.4278;1.414986;34.50276;359.9911
C:\Mark's Python files\ME5920\IMG\robocam_2025_04_03_22_43_58_180.jpg;0;0;1;0.09429385;125.1581;119.4279;0.9980422;34.49675;0.03758778
C:\Mark's Python files\ME5920\IMG\robocam_2025_04_03_22_43_58_253.jpg;0;0;1;0.09699952;125.1582;119.428;0.56394;34.49698;0.05156702
C:\Mark's Python files\ME5920\IMG\robocam_2025_04_03_22_43_58_323.jpg;0;0;1;0.09252623;125.1583;119.428;0.2523703;34.49728;0.05979367
C:\Mark's Python files\ME5920\IMG\robocam_2025_04_03_22_43_58_393.jpg;0;0;1;0.08732364;125.1584;119.4281;359.8655;34.49776;0.0677793
C:\Mark's Python files\ME5920\IMG\robocam_2025_04_03_22_43_58_464.jpg;0;0;0;0.07837456;125.1585;119.4281;359.6022;34.49814;0.07160099
C:\Mark's Python files\ME5920\IMG\robocam_2025_04_03_22_43_58_534.jpg;0;0;0;0.07044277;125.1586;119.4282;359.2999;34.49917;0.06644218
C:\Mark's Python files\ME5920\IMG\robocam_2025_04_03_22_43_58_605.jpg;0;0;0;0.05227182;125.1587;119.4283;359.1263;34.49954;0.04014817
C:\Mark's Python files\ME5920\IMG\robocam_2025_04_03_22_43_58_678.jpg;0;0;0;0.041387;125.1587;119.4283;358.9559;34.49918;359.9911
C:\Mark's Python files\ME5920\IMG\robocam_2025_04_03_22_43_58_747.jpg;0;0;0;0.02686712;125.1588;119.4283;358.8756;34.49796;359.9656
C:\Mark's Python files\ME5920\IMG\robocam_2025_04_03_22_43_58_819.jpg;0;0;0;0.01160901;125.1588;119.4284;358.8407;34.49721;359.9648
C:\Mark's Python files\ME5920\IMG\robocam_2025_04_03_22_43_58_890.jpg;0;0;0;0;125.1586;119.4287;358.8871;34.49815;0.004811442
C:\Mark's Python files\ME5920\IMG\robocam_2025_04_03_22_43_58_962.jpg;0;0;0;-0.0176651;125.1586;119.4286;358.9488;34.49846;0.02106694
C:\Mark's Python files\ME5920\IMG\robocam_2025_04_03_22_43_59_032.jpg;0;0;0;-0.02366058;125.1586;119.4285;359.0555;34.49879;0.04124845
C:\Mark's Python files\ME5920\IMG\robocam_2025_04_03_22_43_59_103.jpg;0;0;0;-0.02844138;125.1585;119.4285;359.1499;34.49894;0.05389709
C:\Mark's Python files\ME5920\IMG\robocam_2025_04_03_22_43_59_173.jpg;0;0;0;-0.03113847;125.1585;119.4285;359.2901;34.49899;0.06745856
C:\Mark's Python files\ME5920\IMG\robocam_2025_04_03_22_43_59_244.jpg;1.676205;0;0;-0.03353977;125.1585;119.4285;359.4026;34.69958;0.07701002
C:\Mark's Python files\ME5920\IMG\robocam_2025_04_03_22_43_59_317.jpg;4.896931;0;0;-0.03444927;125.1584;119.4284;359.5586;35.68372;0.08980104
C:\Mark's Python files\ME5920\IMG\robocam_2025_04_03_22_43_59_356.jpg;8.089937;0;0;-0.03454264;125.1584;119.4284;359.6374;36.47641;0.09425507
C:\Mark's Python files\ME5920\IMG\robocam_2025_04_03_22_43_59_424.jpg;9.784372;0;0;-0.03413847;125.1583;119.4284;359.7549;38.13712;0.096817
C:\Mark's Python files\ME5920\IMG\robocam_2025_04_03_22_43_59_496.jpg;13.01768;0;0;-0.03304264;125.1583;119.4284;359.9057;41.06731;0.08818118
C:\Mark's Python files\ME5920\IMG\robocam_2025_04_03_22_43_59_535.jpg;15;0;0;-0.03072843;125.1583;119.4283;359.9769;42.82582;0.07778014
C:\Mark's Python files\ME5920\IMG\robocam_2025_04_03_22_43_59_604.jpg;15;0;0;-0.02925127;125.1582;119.4283;0.07589646;45.52581;0.05451953
C:\Mark's Python files\ME5920\IMG\robocam_2025_04_03_22_43_59_673.jpg;15;0;0;-0.02669365;125.1582;119.4283;0.1905658;49.12583;0.0124121
C:\Mark's Python files\ME5920\IMG\robocam_2025_04_03_22_43_59_745.jpg;15;0;0;-0.02276042;125.1582;119.4283;0.2620352;51.8259;359.9754
C:\Mark's Python files\ME5920\IMG\robocam_2025_04_03_22_43_59_817.jpg;15;0;0;-0.01952081;125.1581;119.4283;0.3367918;55.42603;359.9231
C:\Mark's Python files\ME5920\IMG\robocam_2025_04_03_22_43_59_857.jpg;15;0;0;-0.01492679;125.1581;119.4283;0.3653476;57.22616;359.897
C:\Mark's Python files\ME5920\IMG\robocam_2025_04_03_22_43_59_925.jpg;15;0;0;-0.01260054;125.1581;119.4283;0.3973602;59.92629;359.8596
C:\Mark's Python files\ME5920\IMG\robocam_2025_04_03_22_43_59_995.jpg;15;0;0;0;125.1581;119.4283;0.4119448;63.52641;359.8257
C:\Mark's Python files\ME5920\IMG\robocam_2025_04_03_22_44_00_064.jpg;15;0;0;0;125.1581;119.4283;0.4090763;66.22643;359.8087
C:\Mark's Python files\ME5920\IMG\robocam_2025_04_03_22_44_00_137.jpg;15;0;0;0;125.1581;119.4283;0.3914059;69.82635;359.7966
C:\Mark's Python files\ME5920\IMG\robocam_2025_04_03_22_44_00_207.jpg;15;0;0;0;125.1581;119.4283;0.3708283;72.52627;359.7945
C:\Mark's Python files\ME5920\IMG\robocam_2025_04_03_22_44_00_279.jpg;15;0;0;0;125.1581;119.4283;0.3364903;76.12611;359.8007
C:\Mark's Python files\ME5920\IMG\robocam_2025_04_03_22_44_00_351.jpg;15;0;0;0;125.1581;119.4283;0.2966286;79.72591;359.8169
C:\Mark's Python files\ME5920\IMG\robocam_2025_04_03_22_44_00_420.jpg;15;0;0;0.01162967;125.1581;119.4283;0.264853;82.42576;359.835
C:\Mark's Python files\ME5920\IMG\robocam_2025_04_03_22_44_00_490.jpg;15;0;0;0.01253885;125.1582;119.4283;0.2220313;86.02557;359.8656
C:\Mark's Python files\ME5920\IMG\robocam_2025_04_03_22_44_00_561.jpg;15;0;0;0.01325704;125.1582;119.4283;0.1907595;88.72545;359.8925
C:\Mark's Python files\ME5920\IMG\robocam_2025_04_03_22_44_00_632.jpg;15;0;0;0.01344279;125.1582;119.4283;0.1515873;92.32532;359.9319
C:\Mark's Python files\ME5920\IMG\robocam_2025_04_03_22_44_00_702.jpg;13.38481;0;0;0.01325626;125.1582;119.4283;0.1249242;94.83914;359.9632
C:\Mark's Python files\ME5920\IMG\robocam_2025_04_03_22_44_00_772.jpg;10.24511;0;0;0.0128131;125.1582;119.4283;0.09311052;97.48718;0.005949363
C:\Mark's Python files\ME5920\IMG\robocam_2025_04_03_22_44_00_843.jpg;7.044761;0;0;0.01188305;125.1582;119.4283;0.07132011;98.86221;0.037142
C:\Mark's Python files\ME5920\IMG\robocam_2025_04_03_22_44_00_916.jpg;10.24155;0;0;0.01098801;125.1582;119.4284;0.04539618;101.1268;0.07441264
C:\Mark's Python files\ME5920\IMG\robocam_2025_04_03_22_44_00_956.jpg;13.36945;0;0;0;125.1582;119.4284;0.03424386;102.5484;0.09103544
C:\Mark's Python files\ME5920\IMG\robocam_2025_04_03_22_44_01_026.jpg;15;0;0;0;125.1582;119.4284;0.02040179;105.161;0.1133918
C:\Mark's Python files\ME5920\IMG\robocam_2025_04_03_22_44_01_065.jpg;15;0;0;0;125.1582;119.4284;0.01271053;106.9611;0.1266472
C:\Mark's Python files\ME5920\IMG\robocam_2025_04_03_22_44_01_135.jpg;15;0;0;0;125.1582;119.4284;0.0004310657;110.5611;0.1488492
C:\Mark's Python files\ME5920\IMG\robocam_2025_04_03_22_44_01_207.jpg;15;0;0;0;125.1582;119.4284;359.9936;113.2611;0.1614838
C:\Mark's Python files\ME5920\IMG\robocam_2025_04_03_22_44_01_278.jpg;11.79241;0;0;0;125.1582;119.4284;359.9853;116.2878;0.1726717
C:\Mark's Python files\ME5920\IMG\robocam_2025_04_03_22_44_01_317.jpg;8.671082;0;0;0;125.1582;119.4284;359.981;117.5078;0.1757797
C:\Mark's Python files\ME5920\IMG\robocam_2025_04_03_22_44_01_388.jpg;6.854342;0;0;0;125.1582;119.4284;359.9745;118.9431;0.1773313
C:\Mark's Python files\ME5920\IMG\robocam_2025_04_03_22_44_01_458.jpg;3.66463;0;0;0;125.1582;119.4284;359.9648;120.0226;0.1736949
C:\Mark's Python files\ME5920\IMG\robocam_2025_04_03_22_44_01_530.jpg;0.4634291;0;0;0;125.1582;119.4284;359.9549;120.3245;0.1640193
C:\Mark's Python files\ME5920\IMG\robocam_2025_04_03_22_44_01_603.jpg;0;0;0;0;125.1582;119.4284;359.9484;120.3245;0.1534289
C:\Mark's Python files\ME5920\IMG\robocam_2025_04_03_22_44_01_675.jpg;0;0;0;0;125.1582;119.4284;359.9421;120.3245;0.1359133
C:\Mark's Python files\ME5920\IMG\robocam_2025_04_03_22_44_01_749.jpg;0;0;0;0;125.1582;119.4284;359.9383;120.3245;0.1155157
C:\Mark's Python files\ME5920\IMG\robocam_2025_04_03_22_44_01_820.jpg;0;0.0099153;0;0;125.158;119.4288;359.9467;120.3975;0.09913848
C:\Mark's Python files\ME5920\IMG\robocam_2025_04_03_22_44_01_891.jpg;0;0.2234274;0;0;125.1578;119.429;359.9529;120.3803;0.07616259
C:\Mark's Python files\ME5920\IMG\robocam_2025_04_03_22_44_01_960.jpg;0;0.4317225;0;0.0321811;125.1565;119.4313;0.011034;120.4115;0.05896728
C:\Mark's Python files\ME5920\IMG\robocam_2025_04_03_22_44_02_032.jpg;0;0.6438459;0;0.04013574;125.1534;119.4366;0.1352796;120.3662;0.03685217
C:\Mark's Python files\ME5920\IMG\robocam_2025_04_03_22_44_02_101.jpg;0;0.8553012;0;0.08089948;125.1495;119.4431;0.2822006;120.2556;0.02116322
C:\Mark's Python files\ME5920\IMG\robocam_2025_04_03_22_44_02_172.jpg;0;1;0;0.1412647;125.1411;119.4576;0.5773839;120.2726;359.9889
C:\Mark's Python files\ME5920\IMG\robocam_2025_04_03_22_44_02_244.jpg;0;1;0;0.2003093;125.1322;119.4722;0.8404117;120.3343;359.9932
C:\Mark's Python files\ME5920\IMG\robocam_2025_04_03_22_44_02_314.jpg;0;1;0;0.2479144;125.1185;119.4957;1.194583;120.4285;-0.0002438053
C:\Mark's Python files\ME5920\IMG\robocam_2025_04_03_22_44_02_387.jpg;0;1;0;0.311856;125.1076;119.5144;1.337726;120.3934;-0.00223707
C:\Mark's Python files\ME5920\IMG\robocam_2025_04_03_22_44_02_457.jpg;0;1;0;0.3728615;125.0937;119.5385;1.159507;120.4991;-0.001658768
C:\Mark's Python files\ME5920\IMG\robocam_2025_04_03_22_44_02_529.jpg;0;1;0;0.4550876;125.0759;119.5691;1.069181;120.3823;0.001020837
C:\Mark's Python files\ME5920\IMG\robocam_2025_04_03_22_44_02_601.jpg;0;1;0;0.4968241;125.0601;119.5963;1.082202;120.3004;-0.0006356945
C:\Mark's Python files\ME5920\IMG\robocam_2025_04_03_22_44_02_672.jpg;0;1;0;0.5705061;125.0364;119.6372;1.163444;120.2074;5.225104E-05
C:\Mark's Python files\ME5920\IMG\robocam_2025_04_03_22_44_02_741.jpg;0;1;0;0.6261513;125.0168;119.6711;1.241752;120.1826;-0.0004327514
C:\Mark's Python files\ME5920\IMG\robocam_2025_04_03_22_44_02_813.jpg;0;1;0;0.6696898;124.9897;119.7179;1.219727;120.1032;-0.000770225
C:\Mark's Python files\ME5920\IMG\robocam_2025_04_03_22_44_02_883.jpg;0;1;0;0.7519644;124.9676;119.7565;1.196042;120.1001;-0.001105424
C:\Mark's Python files\ME5920\IMG\robocam_2025_04_03_22_44_02_954.jpg;0;1;0;0.7877763;124.9356;119.8122;1.198793;120.0493;2.746017E-05
C:\Mark's Python files\ME5920\IMG\robocam_2025_04_03_22_44_03_025.jpg;0;1;0;0.8638285;124.9098;119.8573;1.215447;120.0407;-0.001333975
C:\Mark's Python files\ME5920\IMG\robocam_2025_04_03_22_44_03_097.jpg;0;1;0;0.9185252;124.8727;119.922;1.237644;120.0388;-0.0006484856
C:\Mark's Python files\ME5920\IMG\robocam_2025_04_03_22_44_03_169.jpg;0;1;0;0.9835615;124.8333;119.9907;1.227089;120.0297;-0.000659478
C:\Mark's Python files\ME5920\IMG\robocam_2025_04_03_22_44_03_240.jpg;0;1;0;1.031665;124.8022;120.045;1.214075;120.0325;-0.0001984135
C:\Mark's Python files\ME5920\IMG\robocam_2025_04_03_22_44_03_310.jpg;0;1;0;1.093799;124.7584;120.1214;1.230217;119.9603;-0.0004829736
C:\Mark's Python files\ME5920\IMG\robocam_2025_04_03_22_44_03_381.jpg;0;1;0;1.153246;124.7241;120.1815;1.229667;119.9246;-0.0008372378
C:\Mark's Python files\ME5920\IMG\robocam_2025_04_03_22_44_03_453.jpg;0;1;0;1.20214;124.6761;120.2654;1.228162;119.8762;-0.0006575835
C:\Mark's Python files\ME5920\IMG\robocam_2025_04_03_22_44_03_523.jpg;0;1;0;1.265322;124.6385;120.3314;1.233533;119.845;-0.0007476789
C:\Mark's Python files\ME5920\IMG\robocam_2025_04_03_22_44_03_595.jpg;0;1;0;1.30974;124.5863;120.4232;1.235442;119.8179;-0.0007624369
C:\Mark's Python files\ME5920\IMG\robocam_2025_04_03_22_44_03_667.jpg;0;1;0;1.374079;124.5455;120.495;1.24049;119.7998;-0.0008900007
C:\Mark's Python files\ME5920\IMG\robocam_2025_04_03_22_44_03_738.jpg;0;1;0;1.421406;124.489;120.5946;1.247205;119.7745;-0.0008516008
C:\Mark's Python files\ME5920\IMG\robocam_2025_04_03_22_44_03_811.jpg;0;1;0;1.484088;124.43;120.6986;1.252637;119.7567;-0.0009072712
C:\Mark's Python files\ME5920\IMG\robocam_2025_04_03_22_44_03_882.jpg;0;1;0;1.546438;124.3842;120.7795;1.25668;119.7465;-0.0009252329
C:\Mark's Python files\ME5920\IMG\robocam_2025_04_03_22_44_03_954.jpg;0;1;0;1.593832;124.321;120.8911;1.262418;119.7312;-0.0009624631
C:\Mark's Python files\ME5920\IMG\robocam_2025_04_03_22_44_04_025.jpg;0;1;0;1.655507;124.2721;120.9776;1.265145;119.7214;-0.000979864
C:\Mark's Python files\ME5920\IMG\robocam_2025_04_03_22_44_04_096.jpg;0;1;0;1.700845;124.2047;121.0967;1.268742;119.7068;-0.001018615
C:\Mark's Python files\ME5920\IMG\robocam_2025_04_03_22_44_04_168.jpg;0;1;0;1.76265;124.1526;121.1889;1.274131;119.6956;-0.001036551
C:\Mark's Python files\ME5920\IMG\robocam_2025_04_03_22_44_04_239.jpg;0;1;0;1.807684;124.0811;121.3155;1.281606;119.6796;-0.001032604
C:\Mark's Python files\ME5920\IMG\robocam_2025_04_03_22_44_04_311.jpg;0;1;0;1.869032;124.0072;121.4464;1.284914;119.6655;-0.001051767
C:\Mark's Python files\ME5920\IMG\robocam_2025_04_03_22_44_04_382.jpg;0;1;0;1.929261;123.9502;121.5473;1.291235;119.6552;-0.001099086
C:\Mark's Python files\ME5920\IMG\robocam_2025_04_03_22_44_04_451.jpg;0;1;0;1.973808;123.8723;121.6855;1.295158;119.639;-0.001085023
C:\Mark's Python files\ME5920\IMG\robocam_2025_04_03_22_44_04_523.jpg;0;1;0;2.033588;123.8123;121.7919;1.298774;119.6282;-0.001108937
C:\Mark's Python files\ME5920\IMG\robocam_2025_04_03_22_44_04_595.jpg;0;1;0;2.078864;123.7303;121.9375;1.304369;119.6135;-0.00114091
C:\Mark's Python files\ME5920\IMG\robocam_2025_04_03_22_44_04_666.jpg;0;1;0;2.13821;123.6673;122.0494;1.307679;119.6033;-0.001181957
C:\Mark's Python files\ME5920\IMG\robocam_2025_04_03_22_44_04_736.jpg;3.185122;1;0;2.182405;123.58;122.2013;1.308518;119.8609;-0.002830304
C:\Mark's Python files\ME5920\IMG\robocam_2025_04_03_22_44_04_808.jpg;6.450066;1;0;2.240093;123.5107;122.3165;1.304326;120.408;0.003829073
C:\Mark's Python files\ME5920\IMG\robocam_2025_04_03_22_44_04_878.jpg;3.284037;1;0;2.282977;123.4147;122.4726;1.303118;121.1877;-0.0004261966
C:\Mark's Python files\ME5920\IMG\robocam_2025_04_03_22_44_04_950.jpg;0.1353689;1;0;2.34176;123.3161;122.6331;1.325525;121.5136;-0.002662085
C:\Mark's Python files\ME5920\IMG\robocam_2025_04_03_22_44_05_022.jpg;0;1;0;2.398733;123.2412;122.7561;1.32614;121.546;-0.001439608
C:\Mark's Python files\ME5920\IMG\robocam_2025_04_03_22_44_05_094.jpg;0;1;0;2.442819;123.1393;122.9237;1.329058;121.5388;-0.001284821
C:\Mark's Python files\ME5920\IMG\robocam_2025_04_03_22_44_05_165.jpg;0;1;0;2.500296;123.0612;123.052;1.334203;121.5284;-0.001282742
C:\Mark's Python files\ME5920\IMG\robocam_2025_04_03_22_44_05_237.jpg;0;1;0;2.543262;122.9552;123.2266;1.338479;121.5149;-0.001315917
C:\Mark's Python files\ME5920\IMG\robocam_2025_04_03_22_44_05_308.jpg;0;1;0;2.600633;122.8742;123.36;1.335951;121.5015;-0.001292164
C:\Mark's Python files\ME5920\IMG\robocam_2025_04_03_22_44_05_347.jpg;0;1;0;2.643711;122.8194;123.4502;1.339582;121.4945;-0.0008847512
C:\Mark's Python files\ME5920\IMG\robocam_2025_04_03_22_44_05_417.jpg;0;1;0;2.671274;122.708;123.6337;1.351708;121.4759;-0.001367165
C:\Mark's Python files\ME5920\IMG\robocam_2025_04_03_22_44_05_456.jpg;0;1;0;2.728123;122.6516;123.7267;1.349178;121.468;-0.001348376
C:\Mark's Python files\ME5920\IMG\robocam_2025_04_03_22_44_05_526.jpg;0;1;0;2.756276;122.5658;123.8682;1.346416;121.4549;-0.001346506
C:\Mark's Python files\ME5920\IMG\robocam_2025_04_03_22_44_05_598.jpg;0;1;0;2.798078;122.4494;124.0604;1.356222;121.437;-0.001375067
C:\Mark's Python files\ME5920\IMG\robocam_2025_04_03_22_44_05_669.jpg;0;1;0;2.854045;122.3307;124.2563;1.361141;121.4204;-0.001416436
C:\Mark's Python files\ME5920\IMG\robocam_2025_04_03_22_44_05_741.jpg;0;1;0;2.895871;122.2403;124.4058;1.36164;121.4084;-0.001415583
C:\Mark's Python files\ME5920\IMG\robocam_2025_04_03_22_44_05_781.jpg;0;1;0;2.951397;122.1793;124.5066;1.360727;121.4003;-0.001422415
C:\Mark's Python files\ME5920\IMG\robocam_2025_04_03_22_44_05_852.jpg;0;1;0;2.978761;122.0556;124.7113;1.369259;121.382;-0.001446972
C:\Mark's Python files\ME5920\IMG\robocam_2025_04_03_22_44_05_921.jpg;0;1;0;3.033949;121.9614;124.8672;1.370393;121.369;-0.001455326
C:\Mark's Python files\ME5920\IMG\robocam_2025_04_03_22_44_05_990.jpg;0;1;0;3.075163;121.8339;125.0784;1.373819;121.3516;-0.00135701
C:\Mark's Python files\ME5920\IMG\robocam_2025_04_03_22_44_06_062.jpg;0;1;0;3.129603;121.7368;125.2393;1.375815;121.337;-0.001472063
C:\Mark's Python files\ME5920\IMG\robocam_2025_04_03_22_44_06_134.jpg;0;1;0;3.170938;121.6054;125.4572;1.382003;121.3178;-0.001489254
C:\Mark's Python files\ME5920\IMG\robocam_2025_04_03_22_44_06_207.jpg;0;1;0;3.224538;121.5055;125.623;1.38196;121.3036;-0.001501824
C:\Mark's Python files\ME5920\IMG\robocam_2025_04_03_22_44_06_280.jpg;0;1;0;3.264823;121.3703;125.8474;1.387113;121.2837;-0.001515999
C:\Mark's Python files\ME5920\IMG\robocam_2025_04_03_22_44_06_353.jpg;0;1;0;3.318451;121.233;126.0756;1.393572;121.263;-0.001548483
C:\Mark's Python files\ME5920\IMG\robocam_2025_04_03_22_44_06_424.jpg;0;1;0;3.372592;121.1287;126.2491;1.396683;121.2482;-0.001455129
C:\Mark's Python files\ME5920\IMG\robocam_2025_04_03_22_44_06_497.jpg;0;1;0;3.411991;120.9877;126.4838;1.39982;121.2271;-0.001471144
C:\Mark's Python files\ME5920\IMG\robocam_2025_04_03_22_44_06_569.jpg;0;1;0;3.465396;120.8447;126.7221;1.405066;121.2047;-0.001587669
C:\Mark's Python files\ME5920\IMG\robocam_2025_04_03_22_44_06_641.jpg;0;1;0;3.518167;120.736;126.9032;1.407904;121.1885;-0.001493087
C:\Mark's Python files\ME5920\IMG\robocam_2025_04_03_22_44_06_713.jpg;0;1;0;3.557516;120.5893;127.148;1.411317;121.1656;-0.001609798
C:\Mark's Python files\ME5920\IMG\robocam_2025_04_03_22_44_06_785.jpg;0;1;0;3.609173;120.478;127.3339;1.414944;121.1481;-0.001632619
C:\Mark's Python files\ME5920\IMG\robocam_2025_04_03_22_44_06_856.jpg;0;1;0;3.648234;120.3277;127.5851;1.420527;121.1257;-0.001183747
C:\Mark's Python files\ME5920\IMG\robocam_2025_04_03_22_44_06_927.jpg;0;1;0;3.700224;120.2136;127.7758;1.422393;121.1078;-0.001188365
C:\Mark's Python files\ME5920\IMG\robocam_2025_04_03_22_44_06_998.jpg;0;1;0;3.739378;120.0599;128.0332;1.425981;121.0816;-0.001676557
C:\Mark's Python files\ME5920\IMG\robocam_2025_04_03_22_44_07_071.jpg;0;1;0;3.790265;119.904;128.2943;1.432483;121.0562;-0.001586807
C:\Mark's Python files\ME5920\IMG\robocam_2025_04_03_22_44_07_142.jpg;0;1;0;3.842033;119.7859;128.4924;1.433791;121.0372;-0.001606024
C:\Mark's Python files\ME5920\IMG\robocam_2025_04_03_22_44_07_215.jpg;0;1;0;3.879637;119.6266;128.7598;1.440503;121.0103;-0.001626526
C:\Mark's Python files\ME5920\IMG\robocam_2025_04_03_22_44_07_255.jpg;0;1;0;3.93102;119.5463;128.8948;1.441285;120.9981;-0.001265399
C:\Mark's Python files\ME5920\IMG\robocam_2025_04_03_22_44_07_324.jpg;0;1;0;3.95627;119.4248;129.0989;1.442537;120.9771;-0.001641206
C:\Mark's Python files\ME5920\IMG\robocam_2025_04_03_22_44_07_396.jpg;-1.731204;1;0;3.993509;119.2616;129.3745;1.447137;120.8625;-0.001202257
C:\Mark's Python files\ME5920\IMG\robocam_2025_04_03_22_44_07_468.jpg;-4.960638;1;0;4.043421;119.1395;129.5844;1.449964;120.4875;1.662723E-05
C:\Mark's Python files\ME5920\IMG\robocam_2025_04_03_22_44_07_540.jpg;-4.972365;1;0;4.079844;118.9789;129.869;1.43509;119.5011;0.0007825688
C:\Mark's Python files\ME5920\IMG\robocam_2025_04_03_22_44_07_613.jpg;-1.752196;1;0;4.129467;118.8184;130.1584;1.431115;118.7581;-0.002572875
C:\Mark's Python files\ME5920\IMG\robocam_2025_04_03_22_44_07_685.jpg;0;1;0;4.178693;118.697;130.3782;1.438096;118.5553;-0.004536968
C:\Mark's Python files\ME5920\IMG\robocam_2025_04_03_22_44_07_759.jpg;0;1;0;4.216144;118.5341;130.6745;1.44869;118.4926;-0.005213528
C:\Mark's Python files\ME5920\IMG\robocam_2025_04_03_22_44_07_830.jpg;0;1;0;4.264532;118.37;130.9747;1.463616;118.4868;-0.004476568
C:\Mark's Python files\ME5920\IMG\robocam_2025_04_03_22_44_07_902.jpg;0;1;0;4.313794;118.2461;131.2022;1.471978;118.4862;-0.003822058
C:\Mark's Python files\ME5920\IMG\robocam_2025_04_03_22_44_07_973.jpg;-1.592325;1;0;4.349838;118.0801;131.509;1.478934;118.4142;-0.002864191
C:\Mark's Python files\ME5920\IMG\robocam_2025_04_03_22_44_08_042.jpg;-4.715235;1;0;4.398014;117.9563;131.7422;1.474746;118.0513;-0.001027724
C:\Mark's Python files\ME5920\IMG\robocam_2025_04_03_22_44_08_113.jpg;-7.872336;1;0;4.433465;117.7945;132.0581;1.451575;117.0029;-0.005567136
C:\Mark's Python files\ME5920\IMG\robocam_2025_04_03_22_44_08_184.jpg;-11.06994;1;0;4.478629;117.678;132.2995;1.402405;115.7461;359.9204
C:\Mark's Python files\ME5920\IMG\robocam_2025_04_03_22_44_08_254.jpg;-14.25296;1;0;4.511304;117.5326;132.626;1.180148;113.3514;359.7443
C:\Mark's Python files\ME5920\IMG\robocam_2025_04_03_22_44_08_324.jpg;-11.06749;1;0;4.554349;117.4318;132.875;0.9234887;111.4156;359.5355
C:\Mark's Python files\ME5920\IMG\robocam_2025_04_03_22_44_08_394.jpg;-7.887702;1;0;4.587872;117.306;133.212;0.4992526;109.3062;359.2124
C:\Mark's Python files\ME5920\IMG\robocam_2025_04_03_22_44_08_465.jpg;-4.7749;1;0;4.632791;117.217;133.4686;0.1552515;108.158;358.9552
C:\Mark's Python files\ME5920\IMG\robocam_2025_04_03_22_44_08_535.jpg;-1.624481;1;0;4.665367;117.1004;133.8164;359.7916;107.3377;358.7657
C:\Mark's Python files\ME5920\IMG\robocam_2025_04_03_22_44_08_606.jpg;0;1;0;4.6941;117.0098;134.084;359.8348;107.2822;358.925
C:\Mark's Python files\ME5920\IMG\robocam_2025_04_03_22_44_08_676.jpg;0;1;0;4.736271;116.8912;134.4493;0.1238116;107.2786;359.1714
C:\Mark's Python files\ME5920\IMG\robocam_2025_04_03_22_44_08_747.jpg;0;1;0;4.781034;116.8036;134.7267;0.3542751;107.2702;359.3371
C:\Mark's Python files\ME5920\IMG\robocam_2025_04_03_22_44_08_820.jpg;0;1;0;4.814837;116.6866;135.1003;0.6880841;107.2813;359.5514
C:\Mark's Python files\ME5920\IMG\robocam_2025_04_03_22_44_08_889.jpg;0;1;0;4.859807;116.5683;135.4776;1.036638;107.314;359.7711
C:\Mark's Python files\ME5920\IMG\robocam_2025_04_03_22_44_08_959.jpg;0;1;0;4.893361;116.4786;135.7627;1.296235;107.3501;359.9396
C:\Mark's Python files\ME5920\IMG\robocam_2025_04_03_22_44_09_031.jpg;0;1;0;4.938205;116.3609;136.1454;1.569084;107.3224;-0.00355965
C:\Mark's Python files\ME5920\IMG\robocam_2025_04_03_22_44_09_102.jpg;0;1;0;4.989796;116.2733;136.4315;1.550917;107.3171;-0.002845309
C:\Mark's Python files\ME5920\IMG\robocam_2025_04_03_22_44_09_175.jpg;0;1;0;5.034307;116.1573;136.8107;1.306505;107.2923;-0.0008167533
C:\Mark's Python files\ME5920\IMG\robocam_2025_04_03_22_44_09_247.jpg;0;1;0;5.010528;116.0699;137.0964;1.186046;107.2631;-0.001113119
C:\Mark's Python files\ME5920\IMG\robocam_2025_04_03_22_44_09_286.jpg;0;1;0;5.01632;116.0115;137.2872;1.130083;107.2458;-0.001212194
C:\Mark's Python files\ME5920\IMG\robocam_2025_04_03_22_44_09_357.jpg;0;1;0;5.022809;115.8945;137.6694;1.061042;107.1715;-0.001074378
C:\Mark's Python files\ME5920\IMG\robocam_2025_04_03_22_44_09_427.jpg;0;1;0;5.007532;115.8066;137.9571;1.05623;107.1487;-0.001261198
C:\Mark's Python files\ME5920\IMG\robocam_2025_04_03_22_44_09_501.jpg;0;1;0;5.025612;115.6895;138.3408;1.079372;107.0929;-0.001286438
C:\Mark's Python files\ME5920\IMG\robocam_2025_04_03_22_44_09_570.jpg;0;1;0;5.007168;115.5725;138.7256;1.14644;107.0559;-0.001081374
C:\Mark's Python files\ME5920\IMG\robocam_2025_04_03_22_44_09_641.jpg;0;1;0;5.025783;115.4849;139.0144;1.209403;107.0215;-0.0014456
C:\Mark's Python files\ME5920\IMG\robocam_2025_04_03_22_44_09_715.jpg;0;1;0;5.007538;115.3682;139.4;1.311596;106.9823;-0.001261101
C:\Mark's Python files\ME5920\IMG\robocam_2025_04_03_22_44_09_755.jpg;0;1;0;4.994468;115.3101;139.5928;1.364077;106.9576;-0.001065745
C:\Mark's Python files\ME5920\IMG\robocam_2025_04_03_22_44_09_823.jpg;0;1;0;5.014391;115.2229;139.8824;1.445268;106.9258;-0.001452384
C:\Mark's Python files\ME5920\IMG\robocam_2025_04_03_22_44_09_892.jpg;0;1;0;5.004961;115.1074;140.2677;1.507242;106.8859;-0.00419891
C:\Mark's Python files\ME5920\IMG\robocam_2025_04_03_22_44_09_961.jpg;0;1;0;4.989093;115.0214;140.5552;1.464328;106.8535;-0.001351258
C:\Mark's Python files\ME5920\IMG\robocam_2025_04_03_22_44_10_032.jpg;0;1;0;5.009873;114.9069;140.9392;1.437366;106.8043;-0.001317694
C:\Mark's Python files\ME5920\IMG\robocam_2025_04_03_22_44_10_104.jpg;0;1;0;5.003857;114.8211;141.2278;1.440301;106.7764;-0.001663944
C:\Mark's Python files\ME5920\IMG\robocam_2025_04_03_22_44_10_174.jpg;0;1;0;5.015676;114.707;141.6124;1.452407;106.7149;-0.001386213
C:\Mark's Python files\ME5920\IMG\robocam_2025_04_03_22_44_10_245.jpg;0;1;0;5.006389;114.6215;141.9016;1.480567;106.6861;-0.00166755
C:\Mark's Python files\ME5920\IMG\robocam_2025_04_03_22_44_10_284.jpg;0;1;0;5.027965;114.5646;142.0945;1.50379;106.6704;-0.002010329
C:\Mark's Python files\ME5920\IMG\robocam_2025_04_03_22_44_10_354.jpg;0;1;0;5.013024;114.4514;142.4791;1.503962;106.5536;-0.0005252383
C:\Mark's Python files\ME5920\IMG\robocam_2025_04_03_22_44_10_426.jpg;0;1;0;5.017194;114.3668;142.7675;1.488348;106.558;-0.001416608
C:\Mark's Python files\ME5920\IMG\robocam_2025_04_03_22_44_10_500.jpg;0;1;0;5.015256;114.2541;143.1527;1.494677;106.5024;-0.001342055
C:\Mark's Python files\ME5920\IMG\robocam_2025_04_03_22_44_10_574.jpg;0;1;0;5.026492;114.1419;143.5379;1.511373;106.4727;-0.001533818
C:\Mark's Python files\ME5920\IMG\robocam_2025_04_03_22_44_10_644.jpg;0;1;0;5.007277;114.058;143.8262;1.454548;106.4336;-0.00193857
C:\Mark's Python files\ME5920\IMG\robocam_2025_04_03_22_44_10_714.jpg;1.587924;1;0;5.008978;113.9466;144.2089;1.343863;106.4424;-0.00158137
C:\Mark's Python files\ME5920\IMG\robocam_2025_04_03_22_44_10_786.jpg;4.774055;1;0;5.008853;113.8612;144.4967;1.305191;106.7189;0.002805628
C:\Mark's Python files\ME5920\IMG\robocam_2025_04_03_22_44_10_856.jpg;1.561432;1;0;5.021596;113.7452;144.88;1.277969;107.0843;0.03368006
C:\Mark's Python files\ME5920\IMG\robocam_2025_04_03_22_44_10_926.jpg;0;1;0;5.0072;113.6581;145.1683;1.288689;107.2053;0.04238555
C:\Mark's Python files\ME5920\IMG\robocam_2025_04_03_22_44_10_999.jpg;0;1;0;5.026317;113.5418;145.5523;1.315998;107.174;0.03982075
C:\Mark's Python files\ME5920\IMG\robocam_2025_04_03_22_44_11_069.jpg;0;1;0;5.007457;113.4254;145.9372;1.37577;107.1191;0.01125832
C:\Mark's Python files\ME5920\IMG\robocam_2025_04_03_22_44_11_140.jpg;0;1;0;5.025198;113.3379;146.2259;1.427851;107.0695;-0.001855533
C:\Mark's Python files\ME5920\IMG\robocam_2025_04_03_22_44_11_210.jpg;0;1;0;5.008621;113.221;146.6111;1.505294;107.0276;-0.00163769
C:\Mark's Python files\ME5920\IMG\robocam_2025_04_03_22_44_11_252.jpg;0;1;0;5.02124;113.163;146.8031;1.500508;107.0159;-0.004306177
C:\Mark's Python files\ME5920\IMG\robocam_2025_04_03_22_44_11_318.jpg;0;1;0;5.027266;113.0764;147.0901;1.440458;106.9863;-0.001341969
C:\Mark's Python files\ME5920\IMG\robocam_2025_04_03_22_44_11_389.jpg;0;1;0;5.009888;112.9612;147.4735;1.39653;106.9381;-0.001291476
C:\Mark's Python files\ME5920\IMG\robocam_2025_04_03_22_44_11_460.jpg;3.162586;1;0;5.017545;112.8737;147.7615;1.39099;107.0783;-0.002279433
C:\Mark's Python files\ME5920\IMG\robocam_2025_04_03_22_44_11_500.jpg;3.228786;1;0;5.01517;112.8144;147.9527;1.384117;107.3238;0.008074959
C:\Mark's Python files\ME5920\IMG\robocam_2025_04_03_22_44_11_568.jpg;1.457473;1;0;5.00794;112.7242;148.24;1.398427;107.6955;0.03161905
C:\Mark's Python files\ME5920\IMG\robocam_2025_04_03_22_44_11_640.jpg;0;1;0;5.023539;112.6042;148.6231;1.425885;107.8523;0.042447
C:\Mark's Python files\ME5920\IMG\robocam_2025_04_03_22_44_11_712.jpg;0;1;0;5.007915;112.4836;149.0065;1.474042;107.8368;0.03942402
C:\Mark's Python files\ME5920\IMG\robocam_2025_04_03_22_44_11_783.jpg;0;1;0;5.018108;112.3936;149.2932;1.453545;107.7379;-0.0001685544
C:\Mark's Python files\ME5920\IMG\robocam_2025_04_03_22_44_11_855.jpg;0;1;0;5.014177;112.2723;149.6758;1.456085;107.7256;-0.00276664
C:\Mark's Python files\ME5920\IMG\robocam_2025_04_03_22_44_11_924.jpg;0;1;0;5.021551;112.1816;149.9627;1.465541;107.6683;-0.0008329418
C:\Mark's Python files\ME5920\IMG\robocam_2025_04_03_22_44_11_994.jpg;0;1;0;5.014124;112.0609;150.3461;1.500902;107.6335;-0.001876945
C:\Mark's Python files\ME5920\IMG\robocam_2025_04_03_22_44_12_066.jpg;0;1;0;5.020156;111.971;150.6329;1.485045;107.6068;-0.0043216
C:\Mark's Python files\ME5920\IMG\robocam_2025_04_03_22_44_12_138.jpg;0;1;0;4.98544;111.8518;151.014;1.382204;107.5699;-0.001366622
C:\Mark's Python files\ME5920\IMG\robocam_2025_04_03_22_44_12_207.jpg;0;1;0;5.014406;111.7625;151.3004;1.337031;107.5338;-0.001221229
C:\Mark's Python files\ME5920\IMG\robocam_2025_04_03_22_44_12_279.jpg;0;1;0;5.004145;111.6434;151.6829;1.312124;107.4859;-0.001037994
C:\Mark's Python files\ME5920\IMG\robocam_2025_04_03_22_44_12_351.jpg;0;1;0;5.014209;111.5243;152.0664;1.32634;107.4448;-0.001410398
C:\Mark's Python files\ME5920\IMG\robocam_2025_04_03_22_44_12_423.jpg;0;1;0;5.021495;111.4352;152.3539;1.348875;107.4057;-0.001082124
C:\Mark's Python files\ME5920\IMG\robocam_2025_04_03_22_44_12_496.jpg;0;1;0;5.014318;111.3163;152.7382;1.402998;107.3646;-0.001509204
C:\Mark's Python files\ME5920\IMG\robocam_2025_04_03_22_44_12_566.jpg;0;1;0;5.021627;111.2275;153.0263;1.44667;107.3243;-0.00117107
C:\Mark's Python files\ME5920\IMG\robocam_2025_04_03_22_44_12_636.jpg;0;1;0;5.014236;111.1092;153.4111;1.518266;107.2807;-0.001611877
C:\Mark's Python files\ME5920\IMG\robocam_2025_04_03_22_44_12_707.jpg;0;1;0;5.0321;111.0216;153.6972;1.437212;107.2445;-0.001369323
C:\Mark's Python files\ME5920\IMG\robocam_2025_04_03_22_44_12_778.jpg;1.72827;1;0;5.013478;110.9042;154.0798;1.384662;107.2658;-0.00172526
C:\Mark's Python files\ME5920\IMG\robocam_2025_04_03_22_44_12_849.jpg;1.760188;1;0;5.017314;110.7848;154.4626;1.369599;107.5705;-0.001924916
C:\Mark's Python files\ME5920\IMG\robocam_2025_04_03_22_44_12_921.jpg;0;1;0;5.015301;110.6951;154.7496;1.370303;107.6867;-0.001476797
C:\Mark's Python files\ME5920\IMG\robocam_2025_04_03_22_44_12_993.jpg;0;1;0;5.016656;110.575;155.1331;1.403443;107.6961;-0.001523015
C:\Mark's Python files\ME5920\IMG\robocam_2025_04_03_22_44_13_065.jpg;0;1;0;5.0165;110.4848;155.4205;1.433397;107.6662;-0.001425528
C:\Mark's Python files\ME5920\IMG\robocam_2025_04_03_22_44_13_133.jpg;0;1;0;5.016289;110.3645;155.8044;1.492227;107.6265;-0.00164562
C:\Mark's Python files\ME5920\IMG\robocam_2025_04_03_22_44_13_207.jpg;0;1;0;5.029352;110.2747;156.0916;1.494249;107.6005;-0.00432897
C:\Mark's Python files\ME5920\IMG\robocam_2025_04_03_22_44_13_278.jpg;0;1;0;4.99661;110.1556;156.4732;1.409207;107.5598;-0.001371228
C:\Mark's Python files\ME5920\IMG\robocam_2025_04_03_22_44_13_348.jpg;0;1;0;5.015003;110.0663;156.7598;1.371928;107.524;-0.0012796
C:\Mark's Python files\ME5920\IMG\robocam_2025_04_03_22_44_13_421.jpg;0;1;0;5.003422;109.9473;157.1424;1.353962;107.4789;-0.00123302
C:\Mark's Python files\ME5920\IMG\robocam_2025_04_03_22_44_13_492.jpg;0;1;0;5.014172;109.8282;157.5259;1.371005;107.4365;-0.001424422
C:\Mark's Python files\ME5920\IMG\robocam_2025_04_03_22_44_13_533.jpg;0;1;0;5.020677;109.7688;157.7179;1.388828;107.4165;-0.001536911
C:\Mark's Python files\ME5920\IMG\robocam_2025_04_03_22_44_13_602.jpg;0;1;0;4.999438;109.6799;158.0054;1.413737;107.3682;-0.0008251699
C:\Mark's Python files\ME5920\IMG\robocam_2025_04_03_22_44_13_673.jpg;0;1;0;5.014004;109.5613;158.3898;1.471878;107.3257;-0.001589717
C:\Mark's Python files\ME5920\IMG\robocam_2025_04_03_22_44_13_745.jpg;0;1;0;5.019818;109.4727;158.678;1.51592;107.2817;-0.001156868
C:\Mark's Python files\ME5920\IMG\robocam_2025_04_03_22_44_13_817.jpg;0;1;0;5.001998;109.3555;159.0607;1.456719;107.267;-0.001786698
C:\Mark's Python files\ME5920\IMG\robocam_2025_04_03_22_44_13_886.jpg;3.179164;1;0;5.013968;109.2671;159.3474;1.405532;107.3557;-0.00193969
C:\Mark's Python files\ME5920\IMG\robocam_2025_04_03_22_44_13_956.jpg;6.306093;1;0;5.007173;109.1451;159.7287;1.362386;107.9879;0.04305983
C:\Mark's Python files\ME5920\IMG\robocam_2025_04_03_22_44_14_025.jpg;9.461187;1;0;4.993573;109.0487;160.013;1.330888;108.8734;0.1566627
C:\Mark's Python files\ME5920\IMG\robocam_2025_04_03_22_44_14_097.jpg;6.320413;1;0;5.008086;108.9166;160.3876;1.140602;110.1922;0.2639687
C:\Mark's Python files\ME5920\IMG\robocam_2025_04_03_22_44_14_166.jpg;3.156634;1;0;5.015161;108.8127;160.6674;1.016133;110.9737;0.4001337
C:\Mark's Python files\ME5920\IMG\robocam_2025_04_03_22_44_14_238.jpg;0;1;0;5.012887;108.6727;161.0392;0.8036479;111.5148;0.5010461
C:\Mark's Python files\ME5920\IMG\robocam_2025_04_03_22_44_14_307.jpg;0;1;0;5.011645;108.5654;161.3179;0.6857439;111.627;0.5828673
C:\Mark's Python files\ME5920\IMG\robocam_2025_04_03_22_44_14_378.jpg;0;1;0;5.012233;108.421;161.6899;0.5771289;111.6469;0.6503523
C:\Mark's Python files\ME5920\IMG\robocam_2025_04_03_22_44_14_449.jpg;0;1;0;5.007897;108.2752;162.0629;0.5461317;111.6384;0.6787941
C:\Mark's Python files\ME5920\IMG\robocam_2025_04_03_22_44_14_519.jpg;0;1;0;5.016147;108.1651;162.3434;0.5724491;111.635;0.6735166
C:\Mark's Python files\ME5920\IMG\robocam_2025_04_03_22_44_14_589.jpg;0;1;0;5.014105;108.0187;162.7174;0.6342376;111.562;0.6138421
C:\Mark's Python files\ME5920\IMG\robocam_2025_04_03_22_44_14_661.jpg;0;1;0;5.016703;107.9085;162.9989;0.7217121;111.5323;0.5427843
C:\Mark's Python files\ME5920\IMG\robocam_2025_04_03_22_44_14_732.jpg;0;1;0;4.993949;107.7616;163.3751;0.8813458;111.4881;0.4209189
C:\Mark's Python files\ME5920\IMG\robocam_2025_04_03_22_44_14_804.jpg;0;1;0;5.022498;107.6516;163.6573;1.021953;111.445;0.3149749
C:\Mark's Python files\ME5920\IMG\robocam_2025_04_03_22_44_14_875.jpg;0;1;0;5.015521;107.505;164.0348;1.231989;111.3951;0.1522834
C:\Mark's Python files\ME5920\IMG\robocam_2025_04_03_22_44_14_947.jpg;0;1;0;5.016953;107.3955;164.3178;1.390003;111.3388;0.02117237
C:\Mark's Python files\ME5920\IMG\robocam_2025_04_03_22_44_15_017.jpg;0;1;0;5.019403;107.2479;164.6934;1.535038;111.3401;359.9914
C:\Mark's Python files\ME5920\IMG\robocam_2025_04_03_22_44_15_088.jpg;0;1;0;5.065238;107.1394;164.9702;1.385342;111.3014;-0.001136465
C:\Mark's Python files\ME5920\IMG\robocam_2025_04_03_22_44_15_159.jpg;0;1;0;5.001022;106.9953;165.3422;1.292171;111.2723;-0.001851185
C:\Mark's Python files\ME5920\IMG\robocam_2025_04_03_22_44_15_232.jpg;0;1;0;5.013271;106.8512;165.7158;1.247965;111.2367;-0.00125305
C:\Mark's Python files\ME5920\IMG\robocam_2025_04_03_22_44_15_302.jpg;0;1;0;5.018923;106.7433;165.9963;1.23996;111.2268;-0.001717434
C:\Mark's Python files\ME5920\IMG\robocam_2025_04_03_22_44_15_374.jpg;0;1;0;4.986373;106.5994;166.371;1.261255;111.2209;-0.001116766
C:\Mark's Python files\ME5920\IMG\robocam_2025_04_03_22_44_15_413.jpg;-1.524307;1;0;5.016868;106.5274;166.5586;1.28547;111.1993;-0.001197132
C:\Mark's Python files\ME5920\IMG\robocam_2025_04_03_22_44_15_485.jpg;-3.311464;1;0;5.022262;106.4204;166.8403;1.3252;111.0084;-0.00102611
C:\Mark's Python files\ME5920\IMG\robocam_2025_04_03_22_44_15_555.jpg;-3.324186;1;0;5.014353;106.2803;167.2177;1.3969;110.3932;-0.0008729761
C:\Mark's Python files\ME5920\IMG\robocam_2025_04_03_22_44_15_626.jpg;-0.2016176;1;0;5.022777;106.1762;167.5008;1.451144;110.0703;-0.002885453
C:\Mark's Python files\ME5920\IMG\robocam_2025_04_03_22_44_15_667.jpg;0;1;0;5.014405;106.1068;167.6899;1.492156;109.9684;-0.003875285
C:\Mark's Python files\ME5920\IMG\robocam_2025_04_03_22_44_15_736.jpg;0;1;0;5.016925;105.9692;168.067;1.490725;109.8827;-0.003221471
C:\Mark's Python files\ME5920\IMG\robocam_2025_04_03_22_44_15_807.jpg;0;1;0;5.011215;105.8676;168.3485;1.430056;109.852;-0.003052791
C:\Mark's Python files\ME5920\IMG\robocam_2025_04_03_22_44_15_877.jpg;0;0.7923676;0;5.010641;105.7323;168.7252;1.384311;109.8257;-0.002540691
C:\Mark's Python files\ME5920\IMG\robocam_2025_04_03_22_44_15_947.jpg;0;0.5811664;0;5.001408;105.6313;169.0077;1.347741;109.7948;-0.001878662
C:\Mark's Python files\ME5920\IMG\robocam_2025_04_03_22_44_16_018.jpg;0;0.3683962;0;5.000784;105.4974;169.3829;1.25277;109.7875;-0.001559857
C:\Mark's Python files\ME5920\IMG\robocam_2025_04_03_22_44_16_089.jpg;0;0.1569232;0;4.998487;105.3642;169.7572;1.099675;109.7545;-0.001098168
C:\Mark's Python files\ME5920\IMG\robocam_2025_04_03_22_44_16_160.jpg;0;0;0;4.989676;105.265;170.0364;0.9345002;109.7296;-0.0008079239
C:\Mark's Python files\ME5920\IMG\robocam_2025_04_03_22_44_16_234.jpg;0;0;0;4.968629;105.1337;170.4062;0.6533926;109.6982;-0.0003755447
C:\Mark's Python files\ME5920\IMG\robocam_2025_04_03_22_44_16_305.jpg;0;0;0;4.947273;105.0358;170.682;0.4129359;109.6777;0.0003478084
C:\Mark's Python files\ME5920\IMG\robocam_2025_04_03_22_44_16_376.jpg;-1.623866;0;0;4.93137;104.9062;171.0482;0.07465808;109.6023;0.0003438676
C:\Mark's Python files\ME5920\IMG\robocam_2025_04_03_22_44_16_447.jpg;-4.800388;0;0;4.909555;104.8105;171.3226;359.8513;109.3245;359.9897
C:\Mark's Python files\ME5920\IMG\robocam_2025_04_03_22_44_16_519.jpg;-4.874441;0;0;4.891302;104.6866;171.6895;359.629;108.5646;359.9478
C:\Mark's Python files\ME5920\IMG\robocam_2025_04_03_22_44_16_588.jpg;-1.728018;0;0;4.867801;104.596;171.9647;359.4956;108.0636;359.9006
C:\Mark's Python files\ME5920\IMG\robocam_2025_04_03_22_44_16_658.jpg;0;0;0;4.850806;104.4764;172.331;359.3573;107.7919;359.8632
C:\Mark's Python files\ME5920\IMG\robocam_2025_04_03_22_44_16_731.jpg;0;0;0;4.827592;104.3585;172.6964;359.2391;107.7243;359.8243
C:\Mark's Python files\ME5920\IMG\robocam_2025_04_03_22_44_16_799.jpg;0;0;0;4.810194;104.2698;172.97;359.2039;107.7328;359.8513
C:\Mark's Python files\ME5920\IMG\robocam_2025_04_03_22_44_16_873.jpg;-1.73331;0;0;4.787751;104.1538;173.3337;359.1443;107.6605;359.8467
C:\Mark's Python files\ME5920\IMG\robocam_2025_04_03_22_44_16_942.jpg;-5.011015;0;0;4.764246;104.0687;173.6065;359.1379;107.3302;359.8335
C:\Mark's Python files\ME5920\IMG\robocam_2025_04_03_22_44_17_015.jpg;-8.210591;0;0;4.746234;103.9618;173.9709;359.1594;106.3462;359.706
C:\Mark's Python files\ME5920\IMG\robocam_2025_04_03_22_44_17_087.jpg;-11.45329;0;0;4.72034;103.8867;174.2455;359.2534;105.2447;359.5765
C:\Mark's Python files\ME5920\IMG\robocam_2025_04_03_22_44_17_157.jpg;-8.254439;0;0;4.698302;103.7945;174.6135;359.4795;103.6404;359.3616
C:\Mark's Python files\ME5920\IMG\robocam_2025_04_03_22_44_17_227.jpg;-5.079077;0;0;4.672795;103.7303;174.8904;359.713;102.6412;359.2104
C:\Mark's Python files\ME5920\IMG\robocam_2025_04_03_22_44_17_298.jpg;-1.887547;0;0;4.655275;103.6503;175.2584;359.9826;101.7798;358.9829
C:\Mark's Python files\ME5920\IMG\robocam_2025_04_03_22_44_17_369.jpg;0;0;0;4.635189;103.5721;175.6219;0.05697132;101.4594;358.8856
C:\Mark's Python files\ME5920\IMG\robocam_2025_04_03_22_44_17_443.jpg;0;0;0.1067424;4.621301;103.5144;175.8908;359.9624;101.3807;358.9486
C:\Mark's Python files\ME5920\IMG\robocam_2025_04_03_22_44_17_515.jpg;0;0;0.3296262;4.56403;103.4406;176.2437;359.7646;101.373;359.089
C:\Mark's Python files\ME5920\IMG\robocam_2025_04_03_22_44_17_587.jpg;0;0;0.5470777;4.448494;103.3869;176.5011;359.5323;101.3664;359.2721
C:\Mark's Python files\ME5920\IMG\robocam_2025_04_03_22_44_17_661.jpg;0;0;0.7647505;4.328087;103.3174;176.8296;359.0843;101.3859;359.687
C:\Mark's Python files\ME5920\IMG\robocam_2025_04_03_22_44_17_734.jpg;0;0;0.9811417;4.08194;103.2535;177.1383;358.4909;101.5712;0.1470724
C:\Mark's Python files\ME5920\IMG\robocam_2025_04_03_22_44_17_806.jpg;0;0;1;3.928564;103.2105;177.3655;358.2466;101.5254;0.2334336
C:\Mark's Python files\ME5920\IMG\robocam_2025_04_03_22_44_17_877.jpg;0;0;1;3.807679;103.1576;177.6628;358.1949;101.03;0.05152398
C:\Mark's Python files\ME5920\IMG\robocam_2025_04_03_22_44_17_947.jpg;0;0;1;3.64074;103.1166;177.8812;358.3955;100.5889;0.003286769
C:\Mark's Python files\ME5920\IMG\robocam_2025_04_03_22_44_18_019.jpg;0;0;1;3.521802;103.0646;178.1643;358.8807;100.3453;359.9803
C:\Mark's Python files\ME5920\IMG\robocam_2025_04_03_22_44_18_091.jpg;0;0;1;3.220129;103.019;178.4118;358.7555;100.3639;0.01520703
C:\Mark's Python files\ME5920\IMG\robocam_2025_04_03_22_44_18_131.jpg;0;0;1;3.012055;102.9986;178.5266;358.5728;100.3338;359.9827
C:\Mark's Python files\ME5920\IMG\robocam_2025_04_03_22_44_18_198.jpg;0;0;1;2.882051;102.9688;178.6905;358.3492;100.3013;359.9779
C:\Mark's Python files\ME5920\IMG\robocam_2025_04_03_22_44_18_269.jpg;0;0;1;2.724356;102.9295;178.9021;358.268;100.2968;0.02627045
C:\Mark's Python files\ME5920\IMG\robocam_2025_04_03_22_44_18_339.jpg;0;0;1;2.605636;102.9022;179.0573;358.4686;100.3103;359.9908
C:\Mark's Python files\ME5920\IMG\robocam_2025_04_03_22_44_18_413.jpg;0;0;1;2.430238;102.8674;179.2504;358.7807;100.4337;-0.004445218
C:\Mark's Python files\ME5920\IMG\robocam_2025_04_03_22_44_18_483.jpg;0;0;1;2.130782;102.8444;179.3767;358.7498;100.4651;0.001376824
C:\Mark's Python files\ME5920\IMG\robocam_2025_04_03_22_44_18_555.jpg;0;0;1;1.964772;102.8171;179.5273;358.6142;100.4257;-0.003174191
C:\Mark's Python files\ME5920\IMG\robocam_2025_04_03_22_44_18_624.jpg;0;0;1;1.810879;102.7977;179.6346;358.6936;100.4053;-0.00450947
C:\Mark's Python files\ME5920\IMG\robocam_2025_04_03_22_44_18_694.jpg;0;0;1;1.602575;102.7753;179.7586;358.6413;100.3954;-0.004626459
C:\Mark's Python files\ME5920\IMG\robocam_2025_04_03_22_44_18_764.jpg;0;0;1;1.403378;102.7603;179.8417;358.6251;100.3942;-0.001147349
C:\Mark's Python files\ME5920\IMG\robocam_2025_04_03_22_44_18_835.jpg;0;0;1;1.273223;102.7428;179.9384;358.6291;100.4252;0.00310593
C:\Mark's Python files\ME5920\IMG\robocam_2025_04_03_22_44_18_905.jpg;0;0;1;1.050496;102.732;179.9991;358.6068;100.4535;-0.004608418
C:\Mark's Python files\ME5920\IMG\robocam_2025_04_03_22_44_18_976.jpg;0;0;1;0.8822055;102.72;180.0664;358.592;100.4854;-0.00407022
C:\Mark's Python files\ME5920\IMG\robocam_2025_04_03_22_44_19_050.jpg;0;0;1;0.6499497;102.7122;180.1143;358.5324;100.2398;359.9898
C:\Mark's Python files\ME5920\IMG\robocam_2025_04_03_22_44_19_122.jpg;0;0;1;0.4511667;102.7094;180.1353;358.4526;100.1259;0.003179625
C:\Mark's Python files\ME5920\IMG\robocam_2025_04_03_22_44_19_191.jpg;-3.208536;0;1;0.2085616;102.7073;180.1459;358.4296;100.3296;359.979
C:\Mark's Python files\ME5920\IMG\robocam_2025_04_03_22_44_19_262.jpg;-0.1043279;0;1;-0.01414026;102.7071;180.146;358.552;100.3578;359.9746
C:\Mark's Python files\ME5920\IMG\robocam_2025_04_03_22_44_19_330.jpg;0;0;1;-0.1134622;102.7071;180.1459;359.0396;100.3593;0.02900023
C:\Mark's Python files\ME5920\IMG\robocam_2025_04_03_22_44_19_403.jpg;0;0;1;-0.1144584;102.7072;180.1457;359.4184;100.3594;0.0512063
C:\Mark's Python files\ME5920\IMG\robocam_2025_04_03_22_44_19_472.jpg;0;0;1;-0.1080976;102.7072;180.1455;359.8969;100.359;0.07594674
C:\Mark's Python files\ME5920\IMG\robocam_2025_04_03_22_44_19_542.jpg;0;0;1;-0.09878549;102.7073;180.1454;0.2286813;100.3585;0.09072409
C:\Mark's Python files\ME5920\IMG\robocam_2025_04_03_22_44_19_612.jpg;0;0;1;-0.09019366;102.7073;180.1453;0.6262076;100.3577;0.1053694
C:\Mark's Python files\ME5920\IMG\robocam_2025_04_03_22_44_19_685.jpg;0;0;0;-0.06966985;102.7073;180.1452;0.8570412;100.3569;0.08248875
C:\Mark's Python files\ME5920\IMG\robocam_2025_04_03_22_44_19_754.jpg;0;0;0;-0.05613213;102.7073;180.1451;1.095268;100.3571;0.03250531
C:\Mark's Python files\ME5920\IMG\robocam_2025_04_03_22_44_19_826.jpg;0;0;0;-0.03606129;102.7071;180.1451;1.207024;100.3579;-0.004789058
C:\Mark's Python files\ME5920\IMG\robocam_2025_04_03_22_44_19_896.jpg;0;0;0;0;102.7069;180.145;1.210131;100.3578;-0.00129457
C:\Mark's Python files\ME5920\IMG\robocam_2025_04_03_22_44_19_966.jpg;0;0;0;0.01582223;102.707;180.1451;1.144763;100.3576;-0.0007534588
C:\Mark's Python files\ME5920\IMG\robocam_2025_04_03_22_44_20_037.jpg;-1.69155;0;0;0.02486262;102.7072;180.1451;1.027864;100.147;0.005671317
C:\Mark's Python files\ME5920\IMG\robocam_2025_04_03_22_44_20_106.jpg;-4.857647;0;0;0.03088375;102.7072;180.1451;0.9234505;99.46179;0.0189624
C:\Mark's Python files\ME5920\IMG\robocam_2025_04_03_22_44_20_177.jpg;-8.016391;0;0;0.0339259;102.7072;180.1452;0.7682361;97.73465;0.04045602
C:\Mark's Python files\ME5920\IMG\robocam_2025_04_03_22_44_20_246.jpg;-11.16605;0;0;0.03663662;102.7072;180.1452;0.6436245;95.91504;0.05354732
C:\Mark's Python files\ME5920\IMG\robocam_2025_04_03_22_44_20_316.jpg;-14.3137;0;0;0.03770433;102.7072;180.1453;0.4722865;92.67618;0.06202445
C:\Mark's Python files\ME5920\IMG\robocam_2025_04_03_22_44_20_386.jpg;-15;0;0;0.03783179;102.7072;180.1453;0.3444736;89.97636;0.0558811
C:\Mark's Python files\ME5920\IMG\robocam_2025_04_03_22_44_20_457.jpg;-15;0;0;0.03710485;102.7072;180.1454;0.1816005;86.37658;0.02974575
C:\Mark's Python files\ME5920\IMG\robocam_2025_04_03_22_44_20_526.jpg;-15;0;0;0.03509412;102.7072;180.1454;0.06857648;83.67667;-0.0008095209
C:\Mark's Python files\ME5920\IMG\robocam_2025_04_03_22_44_20_595.jpg;-15;0;0;0.03289786;102.7071;180.1455;359.934;80.07666;359.948
C:\Mark's Python files\ME5920\IMG\robocam_2025_04_03_22_44_20_667.jpg;-15;0;0;0.02921445;102.7071;180.1455;359.8471;77.37655;359.9047
C:\Mark's Python files\ME5920\IMG\robocam_2025_04_03_22_44_20_737.jpg;-15;0;0;0.0260043;102.7071;180.1456;359.7515;73.77628;359.8448
C:\Mark's Python files\ME5920\IMG\robocam_2025_04_03_22_44_20_806.jpg;-15;0;0;0.02131264;102.7071;180.1456;359.6954;71.07605;359.8009
C:\Mark's Python files\ME5920\IMG\robocam_2025_04_03_22_44_20_875.jpg;-15;0;0;0.01587798;102.7071;180.1457;359.6477;67.47588;359.7554
C:\Mark's Python files\ME5920\IMG\robocam_2025_04_03_22_44_20_944.jpg;-15;0;0;0;102.7071;180.1457;359.631;64.77581;359.7338
C:\Mark's Python files\ME5920\IMG\robocam_2025_04_03_22_44_21_014.jpg;-15;0;0;0;102.7071;180.1457;359.6268;61.1759;359.7183
C:\Mark's Python files\ME5920\IMG\robocam_2025_04_03_22_44_21_054.jpg;-15;0;0;0;102.7071;180.1457;359.6307;59.37597;359.7159
C:\Mark's Python files\ME5920\IMG\robocam_2025_04_03_22_44_21_122.jpg;-15;0;0;0;102.7072;180.1457;359.6421;56.67612;359.718
C:\Mark's Python files\ME5920\IMG\robocam_2025_04_03_22_44_21_193.jpg;-15;0;0;0;102.7072;180.1457;359.6646;53.07634;359.7302
C:\Mark's Python files\ME5920\IMG\robocam_2025_04_03_22_44_21_263.jpg;-15;0;0;0;102.7072;180.1457;359.6854;50.37653;359.7461
C:\Mark's Python files\ME5920\IMG\robocam_2025_04_03_22_44_21_334.jpg;-15;0;0;-0.01108935;102.7072;180.1457;359.7164;46.77682;359.7753
C:\Mark's Python files\ME5920\IMG\robocam_2025_04_03_22_44_21_404.jpg;-15;0;0;-0.01260883;102.7072;180.1457;359.7408;44.07703;359.8023
C:\Mark's Python files\ME5920\IMG\robocam_2025_04_03_22_44_21_472.jpg;-15;0;0;-0.01339813;102.7072;180.1456;359.7733;40.47732;359.8435
C:\Mark's Python files\ME5920\IMG\robocam_2025_04_03_22_44_21_542.jpg;-15;0;0;-0.01398248;102.7072;180.1456;359.7968;37.7775;359.8772
C:\Mark's Python files\ME5920\IMG\robocam_2025_04_03_22_44_21_612.jpg;-15;0;0;-0.01408526;102.7072;180.1456;359.826;34.17768;359.9241
C:\Mark's Python files\ME5920\IMG\robocam_2025_04_03_22_44_21_681.jpg;-15;0;0;-0.01381429;102.7072;180.1456;359.8459;31.4778;359.9595
C:\Mark's Python files\ME5920\IMG\robocam_2025_04_03_22_44_21_753.jpg;-15;0;0;-0.01334029;102.7072;180.1456;359.8691;27.87792;0.005591891
C:\Mark's Python files\ME5920\IMG\robocam_2025_04_03_22_44_21_824.jpg;-15;0;0;-0.01240873;102.7072;180.1455;359.8842;25.17802;0.03827319
C:\Mark's Python files\ME5920\IMG\robocam_2025_04_03_22_44_21_895.jpg;-15;0;0;-0.01153166;102.7072;180.1455;359.9012;21.57804;0.07814176
C:\Mark's Python files\ME5920\IMG\robocam_2025_04_03_22_44_21_966.jpg;-15;0;0;-0.01019771;102.7072;180.1455;359.9119;18.87804;0.1046012
C:\Mark's Python files\ME5920\IMG\robocam_2025_04_03_22_44_22_037.jpg;-15;0;0;0;102.7072;180.1455;359.9237;15.27805;0.134578
C:\Mark's Python files\ME5920\IMG\robocam_2025_04_03_22_44_22_107.jpg;-15;0;0;0;102.7072;180.1454;359.9312;12.57804;0.1527764
C:\Mark's Python files\ME5920\IMG\robocam_2025_04_03_22_44_22_177.jpg;-15;0;0;0;102.7072;180.1454;359.9399;8.978058;0.1711279
C:\Mark's Python files\ME5920\IMG\robocam_2025_04_03_22_44_22_248.jpg;-15;0;0;0;102.7072;180.1454;359.9458;6.278046;0.1804799
C:\Mark's Python files\ME5920\IMG\robocam_2025_04_03_22_44_22_319.jpg;-15;0;0;0;102.7072;180.1454;359.9533;2.677994;0.1873071
C:\Mark's Python files\ME5920\IMG\robocam_2025_04_03_22_44_22_387.jpg;-15;0;0;0;102.7072;180.1454;359.9591;359.9779;0.1884776
C:\Mark's Python files\ME5920\IMG\robocam_2025_04_03_22_44_22_457.jpg;-15;0;0;0;102.7072;180.1454;359.9672;356.3779;0.1853246
C:\Mark's Python files\ME5920\IMG\robocam_2025_04_03_22_44_22_525.jpg;-15;0;0;0;102.7072;180.1455;359.9738;353.6779;0.1798683
C:\Mark's Python files\ME5920\IMG\robocam_2025_04_03_22_44_22_595.jpg;-15;0;0;0;102.7072;180.1455;359.9835;350.0779;0.1691843
C:\Mark's Python files\ME5920\IMG\robocam_2025_04_03_22_44_22_666.jpg;-15;0;0;0;102.7071;180.1455;359.9914;347.3778;0.1591206
C:\Mark's Python files\ME5920\IMG\robocam_2025_04_03_22_44_22_738.jpg;-15;0;0;0;102.7071;180.1455;0.002763965;343.7777;0.1436996
C:\Mark's Python files\ME5920\IMG\robocam_2025_04_03_22_44_22_807.jpg;-15;0;0;0;102.7071;180.1455;0.01177085;341.0777;0.1311112
C:\Mark's Python files\ME5920\IMG\robocam_2025_04_03_22_44_22_876.jpg;-15;0;0;0;102.7071;180.1455;0.02421265;337.4777;0.1136065
C:\Mark's Python files\ME5920\IMG\robocam_2025_04_03_22_44_22_947.jpg;-15;0;0;0;102.7071;180.1455;0.03367492;334.7777;0.1003298
C:\Mark's Python files\ME5920\IMG\robocam_2025_04_03_22_44_23_019.jpg;-15;0;0;0;102.7071;180.1455;0.04614413;331.1776;0.08291367
C:\Mark's Python files\ME5920\IMG\robocam_2025_04_03_22_44_23_091.jpg;-15;0;0;0;102.7071;180.1455;0.0580596;327.5776;0.06627297
C:\Mark's Python files\ME5920\IMG\robocam_2025_04_03_22_44_23_159.jpg;-15;0;0;0;102.7071;180.1455;0.06638086;324.8776;0.05452352
C:\Mark's Python files\ME5920\IMG\robocam_2025_04_03_22_44_23_232.jpg;-15;0;0;0;102.7071;180.1455;0.07634648;321.2776;0.04003262
C:\Mark's Python files\ME5920\IMG\robocam_2025_04_03_22_44_23_304.jpg;-15;0;0;0;102.7071;180.1455;0.08278501;318.5776;0.03012754
C:\Mark's Python files\ME5920\IMG\robocam_2025_04_03_22_44_23_373.jpg;-15;0;0;0;102.7071;180.1455;0.08976249;314.9776;0.01825398
C:\Mark's Python files\ME5920\IMG\robocam_2025_04_03_22_44_23_443.jpg;-15;0;0;0;102.7071;180.1456;0.09367493;312.2776;0.01033909
C:\Mark's Python files\ME5920\IMG\robocam_2025_04_03_22_44_23_515.jpg;-15;0;0;0;102.7071;180.1456;0.09701749;308.6776;0.001043676
C:\Mark's Python files\ME5920\IMG\robocam_2025_04_03_22_44_23_587.jpg;-15;0;0;0;102.7071;180.1456;0.09808782;305.9776;-0.005049163
C:\Mark's Python files\ME5920\IMG\robocam_2025_04_03_22_44_23_659.jpg;-15;0;0;0;102.7071;180.1456;0.09761105;302.3776;359.9879
C:\Mark's Python files\ME5920\IMG\robocam_2025_04_03_22_44_23_731.jpg;-15;0;0;0;102.7071;180.1456;0.09504681;298.7775;359.9818
C:\Mark's Python files\ME5920\IMG\robocam_2025_04_03_22_44_23_801.jpg;-15;0;0;0;102.7071;180.1456;0.09184909;296.0775;359.9779
C:\Mark's Python files\ME5920\IMG\robocam_2025_04_03_22_44_23_873.jpg;-15;0;0;0;102.7071;180.1456;0.08606175;292.4775;359.9734
C:\Mark's Python files\ME5920\IMG\robocam_2025_04_03_22_44_23_943.jpg;-15;0;0;0;102.7072;180.1456;0.08072075;289.7775;359.9704
C:\Mark's Python files\ME5920\IMG\robocam_2025_04_03_22_44_24_013.jpg;-11.87864;0;0;0;102.7072;180.1456;0.07218003;286.7389;359.9662
C:\Mark's Python files\ME5920\IMG\robocam_2025_04_03_22_44_24_085.jpg;-8.645319;0;0;0;102.7072;180.1456;0.06476112;284.9875;359.9629
C:\Mark's Python files\ME5920\IMG\robocam_2025_04_03_22_44_24_124.jpg;-5.520839;0;0;0;102.7072;180.1456;0.0593344;284.1437;359.9608
C:\Mark's Python files\ME5920\IMG\robocam_2025_04_03_22_44_24_192.jpg;-3.807873;0;0;0;102.7072;180.1456;0.04758994;283.0426;359.957
C:\Mark's Python files\ME5920\IMG\robocam_2025_04_03_22_44_24_261.jpg;-0.6457456;0;0;0;102.7072;180.1456;0.03808425;282.8216;359.9548
C:\Mark's Python files\ME5920\IMG\robocam_2025_04_03_22_44_24_333.jpg;0;0;0;0;102.7072;180.1456;0.02518391;282.8216;359.9534
C:\Mark's Python files\ME5920\IMG\robocam_2025_04_03_22_44_24_406.jpg;0;0;0;0;102.7072;180.1455;0.01574442;282.8216;359.9536
C:\Mark's Python files\ME5920\IMG\robocam_2025_04_03_22_44_24_479.jpg;0;0;0;0;102.7072;180.1455;0.003787661;282.8216;359.9553
C:\Mark's Python files\ME5920\IMG\robocam_2025_04_03_22_44_24_553.jpg;0;0;0;0;102.7072;180.1455;359.9929;282.8216;359.9583
C:\Mark's Python files\ME5920\IMG\robocam_2025_04_03_22_44_24_623.jpg;0;0;0;0;102.7072;180.1455;359.9855;282.8216;359.9614
C:\Mark's Python files\ME5920\IMG\robocam_2025_04_03_22_44_24_695.jpg;0;0.2147178;0;0;102.7072;180.1454;359.9805;282.9663;359.9664
C:\Mark's Python files\ME5920\IMG\robocam_2025_04_03_22_44_24_767.jpg;0;0.4277577;0;0.02097296;102.7077;180.1431;0.02683705;282.9034;359.9706
C:\Mark's Python files\ME5920\IMG\robocam_2025_04_03_22_44_24_837.jpg;0;0.638853;0;0.04646926;102.7092;180.1366;0.1571267;282.8631;359.9765
C:\Mark's Python files\ME5920\IMG\robocam_2025_04_03_22_44_24_906.jpg;0;0.8501955;0;0.1034175;102.7112;180.1282;0.3228861;282.8277;359.9813
C:\Mark's Python files\ME5920\IMG\robocam_2025_04_03_22_44_24_978.jpg;0;1;0;0.1405881;102.7151;180.1116;0.6113029;282.7783;0.004898938
C:\Mark's Python files\ME5920\IMG\robocam_2025_04_03_22_44_25_052.jpg;0;1;0;0.2042516;102.7199;180.0893;0.9387956;282.696;-0.0002717099
C:\Mark's Python files\ME5920\IMG\robocam_2025_04_03_22_44_25_123.jpg;0;1;0;0.2801247;102.7244;180.0694;1.18766;282.6862;-0.001245803
C:\Mark's Python files\ME5920\IMG\robocam_2025_04_03_22_44_25_194.jpg;0;1;0;0.3150381;102.7308;180.0407;1.327718;282.76;-0.002765982
C:\Mark's Python files\ME5920\IMG\robocam_2025_04_03_22_44_25_266.jpg;0;1;0;0.4144545;102.7355;180.0194;1.1731;282.6832;-0.0001884567
C:\Mark's Python files\ME5920\IMG\robocam_2025_04_03_22_44_25_337.jpg;0;1;0;0.4615788;102.743;179.9855;1.055439;282.6448;-0.0001974686
C:\Mark's Python files\ME5920\IMG\robocam_2025_04_03_22_44_25_408.jpg;0;1;0;0.5203127;102.7498;179.9548;1.05899;282.5518;0.0008599502
C:\Mark's Python files\ME5920\IMG\robocam_2025_04_03_22_44_25_479.jpg;0;1;0;0.564271;102.7597;179.9091;1.121619;282.3273;6.432549E-05
C:\Mark's Python files\ME5920\IMG\robocam_2025_04_03_22_44_25_518.jpg;0;1;0;0.6138244;102.7652;179.8839;1.181634;282.2895;0.0002106334
C:\Mark's Python files\ME5920\IMG\robocam_2025_04_03_22_44_25_588.jpg;0;1;0;0.6582078;102.7737;179.8447;1.239664;282.3121;-0.0007588355
C:\Mark's Python files\ME5920\IMG\robocam_2025_04_03_22_44_25_659.jpg;0;1;0;0.7100177;102.7857;179.789;1.235389;282.3843;-0.001280358
C:\Mark's Python files\ME5920\IMG\robocam_2025_04_03_22_44_25_731.jpg;0;1;0;0.7791215;102.799;179.7274;1.220543;282.3964;-0.001205388
C:\Mark's Python files\ME5920\IMG\robocam_2025_04_03_22_44_25_804.jpg;0;1;0;0.8459573;102.8096;179.6783;1.196771;282.3643;0.0001540731
C:\Mark's Python files\ME5920\IMG\robocam_2025_04_03_22_44_25_845.jpg;0;1;0;0.8895724;102.817;179.6435;1.20135;282.3416;-0.0002620327
C:\Mark's Python files\ME5920\IMG\robocam_2025_04_03_22_44_25_914.jpg;0;1;0;0.9255206;102.8329;179.57;1.22366;282.3894;-0.0007161192
C:\Mark's Python files\ME5920\IMG\robocam_2025_04_03_22_44_25_987.jpg;0;1;0;0.9944798;102.8455;179.5114;1.237869;282.3975;-0.001076846
C:\Mark's Python files\ME5920\IMG\robocam_2025_04_03_22_44_26_056.jpg;0;1;0;1.04284;102.8632;179.4294;1.229794;282.3867;-0.001030209
C:\Mark's Python files\ME5920\IMG\robocam_2025_04_03_22_44_26_096.jpg;0;1;0;1.102205;102.8724;179.3866;1.217767;282.4046;-0.001487756
C:\Mark's Python files\ME5920\IMG\robocam_2025_04_03_22_44_26_168.jpg;0;1;0;1.128793;102.8868;179.32;1.223516;282.3506;-0.0005804849
C:\Mark's Python files\ME5920\IMG\robocam_2025_04_03_22_44_26_238.jpg;0;1;0;1.181138;102.9068;179.227;1.225607;282.3035;-0.0008227057
C:\Mark's Python files\ME5920\IMG\robocam_2025_04_03_22_44_26_309.jpg;0;1;0;1.244069;102.9278;179.1289;1.230594;282.2476;-0.0006395972
C:\Mark's Python files\ME5920\IMG\robocam_2025_04_03_22_44_26_381.jpg;0;1;0;1.291205;102.9442;179.0521;1.236589;282.2227;-0.0008389879
C:\Mark's Python files\ME5920\IMG\robocam_2025_04_03_22_44_26_420.jpg;0;1;0;1.353177;102.9554;178.9994;1.23533;282.2179;-0.0009482159
C:\Mark's Python files\ME5920\IMG\robocam_2025_04_03_22_44_26_489.jpg;0;1;0;1.38582;102.9786;178.8901;1.243833;282.1866;-0.0008794873
C:\Mark's Python files\ME5920\IMG\robocam_2025_04_03_22_44_26_563.jpg;0;1;0;1.432677;102.9967;178.8049;1.247835;282.1721;-0.0009212001
C:\Mark's Python files\ME5920\IMG\robocam_2025_04_03_22_44_26_636.jpg;0;1;0;1.496692;103.0216;178.6871;1.252745;282.1541;-0.0009031348
C:\Mark's Python files\ME5920\IMG\robocam_2025_04_03_22_44_26_707.jpg;0;1;0;1.558763;103.0409;178.5955;1.257277;282.1438;-0.0009430999
C:\Mark's Python files\ME5920\IMG\robocam_2025_04_03_22_44_26_780.jpg;0;1;0;1.605267;103.0676;178.4691;1.262577;282.129;-0.0009901642
C:\Mark's Python files\ME5920\IMG\robocam_2025_04_03_22_44_26_852.jpg;0;1;0;1.66688;103.0953;178.3379;1.267524;282.1146;-0.0009888052
C:\Mark's Python files\ME5920\IMG\robocam_2025_04_03_22_44_26_925.jpg;0;1;0;1.727377;103.1166;178.2363;1.273043;282.1027;-0.001006968
C:\Mark's Python files\ME5920\IMG\robocam_2025_04_03_22_44_26_997.jpg;0;1;0;1.773974;103.146;178.0967;1.275509;282.0882;-0.001013013
C:\Mark's Python files\ME5920\IMG\robocam_2025_04_03_22_44_27_069.jpg;0;1;0;1.834019;103.1763;177.9523;1.283553;282.073;-0.001040971
C:\Mark's Python files\ME5920\IMG\robocam_2025_04_03_22_44_27_140.jpg;0;1;0;1.8794;103.1997;177.841;1.285671;282.0635;-0.001076132
C:\Mark's Python files\ME5920\IMG\robocam_2025_04_03_22_44_27_181.jpg;0;1;0;1.940416;103.2155;177.7652;1.289345;282.0546;-0.001052115
C:\Mark's Python files\ME5920\IMG\robocam_2025_04_03_22_44_27_251.jpg;0;1;0;1.969734;103.248;177.6102;1.294063;282.0411;-0.001109775
C:\Mark's Python files\ME5920\IMG\robocam_2025_04_03_22_44_27_320.jpg;0;1;0;2.030351;103.2729;177.4908;1.299031;282.0282;-0.001123428
C:\Mark's Python files\ME5920\IMG\robocam_2025_04_03_22_44_27_391.jpg;0;1;0;2.074285;103.307;177.3275;1.306256;282.0137;-0.001139484
C:\Mark's Python files\ME5920\IMG\robocam_2025_04_03_22_44_27_464.jpg;0;1;0;2.134476;103.3332;177.2021;1.306747;282.0025;-0.001183798
C:\Mark's Python files\ME5920\IMG\robocam_2025_04_03_22_44_27_536.jpg;0;1;0;2.178608;103.3689;177.0308;1.310487;281.9881;-0.001176688
C:\Mark's Python files\ME5920\IMG\robocam_2025_04_03_22_44_27_607.jpg;0;1;0;2.237517;103.3962;176.8992;1.315431;281.9762;-0.00121915
C:\Mark's Python files\ME5920\IMG\robocam_2025_04_03_22_44_27_677.jpg;0;1;0;2.280811;103.4335;176.7198;1.318317;281.9614;-0.001240274
C:\Mark's Python files\ME5920\IMG\robocam_2025_04_03_22_44_27_717.jpg;0;1;0;2.339801;103.4525;176.6283;1.321357;281.9536;-0.001236286
C:\Mark's Python files\ME5920\IMG\robocam_2025_04_03_22_44_27_786.jpg;0;1;0;2.368807;103.4814;176.489;1.324556;281.9438;-0.001275492
C:\Mark's Python files\ME5920\IMG\robocam_2025_04_03_22_44_27_857.jpg;0;1;0;2.412484;103.5207;176.2994;1.326083;281.9268;-0.001269248
C:\Mark's Python files\ME5920\IMG\robocam_2025_04_03_22_44_27_929.jpg;0;1;0;2.470083;103.5609;176.1051;1.333042;281.9115;-0.0012722
C:\Mark's Python files\ME5920\IMG\robocam_2025_04_03_22_44_28_000.jpg;0;1;0;2.513139;103.5916;175.9564;1.339845;281.9003;-0.001344741
C:\Mark's Python files\ME5920\IMG\robocam_2025_04_03_22_44_28_072.jpg;0;1;0;2.570658;103.6333;175.7544;1.336036;281.8845;-0.001310872
C:\Mark's Python files\ME5920\IMG\robocam_2025_04_03_22_44_28_143.jpg;0;1;0;2.627561;103.6651;175.5999;1.336248;281.8724;-0.001317331
C:\Mark's Python files\ME5920\IMG\robocam_2025_04_03_22_44_28_216.jpg;0;1;0;2.669778;103.7084;175.3897;1.351581;281.8551;-0.001360987
C:\Mark's Python files\ME5920\IMG\robocam_2025_04_03_22_44_28_287.jpg;0;1;0;2.726635;103.7413;175.2294;1.349717;281.8424;-0.001364629
C:\Mark's Python files\ME5920\IMG\robocam_2025_04_03_22_44_28_358.jpg;0;1;0;2.768855;103.786;175.0118;1.347754;281.8257;-0.001358036
C:\Mark's Python files\ME5920\IMG\robocam_2025_04_03_22_44_28_429.jpg;0;1;0;2.8246;103.8315;174.7896;1.358779;281.8077;-0.00138469
C:\Mark's Python files\ME5920\IMG\robocam_2025_04_03_22_44_28_502.jpg;0;1;0;2.88046;103.8662;174.6201;1.363199;281.7952;-0.001437241
C:\Mark's Python files\ME5920\IMG\robocam_2025_04_03_22_44_28_573.jpg;0;1;0;2.922208;103.9132;174.3903;1.363974;281.7792;-0.001448077
C:\Mark's Python files\ME5920\IMG\robocam_2025_04_03_22_44_28_644.jpg;0;1;0;2.977625;103.9489;174.2152;1.365598;281.7681;-0.000981438
C:\Mark's Python files\ME5920\IMG\robocam_2025_04_03_22_44_28_718.jpg;0;1;0;3.018721;103.9973;173.9778;1.370539;281.7482;-0.001466536
C:\Mark's Python files\ME5920\IMG\robocam_2025_04_03_22_44_28_790.jpg;0;1;0;3.073716;104.0465;173.7361;1.37598;281.7305;-0.001378455
C:\Mark's Python files\ME5920\IMG\robocam_2025_04_03_22_44_28_862.jpg;0;1;0;3.114509;104.0839;173.552;1.378717;281.716;-0.001477349
C:\Mark's Python files\ME5920\IMG\robocam_2025_04_03_22_44_28_934.jpg;0;1;0;3.169103;104.1345;173.3028;1.381942;281.698;-0.001395605
C:\Mark's Python files\ME5920\IMG\robocam_2025_04_03_22_44_28_973.jpg;0;1;0;3.223145;104.16;173.1766;1.382859;281.6878;-0.001513928
C:\Mark's Python files\ME5920\IMG\robocam_2025_04_03_22_44_29_041.jpg;0;1;0;3.250657;104.1988;172.9853;1.387042;281.6734;-0.001406377
C:\Mark's Python files\ME5920\IMG\robocam_2025_04_03_22_44_29_113.jpg;0;1;0;3.290442;104.2511;172.7265;1.39022;281.6545;-0.001068092
C:\Mark's Python files\ME5920\IMG\robocam_2025_04_03_22_44_29_184.jpg;0.1390725;1;0;3.343952;104.2908;172.5297;1.391766;281.6402;-0.001549896
C:\Mark's Python files\ME5920\IMG\robocam_2025_04_03_22_44_29_256.jpg;3.365703;1;0;3.384417;104.3461;172.264;1.392826;281.9193;-0.003251704
C:\Mark's Python files\ME5920\IMG\robocam_2025_04_03_22_44_29_328.jpg;6.587348;1;0;3.436019;104.3913;172.063;1.381006;282.5274;0.008651267
C:\Mark's Python files\ME5920\IMG\robocam_2025_04_03_22_44_29_402.jpg;3.299733;1;0;3.474872;104.4555;171.7924;1.346915;283.4519;0.03992818
C:\Mark's Python files\ME5920\IMG\robocam_2025_04_03_22_44_29_474.jpg;0.02195111;1;0;3.527927;104.5213;171.5179;1.317237;283.8776;0.03866362
C:\Mark's Python files\ME5920\IMG\robocam_2025_04_03_22_44_29_514.jpg;0;1;0;3.579999;104.5547;171.3788;1.320055;283.9238;0.03518676
C:\Mark's Python files\ME5920\IMG\robocam_2025_04_03_22_44_29_581.jpg;0;1;0;3.605608;104.6055;171.168;1.344153;283.9272;0.02444482
C:\Mark's Python files\ME5920\IMG\robocam_2025_04_03_22_44_29_622.jpg;0;1;0;3.643953;104.6398;171.026;1.37193;283.9121;0.01114246
C:\Mark's Python files\ME5920\IMG\robocam_2025_04_03_22_44_29_688.jpg;0;1;0;3.668869;104.7094;170.7391;1.426857;283.8828;-0.002094449
C:\Mark's Python files\ME5920\IMG\robocam_2025_04_03_22_44_29_760.jpg;3.112033;1;0;3.707409;104.7633;170.5222;1.436676;284.0676;-0.003414073
C:\Mark's Python files\ME5920\IMG\robocam_2025_04_03_22_44_29_799.jpg;6.255963;1;0;3.759244;104.8008;170.3768;1.433363;284.3899;-0.004793224
C:\Mark's Python files\ME5920\IMG\robocam_2025_04_03_22_44_29_868.jpg;8.005185;1;0;3.784227;104.8607;170.1581;1.408931;285.2007;0.01890523
C:\Mark's Python files\ME5920\IMG\robocam_2025_04_03_22_44_29_938.jpg;7.7815;1;0;3.819826;104.9483;169.8667;1.299012;286.8304;0.113344
C:\Mark's Python files\ME5920\IMG\robocam_2025_04_03_22_44_30_011.jpg;4.618558;1;0;3.871644;105.0422;169.5739;1.137961;288.1894;0.2251132
C:\Mark's Python files\ME5920\IMG\robocam_2025_04_03_22_44_30_082.jpg;1.344052;1;0;3.922584;105.1153;169.3523;1.021259;288.7656;0.3039722
C:\Mark's Python files\ME5920\IMG\robocam_2025_04_03_22_44_30_153.jpg;0;1;0;3.96083;105.215;169.0531;0.9038586;288.9894;0.3796284
C:\Mark's Python files\ME5920\IMG\robocam_2025_04_03_22_44_30_224.jpg;0;1;0;4.009428;105.2915;168.8259;0.8558936;289.0074;0.4181462
C:\Mark's Python files\ME5920\IMG\robocam_2025_04_03_22_44_30_296.jpg;0;1;0;4.046272;105.3951;168.5189;0.8387145;288.9849;0.4307747
C:\Mark's Python files\ME5920\IMG\robocam_2025_04_03_22_44_30_335.jpg;0;1;0;4.095762;105.4474;168.3637;0.8466983;288.9661;0.4180926
C:\Mark's Python files\ME5920\IMG\robocam_2025_04_03_22_44_30_403.jpg;0;1;0;4.119981;105.5268;168.1288;0.8872277;288.9384;0.3873707
C:\Mark's Python files\ME5920\IMG\robocam_2025_04_03_22_44_30_474.jpg;0;1;0;4.156238;105.6339;167.8117;0.9814455;288.8948;0.3181947
C:\Mark's Python files\ME5920\IMG\robocam_2025_04_03_22_44_30_548.jpg;0;1;0;4.204619;105.7149;167.571;1.07364;288.8619;0.2459787
C:\Mark's Python files\ME5920\IMG\robocam_2025_04_03_22_44_30_588.jpg;0;1;0;4.240624;105.7694;167.4093;1.145619;288.8383;0.1926895
C:\Mark's Python files\ME5920\IMG\robocam_2025_04_03_22_44_30_657.jpg;0;1;0;4.264581;105.8791;167.0826;1.308198;288.7869;0.07462221
C:\Mark's Python files\ME5920\IMG\robocam_2025_04_03_22_44_30_726.jpg;0;1;0;4.312691;105.9623;166.835;1.438492;288.756;-0.002277439
C:\Mark's Python files\ME5920\IMG\robocam_2025_04_03_22_44_30_797.jpg;0;1;0;4.348227;106.075;166.5038;1.507207;288.7469;-0.003369784
C:\Mark's Python files\ME5920\IMG\robocam_2025_04_03_22_44_30_870.jpg;0;1;0;4.401471;106.1876;166.1702;1.464782;288.7182;-0.001607594
C:\Mark's Python files\ME5920\IMG\robocam_2025_04_03_22_44_30_940.jpg;-1.586484;1;0;4.438162;106.2719;165.9172;1.435619;288.6294;-0.001047055
C:\Mark's Python files\ME5920\IMG\robocam_2025_04_03_22_44_31_011.jpg;-4.450392;1;0;4.485504;106.383;165.5755;1.420924;288.1385;-0.0002608814
C:\Mark's Python files\ME5920\IMG\robocam_2025_04_03_22_44_31_082.jpg;-1.244687;1;0;4.532566;106.4658;165.3162;1.425617;287.7429;-0.00146637
C:\Mark's Python files\ME5920\IMG\robocam_2025_04_03_22_44_31_154.jpg;0;1;0;4.567898;106.5771;164.967;1.450907;287.543;-0.003413948
C:\Mark's Python files\ME5920\IMG\robocam_2025_04_03_22_44_31_225.jpg;0;1;0;4.614862;106.6609;164.7024;1.480525;287.4996;-0.003868072
C:\Mark's Python files\ME5920\IMG\robocam_2025_04_03_22_44_31_297.jpg;0;1;0;4.649992;106.7732;164.3465;1.507753;287.4778;-0.003957677
C:\Mark's Python files\ME5920\IMG\robocam_2025_04_03_22_44_31_369.jpg;0;1;0;4.698798;106.8857;163.9876;1.476697;287.4504;-0.002135664
C:\Mark's Python files\ME5920\IMG\robocam_2025_04_03_22_44_31_441.jpg;0;1;0;4.733712;106.9703;163.7158;1.466234;287.4271;-0.001881039
C:\Mark's Python files\ME5920\IMG\robocam_2025_04_03_22_44_31_513.jpg;0;1;0;4.779924;107.0838;163.3497;1.47069;287.3916;-0.001486603
C:\Mark's Python files\ME5920\IMG\robocam_2025_04_03_22_44_31_583.jpg;0;1;0;4.82597;107.1694;163.0727;1.484992;287.3614;-0.001462618
C:\Mark's Python files\ME5920\IMG\robocam_2025_04_03_22_44_31_654.jpg;0;1;0;4.860406;107.2842;162.6999;1.514576;287.3185;-0.00142558
C:\Mark's Python files\ME5920\IMG\robocam_2025_04_03_22_44_31_726.jpg;0;1;0;4.90721;107.3707;162.4183;1.509195;287.2838;-0.001510036
C:\Mark's Python files\ME5920\IMG\robocam_2025_04_03_22_44_31_797.jpg;0;1;0;4.941826;107.4866;162.0398;1.498705;287.2355;-0.001406433
C:\Mark's Python files\ME5920\IMG\robocam_2025_04_03_22_44_31_837.jpg;0;1;0;4.987194;107.5449;161.8491;1.499476;287.212;-0.00145306
C:\Mark's Python files\ME5920\IMG\robocam_2025_04_03_22_44_31_906.jpg;0;1;0;5.01003;107.6326;161.5615;1.504327;287.1757;-0.001470305
C:\Mark's Python files\ME5920\IMG\robocam_2025_04_03_22_44_31_976.jpg;0;1;0;5.013689;107.7495;161.1773;1.523809;287.1245;-0.001360836
C:\Mark's Python files\ME5920\IMG\robocam_2025_04_03_22_44_32_048.jpg;0;1;0;5.030885;107.8362;160.8916;1.409405;287.0735;-0.0008558334
C:\Mark's Python files\ME5920\IMG\robocam_2025_04_03_22_44_32_120.jpg;0;1;0;5.013451;107.9519;160.509;1.322552;287.0288;-0.001357715
C:\Mark's Python files\ME5920\IMG\robocam_2025_04_03_22_44_32_192.jpg;0;1;0;5.017038;108.0676;160.1255;1.284415;286.9988;-0.001821957
C:\Mark's Python files\ME5920\IMG\robocam_2025_04_03_22_44_32_263.jpg;0;1;0;5.015414;108.1543;159.8378;1.274428;286.9276;-0.001404511
C:\Mark's Python files\ME5920\IMG\robocam_2025_04_03_22_44_32_336.jpg;0;1;0;5.016804;108.2698;159.453;1.301484;286.8942;-0.001687639
C:\Mark's Python files\ME5920\IMG\robocam_2025_04_03_22_44_32_406.jpg;0;1;0;5.016251;108.3562;159.1645;1.330938;286.8422;-0.00141794
C:\Mark's Python files\ME5920\IMG\robocam_2025_04_03_22_44_32_477.jpg;0;1;0;5.017;108.4713;158.7789;1.395926;286.8055;-0.001705399
C:\Mark's Python files\ME5920\IMG\robocam_2025_04_03_22_44_32_517.jpg;0;1;0;5.016428;108.5286;158.5863;1.425326;286.7692;-0.001457055
C:\Mark's Python files\ME5920\IMG\robocam_2025_04_03_22_44_32_583.jpg;0;1;0;5.008668;108.6146;158.2968;1.483844;286.7382;-0.001621086
C:\Mark's Python files\ME5920\IMG\robocam_2025_04_03_22_44_32_655.jpg;0;1;0;5.020961;108.7286;157.912;1.479294;286.688;-0.00184614
C:\Mark's Python files\ME5920\IMG\robocam_2025_04_03_22_44_32_726.jpg;0;1;0;5.012134;108.8134;157.6248;1.420128;286.6625;-0.001447871
C:\Mark's Python files\ME5920\IMG\robocam_2025_04_03_22_44_32_798.jpg;0;1;0;5.014546;108.9266;157.2405;1.387628;286.6176;-0.001462677
C:\Mark's Python files\ME5920\IMG\robocam_2025_04_03_22_44_32_868.jpg;0;1;0;5.023193;109.0113;156.9522;1.379084;286.5729;-0.0009666582
C:\Mark's Python files\ME5920\IMG\robocam_2025_04_03_22_44_32_938.jpg;0;1;0;5.014147;109.1243;156.5667;1.400006;286.5301;-0.001501502
C:\Mark's Python files\ME5920\IMG\robocam_2025_04_03_22_44_33_009.jpg;0;1;0;5.020584;109.2371;156.1808;1.442946;286.4966;-0.00199035
C:\Mark's Python files\ME5920\IMG\robocam_2025_04_03_22_44_33_080.jpg;0;1;0;4.985152;109.3212;155.8919;1.471431;286.4289;-0.001607559
C:\Mark's Python files\ME5920\IMG\robocam_2025_04_03_22_44_33_152.jpg;0;1;0;5.015695;109.4334;155.5055;1.531962;286.389;-0.001841408
C:\Mark's Python files\ME5920\IMG\robocam_2025_04_03_22_44_33_224.jpg;0;1;0;5.029299;109.5165;155.2182;1.443795;286.361;-0.001645811
C:\Mark's Python files\ME5920\IMG\robocam_2025_04_03_22_44_33_297.jpg;0;1;0;5.013609;109.6275;154.8338;1.380378;286.3136;-0.001354145
C:\Mark's Python files\ME5920\IMG\robocam_2025_04_03_22_44_33_369.jpg;0;1;0;5.017111;109.7384;154.4486;1.356773;286.2719;-0.001544309
C:\Mark's Python files\ME5920\IMG\robocam_2025_04_03_22_44_33_441.jpg;0;1;0;4.995926;109.8214;154.1596;1.353969;286.2281;-0.001399005
C:\Mark's Python files\ME5920\IMG\robocam_2025_04_03_22_44_33_513.jpg;0;1;0;5.016305;109.9322;153.7734;1.382756;286.1884;-0.001595007
C:\Mark's Python files\ME5920\IMG\robocam_2025_04_03_22_44_33_585.jpg;0;1;0;5.029909;110.0149;153.4842;1.406628;286.1304;-0.0005221732
C:\Mark's Python files\ME5920\IMG\robocam_2025_04_03_22_44_33_656.jpg;0;1;0;5.013986;110.1251;153.0973;1.465001;286.0888;-0.001643825
C:\Mark's Python files\ME5920\IMG\robocam_2025_04_03_22_44_33_727.jpg;0;1;0;5.019887;110.2075;152.8073;1.509399;286.042;-0.001043473
C:\Mark's Python files\ME5920\IMG\robocam_2025_04_03_22_44_33_800.jpg;0;1;0;5.002277;110.3164;152.4221;1.452391;286.0401;-0.001983847
C:\Mark's Python files\ME5920\IMG\robocam_2025_04_03_22_44_33_871.jpg;0;1;0;5.013971;110.4252;152.0369;1.392038;285.9918;-0.00131121
C:\Mark's Python files\ME5920\IMG\robocam_2025_04_03_22_44_33_943.jpg;0;1;0;5.017832;110.5067;151.7478;1.367972;285.9587;-0.001338779
C:\Mark's Python files\ME5920\IMG\robocam_2025_04_03_22_44_34_015.jpg;0;1;0;4.995171;110.6154;151.3616;1.367678;285.9191;-0.001357593
C:\Mark's Python files\ME5920\IMG\robocam_2025_04_03_22_44_34_085.jpg;0;1;0;5.016121;110.6968;151.0718;1.383772;285.8849;-0.001321533
C:\Mark's Python files\ME5920\IMG\robocam_2025_04_03_22_44_34_155.jpg;0;1;0;4.999687;110.8051;150.6851;1.42047;285.8353;-0.001058191
C:\Mark's Python files\ME5920\IMG\robocam_2025_04_03_22_44_34_226.jpg;0;1;0;5.013993;110.8862;150.3946;1.460978;285.801;-0.001438036
C:\Mark's Python files\ME5920\IMG\robocam_2025_04_03_22_44_34_300.jpg;0;1;0;5.006454;110.9941;150.0072;1.52051;285.7502;-0.001238168
C:\Mark's Python files\ME5920\IMG\robocam_2025_04_03_22_44_34_370.jpg;0;1;0;5.03867;111.1006;149.623;1.407597;285.6808;-0.001352052
C:\Mark's Python files\ME5920\IMG\robocam_2025_04_03_22_44_34_440.jpg;0;1;0;5.013089;111.1806;149.3336;1.366763;285.6506;-0.001467387
C:\Mark's Python files\ME5920\IMG\robocam_2025_04_03_22_44_34_515.jpg;0;1;0;5.017234;111.2872;148.947;1.349092;285.6279;-0.002229874
C:\Mark's Python files\ME5920\IMG\robocam_2025_04_03_22_44_34_586.jpg;0;1;0;5.013935;111.3668;148.6573;1.345948;285.5275;-0.00157598
C:\Mark's Python files\ME5920\IMG\robocam_2025_04_03_22_44_34_656.jpg;0;1;0;5.016461;111.4729;148.2697;1.379234;285.4968;-0.001919092
C:\Mark's Python files\ME5920\IMG\robocam_2025_04_03_22_44_34_727.jpg;3.194442;1;0;5.01657;111.5529;147.9793;1.409794;285.5623;-0.002353486
C:\Mark's Python files\ME5920\IMG\robocam_2025_04_03_22_44_34_797.jpg;6.363689;1;0;5.016478;111.6634;147.5925;1.466578;286.2052;0.02532315
C:\Mark's Python files\ME5920\IMG\robocam_2025_04_03_22_44_34_869.jpg;3.168387;1;0;5.015838;111.7764;147.2079;1.443034;287.0202;0.0225318
C:\Mark's Python files\ME5920\IMG\robocam_2025_04_03_22_44_34_939.jpg;0;1;0;4.987855;111.8625;146.9209;1.398736;287.2267;0.02480304
C:\Mark's Python files\ME5920\IMG\robocam_2025_04_03_22_44_34_979.jpg;0;1;0;5.017358;111.9204;146.729;1.388039;287.2921;0.02971537
C:\Mark's Python files\ME5920\IMG\robocam_2025_04_03_22_44_35_050.jpg;0;1;0;5.024227;112.0369;146.3456;1.379472;287.2514;0.03894617
C:\Mark's Python files\ME5920\IMG\robocam_2025_04_03_22_44_35_121.jpg;0;1;0;5.007832;112.1244;146.0573;1.399158;287.2214;0.03032417
C:\Mark's Python files\ME5920\IMG\robocam_2025_04_03_22_44_35_190.jpg;0;1;0;5.024428;112.2409;145.673;1.436;287.1313;-0.000396222
C:\Mark's Python files\ME5920\IMG\robocam_2025_04_03_22_44_35_260.jpg;0;1;0;5.008392;112.3287;145.3843;1.478911;287.1016;-0.00195259
C:\Mark's Python files\ME5920\IMG\robocam_2025_04_03_22_44_35_332.jpg;0;1;0;5.022132;112.4453;144.9996;1.52883;287.0402;-0.001893517
C:\Mark's Python files\ME5920\IMG\robocam_2025_04_03_22_44_35_403.jpg;3.17309;1;0;5.033626;112.5326;144.714;1.420923;287.1635;-0.002447814
C:\Mark's Python files\ME5920\IMG\robocam_2025_04_03_22_44_35_472.jpg;6.333998;1;0;5.013577;112.6532;144.333;1.337812;287.8129;0.03622627
C:\Mark's Python files\ME5920\IMG\robocam_2025_04_03_22_44_35_543.jpg;6.266741;1;0;5.019153;112.7483;144.0488;1.285472;288.6544;0.149435
C:\Mark's Python files\ME5920\IMG\robocam_2025_04_03_22_44_35_614.jpg;3.111651;1;0;4.991142;112.8775;143.6711;1.177173;289.6237;0.2711874
C:\Mark's Python files\ME5920\IMG\robocam_2025_04_03_22_44_35_685.jpg;0;1;0;5.024227;112.9756;143.3896;1.040524;289.989;0.3174435
C:\Mark's Python files\ME5920\IMG\robocam_2025_04_03_22_44_35_757.jpg;0;1;0;5.01512;113.1096;143.0135;0.9269428;290.1171;0.4072587
C:\Mark's Python files\ME5920\IMG\robocam_2025_04_03_22_44_35_829.jpg;0;1;0;5.02839;113.2445;142.6376;0.8590639;290.0836;0.4668899
C:\Mark's Python files\ME5920\IMG\robocam_2025_04_03_22_44_35_869.jpg;0;1;0;5.017966;113.3123;142.4492;0.8483406;290.062;0.4797097
C:\Mark's Python files\ME5920\IMG\robocam_2025_04_03_22_44_35_936.jpg;0;1;0;5.027046;113.4139;142.1662;0.8496225;290.0051;0.4715146
C:\Mark's Python files\ME5920\IMG\robocam_2025_04_03_22_44_36_007.jpg;0;1;0;5.00088;113.5159;141.8823;0.8901137;289.9998;0.4383374
C:\Mark's Python files\ME5920\IMG\robocam_2025_04_03_22_44_36_079.jpg;0;1;0;5.012091;113.6514;141.5041;0.9628295;289.889;0.364266
C:\Mark's Python files\ME5920\IMG\robocam_2025_04_03_22_44_36_151.jpg;0;1;0;4.997149;113.7869;141.1243;1.087286;289.8314;0.2583975
C:\Mark's Python files\ME5920\IMG\robocam_2025_04_03_22_44_36_220.jpg;0;1;0;5.005332;113.8884;140.8392;1.198382;289.7812;0.1657393
C:\Mark's Python files\ME5920\IMG\robocam_2025_04_03_22_44_36_290.jpg;0;1;0;5.015013;114.0235;140.4582;1.367304;289.723;0.02424604
C:\Mark's Python files\ME5920\IMG\robocam_2025_04_03_22_44_36_361.jpg;0;1;0;5.02646;114.1256;140.1734;1.483587;289.7003;-0.004381968
C:\Mark's Python files\ME5920\IMG\robocam_2025_04_03_22_44_36_432.jpg;1.555169;1;0;5.008864;114.2612;139.7959;1.492882;289.7456;-0.002654509
C:\Mark's Python files\ME5920\IMG\robocam_2025_04_03_22_44_36_501.jpg;4.764789;1;0;5.0134;114.3638;139.5132;1.491483;290.0398;-0.003828657
C:\Mark's Python files\ME5920\IMG\robocam_2025_04_03_22_44_36_570.jpg;7.947878;1;0;5.008286;114.5051;139.138;1.476452;290.9952;0.03138231
C:\Mark's Python files\ME5920\IMG\robocam_2025_04_03_22_44_36_640.jpg;4.847981;1;0;5.005958;114.6138;138.8588;1.403155;291.8231;0.06181911
C:\Mark's Python files\ME5920\IMG\robocam_2025_04_03_22_44_36_713.jpg;1.666256;1;0;4.990737;114.7624;138.4886;1.285181;292.5199;0.1413479
C:\Mark's Python files\ME5920\IMG\robocam_2025_04_03_22_44_36_786.jpg;0;1;0;5.017513;114.8755;138.2111;1.223462;292.6865;0.2229731
C:\Mark's Python files\ME5920\IMG\robocam_2025_04_03_22_44_36_858.jpg;0;1;0;5.00323;115.0262;137.8413;1.124316;292.7882;0.2507905
C:\Mark's Python files\ME5920\IMG\robocam_2025_04_03_22_44_36_927.jpg;3.131177;1;0;4.981199;115.1411;137.5648;1.061304;293.0237;0.2822998
C:\Mark's Python files\ME5920\IMG\robocam_2025_04_03_22_44_36_996.jpg;6.286824;1;0;5.005689;115.3;137.1976;1.022511;293.6839;0.4064415
C:\Mark's Python files\ME5920\IMG\robocam_2025_04_03_22_44_37_069.jpg;9.433813;1;0;5.01209;115.464;136.835;0.8652782;294.9008;0.5022951
C:\Mark's Python files\ME5920\IMG\robocam_2025_04_03_22_44_37_142.jpg;6.186748;1;0;5.00939;115.592;136.5655;0.7373679;295.9767;0.6062235
C:\Mark's Python files\ME5920\IMG\robocam_2025_04_03_22_44_37_213.jpg;2.898764;1;0;5.011766;115.7665;136.2092;0.5108268;296.9798;0.713138
C:\Mark's Python files\ME5920\IMG\robocam_2025_04_03_22_44_37_253.jpg;0;1;0;5.011066;115.8557;136.0316;0.4164402;297.2662;0.7776047
C:\Mark's Python files\ME5920\IMG\robocam_2025_04_03_22_44_37_321.jpg;0;1;0;5.012111;115.9907;135.7652;0.3006493;297.4648;0.852524
C:\Mark's Python files\ME5920\IMG\robocam_2025_04_03_22_44_37_394.jpg;0;1;0;5.012101;116.1726;135.4098;0.2042853;297.5353;0.9073491
C:\Mark's Python files\ME5920\IMG\robocam_2025_04_03_22_44_37_465.jpg;0;1;0;5.011097;116.3101;135.1428;0.1843833;297.539;0.9152399
C:\Mark's Python files\ME5920\IMG\robocam_2025_04_03_22_44_37_537.jpg;0;1;0;5.012085;116.4946;134.7858;0.2323408;297.5282;0.8820003
C:\Mark's Python files\ME5920\IMG\robocam_2025_04_03_22_44_37_607.jpg;0;1;0;5.005406;116.6336;134.5173;0.3211806;297.5297;0.8256791
C:\Mark's Python files\ME5920\IMG\robocam_2025_04_03_22_44_37_648.jpg;0;1;0;5.017502;116.7264;134.3382;0.3912947;297.5266;0.7688798
C:\Mark's Python files\ME5920\IMG\robocam_2025_04_03_22_44_37_718.jpg;0;1;0;5.017138;116.9122;133.9796;0.5629533;297.5146;0.6244165
C:\Mark's Python files\ME5920\IMG\robocam_2025_04_03_22_44_37_787.jpg;0;1;0;5.014945;117.0517;133.7103;0.7186154;297.4964;0.4993778
C:\Mark's Python files\ME5920\IMG\robocam_2025_04_03_22_44_37_858.jpg;0;1;0;5.008668;117.238;133.3503;0.9622136;297.4658;0.3200113
C:\Mark's Python files\ME5920\IMG\robocam_2025_04_03_22_44_37_931.jpg;0;1;0;5.006801;117.424;132.9899;1.229421;297.4169;0.1311938
C:\Mark's Python files\ME5920\IMG\robocam_2025_04_03_22_44_37_970.jpg;0;1;0;5.025823;117.5168;132.8097;1.361652;297.3792;0.0347354
C:\Mark's Python files\ME5920\IMG\robocam_2025_04_03_22_44_38_039.jpg;0;1;0;5.014121;117.6572;132.5401;1.541128;297.3817;359.9933
C:\Mark's Python files\ME5920\IMG\robocam_2025_04_03_22_44_38_111.jpg;0;1;0;5.007962;117.8413;132.1866;1.432074;297.3581;-0.001761699
C:\Mark's Python files\ME5920\IMG\robocam_2025_04_03_22_44_38_185.jpg;0;1;0;5.007289;117.9786;131.9204;1.376826;297.3386;-0.002484425
C:\Mark's Python files\ME5920\IMG\robocam_2025_04_03_22_44_38_255.jpg;3.274843;1;0;5.012275;118.1627;131.5648;1.336393;297.5342;-0.002439494
C:\Mark's Python files\ME5920\IMG\robocam_2025_04_03_22_44_38_324.jpg;3.309615;1;0;5.014439;118.3029;131.2989;1.327365;297.9816;0.01222553
C:\Mark's Python files\ME5920\IMG\robocam_2025_04_03_22_44_38_397.jpg;0.2046238;1;0;5.001388;118.4905;130.9447;1.333054;298.4636;0.02958502
C:\Mark's Python files\ME5920\IMG\robocam_2025_04_03_22_44_38_466.jpg;0;1;0;5.014719;118.6321;130.6788;1.358638;298.5227;0.04659622
C:\Mark's Python files\ME5920\IMG\robocam_2025_04_03_22_44_38_538.jpg;0;1;0;5.00236;118.8214;130.3245;1.404112;298.5459;0.05870374
C:\Mark's Python files\ME5920\IMG\robocam_2025_04_03_22_44_38_609.jpg;0;1;0;5.014486;119.0112;129.9696;1.469469;298.4871;0.04680843
C:\Mark's Python files\ME5920\IMG\robocam_2025_04_03_22_44_38_680.jpg;0;1;0;5.003989;119.1526;129.7047;1.456454;298.4645;-0.003212
C:\Mark's Python files\ME5920\IMG\robocam_2025_04_03_22_44_38_754.jpg;0;1;0;5.013849;119.3431;129.3512;1.469315;298.4439;-0.002590614
C:\Mark's Python files\ME5920\IMG\robocam_2025_04_03_22_44_38_824.jpg;0;1;0;5.019459;119.4856;129.0861;1.486131;298.421;-0.00206616
C:\Mark's Python files\ME5920\IMG\robocam_2025_04_03_22_44_38_898.jpg;0;1;0;4.988884;119.6756;128.732;1.523264;298.3828;-0.001841947
C:\Mark's Python files\ME5920\IMG\robocam_2025_04_03_22_44_38_938.jpg;3.162929;1;0;5.033048;119.7702;128.556;1.462832;298.4136;-0.002511313
C:\Mark's Python files\ME5920\IMG\robocam_2025_04_03_22_44_39_005.jpg;4.870818;1;0;5.009477;119.9128;128.2935;1.377116;298.6868;0.002017997
C:\Mark's Python files\ME5920\IMG\robocam_2025_04_03_22_44_39_076.jpg;8.083684;1;0;5.014774;120.1091;127.945;1.309338;299.6301;0.1046852
C:\Mark's Python files\ME5920\IMG\robocam_2025_04_03_22_44_39_146.jpg;4.95855;1;0;5.026006;120.2593;127.6859;1.247169;300.5145;0.2214061
C:\Mark's Python files\ME5920\IMG\robocam_2025_04_03_22_44_39_186.jpg;1.802894;1;0;5.016274;120.36;127.5138;1.177166;300.978;0.2715251
C:\Mark's Python files\ME5920\IMG\robocam_2025_04_03_22_44_39_255.jpg;0.03650011;1;0;5.024185;120.5626;127.1718;0.9889792;301.4489;0.336396
C:\Mark's Python files\ME5920\IMG\robocam_2025_04_03_22_44_39_327.jpg;0;1;0;5.006315;120.717;126.9153;0.9026331;301.5331;0.4102319
C:\Mark's Python files\ME5920\IMG\robocam_2025_04_03_22_44_39_400.jpg;3.295022;1;0;5.028352;120.9251;126.5747;0.8222671;301.7423;0.5104892
C:\Mark's Python files\ME5920\IMG\robocam_2025_04_03_22_44_39_473.jpg;6.499444;1;0;5.001465;121.1378;126.236;0.7558725;302.5056;0.6119402
C:\Mark's Python files\ME5920\IMG\robocam_2025_04_03_22_44_39_543.jpg;3.187242;1;0;4.984726;121.2982;125.9847;0.6409379;303.1025;0.6270036
C:\Mark's Python files\ME5920\IMG\robocam_2025_04_03_22_44_39_617.jpg;0.04094092;1;0;5.000481;121.516;125.6498;0.5608375;303.5278;0.6725436
C:\Mark's Python files\ME5920\IMG\robocam_2025_04_03_22_44_39_686.jpg;0;1;0;5.008801;121.6807;125.3985;0.542097;303.6145;0.6922631
C:\Mark's Python files\ME5920\IMG\robocam_2025_04_03_22_44_39_758.jpg;0;1;0;5.016514;121.9015;125.0631;0.569015;303.6398;0.6830538
C:\Mark's Python files\ME5920\IMG\robocam_2025_04_03_22_44_39_829.jpg;0;1;0;5.013566;122.1225;124.7277;0.6351516;303.5732;0.6264392
C:\Mark's Python files\ME5920\IMG\robocam_2025_04_03_22_44_39_898.jpg;0;1;0;5.016217;122.2886;124.4753;0.7149349;303.5386;0.5487158
C:\Mark's Python files\ME5920\IMG\robocam_2025_04_03_22_44_39_969.jpg;0;1;0;4.984779;122.5104;124.1382;0.8661575;303.4808;0.423118
C:\Mark's Python files\ME5920\IMG\robocam_2025_04_03_22_44_40_040.jpg;0;1;0;5.00405;122.6767;123.885;1.003767;303.4332;0.3143245
C:\Mark's Python files\ME5920\IMG\robocam_2025_04_03_22_44_40_112.jpg;3.169454;1;0;5.015526;122.9;123.5474;1.208183;303.6143;0.1817155
C:\Mark's Python files\ME5920\IMG\robocam_2025_04_03_22_44_40_183.jpg;6.407541;1;0;5.016102;123.0697;123.2963;1.345888;304.1176;0.1246794
C:\Mark's Python files\ME5920\IMG\robocam_2025_04_03_22_44_40_254.jpg;9.649148;1;0;5.014893;123.2999;122.9659;1.415696;305.4362;0.05029181
C:\Mark's Python files\ME5920\IMG\robocam_2025_04_03_22_44_40_323.jpg;12.7934;1;0;5.000664;123.4783;122.7258;1.389648;306.7986;0.1362689
C:\Mark's Python files\ME5920\IMG\robocam_2025_04_03_22_44_40_394.jpg;15;1;0;5.011237;123.7232;122.4137;1.15982;309.3867;0.2768824
C:\Mark's Python files\ME5920\IMG\robocam_2025_04_03_22_44_40_434.jpg;11.9395;1;0;5.002916;123.8507;122.2627;0.9978585;310.8762;0.4277027
C:\Mark's Python files\ME5920\IMG\robocam_2025_04_03_22_44_40_503.jpg;10.11295;1;0;5.011733;124.0454;122.0417;0.6691304;312.7188;0.675641
C:\Mark's Python files\ME5920\IMG\robocam_2025_04_03_22_44_40_573.jpg;6.95658;1;0;5.010634;124.3124;121.7556;0.1566082;314.6017;1.061357
C:\Mark's Python files\ME5920\IMG\robocam_2025_04_03_22_44_40_644.jpg;3.783968;1;0;5.01048;124.5174;121.5439;359.8476;315.4982;1.276931
C:\Mark's Python files\ME5920\IMG\robocam_2025_04_03_22_44_40_684.jpg;0.616922;1;0;5.003634;124.6565;121.4009;359.809;315.7847;1.281117
C:\Mark's Python files\ME5920\IMG\robocam_2025_04_03_22_44_40_754.jpg;0;1;0;5.003951;124.9405;121.1124;0.0273433;315.9863;1.081023
C:\Mark's Python files\ME5920\IMG\robocam_2025_04_03_22_44_40_826.jpg;0;1;0;5.011039;125.1564;120.8991;0.1880664;316.0589;0.9239098
C:\Mark's Python files\ME5920\IMG\robocam_2025_04_03_22_44_40_897.jpg;0;1;0;5.00429;125.4471;120.6165;0.4437864;316.0992;0.7442356
C:\Mark's Python files\ME5920\IMG\robocam_2025_04_03_22_44_40_969.jpg;0;1;0;5.006806;125.7384;120.3344;0.703833;316.0983;0.5352182
C:\Mark's Python files\ME5920\IMG\robocam_2025_04_03_22_44_41_040.jpg;0;1;0;5.016044;125.9573;120.1228;0.9135939;316.0881;0.3711516
C:\Mark's Python files\ME5920\IMG\robocam_2025_04_03_22_44_41_109.jpg;0;1;0;5.014128;126.2491;119.8404;1.205261;316.0521;0.1488092
C:\Mark's Python files\ME5920\IMG\robocam_2025_04_03_22_44_41_181.jpg;0;1;0;5.025607;126.4677;119.6288;1.41832;316.0015;-0.001553437
C:\Mark's Python files\ME5920\IMG\robocam_2025_04_03_22_44_41_222.jpg;0;1;0;5.014972;126.6145;119.4886;1.545678;316.0199;359.9925
C:\Mark's Python files\ME5920\IMG\robocam_2025_04_03_22_44_41_292.jpg;0;1;0;5.012418;126.9032;119.2122;1.40345;315.9815;-0.002927133
C:\Mark's Python files\ME5920\IMG\robocam_2025_04_03_22_44_41_362.jpg;0;1;0;4.984029;127.1146;119.0077;1.196529;315.9425;-0.002299607
C:\Mark's Python files\ME5920\IMG\robocam_2025_04_03_22_44_41_433.jpg;0;1;0;5.012559;127.4006;118.73;1.063662;315.9174;-0.001717288
C:\Mark's Python files\ME5920\IMG\robocam_2025_04_03_22_44_41_503.jpg;0;1;0;5.014684;127.6155;118.5209;1.010915;315.8945;-0.001128945
C:\Mark's Python files\ME5920\IMG\robocam_2025_04_03_22_44_41_573.jpg;0;1;0;5.001224;127.9023;118.2413;0.992825;315.8414;-0.0002720745
C:\Mark's Python files\ME5920\IMG\robocam_2025_04_03_22_44_41_644.jpg;0;1;0;5.014653;128.1178;118.0309;1.015365;315.8161;-0.001073762
C:\Mark's Python files\ME5920\IMG\robocam_2025_04_03_22_44_41_716.jpg;0;1;0;5.001486;128.4052;117.7499;1.079689;315.7704;-0.0006292361
C:\Mark's Python files\ME5920\IMG\robocam_2025_04_03_22_44_41_787.jpg;0;1;0;5.014741;128.621;117.5387;1.147233;315.7444;-0.001233603
C:\Mark's Python files\ME5920\IMG\robocam_2025_04_03_22_44_41_858.jpg;0;1;0;5.002095;128.9086;117.2567;1.253383;315.7005;-0.0009162116
C:\Mark's Python files\ME5920\IMG\robocam_2025_04_03_22_44_41_926.jpg;0;1;0;5.014548;129.1243;117.0448;1.339462;315.6714;-0.001386427
C:\Mark's Python files\ME5920\IMG\robocam_2025_04_03_22_44_41_997.jpg;0;1;0;5.003837;129.4116;116.7621;1.455216;315.6247;-0.001154568
C:\Mark's Python files\ME5920\IMG\robocam_2025_04_03_22_44_42_069.jpg;0;1;0;5.014296;129.698;116.4796;1.517597;315.5741;-0.00407932
C:\Mark's Python files\ME5920\IMG\robocam_2025_04_03_22_44_42_142.jpg;0;1;0;5.021616;129.9108;116.2693;1.409272;315.6819;359.993
C:\Mark's Python files\ME5920\IMG\robocam_2025_04_03_22_44_42_213.jpg;0;1;0;5.003171;130.1934;115.9892;1.261037;315.7968;359.9839
C:\Mark's Python files\ME5920\IMG\robocam_2025_04_03_22_44_42_283.jpg;0;1;0;5.023566;130.4077;115.7781;1.230999;315.854;-0.00176393
C:\Mark's Python files\ME5920\IMG\robocam_2025_04_03_22_44_42_356.jpg;0;1;0;5.014386;130.694;115.4969;1.235917;315.821;-0.0005839569
C:\Mark's Python files\ME5920\IMG\robocam_2025_04_03_22_44_42_426.jpg;0;1;0;5.023251;130.9089;115.2861;1.255813;315.7958;-0.001263515
C:\Mark's Python files\ME5920\IMG\robocam_2025_04_03_22_44_42_496.jpg;0;1;0;5.014384;131.1961;115.0045;1.312668;315.7552;-0.001368051
C:\Mark's Python files\ME5920\IMG\robocam_2025_04_03_22_44_42_568.jpg;0;1;0;5.022771;131.4112;114.7933;1.361278;315.7206;-0.001216651
C:\Mark's Python files\ME5920\IMG\robocam_2025_04_03_22_44_42_639.jpg;0;1;0;5.014338;131.6985;114.5109;1.442785;315.6794;-0.001538935
C:\Mark's Python files\ME5920\IMG\robocam_2025_04_03_22_44_42_712.jpg;0;1;0;5.021581;131.9852;114.2285;1.522857;315.6285;-0.001520521
C:\Mark's Python files\ME5920\IMG\robocam_2025_04_03_22_44_42_783.jpg;0;1;0;5.033164;132.1983;114.0183;1.45027;315.5872;-0.001175062
C:\Mark's Python files\ME5920\IMG\robocam_2025_04_03_22_44_42_855.jpg;0;0.8946232;0;5.013381;132.4831;113.737;1.40479;315.5416;-0.001425323
C:\Mark's Python files\ME5920\IMG\robocam_2025_04_03_22_44_42_926.jpg;0;0.6808774;0;5.005428;132.6965;113.5258;1.376754;315.4998;-0.0011027
C:\Mark's Python files\ME5920\IMG\robocam_2025_04_03_22_44_42_997.jpg;0;0.4683754;0;5.011459;132.9799;113.2449;1.307345;315.4922;-0.001301116
C:\Mark's Python files\ME5920\IMG\robocam_2025_04_03_22_44_43_068.jpg;0;0.255781;0;4.997904;133.192;113.0346;1.221167;315.4614;-0.001042427
C:\Mark's Python files\ME5920\IMG\robocam_2025_04_03_22_44_43_139.jpg;0;0.03894763;0;4.994275;133.4735;112.7555;1.041521;315.4213;-0.0008743285
C:\Mark's Python files\ME5920\IMG\robocam_2025_04_03_22_44_43_208.jpg;0;0;0;4.975129;133.6831;112.5474;0.8537475;315.3941;-0.0006714073
C:\Mark's Python files\ME5920\IMG\robocam_2025_04_03_22_44_43_281.jpg;0;0;0;4.959148;133.9608;112.2718;0.5514463;315.3623;-8.169925E-05
C:\Mark's Python files\ME5920\IMG\robocam_2025_04_03_22_44_43_353.jpg;0;0;0;4.937829;134.2369;111.9978;0.2157886;315.3386;0.005395021
C:\Mark's Python files\ME5920\IMG\robocam_2025_04_03_22_44_43_425.jpg;0;0;0;4.916529;134.4432;111.7933;359.9568;315.3281;0.01750036
C:\Mark's Python files\ME5920\IMG\robocam_2025_04_03_22_44_43_494.jpg;0;0;0;4.899837;134.7181;111.5205;359.6988;315.3066;0.001582004
C:\Mark's Python files\ME5920\IMG\robocam_2025_04_03_22_44_43_564.jpg;0;0;0;4.876709;134.924;111.3165;359.5403;315.2997;-0.0005101861
C:\Mark's Python files\ME5920\IMG\robocam_2025_04_03_22_44_43_605.jpg;0;0;0;4.859581;135.0611;111.1808;359.4507;315.2965;-0.00226099
C:\Mark's Python files\ME5920\IMG\robocam_2025_04_03_22_44_43_673.jpg;0;0;0;4.848069;135.3346;110.9101;359.2887;315.2958;0.003392384
C:\Mark's Python files\ME5920\IMG\robocam_2025_04_03_22_44_43_743.jpg;0;0;0;4.824755;135.5393;110.7071;359.2215;315.2903;359.9937
C:\Mark's Python files\ME5920\IMG\robocam_2025_04_03_22_44_43_814.jpg;0;0;0;4.808122;135.8114;110.4378;359.1277;315.2883;359.9883
C:\Mark's Python files\ME5920\IMG\robocam_2025_04_03_22_44_43_886.jpg;0;0;0.2141391;4.7743;136.0147;110.2375;359.0726;315.3074;0.03143814
C:\Mark's Python files\ME5920\IMG\robocam_2025_04_03_22_44_43_958.jpg;0;0;0.4306947;4.707736;136.2789;109.9764;358.8525;315.3331;0.08146378
C:\Mark's Python files\ME5920\IMG\robocam_2025_04_03_22_44_44_029.jpg;0;0;0.6445392;4.58279;136.5339;109.7216;358.641;315.2357;359.9883
C:\Mark's Python files\ME5920\IMG\robocam_2025_04_03_22_44_44_102.jpg;0;0;0.8609561;4.404476;136.7208;109.5366;358.5772;315.2057;359.9907
C:\Mark's Python files\ME5920\IMG\robocam_2025_04_03_22_44_44_142.jpg;0;0;1;4.292352;136.8438;109.4147;358.619;315.2094;359.9937
C:\Mark's Python files\ME5920\IMG\robocam_2025_04_03_22_44_44_210.jpg;0;0;1;4.185735;137.0814;109.1787;358.7945;315.1636;359.993
C:\Mark's Python files\ME5920\IMG\robocam_2025_04_03_22_44_44_249.jpg;0;0;1;4.005913;137.1938;109.0671;358.7717;315.1665;0.005087925
C:\Mark's Python files\ME5920\IMG\robocam_2025_04_03_22_44_44_318.jpg;0;0;1;3.834133;137.3531;108.9084;358.6025;315.1657;0.0005601353
C:\Mark's Python files\ME5920\IMG\robocam_2025_04_03_22_44_44_388.jpg;0;0;0;3.628017;137.5056;108.7569;358.4219;315.1833;0.01626276
C:\Mark's Python files\ME5920\IMG\robocam_2025_04_03_22_44_44_458.jpg;0;0;0;3.601617;137.7123;108.5505;358.7288;315.1846;359.993
C:\Mark's Python files\ME5920\IMG\robocam_2025_04_03_22_44_44_530.jpg;0;0;0;3.492162;137.9155;108.3483;359.1184;315.1851;-0.0009415837
C:\Mark's Python files\ME5920\IMG\robocam_2025_04_03_22_44_44_602.jpg;0;0;0;3.474734;138.0666;108.1978;359.3917;315.1819;359.9926
C:\Mark's Python files\ME5920\IMG\robocam_2025_04_03_22_44_44_671.jpg;0;0;0;3.463156;138.2668;107.9989;359.6968;315.1814;359.9895
C:\Mark's Python files\ME5920\IMG\robocam_2025_04_03_22_44_44_742.jpg;0;0;0;3.44791;138.4158;107.8508;359.8781;315.1813;359.9881
C:\Mark's Python files\ME5920\IMG\robocam_2025_04_03_22_44_44_814.jpg;0;0;0;3.436589;138.6129;107.655;0.05508308;315.1813;359.9868
C:\Mark's Python files\ME5920\IMG\robocam_2025_04_03_22_44_44_884.jpg;0;0;0;3.421605;138.7596;107.5092;0.1404119;315.1813;359.9863
C:\Mark's Python files\ME5920\IMG\robocam_2025_04_03_22_44_44_956.jpg;0;0;0;3.410425;138.9537;107.3164;0.1951563;315.1813;359.9861
C:\Mark's Python files\ME5920\IMG\robocam_2025_04_03_22_44_45_026.jpg;0;0;0;3.395564;139.0982;107.1727;0.1961351;315.1813;359.9862
C:\Mark's Python files\ME5920\IMG\robocam_2025_04_03_22_44_45_098.jpg;0;0;0.1135119;3.384434;139.2892;106.983;0.1388932;315.1813;359.9868
C:\Mark's Python files\ME5920\IMG\robocam_2025_04_03_22_44_45_168.jpg;0;0;0.3263145;3.330369;139.4291;106.844;359.9922;315.1812;359.9875
C:\Mark's Python files\ME5920\IMG\robocam_2025_04_03_22_44_45_239.jpg;0;0;0.5347707;3.246055;139.6069;106.6675;359.5603;315.1843;-0.003792947
C:\Mark's Python files\ME5920\IMG\robocam_2025_04_03_22_44_45_310.jpg;0;0;0.7476987;3.079011;139.7713;106.5038;358.8668;315.1823;-0.003367728
C:\Mark's Python files\ME5920\IMG\robocam_2025_04_03_22_44_45_379.jpg;0;0;0;2.95748;139.892;106.3836;358.4767;315.1721;359.9895
C:\Mark's Python files\ME5920\IMG\robocam_2025_04_03_22_44_45_449.jpg;0;0;0;2.941133;140.0596;106.2166;358.578;315.2001;-0.00471519
C:\Mark's Python files\ME5920\IMG\robocam_2025_04_03_22_44_45_521.jpg;0;0;0;2.900674;140.1883;106.0886;358.9805;315.2066;0.002237081
C:\Mark's Python files\ME5920\IMG\robocam_2025_04_03_22_44_45_593.jpg;0;0;0;2.889783;140.3583;105.9198;359.4689;315.2105;0.02935347
C:\Mark's Python files\ME5920\IMG\robocam_2025_04_03_22_44_45_663.jpg;0;0;0;2.87708;140.4846;105.7943;359.782;315.2109;0.04634853
C:\Mark's Python files\ME5920\IMG\robocam_2025_04_03_22_44_45_734.jpg;0;0;0;2.867708;140.6515;105.6286;0.1209122;315.211;0.06510099
C:\Mark's Python files\ME5920\IMG\robocam_2025_04_03_22_44_45_805.jpg;0;0;0;2.855382;140.7755;105.5055;0.3140154;315.2111;0.07619685
C:\Mark's Python files\ME5920\IMG\robocam_2025_04_03_22_44_45_876.jpg;0;0;0;2.846237;140.939;105.3429;0.4856456;315.2088;0.08162093
C:\Mark's Python files\ME5920\IMG\robocam_2025_04_03_22_44_45_946.jpg;0;0;0;2.83408;141.0602;105.2222;0.5465674;315.2017;0.07126857
C:\Mark's Python files\ME5920\IMG\robocam_2025_04_03_22_44_46_015.jpg;0;0;0;2.824972;141.2203;105.0625;0.5576722;315.1902;0.0521782
C:\Mark's Python files\ME5920\IMG\robocam_2025_04_03_22_44_46_088.jpg;0;0;0;2.812851;141.3394;104.9437;0.5226873;315.1816;0.03780867
C:\Mark's Python files\ME5920\IMG\robocam_2025_04_03_22_44_46_157.jpg;0;0;0;2.803762;141.497;104.7865;0.4315778;315.1722;0.0228345
C:\Mark's Python files\ME5920\IMG\robocam_2025_04_03_22_44_46_198.jpg;0;0;0.1119228;2.790158;141.5753;104.7085;0.3699161;315.1688;0.01829842
C:\Mark's Python files\ME5920\IMG\robocam_2025_04_03_22_44_46_264.jpg;0;0;0.2314476;2.770074;141.6913;104.593;0.2329095;315.1671;0.01878882
C:\Mark's Python files\ME5920\IMG\robocam_2025_04_03_22_44_46_333.jpg;0;0;0.4420965;2.706156;141.8391;104.446;359.8491;315.1675;0.02376265
C:\Mark's Python files\ME5920\IMG\robocam_2025_04_03_22_44_46_374.jpg;0;0;0.6347872;2.567089;141.9087;104.3763;359.5655;315.1554;-0.002065751
C:\Mark's Python files\ME5920\IMG\robocam_2025_04_03_22_44_46_439.jpg;0;0;0.7556936;2.471383;142.0071;104.2784;359.0254;315.1571;-0.003410492
C:\Mark's Python files\ME5920\IMG\robocam_2025_04_03_22_44_46_511.jpg;0;0;0.966296;2.304574;142.1267;104.1593;358.1962;315.1593;359.9935
C:\Mark's Python files\ME5920\IMG\robocam_2025_04_03_22_44_46_583.jpg;0;0;1;2.148906;142.213;104.0734;357.7701;315.1608;-0.005723123
C:\Mark's Python files\ME5920\IMG\robocam_2025_04_03_22_44_46_654.jpg;0;0;1;2.028949;142.3242;103.9632;357.5178;315.1912;0.02149316
C:\Mark's Python files\ME5920\IMG\robocam_2025_04_03_22_44_46_694.jpg;0;0;1;1.872815;142.3779;103.9087;357.5742;315.2019;359.994
C:\Mark's Python files\ME5920\IMG\robocam_2025_04_03_22_44_46_762.jpg;0;0;1;1.787917;142.4568;103.8304;357.7861;315.2114;0.002075632
C:\Mark's Python files\ME5920\IMG\robocam_2025_04_03_22_44_46_832.jpg;0;0;1;1.669833;142.5574;103.7299;358.3594;315.2385;0.00435048
C:\Mark's Python files\ME5920\IMG\robocam_2025_04_03_22_44_46_903.jpg;0;0;1;1.494396;142.626;103.6612;358.8689;315.2524;-0.001618136
C:\Mark's Python files\ME5920\IMG\robocam_2025_04_03_22_44_46_972.jpg;0;0;1;1.209265;142.6914;103.596;358.7828;315.2404;0.0002423663
C:\Mark's Python files\ME5920\IMG\robocam_2025_04_03_22_44_47_041.jpg;0;0;1;0.9341869;142.7274;103.5601;358.483;315.1312;359.9924
C:\Mark's Python files\ME5920\IMG\robocam_2025_04_03_22_44_47_112.jpg;0;0;1;0.7952755;142.7667;103.5192;358.2634;314.7804;359.9886
C:\Mark's Python files\ME5920\IMG\robocam_2025_04_03_22_44_47_184.jpg;0;0;1;0.517142;142.7859;103.498;358.1041;314.6138;0.001272125
C:\Mark's Python files\ME5920\IMG\robocam_2025_04_03_22_44_47_254.jpg;0;0;1;0.3133688;142.7994;103.4818;357.979;314.4961;0.009425708
C:\Mark's Python files\ME5920\IMG\robocam_2025_04_03_22_44_47_324.jpg;0;0;1;0.04528652;142.7996;103.4815;357.8977;314.4978;359.99
C:\Mark's Python files\ME5920\IMG\robocam_2025_04_03_22_44_47_396.jpg;0;0;1;-0.0502783;142.7997;103.4814;358.1952;314.4992;-0.003810681
C:\Mark's Python files\ME5920\IMG\robocam_2025_04_03_22_44_47_468.jpg;0;0;1;-0.1579647;142.7998;103.4814;358.738;314.5036;-0.004152428
C:\Mark's Python files\ME5920\IMG\robocam_2025_04_03_22_44_47_539.jpg;0;0;1;-0.1844167;142.7995;103.4817;359.5548;314.5037;359.9815
C:\Mark's Python files\ME5920\IMG\robocam_2025_04_03_22_44_47_608.jpg;0;0;1;-0.1703306;142.7993;103.4818;0.1268898;314.5038;359.9722
C:\Mark's Python files\ME5920\IMG\robocam_2025_04_03_22_44_47_677.jpg;0;0;0;-0.1569395;142.7992;103.482;0.8033758;314.5089;359.9797
C:\Mark's Python files\ME5920\IMG\robocam_2025_04_03_22_44_47_746.jpg;0;0;0;-0.1208719;142.7991;103.4821;1.203026;314.5081;0.01934672
C:\Mark's Python files\ME5920\IMG\robocam_2025_04_03_22_44_47_816.jpg;0;0;0;-0.06826356;142.7986;103.4819;1.430041;314.5083;-0.002584964
C:\Mark's Python files\ME5920\IMG\robocam_2025_04_03_22_44_47_885.jpg;0;0;0;0.02408185;142.7987;103.482;1.331876;314.5067;0.008791121
C:\Mark's Python files\ME5920\IMG\robocam_2025_04_03_22_44_47_954.jpg;0;0;0;0.05451343;142.7981;103.4814;1.053776;314.5065;0.005177545
C:\Mark's Python files\ME5920\IMG\robocam_2025_04_03_22_44_48_026.jpg;-3.080119;0;0;0.06234168;142.7982;103.4813;0.8436425;314.1387;0.02451082
C:\Mark's Python files\ME5920\IMG\robocam_2025_04_03_22_44_48_098.jpg;-6.284079;0;0;0.06272423;142.7982;103.4813;0.561612;312.8266;0.05044079
C:\Mark's Python files\ME5920\IMG\robocam_2025_04_03_22_44_48_137.jpg;-9.43564;0;0;0.06123902;142.7982;103.4812;0.4225506;311.8813;0.05903483
C:\Mark's Python files\ME5920\IMG\robocam_2025_04_03_22_44_48_204.jpg;-11.14297;0;0;0.05974809;142.7983;103.4812;0.2197208;310.0637;0.06331563
C:\Mark's Python files\ME5920\IMG\robocam_2025_04_03_22_44_48_276.jpg;-14.35611;0;0;0.05668392;142.7984;103.4811;359.9663;306.8148;0.04773654
C:\Mark's Python files\ME5920\IMG\robocam_2025_04_03_22_44_48_347.jpg;-15;0;0;0.05123995;142.7984;103.4811;359.7944;304.1148;0.0181484
C:\Mark's Python files\ME5920\IMG\robocam_2025_04_03_22_44_48_418.jpg;-15;0;0;0.04631408;142.7985;103.481;359.5956;300.5146;359.9601
C:\Mark's Python files\ME5920\IMG\robocam_2025_04_03_22_44_48_489.jpg;-15;0;0;0.03890881;142.7985;103.4809;359.4404;296.9144;359.894
C:\Mark's Python files\ME5920\IMG\robocam_2025_04_03_22_44_48_558.jpg;-15;0;0;0.02822944;142.7986;103.4809;359.3639;294.2143;359.8571
C:\Mark's Python files\ME5920\IMG\robocam_2025_04_03_22_44_48_627.jpg;-15;0;0;0.0171662;142.7986;103.4809;359.315;291.5142;359.829
C:\Mark's Python files\ME5920\IMG\robocam_2025_04_03_22_44_48_699.jpg;-15;0;0;0.01109028;142.7986;103.4809;359.2857;287.9142;359.8046
C:\Mark's Python files\ME5920\IMG\robocam_2025_04_03_22_44_48_738.jpg;-15;0;0;0;142.7986;103.4808;359.2838;286.1143;359.7977
C:\Mark's Python files\ME5920\IMG\robocam_2025_04_03_22_44_48_807.jpg;-15;0;0;0;142.7986;103.4808;359.2942;283.4146;359.7938
C:\Mark's Python files\ME5920\IMG\robocam_2025_04_03_22_44_48_880.jpg;-15;0;0;-0.01089781;142.7986;103.4808;359.3272;279.8149;359.799
C:\Mark's Python files\ME5920\IMG\robocam_2025_04_03_22_44_48_948.jpg;-15;0;0;-0.01425106;142.7985;103.4809;359.3623;277.1154;359.8096
C:\Mark's Python files\ME5920\IMG\robocam_2025_04_03_22_44_49_020.jpg;-15;0;0;-0.01658294;142.7985;103.4809;359.4192;273.5159;359.8319
C:\Mark's Python files\ME5920\IMG\robocam_2025_04_03_22_44_49_092.jpg;-15;0;0;-0.01918981;142.7985;103.4809;359.4847;269.9164;359.864
C:\Mark's Python files\ME5920\IMG\robocam_2025_04_03_22_44_49_162.jpg;-15;0;0;-0.02065985;142.7985;103.4809;359.5371;267.2168;359.894
C:\Mark's Python files\ME5920\IMG\robocam_2025_04_03_22_44_49_235.jpg;-15;0;0;-0.02192727;142.7984;103.4809;359.6087;263.6172;359.9399
C:\Mark's Python files\ME5920\IMG\robocam_2025_04_03_22_44_49_305.jpg;-15;0;0;-0.02241189;142.7984;103.481;359.6619;260.9175;359.9779
C:\Mark's Python files\ME5920\IMG\robocam_2025_04_03_22_44_49_376.jpg;-15;0;0;-0.02229292;142.7984;103.481;359.7302;257.3178;0.03097424
C:\Mark's Python files\ME5920\IMG\robocam_2025_04_03_22_44_49_450.jpg;-15;0;0;-0.02155633;142.7984;103.481;359.7935;253.7179;0.08469893
C:\Mark's Python files\ME5920\IMG\robocam_2025_04_03_22_44_49_522.jpg;-15;0;0;-0.0206273;142.7984;103.4811;359.837;251.018;0.1239117
C:\Mark's Python files\ME5920\IMG\robocam_2025_04_03_22_44_49_594.jpg;-15;0;0;-0.01898519;142.7983;103.4811;359.8889;247.4179;0.1729225
C:\Mark's Python files\ME5920\IMG\robocam_2025_04_03_22_44_49_665.jpg;-15;0;0;-0.01700703;142.7983;103.4811;359.9231;244.7178;0.2061274
C:\Mark's Python files\ME5920\IMG\robocam_2025_04_03_22_44_49_736.jpg;-15;0;0;-0.01539308;142.7983;103.4811;359.9624;241.1177;0.2443256
C:\Mark's Python files\ME5920\IMG\robocam_2025_04_03_22_44_49_807.jpg;-15;0;0;-0.01320032;142.7983;103.4812;359.9873;238.4176;0.2677197
C:\Mark's Python files\ME5920\IMG\robocam_2025_04_03_22_44_49_877.jpg;-15;0;0;-0.01162357;142.7983;103.4812;0.01510738;234.8174;0.2912115
C:\Mark's Python files\ME5920\IMG\robocam_2025_04_03_22_44_49_947.jpg;-15;0;0;0;142.7983;103.4812;0.03231087;232.1173;0.3028123
C:\Mark's Python files\ME5920\IMG\robocam_2025_04_03_22_44_50_018.jpg;-15;0;0;0;142.7983;103.4812;0.05115269;228.5171;0.310218
C:\Mark's Python files\ME5920\IMG\robocam_2025_04_03_22_44_50_088.jpg;-15;0;0;0;142.7983;103.4812;0.06274869;225.817;0.3099039
C:\Mark's Python files\ME5920\IMG\robocam_2025_04_03_22_44_50_158.jpg;-15;0;0;0;142.7984;103.4812;0.07558713;222.2169;0.302178
C:\Mark's Python files\ME5920\IMG\robocam_2025_04_03_22_44_50_229.jpg;-15;0;0;0;142.7984;103.4812;0.08621889;218.6169;0.2869553
C:\Mark's Python files\ME5920\IMG\robocam_2025_04_03_22_44_50_301.jpg;-15;0;0;0;142.7984;103.4812;0.09319127;215.9169;0.2712993
C:\Mark's Python files\ME5920\IMG\robocam_2025_04_03_22_44_50_371.jpg;-15;0;0;0;142.7984;103.4812;0.1016167;212.3168;0.245801
C:\Mark's Python files\ME5920\IMG\robocam_2025_04_03_22_44_50_441.jpg;-15;0;0;0;142.7984;103.4812;0.1075153;209.6168;0.2239521
C:\Mark's Python files\ME5920\IMG\robocam_2025_04_03_22_44_50_512.jpg;-15;0;0;0;142.7984;103.4812;0.115025;206.0168;0.1922839
C:\Mark's Python files\ME5920\IMG\robocam_2025_04_03_22_44_50_582.jpg;-15;0;0;0;142.7984;103.4812;0.120449;203.3168;0.1673596
C:\Mark's Python files\ME5920\IMG\robocam_2025_04_03_22_44_50_654.jpg;-15;0;0;0;142.7984;103.4812;0.1273791;199.7168;0.1335686
C:\Mark's Python files\ME5920\IMG\robocam_2025_04_03_22_44_50_724.jpg;-15;0;0;0;142.7984;103.4812;0.1322686;197.0169;0.1084269
C:\Mark's Python files\ME5920\IMG\robocam_2025_04_03_22_44_50_795.jpg;-15;0;0;0;142.7984;103.4812;0.1381928;193.4169;0.07596546
C:\Mark's Python files\ME5920\IMG\robocam_2025_04_03_22_44_50_865.jpg;-13.41067;0;0;0;142.7985;103.4812;0.1421128;190.8123;0.05263928
C:\Mark's Python files\ME5920\IMG\robocam_2025_04_03_22_44_50_936.jpg;-10.21513;0;0;0;142.7985;103.4811;0.1464249;188.1678;0.02176452
C:\Mark's Python files\ME5920\IMG\robocam_2025_04_03_22_44_51_007.jpg;-7.008131;0.1078926;0;0;142.7985;103.4812;0.14789;187.2137;-0.002469054
C:\Mark's Python files\ME5920\IMG\robocam_2025_04_03_22_44_51_077.jpg;-3.827351;0.3199446;0;0.01962752;142.7974;103.481;0.1696001;187.3997;359.9661
C:\Mark's Python files\ME5920\IMG\robocam_2025_04_03_22_44_51_148.jpg;-0.6207678;0.5337168;0;0.04283753;142.7937;103.4805;0.2423204;187.4753;359.945
C:\Mark's Python files\ME5920\IMG\robocam_2025_04_03_22_44_51_188.jpg;0;0.7351146;0;0.06964007;142.79;103.48;0.3147087;187.6461;359.9326
C:\Mark's Python files\ME5920\IMG\robocam_2025_04_03_22_44_51_255.jpg;0;0.8519698;0;0.08115056;142.7794;103.4784;0.4895314;187.531;359.9379
C:\Mark's Python files\ME5920\IMG\robocam_2025_04_03_22_44_51_325.jpg;0;1;0;0.1409118;142.7674;103.4766;0.673457;187.4395;359.9588
C:\Mark's Python files\ME5920\IMG\robocam_2025_04_03_22_44_51_395.jpg;0;1;0;0.2019581;142.7466;103.4737;0.956148;187.5241;0.008155741
C:\Mark's Python files\ME5920\IMG\robocam_2025_04_03_22_44_51_468.jpg;0;1;0;0.2635226;142.7264;103.4714;1.200706;187.4943;0.01281305
C:\Mark's Python files\ME5920\IMG\robocam_2025_04_03_22_44_51_537.jpg;0;1;0;0.2944132;142.699;103.4678;1.299816;187.5346;-0.003895224
C:\Mark's Python files\ME5920\IMG\robocam_2025_04_03_22_44_51_608.jpg;0;1;0;0.3901803;142.6782;103.465;1.159062;187.548;-0.001238919
C:\Mark's Python files\ME5920\IMG\robocam_2025_04_03_22_44_51_680.jpg;0;1;0;0.451926;142.6436;103.4605;1.077639;187.6011;-0.000169504
C:\Mark's Python files\ME5920\IMG\robocam_2025_04_03_22_44_51_751.jpg;0;1;0;0.5142919;142.6016;103.455;1.113336;187.6472;-0.0002704838
C:\Mark's Python files\ME5920\IMG\robocam_2025_04_03_22_44_51_825.jpg;0;1;0;0.5771726;142.5663;103.4504;1.185033;187.6355;2.615241E-05
C:\Mark's Python files\ME5920\IMG\robocam_2025_04_03_22_44_51_897.jpg;0;1;0;0.621466;142.5155;103.4439;1.241152;187.8112;-0.003677159
C:\Mark's Python files\ME5920\IMG\robocam_2025_04_03_22_44_51_936.jpg;0;1;0;0.6789864;142.4888;103.4404;1.232063;187.8806;-0.001642506
C:\Mark's Python files\ME5920\IMG\robocam_2025_04_03_22_44_52_005.jpg;0;1;0;0.7203082;142.4469;103.4349;1.195051;187.8155;0.0001164587
C:\Mark's Python files\ME5920\IMG\robocam_2025_04_03_22_44_52_078.jpg;0;1;0;0.769761;142.3853;103.4266;1.194401;187.8546;-0.0009784236
C:\Mark's Python files\ME5920\IMG\robocam_2025_04_03_22_44_52_117.jpg;0;1;0;0.8371995;142.3521;103.4221;1.205817;187.8817;-0.001301439
C:\Mark's Python files\ME5920\IMG\robocam_2025_04_03_22_44_52_187.jpg;0;1;0;0.8797932;142.3;103.4151;1.217707;187.8431;-0.0007032414
C:\Mark's Python files\ME5920\IMG\robocam_2025_04_03_22_44_52_257.jpg;0;1;0;0.9229732;142.2257;103.4052;1.227041;187.8342;-0.0008730237
C:\Mark's Python files\ME5920\IMG\robocam_2025_04_03_22_44_52_329.jpg;0;1;0;0.9879659;142.1467;103.3946;1.214156;187.8255;-0.0007928534
C:\Mark's Python files\ME5920\IMG\robocam_2025_04_03_22_44_52_369.jpg;0;1;0;1.032468;142.1052;103.3891;1.217736;187.8219;-0.0004068083
C:\Mark's Python files\ME5920\IMG\robocam_2025_04_03_22_44_52_436.jpg;0;1;0;1.06931;142.0405;103.3804;1.22931;187.8144;-0.0008476721
C:\Mark's Python files\ME5920\IMG\robocam_2025_04_03_22_44_52_509.jpg;0;1;0;1.133021;141.9501;103.3684;1.223553;187.7972;-0.000749624
C:\Mark's Python files\ME5920\IMG\robocam_2025_04_03_22_44_52_579.jpg;-3.228061;1;0;1.181379;141.8789;103.3598;1.224674;187.6474;-0.0002090622
C:\Mark's Python files\ME5920\IMG\robocam_2025_04_03_22_44_52_652.jpg;-6.455016;1;0;1.244101;141.7794;103.3501;1.225763;187.0774;0.00148692
C:\Mark's Python files\ME5920\IMG\robocam_2025_04_03_22_44_52_725.jpg;-9.744227;1;0;1.299628;141.7016;103.3447;1.224928;186.3568;-0.00183678
C:\Mark's Python files\ME5920\IMG\robocam_2025_04_03_22_44_52_799.jpg;-9.721116;1;0;1.345334;141.5933;103.3403;1.227749;185.1046;359.9826
C:\Mark's Python files\ME5920\IMG\robocam_2025_04_03_22_44_52_871.jpg;-6.44706;1;0;1.409197;141.4798;103.3357;1.23764;184.1213;0.003135842
C:\Mark's Python files\ME5920\IMG\robocam_2025_04_03_22_44_52_943.jpg;-3.233907;1;0;1.470764;141.3913;103.3323;1.249354;183.6475;0.001989872
C:\Mark's Python files\ME5920\IMG\robocam_2025_04_03_22_44_52_982.jpg;-0.08961299;1;0;1.517792;141.3309;103.3296;1.253787;183.4802;0.0008682288
C:\Mark's Python files\ME5920\IMG\robocam_2025_04_03_22_44_53_052.jpg;0;1;0;1.549949;141.2063;103.3229;1.258842;183.3988;-0.0007887037
C:\Mark's Python files\ME5920\IMG\robocam_2025_04_03_22_44_53_123.jpg;-1.615163;1;0;1.610939;141.1097;103.3179;1.258609;183.3156;-0.000421866
C:\Mark's Python files\ME5920\IMG\robocam_2025_04_03_22_44_53_193.jpg;-4.843508;1;0;1.657521;140.9766;103.3134;1.256616;182.8376;0.001305947
C:\Mark's Python files\ME5920\IMG\robocam_2025_04_03_22_44_53_265.jpg;-8.01418;1;0;1.716411;140.8736;103.3121;1.25723;182.1691;0.002438697
C:\Mark's Python files\ME5920\IMG\robocam_2025_04_03_22_44_53_336.jpg;-4.882023;1;0;1.761309;140.7318;103.3121;1.263864;181.2567;0.002132018
C:\Mark's Python files\ME5920\IMG\robocam_2025_04_03_22_44_53_407.jpg;-1.617822;1;0;1.823369;140.6222;103.312;1.27381;180.8375;0.0009691124
C:\Mark's Python files\ME5920\IMG\robocam_2025_04_03_22_44_53_479.jpg;0;1;0;1.867947;140.4718;103.3109;1.287565;180.7118;-0.0008369094
C:\Mark's Python files\ME5920\IMG\robocam_2025_04_03_22_44_53_552.jpg;0;1;0;1.929311;140.3168;103.3096;1.291982;180.6883;-0.0010906
C:\Mark's Python files\ME5920\IMG\robocam_2025_04_03_22_44_53_624.jpg;0;1;0;1.989299;140.1973;103.3086;1.295247;180.6764;-0.001109762
C:\Mark's Python files\ME5920\IMG\robocam_2025_04_03_22_44_53_696.jpg;0;1;0;2.034179;140.0338;103.3074;1.300584;180.6614;-0.001151984
C:\Mark's Python files\ME5920\IMG\robocam_2025_04_03_22_44_53_768.jpg;0;1;0;2.093707;139.908;103.3064;1.306189;180.649;-0.001162448
C:\Mark's Python files\ME5920\IMG\robocam_2025_04_03_22_44_53_840.jpg;-1.653772;1;0;2.138266;139.7363;103.3056;1.305462;180.5554;-0.000818341
C:\Mark's Python files\ME5920\IMG\robocam_2025_04_03_22_44_53_912.jpg;-4.870229;1;0;2.196258;139.56;103.3076;1.30215;180.01;0.001173868
C:\Mark's Python files\ME5920\IMG\robocam_2025_04_03_22_44_53_952.jpg;-8.01432;1;0;2.253476;139.4701;103.3101;1.303862;179.5313;0.002020231
C:\Mark's Python files\ME5920\IMG\robocam_2025_04_03_22_44_54_020.jpg;-9.735692;1;0;2.267112;139.3335;103.3172;1.299994;178.4805;359.9732
C:\Mark's Python files\ME5920\IMG\robocam_2025_04_03_22_44_54_092.jpg;-6.46794;1;0;2.322946;139.1479;103.3294;1.26534;177.0963;359.9551
C:\Mark's Python files\ME5920\IMG\robocam_2025_04_03_22_44_54_162.jpg;-3.328871;1;0;2.382528;139.0055;103.3394;1.249092;176.4233;359.9623
C:\Mark's Python files\ME5920\IMG\robocam_2025_04_03_22_44_54_233.jpg;-0.1242272;1;0;2.426034;138.8106;103.3524;1.284769;176.0872;359.9911
C:\Mark's Python files\ME5920\IMG\robocam_2025_04_03_22_44_54_302.jpg;0;1;0;2.48182;138.6612;103.3624;1.332117;176.0497;-0.002248433
C:\Mark's Python files\ME5920\IMG\robocam_2025_04_03_22_44_54_374.jpg;0;1;0;2.52489;138.4588;103.3766;1.34356;176.0257;-0.001417761
C:\Mark's Python files\ME5920\IMG\robocam_2025_04_03_22_44_54_415.jpg;0;1;0;2.583574;138.356;103.3841;1.338797;176.0139;-0.001367745
C:\Mark's Python files\ME5920\IMG\robocam_2025_04_03_22_44_54_487.jpg;0;1;0;2.612034;138.1997;103.3956;1.337648;176.0023;-0.0009120255
C:\Mark's Python files\ME5920\IMG\robocam_2025_04_03_22_44_54_557.jpg;0;1;0;2.65431;137.9871;103.4113;1.345805;175.9836;-0.001345064
C:\Mark's Python files\ME5920\IMG\robocam_2025_04_03_22_44_54_630.jpg;0;1;0;2.710895;137.77;103.4275;1.352623;175.9679;-0.001386007
C:\Mark's Python files\ME5920\IMG\robocam_2025_04_03_22_44_54_704.jpg;0;1;0;2.767266;137.6043;103.4399;1.355591;175.9565;-0.001405118
C:\Mark's Python files\ME5920\IMG\robocam_2025_04_03_22_44_54_776.jpg;0;1;0;2.809383;137.3795;103.4567;1.356378;175.9411;-0.001405385
C:\Mark's Python files\ME5920\IMG\robocam_2025_04_03_22_44_54_847.jpg;0;1;0;2.865294;137.208;103.4696;1.355213;175.9292;-0.001393588
C:\Mark's Python files\ME5920\IMG\robocam_2025_04_03_22_44_54_920.jpg;0;1;0;2.906746;136.9752;103.4872;1.36478;175.9113;-0.001417293
C:\Mark's Python files\ME5920\IMG\robocam_2025_04_03_22_44_54_992.jpg;0;1;0;2.962252;136.7382;103.5052;1.367272;175.8944;-0.001450494
C:\Mark's Python files\ME5920\IMG\robocam_2025_04_03_22_44_55_065.jpg;0;1;0;3.0175;136.5575;103.5189;1.369403;175.8831;-0.001009822
C:\Mark's Python files\ME5920\IMG\robocam_2025_04_03_22_44_55_137.jpg;0;1;0;3.058472;136.3128;103.5376;1.37401;175.8632;-0.001478414
C:\Mark's Python files\ME5920\IMG\robocam_2025_04_03_22_44_55_208.jpg;0;0.8923774;0;3.113302;136.0639;103.5567;1.375407;175.8457;-0.001367979
C:\Mark's Python files\ME5920\IMG\robocam_2025_04_03_22_44_55_282.jpg;0;0.6736486;0;3.148247;135.875;103.5712;1.370865;175.8317;-0.0009535645
C:\Mark's Python files\ME5920\IMG\robocam_2025_04_03_22_44_55_354.jpg;0;0.4547467;0;3.177549;135.6217;103.5908;1.342185;175.8069;-0.0008012195
C:\Mark's Python files\ME5920\IMG\robocam_2025_04_03_22_44_55_425.jpg;0;0.2428436;0;3.192033;135.4316;103.6055;1.291051;175.7864;-0.0007266924
C:\Mark's Python files\ME5920\IMG\robocam_2025_04_03_22_44_55_499.jpg;0;0.02624567;0;3.191559;135.1793;103.6252;1.161339;175.7596;-0.0005602973
C:\Mark's Python files\ME5920\IMG\robocam_2025_04_03_22_44_55_538.jpg;0;0;0;3.179813;135.054;103.635;1.068388;175.7467;-0.0004572218
C:\Mark's Python files\ME5920\IMG\robocam_2025_04_03_22_44_55_605.jpg;0;0;0;3.173076;134.8671;103.6496;0.9008797;175.7285;-0.0001499092
C:\Mark's Python files\ME5920\IMG\robocam_2025_04_03_22_44_55_677.jpg;0;0;0;3.162936;134.6194;103.669;0.6420568;175.7072;0.002192335
C:\Mark's Python files\ME5920\IMG\robocam_2025_04_03_22_44_55_748.jpg;0;0;0;3.14939;134.4346;103.6834;0.4336331;175.6957;0.01104605
C:\Mark's Python files\ME5920\IMG\robocam_2025_04_03_22_44_55_818.jpg;0;0;0;3.139095;134.1893;103.7023;0.152253;175.6871;0.03371331
C:\Mark's Python files\ME5920\IMG\robocam_2025_04_03_22_44_55_890.jpg;0;0;0;3.125228;133.9446;103.7212;359.8955;175.6779;0.04859447
C:\Mark's Python files\ME5920\IMG\robocam_2025_04_03_22_44_55_962.jpg;0;0;0;3.114431;133.7613;103.7356;359.7377;175.6638;0.03335344
C:\Mark's Python files\ME5920\IMG\robocam_2025_04_03_22_44_56_036.jpg;0;0;0;3.099632;133.5171;103.7545;359.5725;175.6498;-0.001325881
C:\Mark's Python files\ME5920\IMG\robocam_2025_04_03_22_44_56_109.jpg;0;0.2228748;0;3.087785;133.2727;103.7728;359.4603;175.654;359.9936
C:\Mark's Python files\ME5920\IMG\robocam_2025_04_03_22_44_56_148.jpg;0;0.432504;0;3.088072;133.1499;103.782;359.4365;175.6582;0.0002641223
C:\Mark's Python files\ME5920\IMG\robocam_2025_04_03_22_44_56_217.jpg;0;0.5485083;0;3.094786;132.9643;103.7961;359.4409;175.6603;0.006012799
C:\Mark's Python files\ME5920\IMG\robocam_2025_04_03_22_44_56_288.jpg;0;0.7628781;0;3.119063;132.7766;103.8103;359.5032;175.6607;0.01045562
C:\Mark's Python files\ME5920\IMG\robocam_2025_04_03_22_44_56_359.jpg;0;0.9761967;0;3.148223;132.5217;103.8297;359.6949;175.6608;0.01532173
C:\Mark's Python files\ME5920\IMG\robocam_2025_04_03_22_44_56_432.jpg;0;1;0;3.198254;132.2605;103.8495;0.009613401;175.6607;0.01904837
C:\Mark's Python files\ME5920\IMG\robocam_2025_04_03_22_44_56_503.jpg;0;1;0;3.249825;132.0609;103.8647;0.3070773;175.6606;0.02110447
C:\Mark's Python files\ME5920\IMG\robocam_2025_04_03_22_44_56_574.jpg;1.630323;1;0;3.288699;131.791;103.8851;0.7165931;175.7288;-0.0008753733
C:\Mark's Python files\ME5920\IMG\robocam_2025_04_03_22_44_56_645.jpg;4.887275;1;0;3.340841;131.5857;103.8983;1.012445;176.1083;0.005566565
C:\Mark's Python files\ME5920\IMG\robocam_2025_04_03_22_44_56_685.jpg;7.898238;1;0;3.378725;131.4478;103.9051;1.196876;176.6057;0.03572077
C:\Mark's Python files\ME5920\IMG\robocam_2025_04_03_22_44_56_755.jpg;9.675392;1;0;3.402675;131.1711;103.9134;1.430862;178.178;0.0960394
C:\Mark's Python files\ME5920\IMG\robocam_2025_04_03_22_44_56_826.jpg;12.93099;1;0;3.443653;130.966;103.914;1.344192;179.8959;0.07687388
C:\Mark's Python files\ME5920\IMG\robocam_2025_04_03_22_44_56_865.jpg;15;1;0;3.489372;130.8284;103.9085;1.247237;181.3445;0.137723
C:\Mark's Python files\ME5920\IMG\robocam_2025_04_03_22_44_56_934.jpg;15;1;0;3.51182;130.5527;103.8863;0.9732352;184.3866;0.3895986
C:\Mark's Python files\ME5920\IMG\robocam_2025_04_03_22_44_57_004.jpg;11.82452;1;0;3.559138;130.3459;103.8617;0.6845875;186.5601;0.6156609
C:\Mark's Python files\ME5920\IMG\robocam_2025_04_03_22_44_57_077.jpg;8.636032;1;0;3.597189;130.0685;103.8203;0.2686526;188.8156;0.9471277
C:\Mark's Python files\ME5920\IMG\robocam_2025_04_03_22_44_57_149.jpg;5.371727;1;0;3.646607;129.7875;103.7719;359.8962;190.3366;1.204437
C:\Mark's Python files\ME5920\IMG\robocam_2025_04_03_22_44_57_189.jpg;2.16199;1;0;3.675015;129.6434;103.747;359.847;190.7618;1.197112
C:\Mark's Python files\ME5920\IMG\robocam_2025_04_03_22_44_57_257.jpg;0.4392232;1;0;3.691851;129.4225;103.7079;359.9473;191.0898;1.066666
C:\Mark's Python files\ME5920\IMG\robocam_2025_04_03_22_44_57_331.jpg;0;1;0;3.75213;129.1236;103.6515;0.1542862;191.2055;0.8621905
C:\Mark's Python files\ME5920\IMG\robocam_2025_04_03_22_44_57_403.jpg;3.253887;1;0;3.801602;128.897;103.6055;0.3351013;191.4386;0.7510341
C:\Mark's Python files\ME5920\IMG\robocam_2025_04_03_22_44_57_473.jpg;6.52222;1;0;3.837592;128.5926;103.5384;0.5871022;192.3166;0.6637854
C:\Mark's Python files\ME5920\IMG\robocam_2025_04_03_22_44_57_546.jpg;9.686912;0.8933257;0;3.885366;128.3642;103.4831;0.7072397;193.4417;0.6079999
C:\Mark's Python files\ME5920\IMG\robocam_2025_04_03_22_44_57_620.jpg;13.01128;0.8920643;0;3.913553;128.0628;103.3992;0.6958835;195.7036;0.5957425
C:\Mark's Python files\ME5920\IMG\robocam_2025_04_03_22_44_57_689.jpg;15;1;0;3.952293;127.7655;103.3;0.5453359;198.6034;0.7528462
C:\Mark's Python files\ME5920\IMG\robocam_2025_04_03_22_44_57_761.jpg;15;1;0;3.982771;127.5457;103.2163;0.3212202;200.9672;0.9294799
C:\Mark's Python files\ME5920\IMG\robocam_2025_04_03_22_44_57_833.jpg;15;1;0;4.025274;127.2573;103.0914;359.918;204.068;1.257216
C:\Mark's Python files\ME5920\IMG\robocam_2025_04_03_22_44_57_901.jpg;13.44209;1;0;4.055121;127.0387;102.9903;359.8212;206.0207;1.328497
C:\Mark's Python files\ME5920\IMG\robocam_2025_04_03_22_44_57_972.jpg;10.30368;1;0;4.075956;126.7445;102.8431;0.01752392;208.2731;1.240589
C:\Mark's Python files\ME5920\IMG\robocam_2025_04_03_22_44_58_043.jpg;7.166513;1;0;4.130226;126.5257;102.724;0.1374938;209.7636;1.121909
C:\Mark's Python files\ME5920\IMG\robocam_2025_04_03_22_44_58_115.jpg;3.981805;1;0;4.164515;126.2376;102.5567;0.1336231;211.2858;0.9637336
C:\Mark's Python files\ME5920\IMG\robocam_2025_04_03_22_44_58_186.jpg;0.7437844;1;0;4.214998;126.0217;102.4246;0.1546526;211.8909;0.9225655
C:\Mark's Python files\ME5920\IMG\robocam_2025_04_03_22_44_58_257.jpg;-1.720458;1;0;4.250507;125.7306;102.2451;0.2432251;212.064;0.8472674
C:\Mark's Python files\ME5920\IMG\robocam_2025_04_03_22_44_58_329.jpg;-4.953609;1;0;4.297347;125.4337;102.0652;0.402175;211.5655;0.677204
C:\Mark's Python files\ME5920\IMG\robocam_2025_04_03_22_44_58_401.jpg;-8.183732;1;0;4.331256;125.2059;101.9326;0.569077;210.6837;0.4489798
C:\Mark's Python files\ME5920\IMG\robocam_2025_04_03_22_44_58_472.jpg;-4.953218;1;0;4.375677;124.8958;101.7585;0.853502;209.3799;0.05862566
C:\Mark's Python files\ME5920\IMG\robocam_2025_04_03_22_44_58_544.jpg;-1.78979;1;0;4.422449;124.6609;101.6278;1.051278;208.7478;359.8074
C:\Mark's Python files\ME5920\IMG\robocam_2025_04_03_22_44_58_615.jpg;0;1;0;4.457385;124.3478;101.4517;1.181049;208.441;359.6564
C:\Mark's Python files\ME5920\IMG\robocam_2025_04_03_22_44_58_686.jpg;-1.59871;1;0;4.49807;124.1138;101.3195;1.096012;208.2936;359.7213
C:\Mark's Python files\ME5920\IMG\robocam_2025_04_03_22_44_58_757.jpg;-4.759812;1;0;4.546137;123.7943;101.1479;1.003488;207.7366;359.6997
C:\Mark's Python files\ME5920\IMG\robocam_2025_04_03_22_44_58_797.jpg;-4.850482;1;0;4.591125;123.6318;101.0642;0.9720523;207.2789;359.6416
C:\Mark's Python files\ME5920\IMG\robocam_2025_04_03_22_44_58_867.jpg;-3.113492;1;0;4.614003;123.3858;100.9392;0.918379;206.6066;359.5638
C:\Mark's Python files\ME5920\IMG\robocam_2025_04_03_22_44_58_938.jpg;0;1;0;4.650006;123.0548;100.7722;0.8213809;206.1294;359.5312
C:\Mark's Python files\ME5920\IMG\robocam_2025_04_03_22_44_59_009.jpg;0;1;0;4.696833;122.7187;100.6048;0.775805;206.0254;359.5031
C:\Mark's Python files\ME5920\IMG\robocam_2025_04_03_22_44_59_082.jpg;0;1;0;4.742104;122.4638;100.4784;0.7731719;206.0255;359.5031
C:\Mark's Python files\ME5920\IMG\robocam_2025_04_03_22_44_59_152.jpg;0;1;0;4.776843;122.1202;100.3084;0.8139866;206.0527;359.5314
C:\Mark's Python files\ME5920\IMG\robocam_2025_04_03_22_44_59_223.jpg;0;1;0;4.821762;121.8599;100.1796;0.8693562;206.0843;359.5797
C:\Mark's Python files\ME5920\IMG\robocam_2025_04_03_22_44_59_264.jpg;0;1;0;4.856214;121.6853;100.0931;0.9181793;206.1058;359.6211
C:\Mark's Python files\ME5920\IMG\robocam_2025_04_03_22_44_59_334.jpg;0;1;0;4.878718;121.3331;99.91866;1.042156;206.1531;359.7206
C:\Mark's Python files\ME5920\IMG\robocam_2025_04_03_22_44_59_406.jpg;0;1;0;4.923591;121.0667;99.78643;1.152847;206.1928;359.8078
C:\Mark's Python files\ME5920\IMG\robocam_2025_04_03_22_44_59_446.jpg;0;1;0;4.957135;120.888;99.69761;1.2326;206.2213;359.8707
C:\Mark's Python files\ME5920\IMG\robocam_2025_04_03_22_44_59_515.jpg;0;1;0;4.979502;120.5282;99.51858;1.40189;206.273;-0.005017208
C:\Mark's Python files\ME5920\IMG\robocam_2025_04_03_22_44_59_555.jpg;0;1;0;5.01083;120.3468;99.4295;1.485443;206.2681;-0.0030767
C:\Mark's Python files\ME5920\IMG\robocam_2025_04_03_22_44_59_624.jpg;0;1;0;5.007957;120.0765;99.29687;1.490076;206.282;-0.002987937
C:\Mark's Python files\ME5920\IMG\robocam_2025_04_03_22_44_59_696.jpg;0;1;0;5.004815;119.7175;99.1217;1.401591;206.4449;359.9877
C:\Mark's Python files\ME5920\IMG\robocam_2025_04_03_22_44_59_766.jpg;0;1;0;5.029129;119.4474;98.99046;1.358614;205.8515;-0.002717792
C:\Mark's Python files\ME5920\IMG\robocam_2025_04_03_22_44_59_837.jpg;0;1;0;5.027652;119.0866;98.81645;1.344198;205.7145;-0.002282765
C:\Mark's Python files\ME5920\IMG\robocam_2025_04_03_22_44_59_909.jpg;0;1;0;5.008673;118.7246;98.64279;1.367023;205.6767;-0.002022098
C:\Mark's Python files\ME5920\IMG\robocam_2025_04_03_22_44_59_980.jpg;0;1;0;4.997289;118.4527;98.51281;1.39684;205.6379;-0.002134001
C:\Mark's Python files\ME5920\IMG\robocam_2025_04_03_22_45_00_053.jpg;0;1;0;5.008552;118.0897;98.33986;1.451575;205.6009;-0.001698861
C:\Mark's Python files\ME5920\IMG\robocam_2025_04_03_22_45_00_122.jpg;0;1;0;4.998251;117.8171;98.21042;1.498104;205.5649;-0.001639379
C:\Mark's Python files\ME5920\IMG\robocam_2025_04_03_22_45_00_195.jpg;0;0.8906164;0;5.009027;117.4546;98.03873;1.478765;205.5166;-0.002135145
C:\Mark's Python files\ME5920\IMG\robocam_2025_04_03_22_45_00_236.jpg;0;0.6772246;0;5.00431;117.2749;97.95388;1.414826;205.4853;-0.001356419
C:\Mark's Python files\ME5920\IMG\robocam_2025_04_03_22_45_00_305.jpg;0;0.5584015;0;5.002664;117.0043;97.82623;1.336767;205.4518;-0.001310632
C:\Mark's Python files\ME5920\IMG\robocam_2025_04_03_22_45_00_377.jpg;0;0.3445597;0;5.000986;116.6445;97.65683;1.196889;205.4052;-0.001060618
C:\Mark's Python files\ME5920\IMG\robocam_2025_04_03_22_45_00_449.jpg;0;0.1292242;0;4.996951;116.2857;97.48812;1.008456;205.3664;-0.0008700233
C:\Mark's Python files\ME5920\IMG\robocam_2025_04_03_22_45_00_522.jpg;0;0;0;4.986945;116.018;97.36235;0.8214236;205.3399;-0.0006603817
C:\Mark's Python files\ME5920\IMG\robocam_2025_04_03_22_45_00_593.jpg;0;0;0;4.965686;115.6633;97.19573;0.5215005;205.3091;-6.446258E-05
C:\Mark's Python files\ME5920\IMG\robocam_2025_04_03_22_45_00_664.jpg;0;0;0;4.944348;115.3988;97.0714;0.2740321;205.291;0.002815644
C:\Mark's Python files\ME5920\IMG\robocam_2025_04_03_22_45_00_704.jpg;0;0;0;4.92837;115.223;96.9887;0.1040927;205.2822;0.008325131
C:\Mark's Python files\ME5920\IMG\robocam_2025_04_03_22_45_00_771.jpg;0;0;0;4.91757;114.8719;96.82384;359.7988;205.2599;-0.002254056
C:\Mark's Python files\ME5920\IMG\robocam_2025_04_03_22_45_00_811.jpg;0;0;0;4.900476;114.6966;96.74116;359.6814;205.2562;0.002713521
C:\Mark's Python files\ME5920\IMG\robocam_2025_04_03_22_45_00_881.jpg;0;0;0;4.888807;114.4339;96.61752;359.5272;205.2483;-0.001319299
C:\Mark's Python files\ME5920\IMG\robocam_2025_04_03_22_45_00_952.jpg;0;0;0;4.865814;114.0846;96.45287;359.3623;205.2449;0.0006830611
C:\Mark's Python files\ME5920\IMG\robocam_2025_04_03_22_45_01_025.jpg;0;0;0;4.843283;113.8236;96.3298;359.2453;205.2446;0.004360386
C:\Mark's Python files\ME5920\IMG\robocam_2025_04_03_22_45_01_095.jpg;0;0;0;4.825351;113.4758;96.16603;359.1679;205.2393;-0.004344565
C:\Mark's Python files\ME5920\IMG\robocam_2025_04_03_22_45_01_167.jpg;0;0;0;4.803223;113.2161;96.04362;359.1048;205.2386;-0.005320993
C:\Mark's Python files\ME5920\IMG\robocam_2025_04_03_22_45_01_238.jpg;0;0;0;4.785472;112.8704;95.88055;359.0841;205.2407;0.0002514151
C:\Mark's Python files\ME5920\IMG\robocam_2025_04_03_22_45_01_310.jpg;0;0;0;4.763014;112.5261;95.71823;359.0732;205.2417;0.005460303
C:\Mark's Python files\ME5920\IMG\robocam_2025_04_03_22_45_01_380.jpg;3.177023;0;0;4.746751;112.2696;95.59582;359.0598;205.4134;0.04091172
C:\Mark's Python files\ME5920\IMG\robocam_2025_04_03_22_45_01_452.jpg;6.395738;0;0;4.722986;111.9296;95.42975;359.1027;206.0922;0.1138204
C:\Mark's Python files\ME5920\IMG\robocam_2025_04_03_22_45_01_523.jpg;9.604189;0;0;4.698273;111.6784;95.30039;359.145;207.043;0.2790853
C:\Mark's Python files\ME5920\IMG\robocam_2025_04_03_22_45_01_593.jpg;9.390393;0;0;4.677934;111.3468;95.12136;359.3182;208.6702;0.5286627
C:\Mark's Python files\ME5920\IMG\robocam_2025_04_03_22_45_01_633.jpg;6.272851;0;0;4.651663;111.1821;95.02947;359.4683;209.4161;0.6283688
C:\Mark's Python files\ME5920\IMG\robocam_2025_04_03_22_45_01_703.jpg;4.504928;0;0;4.637726;110.9373;94.8889;359.7093;210.314;0.7877911
C:\Mark's Python files\ME5920\IMG\robocam_2025_04_03_22_45_01_774.jpg;1.256287;0;0;4.620656;110.615;94.69867;-0.0002634425;211.0375;1.001397
C:\Mark's Python files\ME5920\IMG\robocam_2025_04_03_22_45_01_843.jpg;0;0;0;4.599935;110.3761;94.55705;0.1003746;211.2407;1.087594
C:\Mark's Python files\ME5920\IMG\robocam_2025_04_03_22_45_01_916.jpg;0;0;0;4.587282;110.0621;94.37088;0.002630503;211.3448;1.030663
C:\Mark's Python files\ME5920\IMG\robocam_2025_04_03_22_45_01_988.jpg;0;0;0;4.566744;109.8287;94.23044;359.9077;211.3539;0.9730068
C:\Mark's Python files\ME5920\IMG\robocam_2025_04_03_22_45_02_057.jpg;3.211007;0;0;4.551228;109.5196;94.04182;359.8098;211.5664;0.8835698
C:\Mark's Python files\ME5920\IMG\robocam_2025_04_03_22_45_02_129.jpg;6.386522;0;0;4.529253;109.2144;93.84933;359.7488;212.2905;0.8429834
C:\Mark's Python files\ME5920\IMG\robocam_2025_04_03_22_45_02_201.jpg;9.597574;0;0;4.511839;108.9891;93.70077;359.7369;213.259;0.8767578
C:\Mark's Python files\ME5920\IMG\robocam_2025_04_03_22_45_02_272.jpg;9.663652;0;0;4.48673;108.6938;93.49573;359.8134;214.9828;0.9809932
C:\Mark's Python files\ME5920\IMG\robocam_2025_04_03_22_45_02_342.jpg;6.506016;0;0;4.462351;108.4751;93.33789;359.9466;216.1118;1.046458
C:\Mark's Python files\ME5920\IMG\robocam_2025_04_03_22_45_02_415.jpg;3.248304;0;0;4.445176;108.189;93.12542;0.01669074;217.2064;1.104528
C:\Mark's Python files\ME5920\IMG\robocam_2025_04_03_22_45_02_486.jpg;0.01318226;0;0;4.427331;107.9775;92.96618;359.9716;217.6502;1.065816
C:\Mark's Python files\ME5920\IMG\robocam_2025_04_03_22_45_02_558.jpg;0;0;0;4.411732;107.6979;92.75263;359.9233;217.8186;0.9827825
C:\Mark's Python files\ME5920\IMG\robocam_2025_04_03_22_45_02_630.jpg;0;0;0;4.391389;107.4206;92.53889;359.8668;217.846;0.8796313
C:\Mark's Python files\ME5920\IMG\robocam_2025_04_03_22_45_02_701.jpg;0;0;0;4.371668;107.2139;92.379;359.8114;217.8471;0.7894666
C:\Mark's Python files\ME5920\IMG\robocam_2025_04_03_22_45_02_773.jpg;0;0;0;4.356925;106.9397;92.1666;359.7249;217.8425;0.6497905
C:\Mark's Python files\ME5920\IMG\robocam_2025_04_03_22_45_02_843.jpg;0;0;0;4.337216;106.7351;92.00788;359.6497;217.8408;0.5394137
C:\Mark's Python files\ME5920\IMG\robocam_2025_04_03_22_45_02_915.jpg;0;0;0;4.322454;106.4633;91.79716;359.5552;217.8323;0.3702989
C:\Mark's Python files\ME5920\IMG\robocam_2025_04_03_22_45_02_987.jpg;0;0;0;4.302788;106.2605;91.63962;359.4788;217.8306;0.2493748
C:\Mark's Python files\ME5920\IMG\robocam_2025_04_03_22_45_03_059.jpg;0;0;0;4.288243;105.9913;91.43037;359.369;217.8313;0.09981835
C:\Mark's Python files\ME5920\IMG\robocam_2025_04_03_22_45_03_130.jpg;0;0;0;4.268038;105.7226;91.22202;359.2988;217.8178;359.9234
C:\Mark's Python files\ME5920\IMG\robocam_2025_04_03_22_45_03_200.jpg;0;0;0;4.253463;105.5221;91.06534;359.276;217.8318;359.8526
C:\Mark's Python files\ME5920\IMG\robocam_2025_04_03_22_45_03_270.jpg;0;0;0;4.232674;105.2554;90.85753;359.2556;217.8427;359.7761
C:\Mark's Python files\ME5920\IMG\robocam_2025_04_03_22_45_03_341.jpg;0;0;0;4.212651;105.0562;90.70173;359.2648;217.8598;359.762
C:\Mark's Python files\ME5920\IMG\robocam_2025_04_03_22_45_03_413.jpg;0;0;0.1106478;4.197773;104.7917;90.49551;359.2696;217.8705;359.7541
C:\Mark's Python files\ME5920\IMG\robocam_2025_04_03_22_45_03_485.jpg;0;0;0.3268284;4.14162;104.5968;90.34373;359.191;217.8722;359.7516
C:\Mark's Python files\ME5920\IMG\robocam_2025_04_03_22_45_03_557.jpg;0;0;0.5421312;4.056263;104.3463;90.14728;358.9382;217.8747;359.8441
C:\Mark's Python files\ME5920\IMG\robocam_2025_04_03_22_45_03_630.jpg;0;0;0.7572585;3.899011;104.1077;89.96043;358.5911;217.925;-0.001908227
C:\Mark's Python files\ME5920\IMG\robocam_2025_04_03_22_45_03_703.jpg;0;0;0;3.725002;103.9324;89.82574;358.4526;217.9431;359.9924
C:\Mark's Python files\ME5920\IMG\robocam_2025_04_03_22_45_03_775.jpg;0;0;0;3.708213;103.6921;89.63998;358.8779;217.8523;-0.003734829
C:\Mark's Python files\ME5920\IMG\robocam_2025_04_03_22_45_03_846.jpg;0;0;0;3.634825;103.5147;89.50233;359.2478;217.8117;0.01625536
C:\Mark's Python files\ME5920\IMG\robocam_2025_04_03_22_45_03_919.jpg;0;0;0;3.622812;103.28;89.32029;359.6682;217.7985;0.03887273
C:\Mark's Python files\ME5920\IMG\robocam_2025_04_03_22_45_03_989.jpg;0;0;0;3.606961;103.0476;89.14005;-0.00239142;217.7957;0.05629185
C:\Mark's Python files\ME5920\IMG\robocam_2025_04_03_22_45_04_061.jpg;0;0;0;3.595201;102.8747;89.00604;0.1827713;217.7953;0.06644989
C:\Mark's Python files\ME5920\IMG\robocam_2025_04_03_22_45_04_135.jpg;0;0;0;3.579678;102.6463;88.82919;0.336847;217.7901;0.06418609
C:\Mark's Python files\ME5920\IMG\robocam_2025_04_03_22_45_04_206.jpg;0;0;0;3.56423;102.4764;88.69784;0.3877705;217.7829;0.05216379
C:\Mark's Python files\ME5920\IMG\robocam_2025_04_03_22_45_04_278.jpg;0.1468755;0;0;3.552631;102.2516;88.52412;0.3877296;217.7792;0.03399799
C:\Mark's Python files\ME5920\IMG\robocam_2025_04_03_22_45_04_348.jpg;3.376525;0;0;3.537058;102.0302;88.35009;0.3190445;218.0799;0.06239018
C:\Mark's Python files\ME5920\IMG\robocam_2025_04_03_22_45_04_421.jpg;6.560969;0;0;3.524704;101.8679;88.2176;0.2220434;218.7413;0.1561392
C:\Mark's Python files\ME5920\IMG\robocam_2025_04_03_22_45_04_491.jpg;6.574766;0;0;3.506382;101.6574;88.03751;0.03447262;220.0875;0.384723
C:\Mark's Python files\ME5920\IMG\robocam_2025_04_03_22_45_04_561.jpg;3.381949;0;0;3.49096;101.5014;87.90161;359.8952;220.8676;0.5481075
C:\Mark's Python files\ME5920\IMG\robocam_2025_04_03_22_45_04_632.jpg;0.2672645;0;0;3.478422;101.2935;87.7204;359.7667;221.3444;0.683352
C:\Mark's Python files\ME5920\IMG\robocam_2025_04_03_22_45_04_704.jpg;0;0;0;3.461784;101.1381;87.58466;359.6899;221.4269;0.7411182
C:\Mark's Python files\ME5920\IMG\robocam_2025_04_03_22_45_04_774.jpg;0;0;0;3.449654;100.9311;87.40388;359.6324;221.4342;0.7457221
C:\Mark's Python files\ME5920\IMG\robocam_2025_04_03_22_45_04_845.jpg;0;0;0;3.432956;100.7761;87.26838;359.6277;221.4209;0.6984813
C:\Mark's Python files\ME5920\IMG\robocam_2025_04_03_22_45_04_915.jpg;0;0;0;3.420584;100.5706;87.08787;359.6282;221.4112;0.6157644
C:\Mark's Python files\ME5920\IMG\robocam_2025_04_03_22_45_04_986.jpg;0;0;0;3.405154;100.4172;86.95301;359.6265;221.4042;0.5360727
C:\Mark's Python files\ME5920\IMG\robocam_2025_04_03_22_45_05_057.jpg;1.630291;0;0;3.393508;100.2142;86.77341;359.611;221.4828;0.4407612
C:\Mark's Python files\ME5920\IMG\robocam_2025_04_03_22_45_05_128.jpg;4.855032;0;0;3.377894;100.0645;86.63745;359.5875;221.8631;0.4256568
C:\Mark's Python files\ME5920\IMG\robocam_2025_04_03_22_45_05_200.jpg;8.041085;0;0;3.364403;99.86958;86.45245;359.5844;223.006;0.4923736
C:\Mark's Python files\ME5920\IMG\robocam_2025_04_03_22_45_05_272.jpg;4.833855;0;0;3.346661;99.67919;86.26443;359.5947;224.2503;0.6209571
C:\Mark's Python files\ME5920\IMG\robocam_2025_04_03_22_45_05_344.jpg;1.61091;0;0;3.331345;99.53732;86.12322;359.6183;224.8099;0.6836333
C:\Mark's Python files\ME5920\IMG\robocam_2025_04_03_22_45_05_416.jpg;0;0;0;3.319531;99.34847;85.93577;359.6599;225.0218;0.6983013
C:\Mark's Python files\ME5920\IMG\robocam_2025_04_03_22_45_05_486.jpg;1.578744;0;0;3.304039;99.20791;85.79536;359.6859;225.0809;0.6934531
C:\Mark's Python files\ME5920\IMG\robocam_2025_04_03_22_45_05_556.jpg;4.733847;0;0;3.292364;99.02425;85.60631;359.7136;225.6191;0.7415549
C:\Mark's Python files\ME5920\IMG\robocam_2025_04_03_22_45_05_628.jpg;7.956775;0;0;3.275006;98.89018;85.46225;359.7405;226.4395;0.8309306
C:\Mark's Python files\ME5920\IMG\robocam_2025_04_03_22_45_05_699.jpg;11.12513;0;0;3.260076;98.71744;85.26555;359.8338;228.1441;1.011362
C:\Mark's Python files\ME5920\IMG\robocam_2025_04_03_22_45_05_771.jpg;14.34289;0;0;3.237053;98.55278;85.06271;0.02009394;230.4357;1.205336
C:\Mark's Python files\ME5920\IMG\robocam_2025_04_03_22_45_05_843.jpg;11.13851;0;0;3.219884;98.43459;84.91164;359.9831;232.2223;1.157089
C:\Mark's Python files\ME5920\IMG\robocam_2025_04_03_22_45_05_912.jpg;7.90791;0;0;3.204021;98.28485;84.70464;359.9812;234.1011;1.095675
C:\Mark's Python files\ME5920\IMG\robocam_2025_04_03_22_45_05_983.jpg;4.718923;0;0;3.189214;98.17634;84.54739;359.9832;235.1067;1.076281
C:\Mark's Python files\ME5920\IMG\robocam_2025_04_03_22_45_06_055.jpg;1.565138;0;0;3.178505;98.03358;84.33743;359.9828;235.8281;1.017794
C:\Mark's Python files\ME5920\IMG\robocam_2025_04_03_22_45_06_125.jpg;0;0;0;3.164361;97.92706;84.18072;359.9638;235.98;0.9449462
C:\Mark's Python files\ME5920\IMG\robocam_2025_04_03_22_45_06_195.jpg;0;0;0;3.153788;97.78613;83.97265;359.9159;236.0193;0.830368
C:\Mark's Python files\ME5920\IMG\robocam_2025_04_03_22_45_06_235.jpg;0;0;0;3.139688;97.7161;83.869;359.8842;236.0233;0.7674447
C:\Mark's Python files\ME5920\IMG\robocam_2025_04_03_22_45_06_303.jpg;0;0;0;3.132624;97.61141;83.71399;359.8323;236.0234;0.6623832
C:\Mark's Python files\ME5920\IMG\robocam_2025_04_03_22_45_06_375.jpg;0;0;0;3.122161;97.47255;83.50823;359.7531;236.0215;0.5128788
C:\Mark's Python files\ME5920\IMG\robocam_2025_04_03_22_45_06_445.jpg;-1.625747;0;0;3.10805;97.36876;83.35468;359.6884;235.9891;0.3936064
C:\Mark's Python files\ME5920\IMG\robocam_2025_04_03_22_45_06_484.jpg;-4.683479;0;0;3.096677;97.29877;83.25336;359.6409;235.7952;0.286171
C:\Mark's Python files\ME5920\IMG\robocam_2025_04_03_22_45_06_552.jpg;-6.44162;0;0;3.08856;97.15587;83.05412;359.5389;234.9217;359.9854
C:\Mark's Python files\ME5920\IMG\robocam_2025_04_03_22_45_06_623.jpg;-9.593402;0;0;3.069395;97.04522;82.90789;359.4926;233.8182;359.7
C:\Mark's Python files\ME5920\IMG\robocam_2025_04_03_22_45_06_694.jpg;-6.370497;0;0;3.05484;96.89425;82.71568;359.512;232.3351;359.3345
C:\Mark's Python files\ME5920\IMG\robocam_2025_04_03_22_45_06_764.jpg;-3.197362;0;0;3.038876;96.77977;82.57169;359.615;231.551;359.1521
C:\Mark's Python files\ME5920\IMG\robocam_2025_04_03_22_45_06_835.jpg;-0.03770535;0;0;3.025802;96.62643;82.37836;359.8995;231.148;359.1104
C:\Mark's Python files\ME5920\IMG\robocam_2025_04_03_22_45_06_905.jpg;0;0;0;3.010933;96.51157;82.23503;0.07370979;231.0919;359.0952
C:\Mark's Python files\ME5920\IMG\robocam_2025_04_03_22_45_06_974.jpg;-3.092224;0;0;3.001224;96.35882;82.0475;0.1869759;230.8042;359.1026
C:\Mark's Python files\ME5920\IMG\robocam_2025_04_03_22_45_07_044.jpg;-6.227249;0;0;2.987775;96.24311;81.91065;0.1932677;230.2169;359.0869
C:\Mark's Python files\ME5920\IMG\robocam_2025_04_03_22_45_07_117.jpg;-9.430928;0;0;2.976083;96.08562;81.73527;0.09038786;228.7881;358.9947
C:\Mark's Python files\ME5920\IMG\robocam_2025_04_03_22_45_07_186.jpg;-12.58863;0;0;2.959098;95.96442;81.60918;359.963;227.3168;358.8768
C:\Mark's Python files\ME5920\IMG\robocam_2025_04_03_22_45_07_256.jpg;-15;0;0;2.943019;95.79709;81.44585;359.9313;224.9033;358.7914
C:\Mark's Python files\ME5920\IMG\robocam_2025_04_03_22_45_07_327.jpg;-15;0;0;2.918045;95.66685;81.32838;359.984;222.892;358.7718
C:\Mark's Python files\ME5920\IMG\robocam_2025_04_03_22_45_07_366.jpg;-15;0;0;2.904692;95.57857;81.25308;0.002341314;221.5303;358.8043
C:\Mark's Python files\ME5920\IMG\robocam_2025_04_03_22_45_07_434.jpg;-15;0;0;2.89419;95.39776;81.11091;359.9833;218.8096;358.8893
C:\Mark's Python files\ME5920\IMG\robocam_2025_04_03_22_45_07_503.jpg;-15;0;0;2.875511;95.25693;81.01225;359.992;216.7263;358.8558
C:\Mark's Python files\ME5920\IMG\robocam_2025_04_03_22_45_07_574.jpg;-15;0;0;2.861075;95.06597;80.88811;359.9882;213.9484;358.8307
C:\Mark's Python files\ME5920\IMG\robocam_2025_04_03_22_45_07_645.jpg;-15;0;0;2.842579;94.91964;80.80154;-0.002837463;211.8873;358.8311
C:\Mark's Python files\ME5920\IMG\robocam_2025_04_03_22_45_07_717.jpg;-15;0;0;2.8297;94.72138;80.69499;359.9894;209.1382;358.8451
C:\Mark's Python files\ME5920\IMG\robocam_2025_04_03_22_45_07_757.jpg;-15;0;0;2.811093;94.62041;80.64605;-0.001177354;207.7603;358.8362
C:\Mark's Python files\ME5920\IMG\robocam_2025_04_03_22_45_07_825.jpg;-15;0;0;2.802495;94.46797;80.57704;359.994;205.7106;358.8401
C:\Mark's Python files\ME5920\IMG\robocam_2025_04_03_22_45_07_896.jpg;-15;0;0;2.788037;94.26167;80.49429;0.01424468;202.9781;358.8375
C:\Mark's Python files\ME5920\IMG\robocam_2025_04_03_22_45_07_968.jpg;-15;0;0;2.771986;94.10621;80.43889;359.9851;200.9292;358.8484
C:\Mark's Python files\ME5920\IMG\robocam_2025_04_03_22_45_08_038.jpg;-15;0;0;2.757514;93.8962;80.37492;359.9908;198.2001;358.831
C:\Mark's Python files\ME5920\IMG\robocam_2025_04_03_22_45_08_107.jpg;-15;0;0;2.740924;93.73784;80.33306;-0.002730635;196.1799;358.8521
C:\Mark's Python files\ME5920\IMG\robocam_2025_04_03_22_45_08_177.jpg;-11.91664;0;0;2.727487;93.52597;80.28551;359.9908;193.7006;358.868
C:\Mark's Python files\ME5920\IMG\robocam_2025_04_03_22_45_08_249.jpg;-8.713845;0;0;2.715208;93.31353;80.24457;359.9865;191.7527;358.9199
C:\Mark's Python files\ME5920\IMG\robocam_2025_04_03_22_45_08_320.jpg;-5.500319;0;0;2.706568;93.15417;80.21671;359.9808;190.7198;358.9526
C:\Mark's Python files\ME5920\IMG\robocam_2025_04_03_22_45_08_391.jpg;-2.277033;0;0;2.695073;92.94228;80.18079;359.9633;189.9328;359.0216
C:\Mark's Python files\ME5920\IMG\robocam_2025_04_03_22_45_08_463.jpg;0;0;0;2.683233;92.78418;80.15351;359.9342;189.7496;359.1093
C:\Mark's Python files\ME5920\IMG\robocam_2025_04_03_22_45_08_535.jpg;0;0;0;2.674266;92.57448;80.11732;359.8768;189.7095;359.2455
C:\Mark's Python files\ME5920\IMG\robocam_2025_04_03_22_45_08_607.jpg;0;0;0;2.662342;92.41794;80.09042;359.8256;189.7059;359.3564
C:\Mark's Python files\ME5920\IMG\robocam_2025_04_03_22_45_08_677.jpg;-1.566297;0;0;2.653347;92.21005;80.05542;359.7513;189.624;359.4962
C:\Mark's Python files\ME5920\IMG\robocam_2025_04_03_22_45_08_748.jpg;-4.731647;0;0;2.64108;92.05439;80.03156;359.6994;189.2591;359.5579
C:\Mark's Python files\ME5920\IMG\robocam_2025_04_03_22_45_08_819.jpg;-7.960207;0;0;2.630463;91.84691;80.00544;359.6414;188.1649;359.5347
C:\Mark's Python files\ME5920\IMG\robocam_2025_04_03_22_45_08_892.jpg;-11.20014;0;0;2.614522;91.6394;79.98708;359.6162;186.4519;359.3955
C:\Mark's Python files\ME5920\IMG\robocam_2025_04_03_22_45_08_932.jpg;-14.34552;0;0;2.596107;91.53572;79.98139;359.6186;185.3812;359.2785
C:\Mark's Python files\ME5920\IMG\robocam_2025_04_03_22_45_09_001.jpg;-15;0;0;2.590751;91.37989;79.97705;359.6793;183.5742;359.0848
C:\Mark's Python files\ME5920\IMG\robocam_2025_04_03_22_45_09_072.jpg;-13.37019;0;0;2.571542;91.17056;79.97772;359.9361;181.1556;358.9039
C:\Mark's Python files\ME5920\IMG\robocam_2025_04_03_22_45_09_142.jpg;-10.25963;0;0;2.555789;91.01553;79.98177;0.06668592;179.5518;358.8615
C:\Mark's Python files\ME5920\IMG\robocam_2025_04_03_22_45_09_213.jpg;-5.058685;0;0;2.549262;90.81388;79.98985;359.9808;177.995;358.9702
C:\Mark's Python files\ME5920\IMG\robocam_2025_04_03_22_45_09_283.jpg;-3.868454;0;0;2.539479;90.66335;79.99872;359.905;177.2822;359.036
C:\Mark's Python files\ME5920\IMG\robocam_2025_04_03_22_45_09_353.jpg;-0.7310358;0;0;2.531036;90.46305;80.01042;359.8139;176.8282;359.1668
C:\Mark's Python files\ME5920\IMG\robocam_2025_04_03_22_45_09_425.jpg;0;0;0.106833;2.51955;90.31355;80.01875;359.7398;176.7583;359.2896
C:\Mark's Python files\ME5920\IMG\robocam_2025_04_03_22_45_09_497.jpg;0;0;0.3244107;2.479464;90.12009;80.02953;359.538;176.7482;359.4702
C:\Mark's Python files\ME5920\IMG\robocam_2025_04_03_22_45_09_569.jpg;0;0;0.5400208;2.371517;89.93948;80.03943;359.1212;176.7445;359.6824
C:\Mark's Python files\ME5920\IMG\robocam_2025_04_03_22_45_09_639.jpg;0;0;0.7523001;2.25455;89.81387;80.04513;358.7208;176.6839;359.9478
C:\Mark's Python files\ME5920\IMG\robocam_2025_04_03_22_45_09_710.jpg;0;0;0;2.100508;89.64973;80.05747;358.5061;176.5827;0.07944164
C:\Mark's Python files\ME5920\IMG\robocam_2025_04_03_22_45_09_783.jpg;0;0;0;2.079786;89.52058;80.0693;358.7813;176.2136;359.9823
C:\Mark's Python files\ME5920\IMG\robocam_2025_04_03_22_45_09_854.jpg;0;0;0;2.016421;89.35209;80.08042;359.2184;176.1038;-0.001147578
C:\Mark's Python files\ME5920\IMG\robocam_2025_04_03_22_45_09_923.jpg;0;0;0;2.007324;89.22681;80.08896;359.5118;176.095;0.004281937
C:\Mark's Python files\ME5920\IMG\robocam_2025_04_03_22_45_09_997.jpg;0;0;0;2.000683;89.06133;80.10027;359.8501;176.0936;0.01002257
C:\Mark's Python files\ME5920\IMG\robocam_2025_04_03_22_45_10_067.jpg;0;0;0.106914;1.992005;88.93862;80.10865;0.05505633;176.0935;0.01358432
C:\Mark's Python files\ME5920\IMG\robocam_2025_04_03_22_45_10_138.jpg;0;0;0.3170184;1.95421;88.78197;80.11936;0.1522038;176.0935;0.01739829
C:\Mark's Python files\ME5920\IMG\robocam_2025_04_03_22_45_10_177.jpg;0;0;0.5245764;1.850837;88.70869;80.12437;0.08477759;176.0936;0.01890766
C:\Mark's Python files\ME5920\IMG\robocam_2025_04_03_22_45_10_246.jpg;0;0;0.6406096;1.77705;88.60738;80.1313;359.8;176.0938;0.02068567
C:\Mark's Python files\ME5920\IMG\robocam_2025_04_03_22_45_10_318.jpg;0;0;0.8546239;1.630776;88.49296;80.13968;359.0389;176.0744;359.9821
C:\Mark's Python files\ME5920\IMG\robocam_2025_04_03_22_45_10_388.jpg;0;0;1;1.406492;88.42126;80.14411;358.3445;176.095;359.994
C:\Mark's Python files\ME5920\IMG\robocam_2025_04_03_22_45_10_462.jpg;0;0;1;1.272412;88.33173;80.15018;357.7026;176.1685;-0.005432979
C:\Mark's Python files\ME5920\IMG\robocam_2025_04_03_22_45_10_533.jpg;0;0;1;1.12991;88.24814;80.15576;357.4383;176.1903;359.9931
C:\Mark's Python files\ME5920\IMG\robocam_2025_04_03_22_45_10_604.jpg;0;0;1;0.974044;88.1894;80.15955;357.4764;176.169;-0.00404259
C:\Mark's Python files\ME5920\IMG\robocam_2025_04_03_22_45_10_674.jpg;-3.160066;0;1;0.8368906;88.11974;80.16485;357.8016;176.008;359.9855
C:\Mark's Python files\ME5920\IMG\robocam_2025_04_03_22_45_10_745.jpg;-6.332035;0;1;0.608398;88.07765;80.16952;358.171;175.6442;359.9887
C:\Mark's Python files\ME5920\IMG\robocam_2025_04_03_22_45_10_816.jpg;-9.491706;0;1;0.3878898;88.04283;80.1748;358.5989;175.3022;359.9929
C:\Mark's Python files\ME5920\IMG\robocam_2025_04_03_22_45_10_887.jpg;0;0;0;0.02568317;88.03887;80.17557;358.6489;175.2917;359.9934
C:\Mark's Python files\ME5920\IMG\robocam_2025_04_03_22_45_10_958.jpg;0;0;0;-0.05824158;88.03889;80.17557;358.9065;175.2921;359.9914
C:\Mark's Python files\ME5920\IMG\robocam_2025_04_03_22_45_11_030.jpg;0;0;0;-0.06851049;88.03902;80.17555;359.2126;175.2921;359.986
C:\Mark's Python files\ME5920\IMG\robocam_2025_04_03_22_45_11_102.jpg;0;0;0;-0.06807284;88.03912;80.17555;359.4409;175.2921;359.9827
C:\Mark's Python files\ME5920\IMG\robocam_2025_04_03_22_45_11_172.jpg;0;0;0;-0.06627338;88.03924;80.17553;359.7356;175.2922;359.9793
C:\Mark's Python files\ME5920\IMG\robocam_2025_04_03_22_45_11_244.jpg;0;0;0;-0.06213759;88.03931;80.17553;359.9443;175.2923;359.9776
C:\Mark's Python files\ME5920\IMG\robocam_2025_04_03_22_45_11_316.jpg;0;0;0;-0.05790982;88.03941;80.17552;0.2003237;175.2924;359.9762
C:\Mark's Python files\ME5920\IMG\robocam_2025_04_03_22_45_11_386.jpg;0;0;0;-0.05105342;88.03947;80.17551;0.3721318;175.2924;359.9759
C:\Mark's Python files\ME5920\IMG\robocam_2025_04_03_22_45_11_459.jpg;0;0;0;-0.04519682;88.03954;80.17551;0.5704099;175.2924;359.9762
C:\Mark's Python files\ME5920\IMG\robocam_2025_04_03_22_45_11_528.jpg;0;0;0;-0.03469069;88.03959;80.17551;0.68753;175.2926;359.9839
C:\Mark's Python files\ME5920\IMG\robocam_2025_04_03_22_45_11_601.jpg;0;0;0;-0.02658885;88.03962;80.17551;0.7982658;175.2923;0.001042665
C:\Mark's Python files\ME5920\IMG\robocam_2025_04_03_22_45_11_671.jpg;-3.210088;0;0;-0.01494315;88.03964;80.17551;0.8593708;174.7098;0.01141533
C:\Mark's Python files\ME5920\IMG\robocam_2025_04_03_22_45_11_744.jpg;-6.365332;0;0;0;88.03964;80.1755;0.8767219;173.6587;0.02165768
C:\Mark's Python files\ME5920\IMG\robocam_2025_04_03_22_45_11_814.jpg;-9.660425;0;0;0;88.03964;80.17549;0.8667755;171.5292;0.03843796
C:\Mark's Python files\ME5920\IMG\robocam_2025_04_03_22_45_11_887.jpg;-12.9042;0;0;0;88.03963;80.17548;0.8381023;169.4072;0.05263801
C:\Mark's Python files\ME5920\IMG\robocam_2025_04_03_22_45_11_958.jpg;-15;0;0;0.01322916;88.03962;80.17549;0.776999;165.8701;0.07181686
C:\Mark's Python files\ME5920\IMG\robocam_2025_04_03_22_45_12_028.jpg;-15;0;0;0.01774857;88.0396;80.17548;0.7189258;163.1701;0.07934146
C:\Mark's Python files\ME5920\IMG\robocam_2025_04_03_22_45_12_099.jpg;-15;0;0;0.02059566;88.03957;80.17548;0.6298251;159.5702;0.07876923
C:\Mark's Python files\ME5920\IMG\robocam_2025_04_03_22_45_12_169.jpg;-15;0;0;0.02348196;88.03954;80.17548;0.5311938;155.9705;0.06476511
C:\Mark's Python files\ME5920\IMG\robocam_2025_04_03_22_45_12_239.jpg;-15;0;0;0.02494221;88.03951;80.17548;0.4542748;153.2706;0.04612836
C:\Mark's Python files\ME5920\IMG\robocam_2025_04_03_22_45_12_313.jpg;-15;0;0;0.02598112;88.03947;80.17548;0.35174;149.6709;0.01200766
C:\Mark's Python files\ME5920\IMG\robocam_2025_04_03_22_45_12_354.jpg;-15;0;0;0.02604534;88.03946;80.17548;0.3016989;147.871;359.9917
C:\Mark's Python files\ME5920\IMG\robocam_2025_04_03_22_45_12_422.jpg;-15;0;0;0.02574144;88.03943;80.17548;0.2294649;145.1711;359.9581
C:\Mark's Python files\ME5920\IMG\robocam_2025_04_03_22_45_12_494.jpg;-15;0;0;0.02490698;88.03939;80.17548;0.1403741;141.5712;359.9097
C:\Mark's Python files\ME5920\IMG\robocam_2025_04_03_22_45_12_566.jpg;-15;0;0;0.0231756;88.03936;80.17548;0.08021055;138.8712;359.8723
C:\Mark's Python files\ME5920\IMG\robocam_2025_04_03_22_45_12_606.jpg;-15;0;0;0.02149615;88.03934;80.17548;0.04364259;137.0712;359.8476
C:\Mark's Python files\ME5920\IMG\robocam_2025_04_03_22_45_12_673.jpg;-15;0;0;0.02023328;88.03931;80.17549;359.9795;133.4711;359.8003
C:\Mark's Python files\ME5920\IMG\robocam_2025_04_03_22_45_12_743.jpg;-11.86071;0;0;0.01744409;88.03928;80.17551;359.9376;131.2338;359.7686
C:\Mark's Python files\ME5920\IMG\robocam_2025_04_03_22_45_12_817.jpg;-8.681212;0;0;0.0152004;88.03926;80.17551;359.8886;128.9579;359.7343
C:\Mark's Python files\ME5920\IMG\robocam_2025_04_03_22_45_12_891.jpg;-5.382605;0;0;0.01217698;88.03925;80.17553;359.8464;127.4702;359.7119
C:\Mark's Python files\ME5920\IMG\robocam_2025_04_03_22_45_12_962.jpg;-2.094261;0;0;0;88.03923;80.17554;359.8206;126.9901;359.7072
C:\Mark's Python files\ME5920\IMG\robocam_2025_04_03_22_45_13_034.jpg;-2.083002;0;0;0;88.03922;80.17554;359.796;126.6829;359.7145
C:\Mark's Python files\ME5920\IMG\robocam_2025_04_03_22_45_13_104.jpg;-5.314394;0;0;0;88.03922;80.17555;359.7869;125.9149;359.7252
C:\Mark's Python files\ME5920\IMG\robocam_2025_04_03_22_45_13_174.jpg;-8.462467;0;0;0;88.03922;80.17557;359.785;124.072;359.7433
C:\Mark's Python files\ME5920\IMG\robocam_2025_04_03_22_45_13_247.jpg;-11.67362;0;0;0;88.03922;80.17557;359.7896;122.1658;359.7598
C:\Mark's Python files\ME5920\IMG\robocam_2025_04_03_22_45_13_318.jpg;-8.434202;0;0;0;88.03924;80.17558;359.7981;119.9418;359.7882
C:\Mark's Python files\ME5920\IMG\robocam_2025_04_03_22_45_13_358.jpg;-5.283483;0;0;0;88.03925;80.17558;359.8028;119.1242;359.8053
C:\Mark's Python files\ME5920\IMG\robocam_2025_04_03_22_45_13_428.jpg;-3.490836;0;0;0;88.03926;80.17558;359.8104;118.2972;359.8338
C:\Mark's Python files\ME5920\IMG\robocam_2025_04_03_22_45_13_499.jpg;-0.2989724;0;0;0;88.03928;80.17558;359.8224;118.028;359.8759
C:\Mark's Python files\ME5920\IMG\robocam_2025_04_03_22_45_13_571.jpg;0;0;0;-0.01012053;88.03929;80.17558;359.8384;118.028;359.9184
C:\Mark's Python files\ME5920\IMG\robocam_2025_04_03_22_45_13_642.jpg;0;0;0;-0.01010616;88.0393;80.17558;359.8531;118.028;359.949
C:\Mark's Python files\ME5920\IMG\robocam_2025_04_03_22_45_13_713.jpg;0;0;0.2129442;0;88.03931;80.17558;359.8753;118.028;359.9873
C:\Mark's Python files\ME5920\IMG\robocam_2025_04_03_22_45_13_752.jpg;0;0;0.4241091;0;88.03932;80.17558;359.8873;118.028;0.004981505
C:\Mark's Python files\ME5920\IMG\robocam_2025_04_03_22_45_13_820.jpg;0;0;0.5398812;0;88.03934;80.17558;359.9059;118.028;0.0294568
C:\Mark's Python files\ME5920\IMG\robocam_2025_04_03_22_45_13_892.jpg;0;0;0.7536172;0;88.03935;80.17558;359.9314;118.028;0.05777557
C:\Mark's Python files\ME5920\IMG\robocam_2025_04_03_22_45_13_963.jpg;0;0;0.965758;0;88.03936;80.17558;359.9504;118.028;0.07552748
C:\Mark's Python files\ME5920\IMG\robocam_2025_04_03_22_45_14_036.jpg;0;0;1;0;88.03937;80.17557;359.9751;118.028;0.09435215
C:\Mark's Python files\ME5920\IMG\robocam_2025_04_03_22_45_14_108.jpg;0;0;1;0;88.03938;80.17558;359.9927;118.028;0.1048141
C:\Mark's Python files\ME5920\IMG\robocam_2025_04_03_22_45_14_180.jpg;0;0;1;0;88.03938;80.17555;0.0143141;118.028;0.1139994
C:\Mark's Python files\ME5920\IMG\robocam_2025_04_03_22_45_14_252.jpg;0;0;1;0;88.03939;80.17554;0.03338582;118.028;0.1180226
C:\Mark's Python files\ME5920\IMG\robocam_2025_04_03_22_45_14_323.jpg;0;0;1;0;88.03939;80.17554;0.04577474;118.028;0.1179177
C:\Mark's Python files\ME5920\IMG\robocam_2025_04_03_22_45_14_395.jpg;0;0;1;0;88.03939;80.17554;0.05951742;118.028;0.1140595
C:\Mark's Python files\ME5920\IMG\robocam_2025_04_03_22_45_14_468.jpg;0;0;1;0;88.03939;80.17553;0.06765404;118.028;0.108724
C:\Mark's Python files\ME5920\IMG\robocam_2025_04_03_22_45_14_540.jpg;0;0;1;0;88.03938;80.17552;0.07556975;118.028;0.09890593
C:\Mark's Python files\ME5920\IMG\robocam_2025_04_03_22_45_14_612.jpg;0;0;1;0;88.03938;80.17552;0.08018933;118.028;0.08665518
C:\Mark's Python files\ME5920\IMG\robocam_2025_04_03_22_45_14_683.jpg;0;0;0;0;88.03938;80.17552;0.0815841;118.028;0.07630494
C:\Mark's Python files\ME5920\IMG\robocam_2025_04_03_22_45_14_757.jpg;0;0;0;0;88.03938;80.17551;0.08087563;118.028;0.06151981
C:\Mark's Python files\ME5920\IMG\robocam_2025_04_03_22_45_14_827.jpg;0;0;0;0;88.03936;80.17551;0.07858615;118.028;0.05005912
C:\Mark's Python files\ME5920\IMG\robocam_2025_04_03_22_45_14_899.jpg;0;0.109404;0;0;88.03945;80.17533;0.06925927;118.1495;0.03467001
C:\Mark's Python files\ME5920\IMG\robocam_2025_04_03_22_45_14_971.jpg;0;0.3225072;0;0.02674629;88.0386;80.1769;0.1015629;118.077;0.02018755
C:\Mark's Python files\ME5920\IMG\robocam_2025_04_03_22_45_15_041.jpg;0;0.534216;0;0.02918661;88.03711;80.17967;0.1609002;118.2014;0.009526159
C:\Mark's Python files\ME5920\IMG\robocam_2025_04_03_22_45_15_113.jpg;0;0.7517831;0;0.06584673;88.0329;80.18748;0.3279606;118.2949;-0.003589984
C:\Mark's Python files\ME5920\IMG\robocam_2025_04_03_22_45_15_183.jpg;0;0.9600698;0;0.1085364;88.02767;80.19669;0.510839;118.2356;0.003387441
C:\Mark's Python files\ME5920\IMG\robocam_2025_04_03_22_45_15_255.jpg;0;1;0;0.1730852;88.01846;80.21407;0.8069351;118.2798;-0.0009843251
C:\Mark's Python files\ME5920\IMG\robocam_2025_04_03_22_45_15_324.jpg;0;1;0;0.2496218;88.00922;80.23135;1.072841;118.2199;-0.0001100227
C:\Mark's Python files\ME5920\IMG\robocam_2025_04_03_22_45_15_396.jpg;0;1;0;0.2922903;87.9961;80.25624;1.323137;118.3234;-0.0028889
C:\Mark's Python files\ME5920\IMG\robocam_2025_04_03_22_45_15_436.jpg;0;1;0;0.3626124;87.99005;80.26778;1.273378;118.2792;-0.001488015
C:\Mark's Python files\ME5920\IMG\robocam_2025_04_03_22_45_15_504.jpg;0;1;0;0.3977402;87.97958;80.28748;1.159498;118.2032;3.527874E-05
C:\Mark's Python files\ME5920\IMG\robocam_2025_04_03_22_45_15_575.jpg;0;1;0;0.4474131;87.96292;80.31882;1.092505;118.1086;0.001143517
C:\Mark's Python files\ME5920\IMG\robocam_2025_04_03_22_45_15_645.jpg;0;1;0;0.5140069;87.94838;80.34621;1.108773;118.1266;-9.75619E-05
C:\Mark's Python files\ME5920\IMG\robocam_2025_04_03_22_45_15_717.jpg;0;1;0;0.5587265;87.92635;80.38773;1.195726;118.0338;0.0006016945
C:\Mark's Python files\ME5920\IMG\robocam_2025_04_03_22_45_15_790.jpg;0;0.7837438;0;0.62567;87.90231;80.43311;1.239222;117.8775;-0.0008514114
C:\Mark's Python files\ME5920\IMG\robocam_2025_04_03_22_45_15_859.jpg;0;0.5696506;0;0.6661524;87.88397;80.46801;1.182573;117.6641;0.001462746
C:\Mark's Python files\ME5920\IMG\robocam_2025_04_03_22_45_15_930.jpg;0;0.3576919;0;0.692717;87.85858;80.51682;1.107038;117.6022;-0.0001481574
C:\Mark's Python files\ME5920\IMG\robocam_2025_04_03_22_45_16_003.jpg;0;0.1420504;0;0.7084414;87.83907;80.55437;1.051291;117.5877;-0.0001391352
C:\Mark's Python files\ME5920\IMG\robocam_2025_04_03_22_45_16_074.jpg;0;0;0;0.7256725;87.81364;80.60333;0.9275897;117.5692;0.0004007925
C:\Mark's Python files\ME5920\IMG\robocam_2025_04_03_22_45_16_146.jpg;0;0;0;0.7124773;87.79483;80.63941;0.8096061;117.5683;0.004605034
C:\Mark's Python files\ME5920\IMG\robocam_2025_04_03_22_45_16_216.jpg;0;0;0;0.7104281;87.77;80.68699;0.6298366;117.5682;0.0109922
C:\Mark's Python files\ME5920\IMG\robocam_2025_04_03_22_45_16_287.jpg;0;0;0;0.7075819;87.75153;80.72238;0.4847069;117.5682;0.01504815
C:\Mark's Python files\ME5920\IMG\robocam_2025_04_03_22_45_16_357.jpg;0;0;0;0.705366;87.72703;80.76933;0.2877506;117.5683;0.0194127
C:\Mark's Python files\ME5920\IMG\robocam_2025_04_03_22_45_16_429.jpg;3.200224;0;0;0.7021939;87.70181;80.81572;0.09635424;117.7066;0.04186482
C:\Mark's Python files\ME5920\IMG\robocam_2025_04_03_22_45_16_501.jpg;3.23397;0;0;0.6985753;87.68241;80.85021;359.9617;117.8931;0.06827662
C:\Mark's Python files\ME5920\IMG\robocam_2025_04_03_22_45_16_570.jpg;0.08037872;0;0;0.6962788;87.65733;80.89675;359.8016;117.9698;0.07787517
C:\Mark's Python files\ME5920\IMG\robocam_2025_04_03_22_45_16_642.jpg;0;0;0;0.6929811;87.63867;80.93188;359.6985;117.9712;0.07691624
C:\Mark's Python files\ME5920\IMG\robocam_2025_04_03_22_45_16_716.jpg;0;0;0;0.6904724;87.61375;80.97902;359.5908;117.969;0.06795319
C:\Mark's Python files\ME5920\IMG\robocam_2025_04_03_22_45_16_788.jpg;0;0;0;0.6868361;87.59491;81.01465;359.5388;117.9669;0.0535711
C:\Mark's Python files\ME5920\IMG\robocam_2025_04_03_22_45_16_859.jpg;1.629671;0;0;0.6842234;87.56936;81.06223;359.4995;118.0108;0.0376406
C:\Mark's Python files\ME5920\IMG\robocam_2025_04_03_22_45_16_929.jpg;4.798269;0;0;0.6804182;87.54253;81.10934;359.4902;118.2603;0.04737524
C:\Mark's Python files\ME5920\IMG\robocam_2025_04_03_22_45_16_969.jpg;7.919113;0;0;0.6770505;87.52847;81.13254;359.4935;118.4856;0.06701675
C:\Mark's Python files\ME5920\IMG\robocam_2025_04_03_22_45_17_037.jpg;6.466157;0;0;0.6745916;87.50718;81.16732;359.513;118.8441;0.09176066
C:\Mark's Python files\ME5920\IMG\robocam_2025_04_03_22_45_17_108.jpg;3.263575;0;0;0.6717337;87.48629;81.20235;359.5407;119.0829;0.1014445
C:\Mark's Python files\ME5920\IMG\robocam_2025_04_03_22_45_17_179.jpg;0.1233487;0;0;0.6695406;87.45946;81.24959;359.5871;119.1699;0.08282637
C:\Mark's Python files\ME5920\IMG\robocam_2025_04_03_22_45_17_253.jpg;0;0;0;0.6663165;87.43302;81.29691;359.64;119.1716;0.05482723
C:\Mark's Python files\ME5920\IMG\robocam_2025_04_03_22_45_17_322.jpg;0;0;0;0.6631894;87.41326;81.33227;359.6816;119.1715;0.03463131
C:\Mark's Python files\ME5920\IMG\robocam_2025_04_03_22_45_17_393.jpg;3.137576;0;0;0.6608075;87.38623;81.37876;359.7364;119.3123;0.03010116
C:\Mark's Python files\ME5920\IMG\robocam_2025_04_03_22_45_17_466.jpg;6.419673;0;0;0.6572441;87.36523;81.41292;359.7743;119.5643;0.04833535
C:\Mark's Python files\ME5920\IMG\robocam_2025_04_03_22_45_17_535.jpg;3.210098;0;0;0.654808;87.33751;81.45831;359.8214;119.8479;0.06405977
C:\Mark's Python files\ME5920\IMG\robocam_2025_04_03_22_45_17_607.jpg;0.04654419;0;0;0.6520824;87.31743;81.49253;359.8535;119.92;0.05718005
C:\Mark's Python files\ME5920\IMG\robocam_2025_04_03_22_45_17_678.jpg;0;0;0;0.649845;87.29118;81.53811;359.89;119.9233;0.03768967
C:\Mark's Python files\ME5920\IMG\robocam_2025_04_03_22_45_17_751.jpg;0;0;0;0.6469384;87.26511;81.58337;359.9189;119.9233;0.01910051
C:\Mark's Python files\ME5920\IMG\robocam_2025_04_03_22_45_17_822.jpg;1.748727;0;0;0.6439936;87.2454;81.61693;359.9351;119.972;0.01329934
C:\Mark's Python files\ME5920\IMG\robocam_2025_04_03_22_45_17_895.jpg;4.936905;0;0;0.641615;87.21828;81.66074;359.9484;120.2215;0.03206323
C:\Mark's Python files\ME5920\IMG\robocam_2025_04_03_22_45_17_967.jpg;5.014678;0;0;0.6379165;87.19745;81.69296;359.952;120.5122;0.06017952
C:\Mark's Python files\ME5920\IMG\robocam_2025_04_03_22_45_18_038.jpg;1.797079;0;0;0.63621;87.17068;81.73623;359.9529;120.7009;0.06960329
C:\Mark's Python files\ME5920\IMG\robocam_2025_04_03_22_45_18_111.jpg;0;0;0;0.6334572;87.14481;81.77968;359.9485;120.7181;0.05690676
C:\Mark's Python files\ME5920\IMG\robocam_2025_04_03_22_45_18_184.jpg;0;0;0;0.6306309;87.12553;81.81212;359.9423;120.7183;0.04615912
C:\Mark's Python files\ME5920\IMG\robocam_2025_04_03_22_45_18_255.jpg;0;0;0;0.6285156;87.09995;81.85515;359.931;120.7183;0.03190261
C:\Mark's Python files\ME5920\IMG\robocam_2025_04_03_22_45_18_326.jpg;0;0;0;0.6256972;87.08085;81.88726;359.921;120.7183;0.02153995
C:\Mark's Python files\ME5920\IMG\robocam_2025_04_03_22_45_18_366.jpg;0;0;0;0.6235846;87.06815;81.90861;359.9138;120.7183;0.01489301
C:\Mark's Python files\ME5920\IMG\robocam_2025_04_03_22_45_18_435.jpg;0;0;0;0.6221768;87.04286;81.95114;359.8989;120.7183;0.002437407
C:\Mark's Python files\ME5920\IMG\robocam_2025_04_03_22_45_18_506.jpg;0;0;0;0.6193627;87.02398;81.98292;359.8876;120.7183;359.994
C:\Mark's Python files\ME5920\IMG\robocam_2025_04_03_22_45_18_579.jpg;0;0;0;0.6172539;86.99888;82.02512;359.8732;120.7182;359.9841
C:\Mark's Python files\ME5920\IMG\robocam_2025_04_03_22_45_18_651.jpg;0;0;0;0.6144456;86.9739;82.06715;359.8602;120.7182;359.9759
C:\Mark's Python files\ME5920\IMG\robocam_2025_04_03_22_45_18_723.jpg;0;0;0;0.6116423;86.95522;82.09857;359.8516;120.7182;359.971
C:\Mark's Python files\ME5920\IMG\robocam_2025_04_03_22_45_18_795.jpg;0;0;0;0.6095441;86.9304;82.14032;359.8419;120.7182;359.966
C:\Mark's Python files\ME5920\IMG\robocam_2025_04_03_22_45_18_867.jpg;0;0;0;0.6067538;86.91185;82.17153;359.8363;120.7182;359.9634
C:\Mark's Python files\ME5920\IMG\robocam_2025_04_03_22_45_18_937.jpg;0;0;0;0.6046672;86.88719;82.213;359.8308;120.7182;359.9615
C:\Mark's Python files\ME5920\IMG\robocam_2025_04_03_22_45_19_009.jpg;0;0;0;0.6018944;86.86264;82.25432;359.8277;120.7181;359.9612
C:\Mark's Python files\ME5920\IMG\robocam_2025_04_03_22_45_19_082.jpg;0;0;0;0.5991337;86.84428;82.28521;359.8268;120.7181;359.9619
C:\Mark's Python files\ME5920\IMG\robocam_2025_04_03_22_45_19_153.jpg;0;0;0.2144412;0.5861516;86.82644;82.31456;359.5415;120.7245;359.9831
C:\Mark's Python files\ME5920\IMG\robocam_2025_04_03_22_45_19_223.jpg;0;0;0;0.2064927;86.82613;82.31503;358.8649;120.7472;0.01378122
C:\Mark's Python files\ME5920\IMG\robocam_2025_04_03_22_45_19_293.jpg;0;0;0;0.1487069;86.82597;82.31529;358.2649;120.7503;359.99
C:\Mark's Python files\ME5920\IMG\robocam_2025_04_03_22_45_19_365.jpg;0;0;0;0.05274634;86.82587;82.31542;358.1334;120.7538;-0.004920401
C:\Mark's Python files\ME5920\IMG\robocam_2025_04_03_22_45_19_438.jpg;0;0;0;-0.04026722;86.8258;82.31552;358.3861;120.7571;359.9938
C:\Mark's Python files\ME5920\IMG\robocam_2025_04_03_22_45_19_510.jpg;0;0;0;-0.1472104;86.82587;82.3154;359.0312;120.7591;359.9931
C:\Mark's Python files\ME5920\IMG\robocam_2025_04_03_22_45_19_582.jpg;0;0;0;-0.1484442;86.82597;82.31522;359.5212;120.7591;359.9808
C:\Mark's Python files\ME5920\IMG\robocam_2025_04_03_22_45_19_653.jpg;0;0;0;-0.1380943;86.82609;82.31501;0.1323487;120.7593;359.9669
C:\Mark's Python files\ME5920\IMG\robocam_2025_04_03_22_45_19_724.jpg;0;0;0;-0.1241938;86.82616;82.31487;0.5502527;120.7596;359.9583
C:\Mark's Python files\ME5920\IMG\robocam_2025_04_03_22_45_19_794.jpg;0;0;0;-0.1058411;86.82625;82.31474;1.00381;120.7608;359.9903
C:\Mark's Python files\ME5920\IMG\robocam_2025_04_03_22_45_19_867.jpg;0;0;0.1093722;-0.07485988;86.82645;82.31477;1.251968;120.7601;0.0127608
C:\Mark's Python files\ME5920\IMG\robocam_2025_04_03_22_45_19_936.jpg;0;0;0.3198582;-0.03374856;86.82689;82.31494;1.348429;120.7604;359.9935
C:\Mark's Python files\ME5920\IMG\robocam_2025_04_03_22_45_20_006.jpg;0;0;0.5345313;0.02489711;86.82712;82.31507;1.258577;120.7587;0.008528587
C:\Mark's Python files\ME5920\IMG\robocam_2025_04_03_22_45_20_076.jpg;0;0;0;0.04165198;86.82772;82.31549;1.044803;120.7585;0.004690052
C:\Mark's Python files\ME5920\IMG\robocam_2025_04_03_22_45_20_116.jpg;0;0;0;0.0496586;86.82771;82.31553;0.9339848;120.7584;0.01174778
C:\Mark's Python files\ME5920\IMG\robocam_2025_04_03_22_45_20_184.jpg;0;0;0;0.05076158;86.8277;82.31558;0.7629635;120.7583;0.02152371
C:\Mark's Python files\ME5920\IMG\robocam_2025_04_03_22_45_20_255.jpg;0;0;0;0.05145262;86.82767;82.31565;0.5320151;120.7583;0.03250907
C:\Mark's Python files\ME5920\IMG\robocam_2025_04_03_22_45_20_326.jpg;0;0;0;0.05075475;86.82766;82.3157;0.361159;120.7584;0.03914922
C:\Mark's Python files\ME5920\IMG\robocam_2025_04_03_22_45_20_396.jpg;0;0;0;0.0491413;86.82762;82.31577;0.1424101;120.7585;0.04584784
C:\Mark's Python files\ME5920\IMG\robocam_2025_04_03_22_45_20_437.jpg;0;0;0;0.04572425;86.82761;82.31581;0.03874685;120.7586;0.04828697
C:\Mark's Python files\ME5920\IMG\robocam_2025_04_03_22_45_20_506.jpg;0;0.1091919;0;0.04354443;86.8277;82.31567;359.8871;120.7794;0.0509233
C:\Mark's Python files\ME5920\IMG\robocam_2025_04_03_22_45_20_576.jpg;0;0.3212907;0;0.04964801;86.82644;82.31782;359.7653;120.7522;0.05219015
C:\Mark's Python files\ME5920\IMG\robocam_2025_04_03_22_45_20_649.jpg;0;0.5371643;0;0.07732747;86.82336;82.323;359.7379;120.8122;0.05212351
C:\Mark's Python files\ME5920\IMG\robocam_2025_04_03_22_45_20_721.jpg;0;0.7538327;0;0.09570912;86.81925;82.32989;359.8018;120.7763;0.05050149
C:\Mark's Python files\ME5920\IMG\robocam_2025_04_03_22_45_20_791.jpg;0;0.9685088;0;0.1540473;86.81062;82.34442;0.01768904;120.6547;0.04682574
C:\Mark's Python files\ME5920\IMG\robocam_2025_04_03_22_45_20_861.jpg;0;1;0;0.212843;86.8016;82.35955;0.2727201;120.9035;0.04269307
C:\Mark's Python files\ME5920\IMG\robocam_2025_04_03_22_45_20_933.jpg;0;1;0;0.2729933;86.78694;82.3847;0.6800958;120.8;0.01576448
C:\Mark's Python files\ME5920\IMG\robocam_2025_04_03_22_45_21_003.jpg;0;0.7853866;0;0.3388814;86.77379;82.40656;0.9938957;120.5608;0.0001600533
C:\Mark's Python files\ME5920\IMG\robocam_2025_04_03_22_45_21_075.jpg;0;0.5730196;0;0.3818558;86.75546;82.4374;1.325058;120.5212;-0.002675668
C:\Mark's Python files\ME5920\IMG\robocam_2025_04_03_22_45_21_145.jpg;0;0.3607624;0;0.4004125;86.7439;82.45691;1.236129;120.481;-0.003597199
C:\Mark's Python files\ME5920\IMG\robocam_2025_04_03_22_45_21_218.jpg;0;0.1465006;0;0.4379181;86.72815;82.48366;1.013899;120.3505;0.001458447
C:\Mark's Python files\ME5920\IMG\robocam_2025_04_03_22_45_21_288.jpg;0;0;0;0.4352715;86.71658;82.50341;0.8316261;120.4421;0.002794882
C:\Mark's Python files\ME5920\IMG\robocam_2025_04_03_22_45_21_359.jpg;0;0;0;0.4334327;86.70128;82.52947;0.5776935;120.4425;0.007018976
C:\Mark's Python files\ME5920\IMG\robocam_2025_04_03_22_45_21_429.jpg;0;0;0;0.4317234;86.686;82.55547;0.3265838;120.4424;0.01050549
C:\Mark's Python files\ME5920\IMG\robocam_2025_04_03_22_45_21_501.jpg;0;0;0;0.4303411;86.67452;82.57501;0.1479692;120.4425;0.01260753
C:\Mark's Python files\ME5920\IMG\robocam_2025_04_03_22_45_21_572.jpg;0;0;0.2125131;0.3133271;86.66862;82.58504;359.5191;120.4431;0.01474979
C:\Mark's Python files\ME5920\IMG\robocam_2025_04_03_22_45_21_642.jpg;0;0;0;0.1697176;86.66857;82.5853;358.9485;120.4431;0.006970795
C:\Mark's Python files\ME5920\IMG\robocam_2025_04_03_22_45_21_714.jpg;0;0;0;0.1309776;86.66856;82.58561;358.4379;120.4442;0.003853659
C:\Mark's Python files\ME5920\IMG\robocam_2025_04_03_22_45_21_785.jpg;0;0;0;0.02573655;86.66852;82.58574;358.348;120.4424;359.991
C:\Mark's Python files\ME5920\IMG\robocam_2025_04_03_22_45_21_858.jpg;0;0;0;-0.04280715;86.6686;82.58593;358.6627;120.4444;0.004418201
C:\Mark's Python files\ME5920\IMG\robocam_2025_04_03_22_45_21_928.jpg;0;0;0;-0.1092742;86.66895;82.58595;359.0387;120.4448;0.02810251
C:\Mark's Python files\ME5920\IMG\robocam_2025_04_03_22_45_21_999.jpg;0;0;0;-0.1078749;86.6691;82.58578;359.5144;120.4451;0.08349669
C:\Mark's Python files\ME5920\IMG\robocam_2025_04_03_22_45_22_072.jpg;0;0;0;-0.1013209;86.66923;82.58566;359.9608;120.4446;0.1293519
C:\Mark's Python files\ME5920\IMG\robocam_2025_04_03_22_45_22_143.jpg;0;0;0;-0.0920744;86.66932;82.58556;0.2690679;120.4438;0.1571682
C:\Mark's Python files\ME5920\IMG\robocam_2025_04_03_22_45_22_179.jpg;0;0;0;-0.08368587;86.66938;82.58552;0.4595295;120.4431;0.1725359
C:\Mark's Python files\ME5920\IMG\robocam_2025_04_03_22_45_22_181.jpg;0;0;0;-0.08368587;86.66938;82.58552;0.4595295;120.4431;0.1725359
C:\Mark's Python files\ME5920\IMG\robocam_2025_04_03_22_45_22_214.jpg;0;0;0;0;86.66938;82.58552;0.4595295;120.4431;0.1725359
C:\Mark's Python files\ME5920\IMG\robocam_2025_04_03_22_45_22_216.jpg;0;0;0;0;86.66938;82.58552;0.4595295;120.4431;0.1725359
C:\Mark's Python files\ME5920\IMG\robocam_2025_04_03_22_45_22_250.jpg;0;0;0;0;86.66938;82.58552;0.4595295;120.4431;0.1725359
C:\Mark's Python files\ME5920\IMG\robocam_2025_04_03_22_45_22_251.jpg;0;0;0;0;86.66938;82.58552;0.4595295;120.4431;0.1725359
C:\Mark's Python files\ME5920\IMG\robocam_2025_04_03_22_45_22_286.jpg;0;0;0;0;86.66938;82.58552;0.4595295;120.4431;0.1725359
C:\Mark's Python files\ME5920\IMG\robocam_2025_04_03_22_45_22_288.jpg;0;0;0;0;86.66938;82.58552;0.4595295;120.4431;0.1725359
C:\Mark's Python files\ME5920\IMG\robocam_2025_04_03_22_45_22_321.jpg;0;0;0;0;86.66938;82.58552;0.4595295;120.4431;0.1725359
C:\Mark's Python files\ME5920\IMG\robocam_2025_04_03_22_45_22_323.jpg;0;0;0;0;86.66938;82.58552;0.4595295;120.4431;0.1725359
C:\Mark's Python files\ME5920\IMG\robocam_2025_04_03_22_45_22_356.jpg;0;0;0;0;86.66938;82.58552;0.4595295;120.4431;0.1725359
C:\Mark's Python files\ME5920\IMG\robocam_2025_04_03_22_45_22_358.jpg;0;0;0;0;86.66938;82.58552;0.4595295;120.4431;0.1725359
C:\Mark's Python files\ME5920\IMG\robocam_2025_04_03_22_45_22_393.jpg;0;0;0;0;86.66938;82.58552;0.4595295;120.4431;0.1725359
C:\Mark's Python files\ME5920\IMG\robocam_2025_04_03_22_45_22_394.jpg;0;0;0;0;86.66938;82.58552;0.4595295;120.4431;0.1725359
C:\Mark's Python files\ME5920\IMG\robocam_2025_04_03_22_45_22_428.jpg;0;0;0;0;86.66938;82.58552;0.4595295;120.4431;0.1725359
C:\Mark's Python files\ME5920\IMG\robocam_2025_04_03_22_45_22_429.jpg;0;0;0;0;86.66938;82.58552;0.4595295;120.4431;0.1725359
C:\Mark's Python files\ME5920\IMG\robocam_2025_04_03_22_45_22_464.jpg;0;0;0;0;86.66938;82.58552;0.4595295;120.4431;0.1725359
C:\Mark's Python files\ME5920\IMG\robocam_2025_04_03_22_45_22_466.jpg;0;0;0;0;86.66938;82.58552;0.4595295;120.4431;0.1725359
C:\Mark's Python files\ME5920\IMG\robocam_2025_04_03_22_45_22_499.jpg;0;0;0;0;86.66938;82.58552;0.4595295;120.4431;0.1725359
C:\Mark's Python files\ME5920\IMG\robocam_2025_04_03_22_45_22_502.jpg;0;0;0;0;86.66938;82.58552;0.4595295;120.4431;0.1725359
C:\Mark's Python files\ME5920\IMG\robocam_2025_04_03_22_45_22_536.jpg;0;0;0;0;86.66938;82.58552;0.4595295;120.4431;0.1725359
C:\Mark's Python files\ME5920\IMG\robocam_2025_04_03_22_45_22_537.jpg;0;0;0;0;86.66938;82.58552;0.4595295;120.4431;0.1725359
C:\Mark's Python files\ME5920\IMG\robocam_2025_04_03_22_45_22_571.jpg;0;0;0;0;86.66938;82.58552;0.4595295;120.4431;0.1725359
C:\Mark's Python files\ME5920\IMG\robocam_2025_04_03_22_45_22_573.jpg;0;0;0;0;86.66938;82.58552;0.4595295;120.4431;0.1725359
C:\Mark's Python files\ME5920\IMG\robocam_2025_04_03_22_45_22_607.jpg;0;0;0;0;86.66938;82.58552;0.4595295;120.4431;0.1725359
C:\Mark's Python files\ME5920\IMG\robocam_2025_04_03_22_45_22_609.jpg;0;0;0;0;86.66938;82.58552;0.4595295;120.4431;0.1725359
C:\Mark's Python files\ME5920\IMG\robocam_2025_04_03_22_45_22_644.jpg;0;0;0;0;86.66938;82.58552;0.4595295;120.4431;0.1725359
C:\Mark's Python files\ME5920\IMG\robocam_2025_04_03_22_45_22_646.jpg;0;0;0;0;86.66938;82.58552;0.4595295;120.4431;0.1725359
C:\Mark's Python files\ME5920\IMG\robocam_2025_04_03_22_45_22_680.jpg;0;0;0;0;86.66938;82.58552;0.4595295;120.4431;0.1725359
C:\Mark's Python files\ME5920\IMG\robocam_2025_04_03_22_45_22_681.jpg;0;0;0;0;86.66938;82.58552;0.4595295;120.4431;0.1725359
C:\Mark's Python files\ME5920\IMG\robocam_2025_04_03_22_45_22_717.jpg;0;0;0;0;86.66938;82.58552;0.4595295;120.4431;0.1725359
C:\Mark's Python files\ME5920\IMG\robocam_2025_04_03_22_45_22_719.jpg;0;0;0;0;86.66938;82.58552;0.4595295;120.4431;0.1725359
C:\Mark's Python files\ME5920\IMG\robocam_2025_04_03_22_45_22_753.jpg;0;0;0;0;86.66938;82.58552;0.4595295;120.4431;0.1725359
C:\Mark's Python files\ME5920\IMG\robocam_2025_04_03_22_45_22_754.jpg;0;0;0;0;86.66938;82.58552;0.4595295;120.4431;0.1725359
C:\Mark's Python files\ME5920\IMG\robocam_2025_04_03_22_45_22_788.jpg;0;0;0;0;86.66938;82.58552;0.4595295;120.4431;0.1725359
C:\Mark's Python files\ME5920\IMG\robocam_2025_04_03_22_45_22_789.jpg;0;0;0;0;86.66938;82.58552;0.4595295;120.4431;0.1725359
C:\Mark's Python files\ME5920\IMG\robocam_2025_04_03_22_45_22_824.jpg;0;0;0;0;86.66938;82.58552;0.4595295;120.4431;0.1725359
C:\Mark's Python files\ME5920\IMG\robocam_2025_04_03_22_45_22_825.jpg;0;0;0;0;86.66938;82.58552;0.4595295;120.4431;0.1725359
C:\Mark's Python files\ME5920\IMG\robocam_2025_04_03_22_45_22_859.jpg;0;0;0;0;86.66938;82.58552;0.4595295;120.4431;0.1725359
C:\Mark's Python files\ME5920\IMG\robocam_2025_04_03_22_45_22_862.jpg;0;0;0;0;86.66938;82.58552;0.4595295;120.4431;0.1725359
C:\Mark's Python files\ME5920\IMG\robocam_2025_04_03_22_45_22_895.jpg;0;0;0;0;86.66938;82.58552;0.4595295;120.4431;0.1725359
C:\Mark's Python files\ME5920\IMG\robocam_2025_04_03_22_45_22_897.jpg;0;0;0;0;86.66938;82.58552;0.4595295;120.4431;0.1725359
C:\Mark's Python files\ME5920\IMG\robocam_2025_04_03_22_45_22_932.jpg;0;0;0;0;86.66938;82.58552;0.4595295;120.4431;0.1725359
C:\Mark's Python files\ME5920\IMG\robocam_2025_04_03_22_45_22_933.jpg;0;0;0;0;86.66938;82.58552;0.4595295;120.4431;0.1725359
C:\Mark's Python files\ME5920\IMG\robocam_2025_04_03_22_45_22_966.jpg;0;0;0;0;86.66938;82.58552;0.4595295;120.4431;0.1725359
C:\Mark's Python files\ME5920\IMG\robocam_2025_04_03_22_45_22_969.jpg;0;0;0;0;86.66938;82.58552;0.4595295;120.4431;0.1725359
C:\Mark's Python files\ME5920\IMG\robocam_2025_04_03_22_45_23_002.jpg;0;0;0;0;86.66938;82.58552;0.4595295;120.4431;0.1725359
C:\Mark's Python files\ME5920\IMG\robocam_2025_04_03_22_45_23_004.jpg;0;0;0;0;86.66938;82.58552;0.4595295;120.4431;0.1725359
C:\Mark's Python files\ME5920\IMG\robocam_2025_04_03_22_45_23_037.jpg;0;0;0;0;86.66938;82.58552;0.4595295;120.4431;0.1725359
C:\Mark's Python files\ME5920\IMG\robocam_2025_04_03_22_45_23_038.jpg;0;0;0;0;86.66938;82.58552;0.4595295;120.4431;0.1725359
C:\Mark's Python files\ME5920\IMG\robocam_2025_04_03_22_45_23_072.jpg;0;0;0;0;86.66938;82.58552;0.4595295;120.4431;0.1725359
C:\Mark's Python files\ME5920\IMG\robocam_2025_04_03_22_45_23_073.jpg;0;0;0;0;86.66938;82.58552;0.4595295;120.4431;0.1725359
C:\Mark's Python files\ME5920\IMG\robocam_2025_04_03_22_45_23_107.jpg;0;0;0;0;86.66938;82.58552;0.4595295;120.4431;0.1725359
C:\Mark's Python files\ME5920\IMG\robocam_2025_04_03_22_45_23_109.jpg;0;0;0;0;86.66938;82.58552;0.4595295;120.4431;0.1725359
C:\Mark's Python files\ME5920\IMG\robocam_2025_04_03_22_45_23_143.jpg;0;0;0;0;86.66938;82.58552;0.4595295;120.4431;0.1725359
C:\Mark's Python files\ME5920\IMG\robocam_2025_04_03_22_45_23_145.jpg;0;0;0;0;86.66938;82.58552;0.4595295;120.4431;0.1725359
C:\Mark's Python files\ME5920\IMG\robocam_2025_04_03_22_45_23_179.jpg;0;0;0;0;86.66938;82.58552;0.4595295;120.4431;0.1725359
C:\Mark's Python files\ME5920\IMG\robocam_2025_04_03_22_45_23_181.jpg;0;0;0;0;86.66938;82.58552;0.4595295;120.4431;0.1725359
C:\Mark's Python files\ME5920\IMG\robocam_2025_04_03_22_45_23_215.jpg;0;0;0;0;86.66938;82.58552;0.4595295;120.4431;0.1725359
C:\Mark's Python files\ME5920\IMG\robocam_2025_04_03_22_45_23_216.jpg;0;0;0;0;86.66938;82.58552;0.4595295;120.4431;0.1725359
C:\Mark's Python files\ME5920\IMG\robocam_2025_04_03_22_45_23_252.jpg;0;0;0;0;86.66938;82.58552;0.4595295;120.4431;0.1725359
C:\Mark's Python files\ME5920\IMG\robocam_2025_04_03_22_45_23_254.jpg;0;0;0;0;86.66938;82.58552;0.4595295;120.4431;0.1725359
C:\Mark's Python files\ME5920\IMG\robocam_2025_04_03_22_45_23_287.jpg;0;0;0;0;86.66938;82.58552;0.4595295;120.4431;0.1725359
C:\Mark's Python files\ME5920\IMG\robocam_2025_04_03_22_45_23_288.jpg;0;0;0;0;86.66938;82.58552;0.4595295;120.4431;0.1725359
C:\Mark's Python files\ME5920\IMG\robocam_2025_04_03_22_45_23_322.jpg;0;0;0;0;86.66938;82.58552;0.4595295;120.4431;0.1725359
C:\Mark's Python files\ME5920\IMG\robocam_2025_04_03_22_45_23_324.jpg;0;0;0;0;86.66938;82.58552;0.4595295;120.4431;0.1725359
C:\Mark's Python files\ME5920\IMG\robocam_2025_04_03_22_45_23_357.jpg;0;0;0;0;86.66938;82.58552;0.4595295;120.4431;0.1725359
C:\Mark's Python files\ME5920\IMG\robocam_2025_04_03_22_45_23_359.jpg;0;0;0;0;86.66938;82.58552;0.4595295;120.4431;0.1725359
C:\Mark's Python files\ME5920\IMG\robocam_2025_04_03_22_45_23_394.jpg;0;0;0;0;86.66938;82.58552;0.4595295;120.4431;0.1725359
C:\Mark's Python files\ME5920\IMG\robocam_2025_04_03_22_45_23_395.jpg;0;0;0;0;86.66938;82.58552;0.4595295;120.4431;0.1725359
C:\Mark's Python files\ME5920\IMG\robocam_2025_04_03_22_45_23_430.jpg;0;0;0;0;86.66938;82.58552;0.4595295;120.4431;0.1725359
C:\Mark's Python files\ME5920\IMG\robocam_2025_04_03_22_45_23_433.jpg;0;0;0;0;86.66938;82.58552;0.4595295;120.4431;0.1725359
C:\Mark's Python files\ME5920\IMG\robocam_2025_04_03_22_45_23_467.jpg;0;0;0;0;86.66938;82.58552;0.4595295;120.4431;0.1725359
C:\Mark's Python files\ME5920\IMG\robocam_2025_04_03_22_45_23_469.jpg;0;0;0;0;86.66938;82.58552;0.4595295;120.4431;0.1725359
C:\Mark's Python files\ME5920\IMG\robocam_2025_04_03_22_45_23_503.jpg;0;0;0;0;86.66938;82.58552;0.4595295;120.4431;0.1725359
C:\Mark's Python files\ME5920\IMG\robocam_2025_04_03_22_45_23_504.jpg;0;0;0;0;86.66938;82.58552;0.4595295;120.4431;0.1725359
C:\Mark's Python files\ME5920\IMG\robocam_2025_04_03_22_45_23_538.jpg;0;0;0;0;86.66938;82.58552;0.4595295;120.4431;0.1725359
C:\Mark's Python files\ME5920\IMG\robocam_2025_04_03_22_45_23_541.jpg;0;0;0;0;86.66938;82.58552;0.4595295;120.4431;0.1725359
C:\Mark's Python files\ME5920\IMG\robocam_2025_04_03_22_45_23_573.jpg;0;0;0;0;86.66938;82.58552;0.4595295;120.4431;0.1725359
C:\Mark's Python files\ME5920\IMG\robocam_2025_04_03_22_45_23_576.jpg;0;0;0;0;86.66938;82.58552;0.4595295;120.4431;0.1725359
C:\Mark's Python files\ME5920\IMG\robocam_2025_04_03_22_45_23_609.jpg;0;0;0;0;86.66938;82.58552;0.4595295;120.4431;0.1725359
C:\Mark's Python files\ME5920\IMG\robocam_2025_04_03_22_45_23_610.jpg;0;0;0;0;86.66938;82.58552;0.4595295;120.4431;0.1725359
C:\Mark's Python files\ME5920\IMG\robocam_2025_04_03_22_45_23_644.jpg;0;0;0;0;86.66938;82.58552;0.4595295;120.4431;0.1725359
C:\Mark's Python files\ME5920\IMG\robocam_2025_04_03_22_45_23_646.jpg;0;0;0;0;86.66938;82.58552;0.4595295;120.4431;0.1725359
C:\Mark's Python files\ME5920\IMG\robocam_2025_04_03_22_45_23_679.jpg;0;0;0;0;86.66938;82.58552;0.4595295;120.4431;0.1725359
C:\Mark's Python files\ME5920\IMG\robocam_2025_04_03_22_45_23_681.jpg;0;0;0;0;86.66938;82.58552;0.4595295;120.4431;0.1725359
C:\Mark's Python files\ME5920\IMG\robocam_2025_04_03_22_45_23_716.jpg;0;0;0;0;86.66938;82.58552;0.4595295;120.4431;0.1725359
C:\Mark's Python files\ME5920\IMG\robocam_2025_04_03_22_45_23_717.jpg;0;0;0;0;86.66938;82.58552;0.4595295;120.4431;0.1725359
C:\Mark's Python files\ME5920\IMG\robocam_2025_04_03_22_45_23_751.jpg;0;0;0;0;86.66938;82.58552;0.4595295;120.4431;0.1725359
C:\Mark's Python files\ME5920\IMG\robocam_2025_04_03_22_45_23_753.jpg;0;0;0;0;86.66938;82.58552;0.4595295;120.4431;0.1725359
C:\Mark's Python files\ME5920\IMG\robocam_2025_04_03_22_45_23_785.jpg;0;0;0;0;86.66938;82.58552;0.4595295;120.4431;0.1725359
C:\Mark's Python files\ME5920\IMG\robocam_2025_04_03_22_45_23_787.jpg;0;0;0;0;86.66938;82.58552;0.4595295;120.4431;0.1725359
C:\Mark's Python files\ME5920\IMG\robocam_2025_04_03_22_45_23_822.jpg;0;0;0;0;86.66938;82.58552;0.4595295;120.4431;0.1725359
C:\Mark's Python files\ME5920\IMG\robocam_2025_04_03_22_45_23_824.jpg;0;0;0;0;86.66938;82.58552;0.4595295;120.4431;0.1725359
C:\Mark's Python files\ME5920\IMG\robocam_2025_04_03_22_45_23_857.jpg;0;0;0;0;86.66938;82.58552;0.4595295;120.4431;0.1725359
C:\Mark's Python files\ME5920\IMG\robocam_2025_04_03_22_45_23_858.jpg;0;0;0;0;86.66938;82.58552;0.4595295;120.4431;0.1725359
C:\Mark's Python files\ME5920\IMG\robocam_2025_04_03_22_45_23_892.jpg;0;0;0;0;86.66938;82.58552;0.4595295;120.4431;0.1725359
C:\Mark's Python files\ME5920\IMG\robocam_2025_04_03_22_45_23_893.jpg;0;0;0;0;86.66938;82.58552;0.4595295;120.4431;0.1725359
C:\Mark's Python files\ME5920\IMG\robocam_2025_04_03_22_45_23_927.jpg;0;0;0;0;86.66938;82.58552;0.4595295;120.4431;0.1725359
C:\Mark's Python files\ME5920\IMG\robocam_2025_04_03_22_45_23_929.jpg;0;0;0;0;86.66938;82.58552;0.4595295;120.4431;0.1725359
C:\Mark's Python files\ME5920\IMG\robocam_2025_04_03_22_45_23_963.jpg;0;0;0;0;86.66938;82.58552;0.4595295;120.4431;0.1725359
C:\Mark's Python files\ME5920\IMG\robocam_2025_04_03_22_45_23_964.jpg;0;0;0;0;86.66938;82.58552;0.4595295;120.4431;0.1725359
C:\Mark's Python files\ME5920\IMG\robocam_2025_04_03_22_45_23_997.jpg;0;0;0;0;86.66938;82.58552;0.4595295;120.4431;0.1725359
C:\Mark's Python files\ME5920\IMG\robocam_2025_04_03_22_45_23_999.jpg;0;0;0;0;86.66938;82.58552;0.4595295;120.4431;0.1725359
C:\Mark's Python files\ME5920\IMG\robocam_2025_04_03_22_45_24_034.jpg;0;0;0;0;86.66938;82.58552;0.4595295;120.4431;0.1725359
C:\Mark's Python files\ME5920\IMG\robocam_2025_04_03_22_45_24_036.jpg;0;0;0;0;86.66938;82.58552;0.4595295;120.4431;0.1725359
C:\Mark's Python files\ME5920\IMG\robocam_2025_04_03_22_45_24_071.jpg;0;0;0;0;86.66938;82.58552;0.4595295;120.4431;0.1725359
C:\Mark's Python files\ME5920\IMG\robocam_2025_04_03_22_45_24_072.jpg;0;0;0;0;86.66938;82.58552;0.4595295;120.4431;0.1725359
C:\Mark's Python files\ME5920\IMG\robocam_2025_04_03_22_45_24_107.jpg;0;0;0;0;86.66938;82.58552;0.4595295;120.4431;0.1725359
C:\Mark's Python files\ME5920\IMG\robocam_2025_04_03_22_45_24_108.jpg;0;0;0;0;86.66938;82.58552;0.4595295;120.4431;0.1725359
C:\Mark's Python files\ME5920\IMG\robocam_2025_04_03_22_45_24_144.jpg;0;0;0;0;86.66938;82.58552;0.4595295;120.4431;0.1725359
C:\Mark's Python files\ME5920\IMG\robocam_2025_04_03_22_45_24_147.jpg;0;0;0;0;86.66938;82.58552;0.4595295;120.4431;0.1725359
C:\Mark's Python files\ME5920\IMG\robocam_2025_04_03_22_45_24_180.jpg;0;0;0;0;86.66938;82.58552;0.4595295;120.4431;0.1725359
C:\Mark's Python files\ME5920\IMG\robocam_2025_04_03_22_45_24_182.jpg;0;0;0;0;86.66938;82.58552;0.4595295;120.4431;0.1725359
C:\Mark's Python files\ME5920\IMG\robocam_2025_04_03_22_45_24_214.jpg;0;0;0;0;86.66938;82.58552;0.4595295;120.4431;0.1725359
C:\Mark's Python files\ME5920\IMG\robocam_2025_04_03_22_45_24_218.jpg;0;0;0;0;86.66938;82.58552;0.4595295;120.4431;0.1725359
C:\Mark's Python files\ME5920\IMG\robocam_2025_04_03_22_45_24_251.jpg;0;0;0;0;86.66938;82.58552;0.4595295;120.4431;0.1725359
C:\Mark's Python files\ME5920\IMG\robocam_2025_04_03_22_45_24_253.jpg;0;0;0;0;86.66938;82.58552;0.4595295;120.4431;0.1725359
C:\Mark's Python files\ME5920\IMG\robocam_2025_04_03_22_45_24_287.jpg;0;0;0;0;86.66938;82.58552;0.4595295;120.4431;0.1725359
C:\Mark's Python files\ME5920\IMG\robocam_2025_04_03_22_45_24_288.jpg;0;0;0;0;86.66938;82.58552;0.4595295;120.4431;0.1725359
C:\Mark's Python files\ME5920\IMG\robocam_2025_04_03_22_45_24_321.jpg;0;0;0;0;86.66938;82.58552;0.4595295;120.4431;0.1725359
C:\Mark's Python files\ME5920\IMG\robocam_2025_04_03_22_45_24_323.jpg;0;0;0;0;86.66938;82.58552;0.4595295;120.4431;0.1725359
C:\Mark's Python files\ME5920\IMG\robocam_2025_04_03_22_45_24_357.jpg;0;0;0;0;86.66938;82.58552;0.4595295;120.4431;0.1725359
C:\Mark's Python files\ME5920\IMG\robocam_2025_04_03_22_45_24_358.jpg;0;0;0;0;86.66938;82.58552;0.4595295;120.4431;0.1725359
C:\Mark's Python files\ME5920\IMG\robocam_2025_04_03_22_45_24_393.jpg;0;0;0;0;86.66938;82.58552;0.4595295;120.4431;0.1725359
C:\Mark's Python files\ME5920\IMG\robocam_2025_04_03_22_45_24_394.jpg;0;0;0;0;86.66938;82.58552;0.4595295;120.4431;0.1725359
C:\Mark's Python files\ME5920\IMG\robocam_2025_04_03_22_45_24_430.jpg;0;0;0;0;86.66938;82.58552;0.4595295;120.4431;0.1725359
C:\Mark's Python files\ME5920\IMG\robocam_2025_04_03_22_45_24_432.jpg;0;0;0;0;86.66938;82.58552;0.4595295;120.4431;0.1725359
C:\Mark's Python files\ME5920\IMG\robocam_2025_04_03_22_45_24_465.jpg;0;0;0;0;86.66938;82.58552;0.4595295;120.4431;0.1725359
C:\Mark's Python files\ME5920\IMG\robocam_2025_04_03_22_45_24_467.jpg;0;0;0;0;86.66938;82.58552;0.4595295;120.4431;0.1725359
C:\Mark's Python files\ME5920\IMG\robocam_2025_04_03_22_45_24_499.jpg;0;0;0;0;86.66938;82.58552;0.4595295;120.4431;0.1725359
C:\Mark's Python files\ME5920\IMG\robocam_2025_04_03_22_45_24_501.jpg;0;0;0;0;86.66938;82.58552;0.4595295;120.4431;0.1725359
C:\Mark's Python files\ME5920\IMG\robocam_2025_04_03_22_45_24_536.jpg;0;0;0;0;86.66938;82.58552;0.4595295;120.4431;0.1725359
C:\Mark's Python files\ME5920\IMG\robocam_2025_04_03_22_45_24_538.jpg;0;0;0;0;86.66938;82.58552;0.4595295;120.4431;0.1725359
C:\Mark's Python files\ME5920\IMG\robocam_2025_04_03_22_45_24_572.jpg;0;0;0;0;86.66938;82.58552;0.4595295;120.4431;0.1725359
C:\Mark's Python files\ME5920\IMG\robocam_2025_04_03_22_45_24_573.jpg;0;0;0;0;86.66938;82.58552;0.4595295;120.4431;0.1725359
C:\Mark's Python files\ME5920\IMG\robocam_2025_04_03_22_45_24_607.jpg;0;0;0;0;86.66938;82.58552;0.4595295;120.4431;0.1725359
C:\Mark's Python files\ME5920\IMG\robocam_2025_04_03_22_45_24_609.jpg;0;0;0;0;86.66938;82.58552;0.4595295;120.4431;0.1725359
C:\Mark's Python files\ME5920\IMG\robocam_2025_04_03_22_45_24_642.jpg;0;0;0;0;86.66938;82.58552;0.4595295;120.4431;0.1725359
C:\Mark's Python files\ME5920\IMG\robocam_2025_04_03_22_45_24_644.jpg;0;0;0;0;86.66938;82.58552;0.4595295;120.4431;0.1725359
C:\Mark's Python files\ME5920\IMG\robocam_2025_04_03_22_45_24_678.jpg;0;0;0;0;86.66938;82.58552;0.4595295;120.4431;0.1725359
C:\Mark's Python files\ME5920\IMG\robocam_2025_04_03_22_45_24_679.jpg;0;0;0;0;86.66938;82.58552;0.4595295;120.4431;0.1725359
C:\Mark's Python files\ME5920\IMG\robocam_2025_04_03_22_45_24_714.jpg;0;0;0;0;86.66938;82.58552;0.4595295;120.4431;0.1725359
C:\Mark's Python files\ME5920\IMG\robocam_2025_04_03_22_45_24_715.jpg;0;0;0;0;86.66938;82.58552;0.4595295;120.4431;0.1725359
C:\Mark's Python files\ME5920\IMG\robocam_2025_04_03_22_45_24_749.jpg;0;0;0;0;86.66938;82.58552;0.4595295;120.4431;0.1725359
C:\Mark's Python files\ME5920\IMG\robocam_2025_04_03_22_45_24_750.jpg;0;0;0;0;86.66938;82.58552;0.4595295;120.4431;0.1725359
C:\Mark's Python files\ME5920\IMG\robocam_2025_04_03_22_45_24_786.jpg;0;0;0;0;86.66938;82.58552;0.4595295;120.4431;0.1725359
C:\Mark's Python files\ME5920\IMG\robocam_2025_04_03_22_45_24_787.jpg;0;0;0;0;86.66938;82.58552;0.4595295;120.4431;0.1725359
C:\Mark's Python files\ME5920\IMG\robocam_2025_04_03_22_45_24_820.jpg;0;0;0;0;86.66938;82.58552;0.4595295;120.4431;0.1725359
C:\Mark's Python files\ME5920\IMG\robocam_2025_04_03_22_45_24_823.jpg;0;0;0;0;86.66938;82.58552;0.4595295;120.4431;0.1725359
C:\Mark's Python files\ME5920\IMG\robocam_2025_04_03_22_45_24_856.jpg;0;0;0;0;86.66938;82.58552;0.4595295;120.4431;0.1725359
C:\Mark's Python files\ME5920\IMG\robocam_2025_04_03_22_45_24_857.jpg;0;0;0;0;86.66938;82.58552;0.4595295;120.4431;0.1725359
C:\Mark's Python files\ME5920\IMG\robocam_2025_04_03_22_45_24_892.jpg;0;0;0;0;86.66938;82.58552;0.4595295;120.4431;0.1725359
C:\Mark's Python files\ME5920\IMG\robocam_2025_04_03_22_45_24_893.jpg;0;0;0;0;86.66938;82.58552;0.4595295;120.4431;0.1725359
C:\Mark's Python files\ME5920\IMG\robocam_2025_04_03_22_45_24_928.jpg;0;0;0;0;86.66938;82.58552;0.4595295;120.4431;0.1725359
C:\Mark's Python files\ME5920\IMG\robocam_2025_04_03_22_45_24_930.jpg;0;0;0;0;86.66938;82.58552;0.4595295;120.4431;0.1725359
C:\Mark's Python files\ME5920\IMG\robocam_2025_04_03_22_45_24_965.jpg;0;0;0;0;86.66938;82.58552;0.4595295;120.4431;0.1725359
C:\Mark's Python files\ME5920\IMG\robocam_2025_04_03_22_45_24_967.jpg;0;0;0;0;86.66938;82.58552;0.4595295;120.4431;0.1725359
C:\Mark's Python files\ME5920\IMG\robocam_2025_04_03_22_45_25_000.jpg;0;0;0;0;86.66938;82.58552;0.4595295;120.4431;0.1725359
C:\Mark's Python files\ME5920\IMG\robocam_2025_04_03_22_45_25_002.jpg;0;0;0;0;86.66938;82.58552;0.4595295;120.4431;0.1725359
C:\Mark's Python files\ME5920\IMG\robocam_2025_04_03_22_45_25_036.jpg;0;0;0;0;86.66938;82.58552;0.4595295;120.4431;0.1725359
C:\Mark's Python files\ME5920\IMG\robocam_2025_04_03_22_45_25_037.jpg;0;0;0;0;86.66938;82.58552;0.4595295;120.4431;0.1725359
C:\Mark's Python files\ME5920\IMG\robocam_2025_04_03_22_45_25_070.jpg;0;0;0;0;86.66938;82.58552;0.4595295;120.4431;0.1725359
C:\Mark's Python files\ME5920\IMG\robocam_2025_04_03_22_45_25_073.jpg;0;0;0;0;86.66938;82.58552;0.4595295;120.4431;0.1725359
C:\Mark's Python files\ME5920\IMG\robocam_2025_04_03_22_45_25_106.jpg;0;0;0;0;86.66938;82.58552;0.4595295;120.4431;0.1725359
C:\Mark's Python files\ME5920\IMG\robocam_2025_04_03_22_45_25_108.jpg;0;0;0;0;86.66938;82.58552;0.4595295;120.4431;0.1725359
C:\Mark's Python files\ME5920\IMG\robocam_2025_04_03_22_45_25_141.jpg;0;0;0;0;86.66938;82.58552;0.4595295;120.4431;0.1725359
C:\Mark's Python files\ME5920\IMG\robocam_2025_04_03_22_45_25_144.jpg;0;0;0;0;86.66938;82.58552;0.4595295;120.4431;0.1725359
C:\Mark's Python files\ME5920\IMG\robocam_2025_04_03_22_45_25_176.jpg;0;0;0;0;86.66938;82.58552;0.4595295;120.4431;0.1725359
C:\Mark's Python files\ME5920\IMG\robocam_2025_04_03_22_45_25_179.jpg;0;0;0;0;86.66938;82.58552;0.4595295;120.4431;0.1725359
C:\Mark's Python files\ME5920\IMG\robocam_2025_04_03_22_45_25_211.jpg;0;0;0;0;86.66938;82.58552;0.4595295;120.4431;0.1725359
C:\Mark's Python files\ME5920\IMG\robocam_2025_04_03_22_45_25_213.jpg;0;0;0;0;86.66938;82.58552;0.4595295;120.4431;0.1725359
C:\Mark's Python files\ME5920\IMG\robocam_2025_04_03_22_45_25_246.jpg;0;0;0;0;86.66938;82.58552;0.4595295;120.4431;0.1725359
C:\Mark's Python files\ME5920\IMG\robocam_2025_04_03_22_45_25_249.jpg;0;0;0;0;86.66938;82.58552;0.4595295;120.4431;0.1725359
C:\Mark's Python files\ME5920\IMG\robocam_2025_04_03_22_45_25_283.jpg;0;0;0;0;86.66938;82.58552;0.4595295;120.4431;0.1725359
C:\Mark's Python files\ME5920\IMG\robocam_2025_04_03_22_45_25_284.jpg;0;0;0;0;86.66938;82.58552;0.4595295;120.4431;0.1725359
C:\Mark's Python files\ME5920\IMG\robocam_2025_04_03_22_45_25_319.jpg;0;0;0;0;86.66938;82.58552;0.4595295;120.4431;0.1725359
C:\Mark's Python files\ME5920\IMG\robocam_2025_04_03_22_45_25_320.jpg;0;0;0;0;86.66938;82.58552;0.4595295;120.4431;0.1725359
C:\Mark's Python files\ME5920\IMG\robocam_2025_04_03_22_45_25_355.jpg;0;0;0;0;86.66938;82.58552;0.4595295;120.4431;0.1725359
C:\Mark's Python files\ME5920\IMG\robocam_2025_04_03_22_45_25_357.jpg;0;0;0;0;86.66938;82.58552;0.4595295;120.4431;0.1725359
C:\Mark's Python files\ME5920\IMG\robocam_2025_04_03_22_45_25_391.jpg;0;0;0;0;86.66938;82.58552;0.4595295;120.4431;0.1725359
C:\Mark's Python files\ME5920\IMG\robocam_2025_04_03_22_45_25_393.jpg;0;0;0;0;86.66938;82.58552;0.4595295;120.4431;0.1725359
C:\Mark's Python files\ME5920\IMG\robocam_2025_04_03_22_45_25_428.jpg;0;0;0;0;86.66938;82.58552;0.4595295;120.4431;0.1725359
C:\Mark's Python files\ME5920\IMG\robocam_2025_04_03_22_45_25_429.jpg;0;0;0;0;86.66938;82.58552;0.4595295;120.4431;0.1725359
C:\Mark's Python files\ME5920\IMG\robocam_2025_04_03_22_45_25_463.jpg;0;0;0;0;86.66938;82.58552;0.4595295;120.4431;0.1725359
C:\Mark's Python files\ME5920\IMG\robocam_2025_04_03_22_45_25_466.jpg;0;0;0;0;86.66938;82.58552;0.4595295;120.4431;0.1725359
C:\Mark's Python files\ME5920\IMG\robocam_2025_04_03_22_45_25_500.jpg;0;0;0;0;86.66938;82.58552;0.4595295;120.4431;0.1725359
C:\Mark's Python files\ME5920\IMG\robocam_2025_04_03_22_45_25_502.jpg;0;0;0;0;86.66938;82.58552;0.4595295;120.4431;0.1725359
C:\Mark's Python files\ME5920\IMG\robocam_2025_04_03_22_45_25_536.jpg;0;0;0;0;86.66938;82.58552;0.4595295;120.4431;0.1725359
C:\Mark's Python files\ME5920\IMG\robocam_2025_04_03_22_45_25_537.jpg;0;0;0;0;86.66938;82.58552;0.4595295;120.4431;0.1725359
C:\Mark's Python files\ME5920\IMG\robocam_2025_04_03_22_45_25_572.jpg;0;0;0;0;86.66938;82.58552;0.4595295;120.4431;0.1725359
C:\Mark's Python files\ME5920\IMG\robocam_2025_04_03_22_45_25_574.jpg;0;0;0;0;86.66938;82.58552;0.4595295;120.4431;0.1725359
C:\Mark's Python files\ME5920\IMG\robocam_2025_04_03_22_45_25_607.jpg;0;0;0;0;86.66938;82.58552;0.4595295;120.4431;0.1725359
C:\Mark's Python files\ME5920\IMG\robocam_2025_04_03_22_45_25_609.jpg;0;0;0;0;86.66938;82.58552;0.4595295;120.4431;0.1725359
C:\Mark's Python files\ME5920\IMG\robocam_2025_04_03_22_45_25_642.jpg;0;0;0;0;86.66938;82.58552;0.4595295;120.4431;0.1725359
C:\Mark's Python files\ME5920\IMG\robocam_2025_04_03_22_45_25_645.jpg;0;0;0;0;86.66938;82.58552;0.4595295;120.4431;0.1725359
C:\Mark's Python files\ME5920\IMG\robocam_2025_04_03_22_45_25_679.jpg;0;0;0;0;86.66938;82.58552;0.4595295;120.4431;0.1725359
C:\Mark's Python files\ME5920\IMG\robocam_2025_04_03_22_45_25_682.jpg;0;0;0;0;86.66938;82.58552;0.4595295;120.4431;0.1725359
C:\Mark's Python files\ME5920\IMG\robocam_2025_04_03_22_45_25_715.jpg;0;0;0;0;86.66938;82.58552;0.4595295;120.4431;0.1725359
C:\Mark's Python files\ME5920\IMG\robocam_2025_04_03_22_45_25_717.jpg;0;0;0;0;86.66938;82.58552;0.4595295;120.4431;0.1725359
C:\Mark's Python files\ME5920\IMG\robocam_2025_04_03_22_45_25_750.jpg;0;0;0;0;86.66938;82.58552;0.4595295;120.4431;0.1725359
C:\Mark's Python files\ME5920\IMG\robocam_2025_04_03_22_45_25_753.jpg;0;0;0;0;86.66938;82.58552;0.4595295;120.4431;0.1725359
C:\Mark's Python files\ME5920\IMG\robocam_2025_04_03_22_45_25_784.jpg;0;0;0;0;86.66938;82.58552;0.4595295;120.4431;0.1725359
C:\Mark's Python files\ME5920\IMG\robocam_2025_04_03_22_45_25_787.jpg;0;0;0;0;86.66938;82.58552;0.4595295;120.4431;0.1725359
C:\Mark's Python files\ME5920\IMG\robocam_2025_04_03_22_45_25_818.jpg;0;0;0;0;86.66938;82.58552;0.4595295;120.4431;0.1725359
C:\Mark's Python files\ME5920\IMG\robocam_2025_04_03_22_45_25_821.jpg;0;0;0;0;86.66938;82.58552;0.4595295;120.4431;0.1725359
C:\Mark's Python files\ME5920\IMG\robocam_2025_04_03_22_45_25_855.jpg;0;0;0;0;86.66938;82.58552;0.4595295;120.4431;0.1725359
C:\Mark's Python files\ME5920\IMG\robocam_2025_04_03_22_45_25_856.jpg;0;0;0;0;86.66938;82.58552;0.4595295;120.4431;0.1725359
C:\Mark's Python files\ME5920\IMG\robocam_2025_04_03_22_45_25_890.jpg;0;0;0;0;86.66938;82.58552;0.4595295;120.4431;0.1725359
C:\Mark's Python files\ME5920\IMG\robocam_2025_04_03_22_45_25_892.jpg;0;0;0;0;86.66938;82.58552;0.4595295;120.4431;0.1725359
C:\Mark's Python files\ME5920\IMG\robocam_2025_04_03_22_45_25_925.jpg;0;0;0;0;86.66938;82.58552;0.4595295;120.4431;0.1725359
C:\Mark's Python files\ME5920\IMG\robocam_2025_04_03_22_45_25_927.jpg;0;0;0;0;86.66938;82.58552;0.4595295;120.4431;0.1725359
C:\Mark's Python files\ME5920\IMG\robocam_2025_04_03_22_45_25_963.jpg;0;0;0;0;86.66938;82.58552;0.4595295;120.4431;0.1725359
C:\Mark's Python files\ME5920\IMG\robocam_2025_04_03_22_45_25_965.jpg;0;0;0;0;86.66938;82.58552;0.4595295;120.4431;0.1725359
C:\Mark's Python files\ME5920\IMG\robocam_2025_04_03_22_45_26_000.jpg;0;0;0;0;86.66938;82.58552;0.4595295;120.4431;0.1725359
C:\Mark's Python files\ME5920\IMG\robocam_2025_04_03_22_45_26_002.jpg;0;0;0;0;86.66938;82.58552;0.4595295;120.4431;0.1725359
C:\Mark's Python files\ME5920\IMG\robocam_2025_04_03_22_45_26_036.jpg;0;0;0;0;86.66938;82.58552;0.4595295;120.4431;0.1725359
C:\Mark's Python files\ME5920\IMG\robocam_2025_04_03_22_45_26_037.jpg;0;0;0;0;86.66938;82.58552;0.4595295;120.4431;0.1725359
C:\Mark's Python files\ME5920\IMG\robocam_2025_04_03_22_45_26_071.jpg;0;0;0;0;86.66938;82.58552;0.4595295;120.4431;0.1725359
C:\Mark's Python files\ME5920\IMG\robocam_2025_04_03_22_45_26_072.jpg;0;0;0;0;86.66938;82.58552;0.4595295;120.4431;0.1725359
C:\Mark's Python files\ME5920\IMG\robocam_2025_04_03_22_45_26_106.jpg;0;0;0;0;86.66938;82.58552;0.4595295;120.4431;0.1725359
C:\Mark's Python files\ME5920\IMG\robocam_2025_04_03_22_45_26_107.jpg;0;0;0;0;86.66938;82.58552;0.4595295;120.4431;0.1725359
C:\Mark's Python files\ME5920\IMG\robocam_2025_04_03_22_45_26_143.jpg;0;0;0;0;86.66938;82.58552;0.4595295;120.4431;0.1725359
C:\Mark's Python files\ME5920\IMG\robocam_2025_04_03_22_45_26_145.jpg;0;0;0;0;86.66938;82.58552;0.4595295;120.4431;0.1725359
C:\Mark's Python files\ME5920\IMG\robocam_2025_04_03_22_45_26_177.jpg;0;0;0;0;86.66938;82.58552;0.4595295;120.4431;0.1725359
C:\Mark's Python files\ME5920\IMG\robocam_2025_04_03_22_45_26_180.jpg;0;0;0;0;86.66938;82.58552;0.4595295;120.4431;0.1725359
C:\Mark's Python files\ME5920\IMG\robocam_2025_04_03_22_45_26_213.jpg;0;0;0;0;86.66938;82.58552;0.4595295;120.4431;0.1725359
C:\Mark's Python files\ME5920\IMG\robocam_2025_04_03_22_45_26_214.jpg;0;0;0;0;86.66938;82.58552;0.4595295;120.4431;0.1725359
C:\Mark's Python files\ME5920\IMG\robocam_2025_04_03_22_45_26_249.jpg;0;0;0;0;86.66938;82.58552;0.4595295;120.4431;0.1725359
C:\Mark's Python files\ME5920\IMG\robocam_2025_04_03_22_45_26_250.jpg;0;0;0;0;86.66938;82.58552;0.4595295;120.4431;0.1725359
C:\Mark's Python files\ME5920\IMG\robocam_2025_04_03_22_45_26_284.jpg;0;0;0;0;86.66938;82.58552;0.4595295;120.4431;0.1725359
C:\Mark's Python files\ME5920\IMG\robocam_2025_04_03_22_45_26_286.jpg;0;0;0;0;86.66938;82.58552;0.4595295;120.4431;0.1725359
C:\Mark's Python files\ME5920\IMG\robocam_2025_04_03_22_45_26_321.jpg;0;0;0;0;86.66938;82.58552;0.4595295;120.4431;0.1725359
C:\Mark's Python files\ME5920\IMG\robocam_2025_04_03_22_45_26_322.jpg;0;0;0;0;86.66938;82.58552;0.4595295;120.4431;0.1725359
C:\Mark's Python files\ME5920\IMG\robocam_2025_04_03_22_45_26_357.jpg;0;0;0;0;86.66938;82.58552;0.4595295;120.4431;0.1725359
C:\Mark's Python files\ME5920\IMG\robocam_2025_04_03_22_45_26_358.jpg;0;0;0;0;86.66938;82.58552;0.4595295;120.4431;0.1725359
C:\Mark's Python files\ME5920\IMG\robocam_2025_04_03_22_45_26_394.jpg;0;0;0;0;86.66938;82.58552;0.4595295;120.4431;0.1725359
C:\Mark's Python files\ME5920\IMG\robocam_2025_04_03_22_45_26_395.jpg;0;0;0;0;86.66938;82.58552;0.4595295;120.4431;0.1725359
C:\Mark's Python files\ME5920\IMG\robocam_2025_04_03_22_45_26_429.jpg;0;0;0;0;86.66938;82.58552;0.4595295;120.4431;0.1725359
C:\Mark's Python files\ME5920\IMG\robocam_2025_04_03_22_45_26_433.jpg;0;0;0;0;86.66938;82.58552;0.4595295;120.4431;0.1725359
C:\Mark's Python files\ME5920\IMG\robocam_2025_04_03_22_45_26_466.jpg;0;0;0;0;86.66938;82.58552;0.4595295;120.4431;0.1725359
C:\Mark's Python files\ME5920\IMG\robocam_2025_04_03_22_45_26_468.jpg;0;0;0;0;86.66938;82.58552;0.4595295;120.4431;0.1725359
C:\Mark's Python files\ME5920\IMG\robocam_2025_04_03_22_45_26_502.jpg;0;0;0;0;86.66938;82.58552;0.4595295;120.4431;0.1725359
C:\Mark's Python files\ME5920\IMG\robocam_2025_04_03_22_45_26_503.jpg;0;0;0;0;86.66938;82.58552;0.4595295;120.4431;0.1725359
C:\Mark's Python files\ME5920\IMG\robocam_2025_04_03_22_45_26_537.jpg;0;0;0;0;86.66938;82.58552;0.4595295;120.4431;0.1725359
C:\Mark's Python files\ME5920\IMG\robocam_2025_04_03_22_45_26_539.jpg;0;0;0;0;86.66938;82.58552;0.4595295;120.4431;0.1725359
C:\Mark's Python files\ME5920\IMG\robocam_2025_04_03_22_45_26_572.jpg;0;0;0;0;86.66938;82.58552;0.4595295;120.4431;0.1725359
C:\Mark's Python files\ME5920\IMG\robocam_2025_04_03_22_45_26_574.jpg;0;0;0;0;86.66938;82.58552;0.4595295;120.4431;0.1725359
C:\Mark's Python files\ME5920\IMG\robocam_2025_04_03_22_45_26_607.jpg;0;0;0;0;86.66938;82.58552;0.4595295;120.4431;0.1725359
C:\Mark's Python files\ME5920\IMG\robocam_2025_04_03_22_45_26_609.jpg;0;0;0;0;86.66938;82.58552;0.4595295;120.4431;0.1725359
C:\Mark's Python files\ME5920\IMG\robocam_2025_04_03_22_45_26_642.jpg;0;0;0;0;86.66938;82.58552;0.4595295;120.4431;0.1725359
C:\Mark's Python files\ME5920\IMG\robocam_2025_04_03_22_45_26_644.jpg;0;0;0;0;86.66938;82.58552;0.4595295;120.4431;0.1725359
C:\Mark's Python files\ME5920\IMG\robocam_2025_04_03_22_45_26_677.jpg;0;0;0;0;86.66938;82.58552;0.4595295;120.4431;0.1725359
C:\Mark's Python files\ME5920\IMG\robocam_2025_04_03_22_45_26_679.jpg;0;0;0;0;86.66938;82.58552;0.4595295;120.4431;0.1725359
C:\Mark's Python files\ME5920\IMG\robocam_2025_04_03_22_45_26_714.jpg;0;0;0;0;86.66938;82.58552;0.4595295;120.4431;0.1725359
C:\Mark's Python files\ME5920\IMG\robocam_2025_04_03_22_45_26_716.jpg;0;0;0;0;86.66938;82.58552;0.4595295;120.4431;0.1725359
C:\Mark's Python files\ME5920\IMG\robocam_2025_04_03_22_45_26_750.jpg;0;0;0;0;86.66938;82.58552;0.4595295;120.4431;0.1725359
C:\Mark's Python files\ME5920\IMG\robocam_2025_04_03_22_45_26_752.jpg;0;0;0;0;86.66938;82.58552;0.4595295;120.4431;0.1725359
C:\Mark's Python files\ME5920\IMG\robocam_2025_04_03_22_45_26_785.jpg;0;0;0;0;86.66938;82.58552;0.4595295;120.4431;0.1725359
C:\Mark's Python files\ME5920\IMG\robocam_2025_04_03_22_45_26_787.jpg;0;0;0;0;86.66938;82.58552;0.4595295;120.4431;0.1725359
C:\Mark's Python files\ME5920\IMG\robocam_2025_04_03_22_45_26_821.jpg;0;0;0;0;86.66938;82.58552;0.4595295;120.4431;0.1725359
C:\Mark's Python files\ME5920\IMG\robocam_2025_04_03_22_45_26_822.jpg;0;0;0;0;86.66938;82.58552;0.4595295;120.4431;0.1725359
C:\Mark's Python files\ME5920\IMG\robocam_2025_04_03_22_45_26_856.jpg;0;0;0;0;86.66938;82.58552;0.4595295;120.4431;0.1725359
C:\Mark's Python files\ME5920\IMG\robocam_2025_04_03_22_45_26_857.jpg;0;0;0;0;86.66938;82.58552;0.4595295;120.4431;0.1725359
C:\Mark's Python files\ME5920\IMG\robocam_2025_04_03_22_45_26_891.jpg;0;0;0;0;86.66938;82.58552;0.4595295;120.4431;0.1725359
C:\Mark's Python files\ME5920\IMG\robocam_2025_04_03_22_45_26_894.jpg;0;0;0;0;86.66938;82.58552;0.4595295;120.4431;0.1725359
C:\Mark's Python files\ME5920\IMG\robocam_2025_04_03_22_45_26_926.jpg;0;0;0;0;86.66938;82.58552;0.4595295;120.4431;0.1725359
C:\Mark's Python files\ME5920\IMG\robocam_2025_04_03_22_45_26_929.jpg;0;0;0;0;86.66938;82.58552;0.4595295;120.4431;0.1725359
C:\Mark's Python files\ME5920\IMG\robocam_2025_04_03_22_45_26_962.jpg;0;0;0;0;86.66938;82.58552;0.4595295;120.4431;0.1725359
C:\Mark's Python files\ME5920\IMG\robocam_2025_04_03_22_45_26_964.jpg;0;0;0;0;86.66938;82.58552;0.4595295;120.4431;0.1725359
C:\Mark's Python files\ME5920\IMG\robocam_2025_04_03_22_45_26_997.jpg;0;0;0;0;86.66938;82.58552;0.4595295;120.4431;0.1725359
C:\Mark's Python files\ME5920\IMG\robocam_2025_04_03_22_45_26_998.jpg;0;0;0;0;86.66938;82.58552;0.4595295;120.4431;0.1725359
C:\Mark's Python files\ME5920\IMG\robocam_2025_04_03_22_45_27_035.jpg;0;0;0;0;86.66938;82.58552;0.4595295;120.4431;0.1725359
C:\Mark's Python files\ME5920\IMG\robocam_2025_04_03_22_45_27_037.jpg;0;0;0;0;86.66938;82.58552;0.4595295;120.4431;0.1725359
C:\Mark's Python files\ME5920\IMG\robocam_2025_04_03_22_45_27_072.jpg;0;0;0;0;86.66938;82.58552;0.4595295;120.4431;0.1725359
C:\Mark's Python files\ME5920\IMG\robocam_2025_04_03_22_45_27_073.jpg;0;0;0;0;86.66938;82.58552;0.4595295;120.4431;0.1725359
C:\Mark's Python files\ME5920\IMG\robocam_2025_04_03_22_45_27_107.jpg;0;0;0;0;86.66938;82.58552;0.4595295;120.4431;0.1725359
C:\Mark's Python files\ME5920\IMG\robocam_2025_04_03_22_45_27_108.jpg;0;0;0;0;86.66938;82.58552;0.4595295;120.4431;0.1725359
C:\Mark's Python files\ME5920\IMG\robocam_2025_04_03_22_45_27_142.jpg;0;0;0;0;86.66938;82.58552;0.4595295;120.4431;0.1725359
C:\Mark's Python files\ME5920\IMG\robocam_2025_04_03_22_45_27_144.jpg;0;0;0;0;86.66938;82.58552;0.4595295;120.4431;0.1725359
C:\Mark's Python files\ME5920\IMG\robocam_2025_04_03_22_45_27_177.jpg;0;0;0;0;86.66938;82.58552;0.4595295;120.4431;0.1725359
C:\Mark's Python files\ME5920\IMG\robocam_2025_04_03_22_45_27_179.jpg;0;0;0;0;86.66938;82.58552;0.4595295;120.4431;0.1725359
C:\Mark's Python files\ME5920\IMG\robocam_2025_04_03_22_45_27_213.jpg;0;0;0;0;86.66938;82.58552;0.4595295;120.4431;0.1725359
C:\Mark's Python files\ME5920\IMG\robocam_2025_04_03_22_45_27_214.jpg;0;0;0;0;86.66938;82.58552;0.4595295;120.4431;0.1725359
C:\Mark's Python files\ME5920\IMG\robocam_2025_04_03_22_45_27_248.jpg;0;0;0;0;86.66938;82.58552;0.4595295;120.4431;0.1725359
C:\Mark's Python files\ME5920\IMG\robocam_2025_04_03_22_45_27_251.jpg;0;0;0;0;86.66938;82.58552;0.4595295;120.4431;0.1725359
C:\Mark's Python files\ME5920\IMG\robocam_2025_04_03_22_45_27_284.jpg;0;0;0;0;86.66938;82.58552;0.4595295;120.4431;0.1725359
C:\Mark's Python files\ME5920\IMG\robocam_2025_04_03_22_45_27_286.jpg;0;0;0;0;86.66938;82.58552;0.4595295;120.4431;0.1725359
C:\Mark's Python files\ME5920\IMG\robocam_2025_04_03_22_45_27_319.jpg;0;0;0;0;86.66938;82.58552;0.4595295;120.4431;0.1725359
C:\Mark's Python files\ME5920\IMG\robocam_2025_04_03_22_45_27_322.jpg;0;0;0;0;86.66938;82.58552;0.4595295;120.4431;0.1725359
C:\Mark's Python files\ME5920\IMG\robocam_2025_04_03_22_45_27_354.jpg;0;0;0;0;86.66938;82.58552;0.4595295;120.4431;0.1725359
C:\Mark's Python files\ME5920\IMG\robocam_2025_04_03_22_45_27_355.jpg;0;0;0;0;86.66938;82.58552;0.4595295;120.4431;0.1725359
C:\Mark's Python files\ME5920\IMG\robocam_2025_04_03_22_45_27_390.jpg;0;0;0;0;86.66938;82.58552;0.4595295;120.4431;0.1725359
C:\Mark's Python files\ME5920\IMG\robocam_2025_04_03_22_45_27_391.jpg;0;0;0;0;86.66938;82.58552;0.4595295;120.4431;0.1725359
C:\Mark's Python files\ME5920\IMG\robocam_2025_04_03_22_45_27_426.jpg;0;0;0;0;86.66938;82.58552;0.4595295;120.4431;0.1725359
C:\Mark's Python files\ME5920\IMG\robocam_2025_04_03_22_45_27_428.jpg;0;0;0;0;86.66938;82.58552;0.4595295;120.4431;0.1725359
C:\Mark's Python files\ME5920\IMG\robocam_2025_04_03_22_45_27_462.jpg;0;0;0;0;86.66938;82.58552;0.4595295;120.4431;0.1725359
C:\Mark's Python files\ME5920\IMG\robocam_2025_04_03_22_45_27_464.jpg;0;0;0;0;86.66938;82.58552;0.4595295;120.4431;0.1725359
C:\Mark's Python files\ME5920\IMG\robocam_2025_04_03_22_45_27_496.jpg;0;0;0;0;86.66938;82.58552;0.4595295;120.4431;0.1725359
C:\Mark's Python files\ME5920\IMG\robocam_2025_04_03_22_45_27_498.jpg;0;0;0;0;86.66938;82.58552;0.4595295;120.4431;0.1725359
C:\Mark's Python files\ME5920\IMG\robocam_2025_04_03_22_45_27_532.jpg;0;0;0;0;86.66938;82.58552;0.4595295;120.4431;0.1725359
C:\Mark's Python files\ME5920\IMG\robocam_2025_04_03_22_45_27_533.jpg;0;0;0;0;86.66938;82.58552;0.4595295;120.4431;0.1725359
C:\Mark's Python files\ME5920\IMG\robocam_2025_04_03_22_45_27_568.jpg;0;0;0;0;86.66938;82.58552;0.4595295;120.4431;0.1725359
C:\Mark's Python files\ME5920\IMG\robocam_2025_04_03_22_45_27_569.jpg;0;0;0;0;86.66938;82.58552;0.4595295;120.4431;0.1725359
C:\Mark's Python files\ME5920\IMG\robocam_2025_04_03_22_45_27_603.jpg;0;0;0;0;86.66938;82.58552;0.4595295;120.4431;0.1725359
C:\Mark's Python files\ME5920\IMG\robocam_2025_04_03_22_45_27_605.jpg;0;0;0;0;86.66938;82.58552;0.4595295;120.4431;0.1725359
C:\Mark's Python files\ME5920\IMG\robocam_2025_04_03_22_45_27_638.jpg;0;0;0;0;86.66938;82.58552;0.4595295;120.4431;0.1725359
C:\Mark's Python files\ME5920\IMG\robocam_2025_04_03_22_45_27_640.jpg;0;0;0;0;86.66938;82.58552;0.4595295;120.4431;0.1725359
C:\Mark's Python files\ME5920\IMG\robocam_2025_04_03_22_45_27_674.jpg;0;0;0;0;86.66938;82.58552;0.4595295;120.4431;0.1725359
C:\Mark's Python files\ME5920\IMG\robocam_2025_04_03_22_45_27_676.jpg;0;0;0;0;86.66938;82.58552;0.4595295;120.4431;0.1725359
C:\Mark's Python files\ME5920\IMG\robocam_2025_04_03_22_45_27_709.jpg;0;0;0;0;86.66938;82.58552;0.4595295;120.4431;0.1725359
C:\Mark's Python files\ME5920\IMG\robocam_2025_04_03_22_45_27_711.jpg;0;0;0;0;86.66938;82.58552;0.4595295;120.4431;0.1725359
C:\Mark's Python files\ME5920\IMG\robocam_2025_04_03_22_45_27_746.jpg;0;0;0;0;86.66938;82.58552;0.4595295;120.4431;0.1725359
C:\Mark's Python files\ME5920\IMG\robocam_2025_04_03_22_45_27_747.jpg;0;0;0;0;86.66938;82.58552;0.4595295;120.4431;0.1725359
C:\Mark's Python files\ME5920\IMG\robocam_2025_04_03_22_45_27_784.jpg;0;0;0;0;86.66938;82.58552;0.4595295;120.4431;0.1725359
C:\Mark's Python files\ME5920\IMG\robocam_2025_04_03_22_45_27_786.jpg;0;0;0;0;86.66938;82.58552;0.4595295;120.4431;0.1725359
C:\Mark's Python files\ME5920\IMG\robocam_2025_04_03_22_45_27_818.jpg;0;0;0;0;86.66938;82.58552;0.4595295;120.4431;0.1725359
C:\Mark's Python files\ME5920\IMG\robocam_2025_04_03_22_45_27_821.jpg;0;0;0;0;86.66938;82.58552;0.4595295;120.4431;0.1725359
C:\Mark's Python files\ME5920\IMG\robocam_2025_04_03_22_45_27_854.jpg;0;0;0;0;86.66938;82.58552;0.4595295;120.4431;0.1725359
C:\Mark's Python files\ME5920\IMG\robocam_2025_04_03_22_45_27_856.jpg;0;0;0;0;86.66938;82.58552;0.4595295;120.4431;0.1725359
C:\Mark's Python files\ME5920\IMG\robocam_2025_04_03_22_45_27_889.jpg;0;0;0;0;86.66938;82.58552;0.4595295;120.4431;0.1725359
C:\Mark's Python files\ME5920\IMG\robocam_2025_04_03_22_45_27_891.jpg;0;0;0;0;86.66938;82.58552;0.4595295;120.4431;0.1725359
C:\Mark's Python files\ME5920\IMG\robocam_2025_04_03_22_45_27_924.jpg;0;0;0;0;86.66938;82.58552;0.4595295;120.4431;0.1725359
C:\Mark's Python files\ME5920\IMG\robocam_2025_04_03_22_45_27_927.jpg;0;0;0;0;86.66938;82.58552;0.4595295;120.4431;0.1725359
C:\Mark's Python files\ME5920\IMG\robocam_2025_04_03_22_45_27_959.jpg;0;0;0;0;86.66938;82.58552;0.4595295;120.4431;0.1725359
C:\Mark's Python files\ME5920\IMG\robocam_2025_04_03_22_45_27_962.jpg;0;0;0;0;86.66938;82.58552;0.4595295;120.4431;0.1725359
C:\Mark's Python files\ME5920\IMG\robocam_2025_04_03_22_45_27_994.jpg;0;0;0;0;86.66938;82.58552;0.4595295;120.4431;0.1725359
C:\Mark's Python files\ME5920\IMG\robocam_2025_04_03_22_45_27_997.jpg;0;0;0;0;86.66938;82.58552;0.4595295;120.4431;0.1725359
C:\Mark's Python files\ME5920\IMG\robocam_2025_04_03_22_45_28_030.jpg;0;0;0;0;86.66938;82.58552;0.4595295;120.4431;0.1725359
C:\Mark's Python files\ME5920\IMG\robocam_2025_04_03_22_45_28_032.jpg;0;0;0;0;86.66938;82.58552;0.4595295;120.4431;0.1725359
C:\Mark's Python files\ME5920\IMG\robocam_2025_04_03_22_45_28_066.jpg;0;0;0;0;86.66938;82.58552;0.4595295;120.4431;0.1725359
C:\Mark's Python files\ME5920\IMG\robocam_2025_04_03_22_45_28_068.jpg;0;0;0;0;86.66938;82.58552;0.4595295;120.4431;0.1725359
C:\Mark's Python files\ME5920\IMG\robocam_2025_04_03_22_45_28_100.jpg;0;0;0;0;86.66938;82.58552;0.4595295;120.4431;0.1725359
C:\Mark's Python files\ME5920\IMG\robocam_2025_04_03_22_45_28_103.jpg;0;0;0;0;86.66938;82.58552;0.4595295;120.4431;0.1725359
C:\Mark's Python files\ME5920\IMG\robocam_2025_04_03_22_45_28_137.jpg;0;0;0;0;86.66938;82.58552;0.4595295;120.4431;0.1725359
C:\Mark's Python files\ME5920\IMG\robocam_2025_04_03_22_45_28_138.jpg;0;0;0;0;86.66938;82.58552;0.4595295;120.4431;0.1725359
C:\Mark's Python files\ME5920\IMG\robocam_2025_04_03_22_45_28_173.jpg;0;0;0;0;86.66938;82.58552;0.4595295;120.4431;0.1725359
C:\Mark's Python files\ME5920\IMG\robocam_2025_04_03_22_45_28_174.jpg;0;0;0;0;86.66938;82.58552;0.4595295;120.4431;0.1725359
C:\Mark's Python files\ME5920\IMG\robocam_2025_04_03_22_45_28_208.jpg;0;0;0;0;86.66938;82.58552;0.4595295;120.4431;0.1725359
C:\Mark's Python files\ME5920\IMG\robocam_2025_04_03_22_45_28_211.jpg;0;0;0;0;86.66938;82.58552;0.4595295;120.4431;0.1725359
C:\Mark's Python files\ME5920\IMG\robocam_2025_04_03_22_45_28_244.jpg;0;0;0;0;86.66938;82.58552;0.4595295;120.4431;0.1725359
C:\Mark's Python files\ME5920\IMG\robocam_2025_04_03_22_45_28_245.jpg;0;0;0;0;86.66938;82.58552;0.4595295;120.4431;0.1725359
C:\Mark's Python files\ME5920\IMG\robocam_2025_04_03_22_45_28_279.jpg;0;0;0;0;86.66938;82.58552;0.4595295;120.4431;0.1725359
C:\Mark's Python files\ME5920\IMG\robocam_2025_04_03_22_45_28_281.jpg;0;0;0;0;86.66938;82.58552;0.4595295;120.4431;0.1725359
C:\Mark's Python files\ME5920\IMG\robocam_2025_04_03_22_45_28_313.jpg;0;0;0;0;86.66938;82.58552;0.4595295;120.4431;0.1725359
C:\Mark's Python files\ME5920\IMG\robocam_2025_04_03_22_45_28_316.jpg;0;0;0;0;86.66938;82.58552;0.4595295;120.4431;0.1725359
C:\Mark's Python files\ME5920\IMG\robocam_2025_04_03_22_45_28_348.jpg;0;0;0;0;86.66938;82.58552;0.4595295;120.4431;0.1725359
C:\Mark's Python files\ME5920\IMG\robocam_2025_04_03_22_45_28_351.jpg;0;0;0;0;86.66938;82.58552;0.4595295;120.4431;0.1725359
C:\Mark's Python files\ME5920\IMG\robocam_2025_04_03_22_45_28_385.jpg;0;0;0;0;86.66938;82.58552;0.4595295;120.4431;0.1725359
C:\Mark's Python files\ME5920\IMG\robocam_2025_04_03_22_45_28_386.jpg;0;0;0;0;86.66938;82.58552;0.4595295;120.4431;0.1725359
C:\Mark's Python files\ME5920\IMG\robocam_2025_04_03_22_45_28_420.jpg;0;0;0;0;86.66938;82.58552;0.4595295;120.4431;0.1725359
C:\Mark's Python files\ME5920\IMG\robocam_2025_04_03_22_45_28_421.jpg;0;0;0;0;86.66938;82.58552;0.4595295;120.4431;0.1725359
C:\Mark's Python files\ME5920\IMG\robocam_2025_04_03_22_45_28_457.jpg;0;0;0;0;86.66938;82.58552;0.4595295;120.4431;0.1725359
C:\Mark's Python files\ME5920\IMG\robocam_2025_04_03_22_45_28_458.jpg;0;0;0;0;86.66938;82.58552;0.4595295;120.4431;0.1725359
C:\Mark's Python files\ME5920\IMG\robocam_2025_04_03_22_45_28_492.jpg;0;0;0;0;86.66938;82.58552;0.4595295;120.4431;0.1725359
C:\Mark's Python files\ME5920\IMG\robocam_2025_04_03_22_45_28_494.jpg;0;0;0;0;86.66938;82.58552;0.4595295;120.4431;0.1725359
C:\Mark's Python files\ME5920\IMG\robocam_2025_04_03_22_45_28_527.jpg;0;0;0;0;86.66938;82.58552;0.4595295;120.4431;0.1725359
C:\Mark's Python files\ME5920\IMG\robocam_2025_04_03_22_45_28_529.jpg;0;0;0;0;86.66938;82.58552;0.4595295;120.4431;0.1725359
C:\Mark's Python files\ME5920\IMG\robocam_2025_04_03_22_45_28_562.jpg;0;0;0;0;86.66938;82.58552;0.4595295;120.4431;0.1725359
C:\Mark's Python files\ME5920\IMG\robocam_2025_04_03_22_45_28_564.jpg;0;0;0;0;86.66938;82.58552;0.4595295;120.4431;0.1725359
C:\Mark's Python files\ME5920\IMG\robocam_2025_04_03_22_45_28_599.jpg;0;0;0;0;86.66938;82.58552;0.4595295;120.4431;0.1725359
C:\Mark's Python files\ME5920\IMG\robocam_2025_04_03_22_45_28_601.jpg;0;0;0;0;86.66938;82.58552;0.4595295;120.4431;0.1725359
C:\Mark's Python files\ME5920\IMG\robocam_2025_04_03_22_45_28_636.jpg;0;0;0;0;86.66938;82.58552;0.4595295;120.4431;0.1725359
C:\Mark's Python files\ME5920\IMG\robocam_2025_04_03_22_45_28_637.jpg;0;0;0;0;86.66938;82.58552;0.4595295;120.4431;0.1725359
C:\Mark's Python files\ME5920\IMG\robocam_2025_04_03_22_45_28_670.jpg;0;0;0;0;86.66938;82.58552;0.4595295;120.4431;0.1725359
C:\Mark's Python files\ME5920\IMG\robocam_2025_04_03_22_45_28_673.jpg;0;0;0;0;86.66938;82.58552;0.4595295;120.4431;0.1725359
C:\Mark's Python files\ME5920\IMG\robocam_2025_04_03_22_45_28_707.jpg;0;0;0;0;86.66938;82.58552;0.4595295;120.4431;0.1725359
C:\Mark's Python files\ME5920\IMG\robocam_2025_04_03_22_45_28_708.jpg;0;0;0;0;86.66938;82.58552;0.4595295;120.4431;0.1725359
C:\Mark's Python files\ME5920\IMG\robocam_2025_04_03_22_45_28_743.jpg;0;0;0;0;86.66938;82.58552;0.4595295;120.4431;0.1725359
C:\Mark's Python files\ME5920\IMG\robocam_2025_04_03_22_45_28_744.jpg;0;0;0;0;86.66938;82.58552;0.4595295;120.4431;0.1725359
C:\Mark's Python files\ME5920\IMG\robocam_2025_04_03_22_45_28_779.jpg;0;0;0;0;86.66938;82.58552;0.4595295;120.4431;0.1725359
C:\Mark's Python files\ME5920\IMG\robocam_2025_04_03_22_45_28_781.jpg;0;0;0;0;86.66938;82.58552;0.4595295;120.4431;0.1725359
C:\Mark's Python files\ME5920\IMG\robocam_2025_04_03_22_45_28_815.jpg;0;0;0;0;86.66938;82.58552;0.4595295;120.4431;0.1725359
C:\Mark's Python files\ME5920\IMG\robocam_2025_04_03_22_45_28_817.jpg;0;0;0;0;86.66938;82.58552;0.4595295;120.4431;0.1725359
C:\Mark's Python files\ME5920\IMG\robocam_2025_04_03_22_45_28_853.jpg;0;0;0;0;86.66938;82.58552;0.4595295;120.4431;0.1725359
C:\Mark's Python files\ME5920\IMG\robocam_2025_04_03_22_45_28_854.jpg;0;0;0;0;86.66938;82.58552;0.4595295;120.4431;0.1725359
C:\Mark's Python files\ME5920\IMG\robocam_2025_04_03_22_45_28_889.jpg;0;0;0;0;86.66938;82.58552;0.4595295;120.4431;0.1725359
C:\Mark's Python files\ME5920\IMG\robocam_2025_04_03_22_45_28_890.jpg;0;0;0;0;86.66938;82.58552;0.4595295;120.4431;0.1725359
C:\Mark's Python files\ME5920\IMG\robocam_2025_04_03_22_45_28_925.jpg;0;0;0;0;86.66938;82.58552;0.4595295;120.4431;0.1725359
C:\Mark's Python files\ME5920\IMG\robocam_2025_04_03_22_45_28_927.jpg;0;0;0;0;86.66938;82.58552;0.4595295;120.4431;0.1725359
C:\Mark's Python files\ME5920\IMG\robocam_2025_04_03_22_45_28_960.jpg;0;0;0;0;86.66938;82.58552;0.4595295;120.4431;0.1725359
C:\Mark's Python files\ME5920\IMG\robocam_2025_04_03_22_45_28_962.jpg;0;0;0;0;86.66938;82.58552;0.4595295;120.4431;0.1725359
C:\Mark's Python files\ME5920\IMG\robocam_2025_04_03_22_45_28_997.jpg;0;0;0;0;86.66938;82.58552;0.4595295;120.4431;0.1725359
C:\Mark's Python files\ME5920\IMG\robocam_2025_04_03_22_45_28_998.jpg;0;0;0;0;86.66938;82.58552;0.4595295;120.4431;0.1725359
C:\Mark's Python files\ME5920\IMG\robocam_2025_04_03_22_45_29_032.jpg;0;0;0;0;86.66938;82.58552;0.4595295;120.4431;0.1725359
C:\Mark's Python files\ME5920\IMG\robocam_2025_04_03_22_45_29_034.jpg;0;0;0;0;86.66938;82.58552;0.4595295;120.4431;0.1725359
C:\Mark's Python files\ME5920\IMG\robocam_2025_04_03_22_45_29_067.jpg;0;0;0;0;86.66938;82.58552;0.4595295;120.4431;0.1725359
C:\Mark's Python files\ME5920\IMG\robocam_2025_04_03_22_45_29_070.jpg;0;0;0;0;86.66938;82.58552;0.4595295;120.4431;0.1725359
C:\Mark's Python files\ME5920\IMG\robocam_2025_04_03_22_45_29_102.jpg;0;0;0;0;86.66938;82.58552;0.4595295;120.4431;0.1725359
C:\Mark's Python files\ME5920\IMG\robocam_2025_04_03_22_45_29_103.jpg;0;0;0;0;86.66938;82.58552;0.4595295;120.4431;0.1725359
C:\Mark's Python files\ME5920\IMG\robocam_2025_04_03_22_45_29_137.jpg;0;0;0;0;86.66938;82.58552;0.4595295;120.4431;0.1725359
C:\Mark's Python files\ME5920\IMG\robocam_2025_04_03_22_45_29_139.jpg;0;0;0;0;86.66938;82.58552;0.4595295;120.4431;0.1725359
C:\Mark's Python files\ME5920\IMG\robocam_2025_04_03_22_45_29_172.jpg;0;0;0;0;86.66938;82.58552;0.4595295;120.4431;0.1725359
C:\Mark's Python files\ME5920\IMG\robocam_2025_04_03_22_45_29_174.jpg;0;0;0;0;86.66938;82.58552;0.4595295;120.4431;0.1725359
C:\Mark's Python files\ME5920\IMG\robocam_2025_04_03_22_45_29_208.jpg;0;0;0;0;86.66938;82.58552;0.4595295;120.4431;0.1725359
C:\Mark's Python files\ME5920\IMG\robocam_2025_04_03_22_45_29_210.jpg;0;0;0;0;86.66938;82.58552;0.4595295;120.4431;0.1725359
C:\Mark's Python files\ME5920\IMG\robocam_2025_04_03_22_45_29_243.jpg;0;0;0;0;86.66938;82.58552;0.4595295;120.4431;0.1725359
C:\Mark's Python files\ME5920\IMG\robocam_2025_04_03_22_45_29_246.jpg;0;0;0;0;86.66938;82.58552;0.4595295;120.4431;0.1725359
C:\Mark's Python files\ME5920\IMG\robocam_2025_04_03_22_45_29_279.jpg;0;0;0;0;86.66938;82.58552;0.4595295;120.4431;0.1725359
C:\Mark's Python files\ME5920\IMG\robocam_2025_04_03_22_45_29_281.jpg;0;0;0;0;86.66938;82.58552;0.4595295;120.4431;0.1725359
C:\Mark's Python files\ME5920\IMG\robocam_2025_04_03_22_45_29_317.jpg;0;0;0;0;86.66938;82.58552;0.4595295;120.4431;0.1725359
C:\Mark's Python files\ME5920\IMG\robocam_2025_04_03_22_45_29_318.jpg;0;0;0;0;86.66938;82.58552;0.4595295;120.4431;0.1725359
C:\Mark's Python files\ME5920\IMG\robocam_2025_04_03_22_45_29_353.jpg;0;0;0;0;86.66938;82.58552;0.4595295;120.4431;0.1725359
C:\Mark's Python files\ME5920\IMG\robocam_2025_04_03_22_45_29_355.jpg;0;0;0;0;86.66938;82.58552;0.4595295;120.4431;0.1725359
C:\Mark's Python files\ME5920\IMG\robocam_2025_04_03_22_45_29_388.jpg;0;0;0;0;86.66938;82.58552;0.4595295;120.4431;0.1725359
C:\Mark's Python files\ME5920\IMG\robocam_2025_04_03_22_45_29_389.jpg;0;0;0;0;86.66938;82.58552;0.4595295;120.4431;0.1725359
C:\Mark's Python files\ME5920\IMG\robocam_2025_04_03_22_45_29_422.jpg;0;0;0;0;86.66938;82.58552;0.4595295;120.4431;0.1725359
C:\Mark's Python files\ME5920\IMG\robocam_2025_04_03_22_45_29_425.jpg;0;0;0;0;86.66938;82.58552;0.4595295;120.4431;0.1725359
C:\Mark's Python files\ME5920\IMG\robocam_2025_04_03_22_45_29_457.jpg;0;0;0;0;86.66938;82.58552;0.4595295;120.4431;0.1725359
C:\Mark's Python files\ME5920\IMG\robocam_2025_04_03_22_45_29_459.jpg;0;0;0;0;86.66938;82.58552;0.4595295;120.4431;0.1725359
C:\Mark's Python files\ME5920\IMG\robocam_2025_04_03_22_45_29_492.jpg;0;0;0;0;86.66938;82.58552;0.4595295;120.4431;0.1725359
C:\Mark's Python files\ME5920\IMG\robocam_2025_04_03_22_45_29_494.jpg;0;0;0;0;86.66938;82.58552;0.4595295;120.4431;0.1725359
C:\Mark's Python files\ME5920\IMG\robocam_2025_04_03_22_45_29_528.jpg;0;0;0;0;86.66938;82.58552;0.4595295;120.4431;0.1725359
C:\Mark's Python files\ME5920\IMG\robocam_2025_04_03_22_45_29_529.jpg;0;0;0;0;86.66938;82.58552;0.4595295;120.4431;0.1725359
C:\Mark's Python files\ME5920\IMG\robocam_2025_04_03_22_45_29_563.jpg;0;0;0;0;86.66938;82.58552;0.4595295;120.4431;0.1725359
C:\Mark's Python files\ME5920\IMG\robocam_2025_04_03_22_45_29_565.jpg;0;0;0;0;86.66938;82.58552;0.4595295;120.4431;0.1725359
C:\Mark's Python files\ME5920\IMG\robocam_2025_04_03_22_45_29_600.jpg;0;0;0;0;86.66938;82.58552;0.4595295;120.4431;0.1725359
C:\Mark's Python files\ME5920\IMG\robocam_2025_04_03_22_45_29_601.jpg;0;0;0;0;86.66938;82.58552;0.4595295;120.4431;0.1725359
C:\Mark's Python files\ME5920\IMG\robocam_2025_04_03_22_45_29_634.jpg;0;0;0;0;86.66938;82.58552;0.4595295;120.4431;0.1725359
C:\Mark's Python files\ME5920\IMG\robocam_2025_04_03_22_45_29_636.jpg;0;0;0;0;86.66938;82.58552;0.4595295;120.4431;0.1725359
C:\Mark's Python files\ME5920\IMG\robocam_2025_04_03_22_45_29_671.jpg;0;0;0;0;86.66938;82.58552;0.4595295;120.4431;0.1725359
C:\Mark's Python files\ME5920\IMG\robocam_2025_04_03_22_45_29_672.jpg;0;0;0;0;86.66938;82.58552;0.4595295;120.4431;0.1725359
C:\Mark's Python files\ME5920\IMG\robocam_2025_04_03_22_45_29_707.jpg;0;0;0;0;86.66938;82.58552;0.4595295;120.4431;0.1725359
C:\Mark's Python files\ME5920\IMG\robocam_2025_04_03_22_45_29_709.jpg;0;0;0;0;86.66938;82.58552;0.4595295;120.4431;0.1725359
C:\Mark's Python files\ME5920\IMG\robocam_2025_04_03_22_45_29_743.jpg;0;0;0;0;86.66938;82.58552;0.4595295;120.4431;0.1725359
C:\Mark's Python files\ME5920\IMG\robocam_2025_04_03_22_45_29_744.jpg;0;0;0;0;86.66938;82.58552;0.4595295;120.4431;0.1725359
C:\Mark's Python files\ME5920\IMG\robocam_2025_04_03_22_45_29_778.jpg;0;0;0;0;86.66938;82.58552;0.4595295;120.4431;0.1725359
C:\Mark's Python files\ME5920\IMG\robocam_2025_04_03_22_45_29_779.jpg;0;0;0;0;86.66938;82.58552;0.4595295;120.4431;0.1725359
C:\Mark's Python files\ME5920\IMG\robocam_2025_04_03_22_45_29_815.jpg;0;0;0;0;86.66938;82.58552;0.4595295;120.4431;0.1725359
C:\Mark's Python files\ME5920\IMG\robocam_2025_04_03_22_45_29_816.jpg;0;0;0;0;86.66938;82.58552;0.4595295;120.4431;0.1725359
C:\Mark's Python files\ME5920\IMG\robocam_2025_04_03_22_45_29_851.jpg;0;0;0;0;86.66938;82.58552;0.4595295;120.4431;0.1725359
C:\Mark's Python files\ME5920\IMG\robocam_2025_04_03_22_45_29_854.jpg;0;0;0;0;86.66938;82.58552;0.4595295;120.4431;0.1725359
C:\Mark's Python files\ME5920\IMG\robocam_2025_04_03_22_45_29_886.jpg;0;0;0;0;86.66938;82.58552;0.4595295;120.4431;0.1725359
C:\Mark's Python files\ME5920\IMG\robocam_2025_04_03_22_45_29_889.jpg;0;0;0;0;86.66938;82.58552;0.4595295;120.4431;0.1725359
C:\Mark's Python files\ME5920\IMG\robocam_2025_04_03_22_45_29_921.jpg;0;0;0;0;86.66938;82.58552;0.4595295;120.4431;0.1725359
C:\Mark's Python files\ME5920\IMG\robocam_2025_04_03_22_45_29_923.jpg;0;0;0;0;86.66938;82.58552;0.4595295;120.4431;0.1725359
C:\Mark's Python files\ME5920\IMG\robocam_2025_04_03_22_45_29_957.jpg;0;0;0;0;86.66938;82.58552;0.4595295;120.4431;0.1725359
C:\Mark's Python files\ME5920\IMG\robocam_2025_04_03_22_45_29_958.jpg;0;0;0;0;86.66938;82.58552;0.4595295;120.4431;0.1725359
C:\Mark's Python files\ME5920\IMG\robocam_2025_04_03_22_45_29_991.jpg;0;0;0;0;86.66938;82.58552;0.4595295;120.4431;0.1725359
C:\Mark's Python files\ME5920\IMG\robocam_2025_04_03_22_45_29_994.jpg;0;0;0;0;86.66938;82.58552;0.4595295;120.4431;0.1725359
C:\Mark's Python files\ME5920\IMG\robocam_2025_04_03_22_45_30_027.jpg;0;0;0;0;86.66938;82.58552;0.4595295;120.4431;0.1725359
C:\Mark's Python files\ME5920\IMG\robocam_2025_04_03_22_45_30_030.jpg;0;0;0;0;86.66938;82.58552;0.4595295;120.4431;0.1725359
C:\Mark's Python files\ME5920\IMG\robocam_2025_04_03_22_45_30_064.jpg;0;0;0;0;86.66938;82.58552;0.4595295;120.4431;0.1725359
C:\Mark's Python files\ME5920\IMG\robocam_2025_04_03_22_45_30_065.jpg;0;0;0;0;86.66938;82.58552;0.4595295;120.4431;0.1725359
C:\Mark's Python files\ME5920\IMG\robocam_2025_04_03_22_45_30_100.jpg;0;0;0;0;86.66938;82.58552;0.4595295;120.4431;0.1725359
C:\Mark's Python files\ME5920\IMG\robocam_2025_04_03_22_45_30_101.jpg;0;0;0;0;86.66938;82.58552;0.4595295;120.4431;0.1725359
C:\Mark's Python files\ME5920\IMG\robocam_2025_04_03_22_45_30_136.jpg;0;0;0;0;86.66938;82.58552;0.4595295;120.4431;0.1725359
C:\Mark's Python files\ME5920\IMG\robocam_2025_04_03_22_45_30_137.jpg;0;0;0;0;86.66938;82.58552;0.4595295;120.4431;0.1725359
C:\Mark's Python files\ME5920\IMG\robocam_2025_04_03_22_45_30_172.jpg;0;0;0;0;86.66938;82.58552;0.4595295;120.4431;0.1725359
C:\Mark's Python files\ME5920\IMG\robocam_2025_04_03_22_45_30_174.jpg;0;0;0;0;86.66938;82.58552;0.4595295;120.4431;0.1725359
C:\Mark's Python files\ME5920\IMG\robocam_2025_04_03_22_45_30_208.jpg;0;0;0;0;86.66938;82.58552;0.4595295;120.4431;0.1725359
C:\Mark's Python files\ME5920\IMG\robocam_2025_04_03_22_45_30_210.jpg;0;0;0;0;86.66938;82.58552;0.4595295;120.4431;0.1725359
C:\Mark's Python files\ME5920\IMG\robocam_2025_04_03_22_45_30_244.jpg;0;0;0;0;86.66938;82.58552;0.4595295;120.4431;0.1725359
C:\Mark's Python files\ME5920\IMG\robocam_2025_04_03_22_45_30_247.jpg;0;0;0;0;86.66938;82.58552;0.4595295;120.4431;0.1725359
C:\Mark's Python files\ME5920\IMG\robocam_2025_04_03_22_45_30_282.jpg;0;0;0;0;86.66938;82.58552;0.4595295;120.4431;0.1725359
C:\Mark's Python files\ME5920\IMG\robocam_2025_04_03_22_45_30_284.jpg;0;0;0;0;86.66938;82.58552;0.4595295;120.4431;0.1725359
C:\Mark's Python files\ME5920\IMG\robocam_2025_04_03_22_45_30_317.jpg;0;0;0;0;86.66938;82.58552;0.4595295;120.4431;0.1725359
C:\Mark's Python files\ME5920\IMG\robocam_2025_04_03_22_45_30_319.jpg;0;0;0;0;86.66938;82.58552;0.4595295;120.4431;0.1725359
C:\Mark's Python files\ME5920\IMG\robocam_2025_04_03_22_45_30_352.jpg;0;0;0;0;86.66938;82.58552;0.4595295;120.4431;0.1725359
C:\Mark's Python files\ME5920\IMG\robocam_2025_04_03_22_45_30_355.jpg;0;0;0;0;86.66938;82.58552;0.4595295;120.4431;0.1725359
C:\Mark's Python files\ME5920\IMG\robocam_2025_04_03_22_45_30_388.jpg;0;0;0;0;86.66938;82.58552;0.4595295;120.4431;0.1725359
C:\Mark's Python files\ME5920\IMG\robocam_2025_04_03_22_45_30_389.jpg;0;0;0;0;86.66938;82.58552;0.4595295;120.4431;0.1725359
C:\Mark's Python files\ME5920\IMG\robocam_2025_04_03_22_45_30_423.jpg;0;0;0;0;86.66938;82.58552;0.4595295;120.4431;0.1725359
C:\Mark's Python files\ME5920\IMG\robocam_2025_04_03_22_45_30_424.jpg;0;0;0;0;86.66938;82.58552;0.4595295;120.4431;0.1725359
C:\Mark's Python files\ME5920\IMG\robocam_2025_04_03_22_45_30_460.jpg;0;0;0;0;86.66938;82.58552;0.4595295;120.4431;0.1725359
C:\Mark's Python files\ME5920\IMG\robocam_2025_04_03_22_45_30_462.jpg;0;0;0;0;86.66938;82.58552;0.4595295;120.4431;0.1725359
C:\Mark's Python files\ME5920\IMG\robocam_2025_04_03_22_45_30_495.jpg;0;0;0;0;86.66938;82.58552;0.4595295;120.4431;0.1725359
C:\Mark's Python files\ME5920\IMG\robocam_2025_04_03_22_45_30_497.jpg;0;0;0;0;86.66938;82.58552;0.4595295;120.4431;0.1725359
C:\Mark's Python files\ME5920\IMG\robocam_2025_04_03_22_45_30_534.jpg;0;0;0;0;86.66938;82.58552;0.4595295;120.4431;0.1725359
C:\Mark's Python files\ME5920\IMG\robocam_2025_04_03_22_45_30_535.jpg;0;0;0;0;86.66938;82.58552;0.4595295;120.4431;0.1725359
C:\Mark's Python files\ME5920\IMG\robocam_2025_04_03_22_45_30_571.jpg;0;0;0;0;86.66938;82.58552;0.4595295;120.4431;0.1725359
C:\Mark's Python files\ME5920\IMG\robocam_2025_04_03_22_45_30_572.jpg;0;0;0;0;86.66938;82.58552;0.4595295;120.4431;0.1725359
C:\Mark's Python files\ME5920\IMG\robocam_2025_04_03_22_45_30_604.jpg;0;0;0;0;86.66938;82.58552;0.4595295;120.4431;0.1725359
C:\Mark's Python files\ME5920\IMG\robocam_2025_04_03_22_45_30_607.jpg;0;0;0;0;86.66938;82.58552;0.4595295;120.4431;0.1725359
C:\Mark's Python files\ME5920\IMG\robocam_2025_04_03_22_45_30_641.jpg;0;0;0;0;86.66938;82.58552;0.4595295;120.4431;0.1725359
C:\Mark's Python files\ME5920\IMG\robocam_2025_04_03_22_45_30_642.jpg;0;0;0;0;86.66938;82.58552;0.4595295;120.4431;0.1725359
C:\Mark's Python files\ME5920\IMG\robocam_2025_04_03_22_45_30_677.jpg;0;0;0;0;86.66938;82.58552;0.4595295;120.4431;0.1725359
C:\Mark's Python files\ME5920\IMG\robocam_2025_04_03_22_45_30_678.jpg;0;0;0;0;86.66938;82.58552;0.4595295;120.4431;0.1725359
C:\Mark's Python files\ME5920\IMG\robocam_2025_04_03_22_45_30_712.jpg;0;0;0;0;86.66938;82.58552;0.4595295;120.4431;0.1725359
C:\Mark's Python files\ME5920\IMG\robocam_2025_04_03_22_45_30_714.jpg;0;0;0;0;86.66938;82.58552;0.4595295;120.4431;0.1725359
C:\Mark's Python files\ME5920\IMG\robocam_2025_04_03_22_45_30_749.jpg;0;0;0;0;86.66938;82.58552;0.4595295;120.4431;0.1725359
C:\Mark's Python files\ME5920\IMG\robocam_2025_04_03_22_45_30_751.jpg;0;0;0;0;86.66938;82.58552;0.4595295;120.4431;0.1725359
C:\Mark's Python files\ME5920\IMG\robocam_2025_04_03_22_45_30_786.jpg;0;0;0;0;86.66938;82.58552;0.4595295;120.4431;0.1725359
C:\Mark's Python files\ME5920\IMG\robocam_2025_04_03_22_45_32_299.jpg;0;0;0;0;86.66938;82.58552;0.4595295;120.4431;0.1725359
C:\Mark's Python files\ME5920\IMG\robocam_2025_04_03_22_45_32_371.jpg;0;0;0;0;86.66937;82.58553;0.4435391;120.4432;0.1619548
C:\Mark's Python files\ME5920\IMG\robocam_2025_04_03_22_45_32_443.jpg;0;0;0;0;86.66936;82.58553;0.424083;120.4432;0.15232
C:\Mark's Python files\ME5920\IMG\robocam_2025_04_03_22_45_32_517.jpg;0;0;0;0;86.66935;82.58553;0.3878262;120.4432;0.1359863
C:\Mark's Python files\ME5920\IMG\robocam_2025_04_03_22_45_32_588.jpg;0;0;0;0.01084581;86.66933;82.58555;0.354201;120.4432;0.1216972
C:\Mark's Python files\ME5920\IMG\robocam_2025_04_03_22_45_32_658.jpg;0;0;0;0.01218611;86.66932;82.58556;0.3027676;120.4432;0.1007692
C:\Mark's Python files\ME5920\IMG\robocam_2025_04_03_22_45_32_729.jpg;0;0;0;0.01345429;86.66931;82.58557;0.2460627;120.4433;0.07862008
C:\Mark's Python files\ME5920\IMG\robocam_2025_04_03_22_45_32_771.jpg;0;0;0;0.014025;86.6693;82.58558;0.2164921;120.4433;0.06738479
C:\Mark's Python files\ME5920\IMG\robocam_2025_04_03_22_45_32_838.jpg;0;0;0;0.01423065;86.66928;82.58559;0.1714347;120.4433;0.0506376
C:\Mark's Python files\ME5920\IMG\robocam_2025_04_03_22_45_32_911.jpg;0;0;0;0.01424655;86.66927;82.58561;0.1114866;120.4433;0.02902141
C:\Mark's Python files\ME5920\IMG\robocam_2025_04_03_22_45_32_981.jpg;0;0;0;0.01378029;86.66924;82.58562;0.06772899;120.4433;0.01372303
C:\Mark's Python files\ME5920\IMG\robocam_2025_04_03_22_45_33_055.jpg;0;0;0;0.01315168;86.66922;82.58564;0.01243155;120.4433;-0.004994476
C:\Mark's Python files\ME5920\IMG\robocam_2025_04_03_22_45_33_126.jpg;0;0;0.1074879;0.01199738;86.66921;82.58565;359.9741;120.4433;359.9825
C:\Mark's Python files\ME5920\IMG\robocam_2025_04_03_22_45_33_197.jpg;0;0;0.3224529;0.01093587;86.6692;82.58566;359.9282;120.4433;359.9681
C:\Mark's Python files\ME5920\IMG\robocam_2025_04_03_22_45_33_268.jpg;0;0;0.5337072;0;86.66919;82.58568;359.8981;120.4433;359.9591
C:\Mark's Python files\ME5920\IMG\robocam_2025_04_03_22_45_33_338.jpg;0;0;0.7456605;0;86.66918;82.58569;359.8646;120.4433;359.9496
C:\Mark's Python files\ME5920\IMG\robocam_2025_04_03_22_45_33_409.jpg;0;0;0.955551;0;86.66918;82.58569;359.8388;120.4432;359.9431
C:\Mark's Python files\ME5920\IMG\robocam_2025_04_03_22_45_33_481.jpg;0;0;1;0;86.66917;82.5857;359.8247;120.4432;359.9401
C:\Mark's Python files\ME5920\IMG\robocam_2025_04_03_22_45_33_551.jpg;0;0;1;0;86.66917;82.5857;359.8127;120.4432;359.9383
C:\Mark's Python files\ME5920\IMG\robocam_2025_04_03_22_45_33_622.jpg;0;0;1;0;86.66917;82.58571;359.8086;120.4432;359.9386
C:\Mark's Python files\ME5920\IMG\robocam_2025_04_03_22_45_33_693.jpg;0;0;1;0;86.66917;82.5857;359.8093;120.4432;359.9409
C:\Mark's Python files\ME5920\IMG\robocam_2025_04_03_22_45_33_763.jpg;0;0;1;0;86.66917;82.5857;359.814;120.4432;359.9439
C:\Mark's Python files\ME5920\IMG\robocam_2025_04_03_22_45_33_835.jpg;0;0;1;0;86.66917;82.5857;359.8253;120.4432;359.9492
C:\Mark's Python files\ME5920\IMG\robocam_2025_04_03_22_45_33_904.jpg;0;0;1;0;86.66917;82.58571;359.8369;120.4432;359.954
C:\Mark's Python files\ME5920\IMG\robocam_2025_04_03_22_45_33_974.jpg;0;0;1;0;86.66917;82.5857;359.856;120.4432;359.9612
C:\Mark's Python files\ME5920\IMG\robocam_2025_04_03_22_45_34_044.jpg;0;0;0;0;86.66918;82.58569;359.8723;120.4432;359.967
C:\Mark's Python files\ME5920\IMG\robocam_2025_04_03_22_45_34_117.jpg;0;0;0;0;86.66919;82.58569;359.896;120.4432;359.975
C:\Mark's Python files\ME5920\IMG\robocam_2025_04_03_22_45_34_187.jpg;0;0;0;0;86.66919;82.58569;359.9146;120.4432;359.981
C:\Mark's Python files\ME5920\IMG\robocam_2025_04_03_22_45_34_259.jpg;0;0;0;0;86.66918;82.58569;359.9398;120.4432;359.9887
C:\Mark's Python files\ME5920\IMG\robocam_2025_04_03_22_45_34_330.jpg;0;-0.0090258;0;0;86.66914;82.58578;359.9666;120.4213;-0.004004129
C:\Mark's Python files\ME5920\IMG\robocam_2025_04_03_22_45_34_402.jpg;0;-0.2261073;0;-0.01409823;86.66924;82.58559;359.9795;120.2611;0.001068087
C:\Mark's Python files\ME5920\IMG\robocam_2025_04_03_22_45_34_442.jpg;0;-0.4329663;0;-0.02741147;86.66977;82.5847;359.9686;120.3542;0.004032938
C:\Mark's Python files\ME5920\IMG\robocam_2025_04_03_22_45_34_509.jpg;0;-0.5461998;0;-0.04174122;86.67211;82.58072;359.8938;120.368;0.009396651
C:\Mark's Python files\ME5920\IMG\robocam_2025_04_03_22_45_34_581.jpg;0;-0.7589064;0;-0.07633335;86.67579;82.57446;359.7627;120.3949;0.01290487
C:\Mark's Python files\ME5920\IMG\robocam_2025_04_03_22_45_34_654.jpg;0;-0.9766521;0;-0.1216969;86.68345;82.56181;359.5064;120.3177;0.004520552
C:\Mark's Python files\ME5920\IMG\robocam_2025_04_03_22_45_34_725.jpg;0;-1;0;-0.1840948;86.69086;82.54897;359.2833;120.2314;-0.0010663
C:\Mark's Python files\ME5920\IMG\robocam_2025_04_03_22_45_34_798.jpg;0;-1;0;-0.239546;86.70391;82.5266;358.9339;120.1489;-0.001136356
C:\Mark's Python files\ME5920\IMG\robocam_2025_04_03_22_45_34_870.jpg;0;-0.7785925;0;-0.3021028;86.71908;82.50099;358.6476;120.0493;-0.004669174
C:\Mark's Python files\ME5920\IMG\robocam_2025_04_03_22_45_34_940.jpg;0;-0.5656731;0;-0.3259327;86.72836;82.48555;358.775;119.8726;-0.000340093
C:\Mark's Python files\ME5920\IMG\robocam_2025_04_03_22_45_35_012.jpg;0;-0.3556005;0;-0.3818789;86.74206;82.46199;358.9833;119.8697;-0.001487134
C:\Mark's Python files\ME5920\IMG\robocam_2025_04_03_22_45_35_084.jpg;0;-0.1376775;0;-0.4077066;86.75275;82.44324;359.1223;119.6335;0.0008243219
C:\Mark's Python files\ME5920\IMG\robocam_2025_04_03_22_45_35_155.jpg;0;0;0;-0.3954784;86.76697;82.41831;359.3195;119.6842;0.009119519
C:\Mark's Python files\ME5920\IMG\robocam_2025_04_03_22_45_35_227.jpg;0;0;0;-0.4053927;86.77776;82.39938;359.4641;119.6846;0.01390892
C:\Mark's Python files\ME5920\IMG\robocam_2025_04_03_22_45_35_299.jpg;0;0;0;-0.4041939;86.79209;82.37426;359.6593;119.6846;0.01918421
C:\Mark's Python files\ME5920\IMG\robocam_2025_04_03_22_45_35_369.jpg;0;0;0;-0.4024926;86.80641;82.34917;359.8474;119.6846;0.02315689
C:\Mark's Python files\ME5920\IMG\robocam_2025_04_03_22_45_35_441.jpg;0;0;0;-0.4006852;86.81719;82.33026;359.9785;119.6846;0.02528797
C:\Mark's Python files\ME5920\IMG\robocam_2025_04_03_22_45_35_512.jpg;0;0;0;-0.3992698;86.83166;82.30488;0.1343319;119.6846;0.02703758
C:\Mark's Python files\ME5920\IMG\robocam_2025_04_03_22_45_35_583.jpg;0;0;0;-0.3973178;86.84261;82.28568;0.2342986;119.6846;0.02757692
C:\Mark's Python files\ME5920\IMG\robocam_2025_04_03_22_45_35_653.jpg;0;0;0;-0.3958162;86.85735;82.25984;0.3425411;119.6846;0.0273564
C:\Mark's Python files\ME5920\IMG\robocam_2025_04_03_22_45_35_725.jpg;0;0;0;-0.3937804;86.86852;82.24025;0.4041879;119.6846;0.02656021
C:\Mark's Python files\ME5920\IMG\robocam_2025_04_03_22_45_35_796.jpg;0;0;0;-0.3922391;86.88361;82.21384;0.4582509;119.6836;0.0223789
C:\Mark's Python files\ME5920\IMG\robocam_2025_04_03_22_45_35_867.jpg;0;0;0;-0.3900634;86.89507;82.1938;0.4762257;119.6829;0.01608189
C:\Mark's Python files\ME5920\IMG\robocam_2025_04_03_22_45_35_938.jpg;0;0;0;-0.3884594;86.91043;82.16684;0.4769223;119.6828;0.00719524
C:\Mark's Python files\ME5920\IMG\robocam_2025_04_03_22_45_36_010.jpg;0;0;0;-0.3864438;86.9259;82.13969;0.4571595;119.6828;-0.0008760663
C:\Mark's Python files\ME5920\IMG\robocam_2025_04_03_22_45_36_082.jpg;0;0;0;-0.3844624;86.93754;82.11925;0.4313358;119.6828;359.9937
C:\Mark's Python files\ME5920\IMG\robocam_2025_04_03_22_45_36_154.jpg;0;0;0;-0.3830037;86.95309;82.09196;0.3857196;119.6828;359.9874
C:\Mark's Python files\ME5920\IMG\robocam_2025_04_03_22_45_36_225.jpg;0;0;0;-0.3810996;86.96474;82.07147;0.3455115;119.6829;359.9835
C:\Mark's Python files\ME5920\IMG\robocam_2025_04_03_22_45_36_296.jpg;0;0;0;-0.3797034;86.98029;82.04421;0.2872814;119.6828;359.9793
C:\Mark's Python files\ME5920\IMG\robocam_2025_04_03_22_45_36_370.jpg;0;0;0;-0.3778846;86.99575;82.01706;0.2273148;119.6828;359.9764
C:\Mark's Python files\ME5920\IMG\robocam_2025_04_03_22_45_36_408.jpg;0;0;0;-0.3765516;87.00346;82.00353;0.197763;119.6828;359.9754
C:\Mark's Python files\ME5920\IMG\robocam_2025_04_03_22_45_36_476.jpg;0;0;0;-0.375677;87.01498;81.98332;0.1550253;119.6828;359.9744
C:\Mark's Python files\ME5920\IMG\robocam_2025_04_03_22_45_36_546.jpg;0;0;0;-0.3739594;87.02643;81.96322;0.1151365;119.6828;359.974
C:\Mark's Python files\ME5920\IMG\robocam_2025_04_03_22_45_36_618.jpg;0;0;0;-0.372696;87.04159;81.93661;0.06784378;119.6828;359.9743
C:\Mark's Python files\ME5920\IMG\robocam_2025_04_03_22_45_36_690.jpg;0;0;0;-0.3710399;87.05662;81.91023;0.02858909;119.6828;359.9756
C:\Mark's Python files\ME5920\IMG\robocam_2025_04_03_22_45_36_763.jpg;0;0;0;-0.3698158;87.06779;81.89061;0.00493759;119.6827;359.977
C:\Mark's Python files\ME5920\IMG\robocam_2025_04_03_22_45_36_803.jpg;0;0;0;-0.3682024;87.07521;81.87761;359.992;119.6827;359.9781
C:\Mark's Python files\ME5920\IMG\robocam_2025_04_03_22_45_36_872.jpg;0;0;0;-0.367402;87.08992;81.8518;359.973;119.6827;359.9807
C:\Mark's Python files\ME5920\IMG\robocam_2025_04_03_22_45_36_942.jpg;0;0;0;-0.3658104;87.10086;81.8326;359.9644;119.6827;359.983
C:\Mark's Python files\ME5920\IMG\robocam_2025_04_03_22_45_37_016.jpg;0;0;0;-0.3646219;87.11533;81.80721;359.96;119.6827;359.9861
C:\Mark's Python files\ME5920\IMG\robocam_2025_04_03_22_45_37_087.jpg;0;0;0;-0.3630408;87.1261;81.7883;359.9614;119.6827;359.9886
C:\Mark's Python files\ME5920\IMG\robocam_2025_04_03_22_45_37_158.jpg;0;0;0;-0.3618555;87.14037;81.76328;359.9686;119.6827;359.992
C:\Mark's Python files\ME5920\IMG\robocam_2025_04_03_22_45_37_233.jpg;0;0;0;-0.3602732;87.15453;81.73843;359.9806;119.6827;-0.004819976
C:\Mark's Python files\ME5920\IMG\robocam_2025_04_03_22_45_37_272.jpg;0;0;0;-0.358687;87.16157;81.72607;359.988;119.6827;-0.003282327
C:\Mark's Python files\ME5920\IMG\robocam_2025_04_03_22_45_37_341.jpg;0;0;0;-0.3582897;87.1721;81.70761;0.0003055971;119.6827;-0.001095986
C:\Mark's Python files\ME5920\IMG\robocam_2025_04_03_22_45_37_411.jpg;0;0;0;-0.3566971;87.18607;81.6831;0.01819919;119.6827;0.001546883
C:\Mark's Python files\ME5920\IMG\robocam_2025_04_03_22_45_37_483.jpg;0;0;0;-0.355099;87.1965;81.6648;0.03203797;119.6827;0.003292435
C:\Mark's Python files\ME5920\IMG\robocam_2025_04_03_22_45_37_556.jpg;0;0;0;-0.3538971;87.21036;81.6405;0.0501718;119.6827;0.005271982
C:\Mark's Python files\ME5920\IMG\robocam_2025_04_03_22_45_37_626.jpg;0;0;0;-0.352291;87.22072;81.62233;0.06302579;119.6827;0.006482632
C:\Mark's Python files\ME5920\IMG\robocam_2025_04_03_22_45_37_697.jpg;0;0;0;-0.3510845;87.23448;81.59818;0.07856706;119.6827;0.00772461
C:\Mark's Python files\ME5920\IMG\robocam_2025_04_03_22_45_37_770.jpg;0;0;0;-0.3494748;87.24821;81.5741;0.09177702;119.6827;0.008546575
C:\Mark's Python files\ME5920\IMG\robocam_2025_04_03_22_45_37_842.jpg;0;0;0.1129932;-0.3334787;87.25803;81.55685;0.120039;119.6826;0.008898908
C:\Mark's Python files\ME5920\IMG\robocam_2025_04_03_22_45_37_913.jpg;0;0;0.3258573;-0.1384889;87.25979;81.55379;0.6203629;119.6828;-0.003193514
C:\Mark's Python files\ME5920\IMG\robocam_2025_04_03_22_45_37_985.jpg;0;0;0.5402226;-0.1022714;87.25984;81.55369;0.9643777;119.6828;0.003094167
C:\Mark's Python files\ME5920\IMG\robocam_2025_04_03_22_45_38_056.jpg;0;0;0;-0.08285861;87.2599;81.5536;1.297291;119.6819;0.00444858
C:\Mark's Python files\ME5920\IMG\robocam_2025_04_03_22_45_38_127.jpg;0;0;0;-0.01447527;87.25996;81.55351;1.293564;119.6829;359.9858
C:\Mark's Python files\ME5920\IMG\robocam_2025_04_03_22_45_38_200.jpg;0;0;0;0.04974061;87.2599;81.55354;1.047674;119.6758;0.02129
C:\Mark's Python files\ME5920\IMG\robocam_2025_04_03_22_45_38_271.jpg;0;0;0;0.06022848;87.25987;81.55362;0.7799463;119.6754;0.06720205
C:\Mark's Python files\ME5920\IMG\robocam_2025_04_03_22_45_38_342.jpg;0;0;0;0.06049387;87.25985;81.55369;0.5780813;119.6754;0.09663868
C:\Mark's Python files\ME5920\IMG\robocam_2025_04_03_22_45_38_413.jpg;0;0;0;0.05931478;87.25982;81.55377;0.3151218;119.6757;0.1288141
C:\Mark's Python files\ME5920\IMG\robocam_2025_04_03_22_45_38_453.jpg;0;0;0;0.05614844;87.2598;81.55382;0.1886543;119.676;0.1418148
C:\Mark's Python files\ME5920\IMG\robocam_2025_04_03_22_45_38_520.jpg;0;0;0;0.05510218;87.25978;81.55389;0.007815815;119.6765;0.1574682
C:\Mark's Python files\ME5920\IMG\robocam_2025_04_03_22_45_38_589.jpg;0;0;0;0.05003602;87.25975;81.55396;359.7874;119.6773;0.1713286
C:\Mark's Python files\ME5920\IMG\robocam_2025_04_03_22_45_38_661.jpg;0;0;0;0.04544976;87.25973;81.55402;359.6404;119.6778;0.1767072
C:\Mark's Python files\ME5920\IMG\robocam_2025_04_03_22_45_38_731.jpg;3.196913;0;0;0.0385609;87.2597;81.55408;359.4805;120.2542;0.1748518
C:\Mark's Python files\ME5920\IMG\robocam_2025_04_03_22_45_38_804.jpg;6.418423;0;0;0.02729823;87.25967;81.55411;359.3945;121.3033;0.1653554
C:\Mark's Python files\ME5920\IMG\robocam_2025_04_03_22_45_38_875.jpg;9.593496;0;0;0.02141724;87.25964;81.55414;359.3171;123.4149;0.1515523
C:\Mark's Python files\ME5920\IMG\robocam_2025_04_03_22_45_38_944.jpg;12.79129;0;0;0.01552551;87.25961;81.55415;359.2839;125.53;0.1426854
C:\Mark's Python files\ME5920\IMG\robocam_2025_04_03_22_45_39_017.jpg;15;0;0;0.01312708;87.25959;81.55415;359.2683;129.0525;0.1337286
C:\Mark's Python files\ME5920\IMG\robocam_2025_04_03_22_45_39_088.jpg;15;0;0;0.0127995;87.25957;81.55415;359.2736;131.7524;0.1237885
C:\Mark's Python files\ME5920\IMG\robocam_2025_04_03_22_45_39_158.jpg;15;0;0;-0.01382026;87.25955;81.55412;359.2983;135.3521;0.1061435
C:\Mark's Python files\ME5920\IMG\robocam_2025_04_03_22_45_39_232.jpg;15;0;0;-0.01581132;87.25954;81.55408;359.3385;138.9519;0.0845482
C:\Mark's Python files\ME5920\IMG\robocam_2025_04_03_22_45_39_302.jpg;15;0;0;-0.01806768;87.25954;81.55406;359.3769;141.6517;0.06527147
C:\Mark's Python files\ME5920\IMG\robocam_2025_04_03_22_45_39_372.jpg;15;0;0;-0.01960274;87.25954;81.55403;359.4371;145.2514;0.03468256
C:\Mark's Python files\ME5920\IMG\robocam_2025_04_03_22_45_39_444.jpg;15;0;0;-0.0212118;87.25954;81.554;359.4872;147.9512;0.008389355
C:\Mark's Python files\ME5920\IMG\robocam_2025_04_03_22_45_39_515.jpg;15;0;0;-0.02202129;87.25956;81.55396;359.5577;151.551;359.9697
C:\Mark's Python files\ME5920\IMG\robocam_2025_04_03_22_45_39_585.jpg;15;0;0;-0.02253851;87.25957;81.55392;359.6118;154.2509;359.9386
C:\Mark's Python files\ME5920\IMG\robocam_2025_04_03_22_45_39_655.jpg;15;0;0;-0.0225126;87.25958;81.55389;359.6835;157.8508;359.8959
C:\Mark's Python files\ME5920\IMG\robocam_2025_04_03_22_45_39_726.jpg;15;0;0;-0.02196772;87.25961;81.55386;359.7357;160.5508;359.8637
C:\Mark's Python files\ME5920\IMG\robocam_2025_04_03_22_45_39_797.jpg;15;0;0;-0.02122003;87.25962;81.55384;359.8018;164.1508;359.8221
C:\Mark's Python files\ME5920\IMG\robocam_2025_04_03_22_45_39_836.jpg;15;0;0;-0.01985169;87.25963;81.55383;359.833;165.9508;359.8024
C:\Mark's Python files\ME5920\IMG\robocam_2025_04_03_22_45_39_904.jpg;15;0;0;-0.01904153;87.25964;81.55381;359.877;168.6509;359.7747
C:\Mark's Python files\ME5920\IMG\robocam_2025_04_03_22_45_39_976.jpg;15;0;0;-0.01771325;87.25968;81.55379;359.9301;172.2511;359.7422
C:\Mark's Python files\ME5920\IMG\robocam_2025_04_03_22_45_40_048.jpg;15;0;0;-0.01582523;87.25969;81.55377;359.9656;174.9511;359.7219
C:\Mark's Python files\ME5920\IMG\robocam_2025_04_03_22_45_40_122.jpg;15;0;0;-0.01440169;87.25971;81.55376;0.007130424;178.5513;359.7008
C:\Mark's Python files\ME5920\IMG\robocam_2025_04_03_22_45_40_192.jpg;11.7834;0;0;-0.01260432;87.25974;81.55374;0.04536248;181.5669;359.6878
C:\Mark's Python files\ME5920\IMG\robocam_2025_04_03_22_45_40_264.jpg;8.586686;0;0;-0.01101545;87.25975;81.55375;0.07324822;183.2169;359.6844
C:\Mark's Python files\ME5920\IMG\robocam_2025_04_03_22_45_40_336.jpg;5.340107;0;0;-0.01002602;87.25977;81.55375;0.1080961;184.6914;359.6897
C:\Mark's Python files\ME5920\IMG\robocam_2025_04_03_22_45_40_376.jpg;2.170383;0;0;0;87.25978;81.55376;0.1236254;185.1394;359.6974
C:\Mark's Python files\ME5920\IMG\robocam_2025_04_03_22_45_40_446.jpg;0.4157431;0;0;0;87.25979;81.55377;0.1455453;185.3193;359.7147
C:\Mark's Python files\ME5920\IMG\robocam_2025_04_03_22_45_40_518.jpg;0;0;0;0;87.2598;81.55379;0.1689758;185.3193;359.745
C:\Mark's Python files\ME5920\IMG\robocam_2025_04_03_22_45_40_586.jpg;0;0;0;0;87.2598;81.5538;0.1813487;185.3193;359.7716
C:\Mark's Python files\ME5920\IMG\robocam_2025_04_03_22_45_40_657.jpg;1.598373;0;0;0;87.2598;81.55382;0.1904464;185.5111;359.81
C:\Mark's Python files\ME5920\IMG\robocam_2025_04_03_22_45_40_727.jpg;4.776255;0;0;0;87.2598;81.55382;0.1912439;186.1778;359.8388
C:\Mark's Python files\ME5920\IMG\robocam_2025_04_03_22_45_40_798.jpg;7.94475;0;0;0;87.25981;81.55385;0.1859734;187.886;359.8759
C:\Mark's Python files\ME5920\IMG\robocam_2025_04_03_22_45_40_869.jpg;11.13577;0;0;0;87.2598;81.55386;0.1761255;190.3653;359.9112
C:\Mark's Python files\ME5920\IMG\robocam_2025_04_03_22_45_40_940.jpg;7.983922;0;0;0;87.2598;81.55386;0.1678836;191.8973;359.9385
C:\Mark's Python files\ME5920\IMG\robocam_2025_04_03_22_45_41_010.jpg;4.771728;0;0;0;87.2598;81.55389;0.1554587;193.2336;359.9756
C:\Mark's Python files\ME5920\IMG\robocam_2025_04_03_22_45_41_082.jpg;1.576034;0;0;0;87.25979;81.5539;0.144506;193.6221;0.002954113
C:\Mark's Python files\ME5920\IMG\robocam_2025_04_03_22_45_41_151.jpg;0;0;0;0;87.25978;81.5539;0.1271002;193.6221;0.03689612
C:\Mark's Python files\ME5920\IMG\robocam_2025_04_03_22_45_41_222.jpg;0;0;0;0;87.25978;81.55391;0.1122825;193.6221;0.05894196
C:\Mark's Python files\ME5920\IMG\robocam_2025_04_03_22_45_41_293.jpg;0;0;0;0;87.25977;81.55392;0.09091847;193.6221;0.08341668
C:\Mark's Python files\ME5920\IMG\robocam_2025_04_03_22_45_41_364.jpg;1.600466;0;0;0;87.25977;81.55392;0.07434516;193.7181;0.09783401
C:\Mark's Python files\ME5920\IMG\robocam_2025_04_03_22_45_41_435.jpg;4.788351;0;0;0;87.25976;81.55393;0.0535712;194.675;0.1113519
C:\Mark's Python files\ME5920\IMG\robocam_2025_04_03_22_45_41_503.jpg;4.515345;0;0;0;87.25975;81.55393;0.03889173;195.6784;0.1180957
C:\Mark's Python files\ME5920\IMG\robocam_2025_04_03_22_45_41_574.jpg;1.370209;0;0;0;87.25974;81.55393;0.01848511;196.1939;0.1234383
C:\Mark's Python files\ME5920\IMG\robocam_2025_04_03_22_45_41_644.jpg;0;0;0;0;87.25974;81.55393;0.003274589;196.1939;0.1243378
C:\Mark's Python files\ME5920\IMG\robocam_2025_04_03_22_45_41_714.jpg;0;0;0;0;87.25973;81.55393;359.9846;196.1939;0.1214747
C:\Mark's Python files\ME5920\IMG\robocam_2025_04_03_22_45_41_784.jpg;0;0.1065144;0;0;87.26004;81.55402;359.9647;196.1869;0.1165693
C:\Mark's Python files\ME5920\IMG\robocam_2025_04_03_22_45_41_854.jpg;0;0.3165147;0;0.01612118;87.25864;81.55363;359.9834;196.2135;0.1068534
C:\Mark's Python files\ME5920\IMG\robocam_2025_04_03_22_45_41_924.jpg;0;0.5269617;0;0.05147943;87.25491;81.55255;0.05691473;196.2262;0.09783399
C:\Mark's Python files\ME5920\IMG\robocam_2025_04_03_22_45_41_997.jpg;0;0.7398809;0;0.06021881;87.24657;81.55013;0.2194118;196.1364;0.08434053
C:\Mark's Python files\ME5920\IMG\robocam_2025_04_03_22_45_42_035.jpg;0;0.9462572;0;0.1203188;87.24035;81.54832;0.339673;196.1702;0.07683116
C:\Mark's Python files\ME5920\IMG\robocam_2025_04_03_22_45_42_103.jpg;0;1;0;0.1713106;87.22787;81.54504;0.552108;196.1672;0.03734747
C:\Mark's Python files\ME5920\IMG\robocam_2025_04_03_22_45_42_173.jpg;0;1;0;0.2098486;87.20657;81.53886;0.8752937;196.2019;359.9808
C:\Mark's Python files\ME5920\IMG\robocam_2025_04_03_22_45_42_243.jpg;0;1;0;0.2731168;87.18661;81.53266;1.143027;196.2114;359.9773
C:\Mark's Python files\ME5920\IMG\robocam_2025_04_03_22_45_42_314.jpg;0;1;0;0.3237045;87.15772;81.52416;1.348207;196.1313;-0.003464879
C:\Mark's Python files\ME5920\IMG\robocam_2025_04_03_22_45_42_382.jpg;0;1;0;0.3939929;87.13797;81.51857;1.183609;196.0595;5.395933E-05
C:\Mark's Python files\ME5920\IMG\robocam_2025_04_03_22_45_42_453.jpg;0;1;0;0.4523473;87.10483;81.50918;1.051162;196.0036;0.0004045433
C:\Mark's Python files\ME5920\IMG\robocam_2025_04_03_22_45_42_524.jpg;0;1;0;0.5119588;87.07591;81.50103;1.021884;195.9637;-0.00104764
C:\Mark's Python files\ME5920\IMG\robocam_2025_04_03_22_45_42_594.jpg;0;1;0;0.5457742;87.03143;81.48842;1.07589;196.0118;-0.0008594746
C:\Mark's Python files\ME5920\IMG\robocam_2025_04_03_22_45_42_664.jpg;0;1;0;0.6188201;86.99348;81.47766;1.177224;196.0358;-0.0009440994
C:\Mark's Python files\ME5920\IMG\robocam_2025_04_03_22_45_42_735.jpg;0;1;0;0.661898;86.94049;81.46268;1.251608;196.0795;-0.002635001
C:\Mark's Python files\ME5920\IMG\robocam_2025_04_03_22_45_42_806.jpg;0;1;0;0.7446001;86.89784;81.4506;1.247132;196.0712;-0.0001106966
C:\Mark's Python files\ME5920\IMG\robocam_2025_04_03_22_45_42_876.jpg;0;1;0;0.7963915;86.83679;81.43326;1.211072;196.0827;-0.0009750139
C:\Mark's Python files\ME5920\IMG\robocam_2025_04_03_22_45_42_946.jpg;0;1;0;0.8486966;86.78796;81.41935;1.184571;196.09;-0.0005579537
C:\Mark's Python files\ME5920\IMG\robocam_2025_04_03_22_45_43_018.jpg;0;1;0;0.9008148;86.71677;81.39911;1.227258;196.0713;-0.000932001
C:\Mark's Python files\ME5920\IMG\robocam_2025_04_03_22_45_43_089.jpg;0;1;0;0.9717591;86.64069;81.3775;1.251207;196.0658;-0.0009370798
C:\Mark's Python files\ME5920\IMG\robocam_2025_04_03_22_45_43_159.jpg;0;1;0;1.026514;86.58074;81.36049;1.242603;196.0583;-0.0009568784
C:\Mark's Python files\ME5920\IMG\robocam_2025_04_03_22_45_43_231.jpg;0;1;0;1.090461;86.497;81.33671;1.213768;196.0547;-0.0001013016
C:\Mark's Python files\ME5920\IMG\robocam_2025_04_03_22_45_43_302.jpg;0;1;0;1.148699;86.43053;81.31784;1.228929;196.0342;-0.000350875
C:\Mark's Python files\ME5920\IMG\robocam_2025_04_03_22_45_43_374.jpg;0;0.8925865;0;1.191887;86.33828;81.29169;1.227653;195.9969;-0.0009087304
C:\Mark's Python files\ME5920\IMG\robocam_2025_04_03_22_45_43_444.jpg;0;0.6789202;0;1.24901;86.26614;81.27131;1.230082;195.9835;-0.0008415343
C:\Mark's Python files\ME5920\IMG\robocam_2025_04_03_22_45_43_517.jpg;0;0.464974;0;1.276779;86.16773;81.24353;1.22331;195.9773;-0.0003781478
C:\Mark's Python files\ME5920\IMG\robocam_2025_04_03_22_45_43_585.jpg;0;0.2522632;0;1.299263;86.09297;81.22245;1.206244;195.9696;-0.0003278683
C:\Mark's Python files\ME5920\IMG\robocam_2025_04_03_22_45_43_657.jpg;0;0.04164525;0;1.305338;85.99358;81.19444;1.139351;195.9593;-0.0002312049
C:\Mark's Python files\ME5920\IMG\robocam_2025_04_03_22_45_43_728.jpg;0;0;0;1.302283;85.91985;81.17368;1.050261;195.9518;-0.0001370537
C:\Mark's Python files\ME5920\IMG\robocam_2025_04_03_22_45_43_800.jpg;0;0;0;1.298397;85.82256;81.14627;0.891289;195.9425;0.0008100356
C:\Mark's Python files\ME5920\IMG\robocam_2025_04_03_22_45_43_870.jpg;0;0.1032681;0;1.293141;85.72612;81.11895;0.7054566;195.9374;0.01000821
C:\Mark's Python files\ME5920\IMG\robocam_2025_04_03_22_45_43_940.jpg;0;0.3179829;0;1.29863;85.65335;81.09823;0.5753379;195.9364;0.02180015
C:\Mark's Python files\ME5920\IMG\robocam_2025_04_03_22_45_44_012.jpg;0;0.5266473;0;1.313271;85.5541;81.06992;0.4510522;195.9362;0.03764059
C:\Mark's Python files\ME5920\IMG\robocam_2025_04_03_22_45_44_085.jpg;0;0.5253888;0;1.345292;85.4772;81.048;0.4104508;195.9358;0.04687294
C:\Mark's Python files\ME5920\IMG\robocam_2025_04_03_22_45_44_155.jpg;0;0.3109045;0;1.363857;85.37237;81.0182;0.3958591;195.9332;0.0519405
C:\Mark's Python files\ME5920\IMG\robocam_2025_04_03_22_45_44_227.jpg;0;0.09802415;0;1.375587;85.2931;80.9957;0.3897585;195.9303;0.05187417
C:\Mark's Python files\ME5920\IMG\robocam_2025_04_03_22_45_44_298.jpg;0;0;0;1.373734;85.18797;80.96586;0.3581622;195.9269;0.05059944
C:\Mark's Python files\ME5920\IMG\robocam_2025_04_03_22_45_44_337.jpg;0;0;0;1.367881;85.13576;80.95102;0.3315505;195.9258;0.05049687
C:\Mark's Python files\ME5920\IMG\robocam_2025_04_03_22_45_44_405.jpg;0;0;0;1.36495;85.05784;80.92883;0.2812218;195.9251;0.05177028
C:\Mark's Python files\ME5920\IMG\robocam_2025_04_03_22_45_44_475.jpg;0;0;0;1.360541;84.95464;80.8994;0.1973408;195.9252;0.0537139
C:\Mark's Python files\ME5920\IMG\robocam_2025_04_03_22_45_44_545.jpg;3.100455;0;0;1.354452;84.87798;80.87654;0.1241556;196.0647;0.07487343
C:\Mark's Python files\ME5920\IMG\robocam_2025_04_03_22_45_44_616.jpg;0;0;0;1.349779;84.77624;80.84644;0.01929906;196.198;0.09220853
C:\Mark's Python files\ME5920\IMG\robocam_2025_04_03_22_45_44_688.jpg;0;0;0;1.343772;84.70016;80.82436;359.9392;196.2038;0.09322406
C:\Mark's Python files\ME5920\IMG\robocam_2025_04_03_22_45_44_757.jpg;0;0;0;1.339242;84.59898;80.79507;359.8394;196.2023;0.0866138
C:\Mark's Python files\ME5920\IMG\robocam_2025_04_03_22_45_44_830.jpg;0;0;0;1.333019;84.49797;80.76582;359.7589;196.1995;0.06905626
C:\Mark's Python files\ME5920\IMG\robocam_2025_04_03_22_45_44_898.jpg;0;0;0;1.328336;84.4223;80.7439;359.7117;196.1973;0.05003888
C:\Mark's Python files\ME5920\IMG\robocam_2025_04_03_22_45_44_969.jpg;0;0;0;1.322124;84.3216;80.71471;359.6624;196.1952;0.02209075
C:\Mark's Python files\ME5920\IMG\robocam_2025_04_03_22_45_45_040.jpg;0;0;0;1.317482;84.24628;80.69283;359.6326;196.1951;0.003083293
C:\Mark's Python files\ME5920\IMG\robocam_2025_04_03_22_45_45_110.jpg;0;0;0;1.311271;84.14595;80.66364;359.6133;196.195;359.9771
C:\Mark's Python files\ME5920\IMG\robocam_2025_04_03_22_45_45_182.jpg;0;0;0;1.305031;84.07085;80.64178;359.6089;196.1958;359.9643
C:\Mark's Python files\ME5920\IMG\robocam_2025_04_03_22_45_45_253.jpg;0;0;0;1.300523;83.97096;80.61264;359.6135;196.198;359.9555
C:\Mark's Python files\ME5920\IMG\robocam_2025_04_03_22_45_45_292.jpg;0;0.1101354;0;1.294181;83.92113;80.59815;359.619;196.1983;359.9528
C:\Mark's Python files\ME5920\IMG\robocam_2025_04_03_22_45_45_359.jpg;0;0.2245878;0;1.294354;83.8461;80.57634;359.6398;196.1984;359.9496
C:\Mark's Python files\ME5920\IMG\robocam_2025_04_03_22_45_45_429.jpg;0;0.4143048;0;1.306168;83.74427;80.54673;359.7158;196.1984;359.9474
C:\Mark's Python files\ME5920\IMG\robocam_2025_04_03_22_45_45_498.jpg;0;0.2049354;0;1.320513;83.66661;80.52415;359.8031;196.1985;359.9472
C:\Mark's Python files\ME5920\IMG\robocam_2025_04_03_22_45_45_568.jpg;0;0;0;1.325224;83.58881;80.50154;359.8907;196.1985;359.948
C:\Mark's Python files\ME5920\IMG\robocam_2025_04_03_22_45_45_639.jpg;0;0;0;1.321492;83.48576;80.4716;359.9848;196.1985;359.9507
C:\Mark's Python files\ME5920\IMG\robocam_2025_04_03_22_45_45_711.jpg;0;0;0;1.315727;83.38366;80.44193;0.04926697;196.1985;359.9547
C:\Mark's Python files\ME5920\IMG\robocam_2025_04_03_22_45_45_779.jpg;0;0;0;1.310008;83.30768;80.41985;0.07881281;196.1985;359.9585
C:\Mark's Python files\ME5920\IMG\robocam_2025_04_03_22_45_45_851.jpg;0;0;0;1.305738;83.20715;80.39064;0.09505926;196.1985;359.9643
C:\Mark's Python files\ME5920\IMG\robocam_2025_04_03_22_45_45_920.jpg;0;0.1061802;0;1.300959;83.13219;80.36887;0.09428887;196.1985;359.9691
C:\Mark's Python files\ME5920\IMG\robocam_2025_04_03_22_45_45_991.jpg;0;0.3140931;0;1.305115;83.03157;80.33964;0.1056113;196.1984;359.9757
C:\Mark's Python files\ME5920\IMG\robocam_2025_04_03_22_45_46_060.jpg;0;0.5224566;0;1.317515;82.9546;80.31728;0.1451697;196.1984;359.9807
C:\Mark's Python files\ME5920\IMG\robocam_2025_04_03_22_45_46_134.jpg;0;0.7369491;0;1.349121;82.84856;80.28642;0.2634755;196.1999;359.9907
C:\Mark's Python files\ME5920\IMG\robocam_2025_04_03_22_45_46_204.jpg;0;0.9516336;0;1.396339;82.76581;80.26237;0.4002047;196.2005;-0.0001890488
C:\Mark's Python files\ME5920\IMG\robocam_2025_04_03_22_45_46_275.jpg;0;1;0;1.440667;82.65038;80.22901;0.6455535;196.1961;-0.0005457827
C:\Mark's Python files\ME5920\IMG\robocam_2025_04_03_22_45_46_343.jpg;0;0.786088;0;1.497982;82.56054;80.20308;0.854495;196.1922;-0.0006192149
C:\Mark's Python files\ME5920\IMG\robocam_2025_04_03_22_45_46_415.jpg;0;0.5722483;0;1.530208;82.4382;80.16787;1.115193;196.1848;-0.0006437071
C:\Mark's Python files\ME5920\IMG\robocam_2025_04_03_22_45_46_486.jpg;0;0.3604948;0;1.559979;82.3457;80.14134;1.265899;196.1771;-0.0009533642
C:\Mark's Python files\ME5920\IMG\robocam_2025_04_03_22_45_46_556.jpg;0;0.1526059;0;1.572443;82.22444;80.10666;1.276895;196.168;-0.001113384
C:\Mark's Python files\ME5920\IMG\robocam_2025_04_03_22_45_46_625.jpg;0;0;0;1.576729;82.13508;80.08115;1.179059;196.162;-0.0002623241
C:\Mark's Python files\ME5920\IMG\robocam_2025_04_03_22_45_46_696.jpg;0;0;0;1.57242;82.01711;80.0475;1.002103;196.1495;2.262846E-05
C:\Mark's Python files\ME5920\IMG\robocam_2025_04_03_22_45_46_766.jpg;0;0;0;1.56602;81.92937;80.02244;0.8453966;196.1416;0.003420856
C:\Mark's Python files\ME5920\IMG\robocam_2025_04_03_22_45_46_838.jpg;0;0;0;1.561143;81.81319;79.98905;0.6192286;196.1367;0.01847124
C:\Mark's Python files\ME5920\IMG\robocam_2025_04_03_22_45_46_908.jpg;0;0;0;1.554541;81.72652;79.96401;0.443617;196.1365;0.03537086
C:\Mark's Python files\ME5920\IMG\robocam_2025_04_03_22_45_46_977.jpg;0;0;0;1.549497;81.61152;79.93078;0.2043767;196.1366;0.05494133
C:\Mark's Python files\ME5920\IMG\robocam_2025_04_03_22_45_47_046.jpg;0;0;0;1.542647;81.52555;79.90594;0.02857363;196.1367;0.06683265
C:\Mark's Python files\ME5920\IMG\robocam_2025_04_03_22_45_47_116.jpg;0;0;0;1.53743;81.41115;79.87287;359.8085;196.1368;0.07890857
C:\Mark's Python files\ME5920\IMG\robocam_2025_04_03_22_45_47_187.jpg;0;0;0;1.530301;81.32521;79.84821;359.6708;196.132;0.07276568
C:\Mark's Python files\ME5920\IMG\robocam_2025_04_03_22_45_47_257.jpg;1.558939;0;0;1.524505;81.21042;79.81481;359.5373;196.1938;0.05447251
C:\Mark's Python files\ME5920\IMG\robocam_2025_04_03_22_45_47_327.jpg;4.724563;0;0;1.516494;81.12475;79.78804;359.4673;196.4829;0.07072677
C:\Mark's Python files\ME5920\IMG\robocam_2025_04_03_22_45_47_398.jpg;7.899003;0;0;1.509266;81.01161;79.74896;359.414;197.3074;0.1509795
C:\Mark's Python files\ME5920\IMG\robocam_2025_04_03_22_45_47_469.jpg;10.79321;0;0;1.498591;80.90009;79.70581;359.4017;198.5464;0.293249
C:\Mark's Python files\ME5920\IMG\robocam_2025_04_03_22_45_47_539.jpg;7.607696;0;0;1.49135;80.81671;79.6726;359.4246;199.398;0.3827923
C:\Mark's Python files\ME5920\IMG\robocam_2025_04_03_22_45_47_609.jpg;4.441316;0;0;1.484805;80.70549;79.6286;359.4789;200.163;0.4553186
C:\Mark's Python files\ME5920\IMG\robocam_2025_04_03_22_45_47_679.jpg;1.271921;0;0;1.480255;80.62193;79.59662;359.5237;200.4151;0.4651347
C:\Mark's Python files\ME5920\IMG\robocam_2025_04_03_22_45_47_750.jpg;0;0;0;1.473365;80.51052;79.55511;359.5866;200.458;0.4317636
C:\Mark's Python files\ME5920\IMG\robocam_2025_04_03_22_45_47_820.jpg;0;0;0;1.468333;80.42735;79.52414;359.63;200.4596;0.3984327
C:\Mark's Python files\ME5920\IMG\robocam_2025_04_03_22_45_47_892.jpg;0;0;0;1.461686;80.317;79.48302;359.6812;200.4597;0.3464059
C:\Mark's Python files\ME5920\IMG\robocam_2025_04_03_22_45_47_962.jpg;0;0;0;1.455094;80.23467;79.45233;359.7139;200.4596;0.3032601
C:\Mark's Python files\ME5920\IMG\robocam_2025_04_03_22_45_48_034.jpg;0;0;0;1.450182;80.12547;79.41159;359.7491;200.4595;0.2424686
C:\Mark's Python files\ME5920\IMG\robocam_2025_04_03_22_45_48_104.jpg;-1.594967;0;0;1.443667;80.04391;79.38139;359.7687;200.4293;0.1907741
C:\Mark's Python files\ME5920\IMG\robocam_2025_04_03_22_45_48_175.jpg;-4.765644;0;0;1.438007;79.93494;79.34391;359.7832;200.0005;0.06305825
C:\Mark's Python files\ME5920\IMG\robocam_2025_04_03_22_45_48_247.jpg;-7.997382;0;0;1.429658;79.85304;79.31814;359.7851;199.4039;359.9251
C:\Mark's Python files\ME5920\IMG\robocam_2025_04_03_22_45_48_286.jpg;-8.037104;0;0;1.42182;79.79833;79.30247;359.7814;198.8461;359.8074
C:\Mark's Python files\ME5920\IMG\robocam_2025_04_03_22_45_48_355.jpg;-6.338394;0;0;1.418783;79.68906;79.27111;359.7952;197.9005;359.6195
C:\Mark's Python files\ME5920\IMG\robocam_2025_04_03_22_45_48_425.jpg;-3.126326;0;0;1.41255;79.60735;79.24727;359.8183;197.444;359.524
C:\Mark's Python files\ME5920\IMG\robocam_2025_04_03_22_45_48_495.jpg;0;0;0;1.407993;79.49925;79.214;359.8492;197.2654;359.4717
C:\Mark's Python files\ME5920\IMG\robocam_2025_04_03_22_45_48_568.jpg;0;0;0;1.401631;79.4187;79.18879;359.867;197.2583;359.4612
C:\Mark's Python files\ME5920\IMG\robocam_2025_04_03_22_45_48_638.jpg;0;0;0;1.396861;79.31182;79.1554;359.8834;197.2586;359.4688
C:\Mark's Python files\ME5920\IMG\robocam_2025_04_03_22_45_48_709.jpg;0;0;0;1.390589;79.20557;79.12223;359.8905;197.2594;359.4968
C:\Mark's Python files\ME5920\IMG\robocam_2025_04_03_22_45_48_780.jpg;0;0;0;1.385911;79.12628;79.09753;359.8894;197.2595;359.5283
C:\Mark's Python files\ME5920\IMG\robocam_2025_04_03_22_45_48_852.jpg;0;0;0;1.379755;79.02113;79.06477;359.8799;197.2598;359.5819
C:\Mark's Python files\ME5920\IMG\robocam_2025_04_03_22_45_48_923.jpg;0;0;0;1.373582;78.94263;79.04036;359.8676;197.2598;359.6281
C:\Mark's Python files\ME5920\IMG\robocam_2025_04_03_22_45_48_994.jpg;0;0;0.2124987;1.355456;78.84115;79.00874;359.7871;197.2616;359.6994
C:\Mark's Python files\ME5920\IMG\robocam_2025_04_03_22_45_49_067.jpg;0;0;0.4276065;1.279222;78.77085;78.98676;359.6134;197.2652;359.7664
C:\Mark's Python files\ME5920\IMG\robocam_2025_04_03_22_45_49_138.jpg;0;0;0;1.183419;78.68702;78.96028;359.224;197.2907;359.8929
C:\Mark's Python files\ME5920\IMG\robocam_2025_04_03_22_45_49_209.jpg;0;0;0;1.167685;78.60282;78.93383;358.9337;197.3015;0.03518285
C:\Mark's Python files\ME5920\IMG\robocam_2025_04_03_22_45_49_282.jpg;0;0;0;1.159878;78.53799;78.91414;358.8293;197.2897;0.0984756
C:\Mark's Python files\ME5920\IMG\robocam_2025_04_03_22_45_49_354.jpg;0;0;0;1.15313;78.44843;78.88778;358.9005;197.2382;0.05762529
C:\Mark's Python files\ME5920\IMG\robocam_2025_04_03_22_45_49_423.jpg;0;0;0;1.144858;78.38105;78.86693;359.0061;197.2325;0.0303598
C:\Mark's Python files\ME5920\IMG\robocam_2025_04_03_22_45_49_494.jpg;0;0;0.0094467;1.14069;78.29145;78.8391;359.1592;197.232;-0.001226818
C:\Mark's Python files\ME5920\IMG\robocam_2025_04_03_22_45_49_564.jpg;0;0;0.2222382;1.118621;78.22605;78.8188;359.2419;197.232;359.9776
C:\Mark's Python files\ME5920\IMG\robocam_2025_04_03_22_45_49_634.jpg;0;0;0;1.06606;78.14497;78.79345;359.237;197.2338;359.9644
C:\Mark's Python files\ME5920\IMG\robocam_2025_04_03_22_45_49_704.jpg;0;0;0;1.051335;78.08459;78.7747;359.2443;197.2343;359.9584
C:\Mark's Python files\ME5920\IMG\robocam_2025_04_03_22_45_49_777.jpg;0;0;0;1.047316;78.00395;78.74957;359.2865;197.237;359.9619
C:\Mark's Python files\ME5920\IMG\robocam_2025_04_03_22_45_49_845.jpg;0;0;0;1.042138;77.94346;78.7308;359.3328;197.2372;359.9651
C:\Mark's Python files\ME5920\IMG\robocam_2025_04_03_22_45_49_917.jpg;0;0;0;1.038411;77.86294;78.70583;359.4057;197.2372;359.9701
C:\Mark's Python files\ME5920\IMG\robocam_2025_04_03_22_45_49_988.jpg;0;0;0.1082628;1.033512;77.78333;78.68113;359.4707;197.2372;359.9756
C:\Mark's Python files\ME5920\IMG\robocam_2025_04_03_22_45_50_060.jpg;0;0;0.3180351;1.002866;77.72818;78.66402;359.4229;197.237;359.9798
C:\Mark's Python files\ME5920\IMG\robocam_2025_04_03_22_45_50_099.jpg;0;0;0.5283567;0.8490812;77.69659;78.65397;359.2885;197.2417;-0.003161234
C:\Mark's Python files\ME5920\IMG\robocam_2025_04_03_22_45_50_168.jpg;0;0;0.6494625;0.6717086;77.66698;78.64503;358.7337;197.1954;0.0008462963
C:\Mark's Python files\ME5920\IMG\robocam_2025_04_03_22_45_50_239.jpg;0;0;0.8555263;0.4372059;77.65773;78.64222;357.6313;197.1809;0.01013986
C:\Mark's Python files\ME5920\IMG\robocam_2025_04_03_22_45_50_309.jpg;0;0;0;0.1935982;77.65751;78.64214;356.8272;197.185;0.002848072
C:\Mark's Python files\ME5920\IMG\robocam_2025_04_03_22_45_50_380.jpg;0;0;0;0.1068865;77.65739;78.64208;356.5648;197.1884;0.007545014
C:\Mark's Python files\ME5920\IMG\robocam_2025_04_03_22_45_50_453.jpg;0;0;0;0;77.65725;78.64198;356.6758;197.198;0.00910609
C:\Mark's Python files\ME5920\IMG\robocam_2025_04_03_22_45_50_523.jpg;0;0;0;-0.1100573;77.65713;78.64198;357.1028;197.1945;-0.004963674
C:\Mark's Python files\ME5920\IMG\robocam_2025_04_03_22_45_50_594.jpg;0;0;0;-0.2066985;77.6571;78.64191;358.1165;197.2056;359.9878
C:\Mark's Python files\ME5920\IMG\robocam_2025_04_03_22_45_50_665.jpg;0;0;0;-0.3161249;77.65731;78.64198;359.1584;197.2064;0.0002962113
C:\Mark's Python files\ME5920\IMG\robocam_2025_04_03_22_45_50_737.jpg;0;0;0;-0.3012684;77.65783;78.64214;0.4901196;197.2064;-0.0007057497
C:\Mark's Python files\ME5920\IMG\robocam_2025_04_03_22_45_50_808.jpg;0;0;0;-0.2430316;77.6581;78.6422;1.301629;197.2109;0.00636834
C:\Mark's Python files\ME5920\IMG\robocam_2025_04_03_22_45_50_881.jpg;0;0;0;-0.1721513;77.6584;78.64224;2.001374;197.2097;0.01300044
C:\Mark's Python files\ME5920\IMG\robocam_2025_04_03_22_45_50_916.jpg;0;0;0;-0.0505209;77.65842;78.64254;2.145048;197.2128;-0.004657717
C:\Mark's Python files\ME5920\IMG\robocam_2025_04_03_22_45_50_918.jpg;0;0;0;-0.0505209;77.65842;78.64254;2.145048;197.2128;-0.004657717
C:\Mark's Python files\ME5920\IMG\robocam_2025_04_03_22_45_50_952.jpg;0;0;0;0;77.65842;78.64254;2.145048;197.2128;-0.004657717
C:\Mark's Python files\ME5920\IMG\robocam_2025_04_03_22_45_50_953.jpg;0;0;0;0;77.65842;78.64254;2.145048;197.2128;-0.004657717
C:\Mark's Python files\ME5920\IMG\robocam_2025_04_03_22_45_50_986.jpg;0;0;0;0;77.65842;78.64254;2.145048;197.2128;-0.004657717
C:\Mark's Python files\ME5920\IMG\robocam_2025_04_03_22_45_50_987.jpg;0;0;0;0;77.65842;78.64254;2.145048;197.2128;-0.004657717
C:\Mark's Python files\ME5920\IMG\robocam_2025_04_03_22_45_51_021.jpg;0;0;0;0;77.65842;78.64254;2.145048;197.2128;-0.004657717
C:\Mark's Python files\ME5920\IMG\robocam_2025_04_03_22_45_51_022.jpg;0;0;0;0;77.65842;78.64254;2.145048;197.2128;-0.004657717
C:\Mark's Python files\ME5920\IMG\robocam_2025_04_03_22_45_51_057.jpg;0;0;0;0;77.65842;78.64254;2.145048;197.2128;-0.004657717
C:\Mark's Python files\ME5920\IMG\robocam_2025_04_03_22_45_51_058.jpg;0;0;0;0;77.65842;78.64254;2.145048;197.2128;-0.004657717
C:\Mark's Python files\ME5920\IMG\robocam_2025_04_03_22_45_51_090.jpg;0;0;0;0;77.65842;78.64254;2.145048;197.2128;-0.004657717
C:\Mark's Python files\ME5920\IMG\robocam_2025_04_03_22_45_51_093.jpg;0;0;0;0;77.65842;78.64254;2.145048;197.2128;-0.004657717
C:\Mark's Python files\ME5920\IMG\robocam_2025_04_03_22_45_51_126.jpg;0;0;0;0;77.65842;78.64254;2.145048;197.2128;-0.004657717
C:\Mark's Python files\ME5920\IMG\robocam_2025_04_03_22_45_51_127.jpg;0;0;0;0;77.65842;78.64254;2.145048;197.2128;-0.004657717
C:\Mark's Python files\ME5920\IMG\robocam_2025_04_03_22_45_51_160.jpg;0;0;0;0;77.65842;78.64254;2.145048;197.2128;-0.004657717
C:\Mark's Python files\ME5920\IMG\robocam_2025_04_03_22_45_51_161.jpg;0;0;0;0;77.65842;78.64254;2.145048;197.2128;-0.004657717
C:\Mark's Python files\ME5920\IMG\robocam_2025_04_03_22_45_51_196.jpg;0;0;0;0;77.65842;78.64254;2.145048;197.2128;-0.004657717
C:\Mark's Python files\ME5920\IMG\robocam_2025_04_03_22_45_51_198.jpg;0;0;0;0;77.65842;78.64254;2.145048;197.2128;-0.004657717
C:\Mark's Python files\ME5920\IMG\robocam_2025_04_03_22_45_51_233.jpg;0;0;0;0;77.65842;78.64254;2.145048;197.2128;-0.004657717
C:\Mark's Python files\ME5920\IMG\robocam_2025_04_03_22_45_51_234.jpg;0;0;0;0;77.65842;78.64254;2.145048;197.2128;-0.004657717
C:\Mark's Python files\ME5920\IMG\robocam_2025_04_03_22_45_51_267.jpg;0;0;0;0;77.65842;78.64254;2.145048;197.2128;-0.004657717
C:\Mark's Python files\ME5920\IMG\robocam_2025_04_03_22_45_51_269.jpg;0;0;0;0;77.65842;78.64254;2.145048;197.2128;-0.004657717
C:\Mark's Python files\ME5920\IMG\robocam_2025_04_03_22_45_51_303.jpg;0;0;0;0;77.65842;78.64254;2.145048;197.2128;-0.004657717
C:\Mark's Python files\ME5920\IMG\robocam_2025_04_03_22_45_51_305.jpg;0;0;0;0;77.65842;78.64254;2.145048;197.2128;-0.004657717
C:\Mark's Python files\ME5920\IMG\robocam_2025_04_03_22_45_51_339.jpg;0;0;0;0;77.65842;78.64254;2.145048;197.2128;-0.004657717
C:\Mark's Python files\ME5920\IMG\robocam_2025_04_03_22_45_51_342.jpg;0;0;0;0;77.65842;78.64254;2.145048;197.2128;-0.004657717
C:\Mark's Python files\ME5920\IMG\robocam_2025_04_03_22_45_51_375.jpg;0;0;0;0;77.65842;78.64254;2.145048;197.2128;-0.004657717
C:\Mark's Python files\ME5920\IMG\robocam_2025_04_03_22_45_51_377.jpg;0;0;0;0;77.65842;78.64254;2.145048;197.2128;-0.004657717
C:\Mark's Python files\ME5920\IMG\robocam_2025_04_03_22_45_51_410.jpg;0;0;0;0;77.65842;78.64254;2.145048;197.2128;-0.004657717
C:\Mark's Python files\ME5920\IMG\robocam_2025_04_03_22_45_51_411.jpg;0;0;0;0;77.65842;78.64254;2.145048;197.2128;-0.004657717
C:\Mark's Python files\ME5920\IMG\robocam_2025_04_03_22_45_51_445.jpg;0;0;0;0;77.65842;78.64254;2.145048;197.2128;-0.004657717
C:\Mark's Python files\ME5920\IMG\robocam_2025_04_03_22_45_51_446.jpg;0;0;0;0;77.65842;78.64254;2.145048;197.2128;-0.004657717
C:\Mark's Python files\ME5920\IMG\robocam_2025_04_03_22_45_51_480.jpg;0;0;0;0;77.65842;78.64254;2.145048;197.2128;-0.004657717
C:\Mark's Python files\ME5920\IMG\robocam_2025_04_03_22_45_51_481.jpg;0;0;0;0;77.65842;78.64254;2.145048;197.2128;-0.004657717
C:\Mark's Python files\ME5920\IMG\robocam_2025_04_03_22_45_51_517.jpg;0;0;0;0;77.65842;78.64254;2.145048;197.2128;-0.004657717
C:\Mark's Python files\ME5920\IMG\robocam_2025_04_03_22_45_51_518.jpg;0;0;0;0;77.65842;78.64254;2.145048;197.2128;-0.004657717
C:\Mark's Python files\ME5920\IMG\robocam_2025_04_03_22_45_51_552.jpg;0;0;0;0;77.65842;78.64254;2.145048;197.2128;-0.004657717
C:\Mark's Python files\ME5920\IMG\robocam_2025_04_03_22_45_51_555.jpg;0;0;0;0;77.65842;78.64254;2.145048;197.2128;-0.004657717
C:\Mark's Python files\ME5920\IMG\robocam_2025_04_03_22_45_51_588.jpg;0;0;0;0;77.65842;78.64254;2.145048;197.2128;-0.004657717
C:\Mark's Python files\ME5920\IMG\robocam_2025_04_03_22_45_51_590.jpg;0;0;0;0;77.65842;78.64254;2.145048;197.2128;-0.004657717
C:\Mark's Python files\ME5920\IMG\robocam_2025_04_03_22_45_51_622.jpg;0;0;0;0;77.65842;78.64254;2.145048;197.2128;-0.004657717
C:\Mark's Python files\ME5920\IMG\robocam_2025_04_03_22_45_51_624.jpg;0;0;0;0;77.65842;78.64254;2.145048;197.2128;-0.004657717
C:\Mark's Python files\ME5920\IMG\robocam_2025_04_03_22_45_51_657.jpg;0;0;0;0;77.65842;78.64254;2.145048;197.2128;-0.004657717
C:\Mark's Python files\ME5920\IMG\robocam_2025_04_03_22_45_51_659.jpg;0;0;0;0;77.65842;78.64254;2.145048;197.2128;-0.004657717
C:\Mark's Python files\ME5920\IMG\robocam_2025_04_03_22_45_51_692.jpg;0;0;0;0;77.65842;78.64254;2.145048;197.2128;-0.004657717
C:\Mark's Python files\ME5920\IMG\robocam_2025_04_03_22_45_51_695.jpg;0;0;0;0;77.65842;78.64254;2.145048;197.2128;-0.004657717
C:\Mark's Python files\ME5920\IMG\robocam_2025_04_03_22_45_51_728.jpg;0;0;0;0;77.65842;78.64254;2.145048;197.2128;-0.004657717
C:\Mark's Python files\ME5920\IMG\robocam_2025_04_03_22_45_51_730.jpg;0;0;0;0;77.65842;78.64254;2.145048;197.2128;-0.004657717
C:\Mark's Python files\ME5920\IMG\robocam_2025_04_03_22_45_51_765.jpg;0;0;0;0;77.65842;78.64254;2.145048;197.2128;-0.004657717
C:\Mark's Python files\ME5920\IMG\robocam_2025_04_03_22_45_51_767.jpg;0;0;0;0;77.65842;78.64254;2.145048;197.2128;-0.004657717
C:\Mark's Python files\ME5920\IMG\robocam_2025_04_03_22_45_51_800.jpg;0;0;0;0;77.65842;78.64254;2.145048;197.2128;-0.004657717
C:\Mark's Python files\ME5920\IMG\robocam_2025_04_03_22_45_51_801.jpg;0;0;0;0;77.65842;78.64254;2.145048;197.2128;-0.004657717
C:\Mark's Python files\ME5920\IMG\robocam_2025_04_03_22_45_51_836.jpg;0;0;0;0;77.65842;78.64254;2.145048;197.2128;-0.004657717
C:\Mark's Python files\ME5920\IMG\robocam_2025_04_03_22_45_51_838.jpg;0;0;0;0;77.65842;78.64254;2.145048;197.2128;-0.004657717
C:\Mark's Python files\ME5920\IMG\robocam_2025_04_03_22_45_51_870.jpg;0;0;0;0;77.65842;78.64254;2.145048;197.2128;-0.004657717
C:\Mark's Python files\ME5920\IMG\robocam_2025_04_03_22_45_51_873.jpg;0;0;0;0;77.65842;78.64254;2.145048;197.2128;-0.004657717
C:\Mark's Python files\ME5920\IMG\robocam_2025_04_03_22_45_51_905.jpg;0;0;0;0;77.65842;78.64254;2.145048;197.2128;-0.004657717
C:\Mark's Python files\ME5920\IMG\robocam_2025_04_03_22_45_51_907.jpg;0;0;0;0;77.65842;78.64254;2.145048;197.2128;-0.004657717
C:\Mark's Python files\ME5920\IMG\robocam_2025_04_03_22_45_51_940.jpg;0;0;0;0;77.65842;78.64254;2.145048;197.2128;-0.004657717
C:\Mark's Python files\ME5920\IMG\robocam_2025_04_03_22_45_51_943.jpg;0;0;0;0;77.65842;78.64254;2.145048;197.2128;-0.004657717
C:\Mark's Python files\ME5920\IMG\robocam_2025_04_03_22_45_51_975.jpg;0;0;0;0;77.65842;78.64254;2.145048;197.2128;-0.004657717
C:\Mark's Python files\ME5920\IMG\robocam_2025_04_03_22_45_51_977.jpg;0;0;0;0;77.65842;78.64254;2.145048;197.2128;-0.004657717
C:\Mark's Python files\ME5920\IMG\robocam_2025_04_03_22_45_52_012.jpg;0;0;0;0;77.65842;78.64254;2.145048;197.2128;-0.004657717
C:\Mark's Python files\ME5920\IMG\robocam_2025_04_03_22_45_52_014.jpg;0;0;0;0;77.65842;78.64254;2.145048;197.2128;-0.004657717
C:\Mark's Python files\ME5920\IMG\robocam_2025_04_03_22_45_52_048.jpg;0;0;0;0;77.65842;78.64254;2.145048;197.2128;-0.004657717
C:\Mark's Python files\ME5920\IMG\robocam_2025_04_03_22_45_52_050.jpg;0;0;0;0;77.65842;78.64254;2.145048;197.2128;-0.004657717
C:\Mark's Python files\ME5920\IMG\robocam_2025_04_03_22_45_52_084.jpg;0;0;0;0;77.65842;78.64254;2.145048;197.2128;-0.004657717
C:\Mark's Python files\ME5920\IMG\robocam_2025_04_03_22_45_52_086.jpg;0;0;0;0;77.65842;78.64254;2.145048;197.2128;-0.004657717
C:\Mark's Python files\ME5920\IMG\robocam_2025_04_03_22_45_52_119.jpg;0;0;0;0;77.65842;78.64254;2.145048;197.2128;-0.004657717
C:\Mark's Python files\ME5920\IMG\robocam_2025_04_03_22_45_52_120.jpg;0;0;0;0;77.65842;78.64254;2.145048;197.2128;-0.004657717
C:\Mark's Python files\ME5920\IMG\robocam_2025_04_03_22_45_52_154.jpg;0;0;0;0;77.65842;78.64254;2.145048;197.2128;-0.004657717
C:\Mark's Python files\ME5920\IMG\robocam_2025_04_03_22_45_52_156.jpg;0;0;0;0;77.65842;78.64254;2.145048;197.2128;-0.004657717
C:\Mark's Python files\ME5920\IMG\robocam_2025_04_03_22_45_52_188.jpg;0;0;0;0;77.65842;78.64254;2.145048;197.2128;-0.004657717
C:\Mark's Python files\ME5920\IMG\robocam_2025_04_03_22_45_52_190.jpg;0;0;0;0;77.65842;78.64254;2.145048;197.2128;-0.004657717
C:\Mark's Python files\ME5920\IMG\robocam_2025_04_03_22_45_52_223.jpg;0;0;0;0;77.65842;78.64254;2.145048;197.2128;-0.004657717
C:\Mark's Python files\ME5920\IMG\robocam_2025_04_03_22_45_52_225.jpg;0;0;0;0;77.65842;78.64254;2.145048;197.2128;-0.004657717
C:\Mark's Python files\ME5920\IMG\robocam_2025_04_03_22_45_52_259.jpg;0;0;0;0;77.65842;78.64254;2.145048;197.2128;-0.004657717
C:\Mark's Python files\ME5920\IMG\robocam_2025_04_03_22_45_52_260.jpg;0;0;0;0;77.65842;78.64254;2.145048;197.2128;-0.004657717
C:\Mark's Python files\ME5920\IMG\robocam_2025_04_03_22_45_52_294.jpg;0;0;0;0;77.65842;78.64254;2.145048;197.2128;-0.004657717
C:\Mark's Python files\ME5920\IMG\robocam_2025_04_03_22_45_52_296.jpg;0;0;0;0;77.65842;78.64254;2.145048;197.2128;-0.004657717
C:\Mark's Python files\ME5920\IMG\robocam_2025_04_03_22_45_52_329.jpg;0;0;0;0;77.65842;78.64254;2.145048;197.2128;-0.004657717
C:\Mark's Python files\ME5920\IMG\robocam_2025_04_03_22_45_52_331.jpg;0;0;0;0;77.65842;78.64254;2.145048;197.2128;-0.004657717
C:\Mark's Python files\ME5920\IMG\robocam_2025_04_03_22_45_52_364.jpg;0;0;0;0;77.65842;78.64254;2.145048;197.2128;-0.004657717
C:\Mark's Python files\ME5920\IMG\robocam_2025_04_03_22_45_52_365.jpg;0;0;0;0;77.65842;78.64254;2.145048;197.2128;-0.004657717
C:\Mark's Python files\ME5920\IMG\robocam_2025_04_03_22_45_52_398.jpg;0;0;0;0;77.65842;78.64254;2.145048;197.2128;-0.004657717
C:\Mark's Python files\ME5920\IMG\robocam_2025_04_03_22_45_52_400.jpg;0;0;0;0;77.65842;78.64254;2.145048;197.2128;-0.004657717
C:\Mark's Python files\ME5920\IMG\robocam_2025_04_03_22_45_52_434.jpg;0;0;0;0;77.65842;78.64254;2.145048;197.2128;-0.004657717
C:\Mark's Python files\ME5920\IMG\robocam_2025_04_03_22_45_52_435.jpg;0;0;0;0;77.65842;78.64254;2.145048;197.2128;-0.004657717
C:\Mark's Python files\ME5920\IMG\robocam_2025_04_03_22_45_52_469.jpg;0;0;0;0;77.65842;78.64254;2.145048;197.2128;-0.004657717
C:\Mark's Python files\ME5920\IMG\robocam_2025_04_03_22_45_52_470.jpg;0;0;0;0;77.65842;78.64254;2.145048;197.2128;-0.004657717
C:\Mark's Python files\ME5920\IMG\robocam_2025_04_03_22_45_52_503.jpg;0;0;0;0;77.65842;78.64254;2.145048;197.2128;-0.004657717
C:\Mark's Python files\ME5920\IMG\robocam_2025_04_03_22_45_52_506.jpg;0;0;0;0;77.65842;78.64254;2.145048;197.2128;-0.004657717
C:\Mark's Python files\ME5920\IMG\robocam_2025_04_03_22_45_52_540.jpg;0;0;0;0;77.65842;78.64254;2.145048;197.2128;-0.004657717
C:\Mark's Python files\ME5920\IMG\robocam_2025_04_03_22_45_52_542.jpg;0;0;0;0;77.65842;78.64254;2.145048;197.2128;-0.004657717
C:\Mark's Python files\ME5920\IMG\robocam_2025_04_03_22_45_52_576.jpg;0;0;0;0;77.65842;78.64254;2.145048;197.2128;-0.004657717
C:\Mark's Python files\ME5920\IMG\robocam_2025_04_03_22_45_52_578.jpg;0;0;0;0;77.65842;78.64254;2.145048;197.2128;-0.004657717
C:\Mark's Python files\ME5920\IMG\robocam_2025_04_03_22_45_52_611.jpg;0;0;0;0;77.65842;78.64254;2.145048;197.2128;-0.004657717
C:\Mark's Python files\ME5920\IMG\robocam_2025_04_03_22_45_52_614.jpg;0;0;0;0;77.65842;78.64254;2.145048;197.2128;-0.004657717
C:\Mark's Python files\ME5920\IMG\robocam_2025_04_03_22_45_52_647.jpg;0;0;0;0;77.65842;78.64254;2.145048;197.2128;-0.004657717
C:\Mark's Python files\ME5920\IMG\robocam_2025_04_03_22_45_52_649.jpg;0;0;0;0;77.65842;78.64254;2.145048;197.2128;-0.004657717
C:\Mark's Python files\ME5920\IMG\robocam_2025_04_03_22_45_52_683.jpg;0;0;0;0;77.65842;78.64254;2.145048;197.2128;-0.004657717
C:\Mark's Python files\ME5920\IMG\robocam_2025_04_03_22_45_52_685.jpg;0;0;0;0;77.65842;78.64254;2.145048;197.2128;-0.004657717
C:\Mark's Python files\ME5920\IMG\robocam_2025_04_03_22_45_52_719.jpg;0;0;0;0;77.65842;78.64254;2.145048;197.2128;-0.004657717
C:\Mark's Python files\ME5920\IMG\robocam_2025_04_03_22_45_52_721.jpg;0;0;0;0;77.65842;78.64254;2.145048;197.2128;-0.004657717
C:\Mark's Python files\ME5920\IMG\robocam_2025_04_03_22_45_52_755.jpg;0;0;0;0;77.65842;78.64254;2.145048;197.2128;-0.004657717
C:\Mark's Python files\ME5920\IMG\robocam_2025_04_03_22_45_52_757.jpg;0;0;0;0;77.65842;78.64254;2.145048;197.2128;-0.004657717
C:\Mark's Python files\ME5920\IMG\robocam_2025_04_03_22_45_52_792.jpg;0;0;0;0;77.65842;78.64254;2.145048;197.2128;-0.004657717
C:\Mark's Python files\ME5920\IMG\robocam_2025_04_03_22_45_52_793.jpg;0;0;0;0;77.65842;78.64254;2.145048;197.2128;-0.004657717
C:\Mark's Python files\ME5920\IMG\robocam_2025_04_03_22_45_52_826.jpg;0;0;0;0;77.65842;78.64254;2.145048;197.2128;-0.004657717
C:\Mark's Python files\ME5920\IMG\robocam_2025_04_03_22_45_52_828.jpg;0;0;0;0;77.65842;78.64254;2.145048;197.2128;-0.004657717
C:\Mark's Python files\ME5920\IMG\robocam_2025_04_03_22_45_52_862.jpg;0;0;0;0;77.65842;78.64254;2.145048;197.2128;-0.004657717
C:\Mark's Python files\ME5920\IMG\robocam_2025_04_03_22_45_52_864.jpg;0;0;0;0;77.65842;78.64254;2.145048;197.2128;-0.004657717
C:\Mark's Python files\ME5920\IMG\robocam_2025_04_03_22_45_52_897.jpg;0;0;0;0;77.65842;78.64254;2.145048;197.2128;-0.004657717
C:\Mark's Python files\ME5920\IMG\robocam_2025_04_03_22_45_52_900.jpg;0;0;0;0;77.65842;78.64254;2.145048;197.2128;-0.004657717
C:\Mark's Python files\ME5920\IMG\robocam_2025_04_03_22_45_52_932.jpg;0;0;0;0;77.65842;78.64254;2.145048;197.2128;-0.004657717
C:\Mark's Python files\ME5920\IMG\robocam_2025_04_03_22_45_52_935.jpg;0;0;0;0;77.65842;78.64254;2.145048;197.2128;-0.004657717
C:\Mark's Python files\ME5920\IMG\robocam_2025_04_03_22_45_52_968.jpg;0;0;0;0;77.65842;78.64254;2.145048;197.2128;-0.004657717
C:\Mark's Python files\ME5920\IMG\robocam_2025_04_03_22_45_52_971.jpg;0;0;0;0;77.65842;78.64254;2.145048;197.2128;-0.004657717
C:\Mark's Python files\ME5920\IMG\robocam_2025_04_03_22_45_53_003.jpg;0;0;0;0;77.65842;78.64254;2.145048;197.2128;-0.004657717
C:\Mark's Python files\ME5920\IMG\robocam_2025_04_03_22_45_53_004.jpg;0;0;0;0;77.65842;78.64254;2.145048;197.2128;-0.004657717
C:\Mark's Python files\ME5920\IMG\robocam_2025_04_03_22_45_53_039.jpg;0;0;0;0;77.65842;78.64254;2.145048;197.2128;-0.004657717
C:\Mark's Python files\ME5920\IMG\robocam_2025_04_03_22_45_53_040.jpg;0;0;0;0;77.65842;78.64254;2.145048;197.2128;-0.004657717
C:\Mark's Python files\ME5920\IMG\robocam_2025_04_03_22_45_53_075.jpg;0;0;0;0;77.65842;78.64254;2.145048;197.2128;-0.004657717
C:\Mark's Python files\ME5920\IMG\robocam_2025_04_03_22_45_53_076.jpg;0;0;0;0;77.65842;78.64254;2.145048;197.2128;-0.004657717
C:\Mark's Python files\ME5920\IMG\robocam_2025_04_03_22_45_53_110.jpg;0;0;0;0;77.65842;78.64254;2.145048;197.2128;-0.004657717
C:\Mark's Python files\ME5920\IMG\robocam_2025_04_03_22_45_53_112.jpg;0;0;0;0;77.65842;78.64254;2.145048;197.2128;-0.004657717
C:\Mark's Python files\ME5920\IMG\robocam_2025_04_03_22_45_53_148.jpg;0;0;0;0;77.65842;78.64254;2.145048;197.2128;-0.004657717
C:\Mark's Python files\ME5920\IMG\robocam_2025_04_03_22_45_53_149.jpg;0;0;0;0;77.65842;78.64254;2.145048;197.2128;-0.004657717
C:\Mark's Python files\ME5920\IMG\robocam_2025_04_03_22_45_53_182.jpg;0;0;0;0;77.65842;78.64254;2.145048;197.2128;-0.004657717
C:\Mark's Python files\ME5920\IMG\robocam_2025_04_03_22_45_53_185.jpg;0;0;0;0;77.65842;78.64254;2.145048;197.2128;-0.004657717
C:\Mark's Python files\ME5920\IMG\robocam_2025_04_03_22_45_53_218.jpg;0;0;0;0;77.65842;78.64254;2.145048;197.2128;-0.004657717
C:\Mark's Python files\ME5920\IMG\robocam_2025_04_03_22_45_53_220.jpg;0;0;0;0;77.65842;78.64254;2.145048;197.2128;-0.004657717
C:\Mark's Python files\ME5920\IMG\robocam_2025_04_03_22_45_53_254.jpg;0;0;0;0;77.65842;78.64254;2.145048;197.2128;-0.004657717
C:\Mark's Python files\ME5920\IMG\robocam_2025_04_03_22_45_53_256.jpg;0;0;0;0;77.65842;78.64254;2.145048;197.2128;-0.004657717
C:\Mark's Python files\ME5920\IMG\robocam_2025_04_03_22_45_53_290.jpg;0;0;0;0;77.65842;78.64254;2.145048;197.2128;-0.004657717
C:\Mark's Python files\ME5920\IMG\robocam_2025_04_03_22_45_53_292.jpg;0;0;0;0;77.65842;78.64254;2.145048;197.2128;-0.004657717
C:\Mark's Python files\ME5920\IMG\robocam_2025_04_03_22_45_53_327.jpg;0;0;0;0;77.65842;78.64254;2.145048;197.2128;-0.004657717
C:\Mark's Python files\ME5920\IMG\robocam_2025_04_03_22_45_53_328.jpg;0;0;0;0;77.65842;78.64254;2.145048;197.2128;-0.004657717
C:\Mark's Python files\ME5920\IMG\robocam_2025_04_03_22_45_53_363.jpg;0;0;0;0;77.65842;78.64254;2.145048;197.2128;-0.004657717
C:\Mark's Python files\ME5920\IMG\robocam_2025_04_03_22_45_53_365.jpg;0;0;0;0;77.65842;78.64254;2.145048;197.2128;-0.004657717
C:\Mark's Python files\ME5920\IMG\robocam_2025_04_03_22_45_53_398.jpg;0;0;0;0;77.65842;78.64254;2.145048;197.2128;-0.004657717
C:\Mark's Python files\ME5920\IMG\robocam_2025_04_03_22_45_53_399.jpg;0;0;0;0;77.65842;78.64254;2.145048;197.2128;-0.004657717
C:\Mark's Python files\ME5920\IMG\robocam_2025_04_03_22_45_53_434.jpg;0;0;0;0;77.65842;78.64254;2.145048;197.2128;-0.004657717
C:\Mark's Python files\ME5920\IMG\robocam_2025_04_03_22_45_53_436.jpg;0;0;0;0;77.65842;78.64254;2.145048;197.2128;-0.004657717
C:\Mark's Python files\ME5920\IMG\robocam_2025_04_03_22_45_53_470.jpg;0;0;0;0;77.65842;78.64254;2.145048;197.2128;-0.004657717
C:\Mark's Python files\ME5920\IMG\robocam_2025_04_03_22_45_53_472.jpg;0;0;0;0;77.65842;78.64254;2.145048;197.2128;-0.004657717
C:\Mark's Python files\ME5920\IMG\robocam_2025_04_03_22_45_53_505.jpg;0;0;0;0;77.65842;78.64254;2.145048;197.2128;-0.004657717
C:\Mark's Python files\ME5920\IMG\robocam_2025_04_03_22_45_53_508.jpg;0;0;0;0;77.65842;78.64254;2.145048;197.2128;-0.004657717
C:\Mark's Python files\ME5920\IMG\robocam_2025_04_03_22_45_53_540.jpg;0;0;0;0;77.65842;78.64254;2.145048;197.2128;-0.004657717
C:\Mark's Python files\ME5920\IMG\robocam_2025_04_03_22_45_53_542.jpg;0;0;0;0;77.65842;78.64254;2.145048;197.2128;-0.004657717
C:\Mark's Python files\ME5920\IMG\robocam_2025_04_03_22_45_53_576.jpg;0;0;0;0;77.65842;78.64254;2.145048;197.2128;-0.004657717
C:\Mark's Python files\ME5920\IMG\robocam_2025_04_03_22_45_53_577.jpg;0;0;0;0;77.65842;78.64254;2.145048;197.2128;-0.004657717
C:\Mark's Python files\ME5920\IMG\robocam_2025_04_03_22_45_53_611.jpg;0;0;0;0;77.65842;78.64254;2.145048;197.2128;-0.004657717
C:\Mark's Python files\ME5920\IMG\robocam_2025_04_03_22_45_53_613.jpg;0;0;0;0;77.65842;78.64254;2.145048;197.2128;-0.004657717
C:\Mark's Python files\ME5920\IMG\robocam_2025_04_03_22_45_53_646.jpg;0;0;0;0;77.65842;78.64254;2.145048;197.2128;-0.004657717
C:\Mark's Python files\ME5920\IMG\robocam_2025_04_03_22_45_53_648.jpg;0;0;0;0;77.65842;78.64254;2.145048;197.2128;-0.004657717
C:\Mark's Python files\ME5920\IMG\robocam_2025_04_03_22_45_53_683.jpg;0;0;0;0;77.65842;78.64254;2.145048;197.2128;-0.004657717
C:\Mark's Python files\ME5920\IMG\robocam_2025_04_03_22_45_53_685.jpg;0;0;0;0;77.65842;78.64254;2.145048;197.2128;-0.004657717
C:\Mark's Python files\ME5920\IMG\robocam_2025_04_03_22_45_53_721.jpg;0;0;0;0;77.65842;78.64254;2.145048;197.2128;-0.004657717
C:\Mark's Python files\ME5920\IMG\robocam_2025_04_03_22_45_53_722.jpg;0;0;0;0;77.65842;78.64254;2.145048;197.2128;-0.004657717
C:\Mark's Python files\ME5920\IMG\robocam_2025_04_03_22_45_53_757.jpg;0;0;0;0;77.65842;78.64254;2.145048;197.2128;-0.004657717
C:\Mark's Python files\ME5920\IMG\robocam_2025_04_03_22_45_53_758.jpg;0;0;0;0;77.65842;78.64254;2.145048;197.2128;-0.004657717
C:\Mark's Python files\ME5920\IMG\robocam_2025_04_03_22_45_53_794.jpg;0;0;0;0;77.65842;78.64254;2.145048;197.2128;-0.004657717
C:\Mark's Python files\ME5920\IMG\robocam_2025_04_03_22_45_53_795.jpg;0;0;0;0;77.65842;78.64254;2.145048;197.2128;-0.004657717
C:\Mark's Python files\ME5920\IMG\robocam_2025_04_03_22_45_53_829.jpg;0;0;0;0;77.65842;78.64254;2.145048;197.2128;-0.004657717
C:\Mark's Python files\ME5920\IMG\robocam_2025_04_03_22_45_53_831.jpg;0;0;0;0;77.65842;78.64254;2.145048;197.2128;-0.004657717
C:\Mark's Python files\ME5920\IMG\robocam_2025_04_03_22_45_53_864.jpg;0;0;0;0;77.65842;78.64254;2.145048;197.2128;-0.004657717
C:\Mark's Python files\ME5920\IMG\robocam_2025_04_03_22_45_53_865.jpg;0;0;0;0;77.65842;78.64254;2.145048;197.2128;-0.004657717
C:\Mark's Python files\ME5920\IMG\robocam_2025_04_03_22_45_53_898.jpg;0;0;0;0;77.65842;78.64254;2.145048;197.2128;-0.004657717
C:\Mark's Python files\ME5920\IMG\robocam_2025_04_03_22_45_53_900.jpg;0;0;0;0;77.65842;78.64254;2.145048;197.2128;-0.004657717
C:\Mark's Python files\ME5920\IMG\robocam_2025_04_03_22_45_53_934.jpg;0;0;0;0;77.65842;78.64254;2.145048;197.2128;-0.004657717
C:\Mark's Python files\ME5920\IMG\robocam_2025_04_03_22_45_53_936.jpg;0;0;0;0;77.65842;78.64254;2.145048;197.2128;-0.004657717
C:\Mark's Python files\ME5920\IMG\robocam_2025_04_03_22_45_53_971.jpg;0;0;0;0;77.65842;78.64254;2.145048;197.2128;-0.004657717
C:\Mark's Python files\ME5920\IMG\robocam_2025_04_03_22_45_53_972.jpg;0;0;0;0;77.65842;78.64254;2.145048;197.2128;-0.004657717
C:\Mark's Python files\ME5920\IMG\robocam_2025_04_03_22_45_54_007.jpg;0;0;0;0;77.65842;78.64254;2.145048;197.2128;-0.004657717
C:\Mark's Python files\ME5920\IMG\robocam_2025_04_03_22_45_54_009.jpg;0;0;0;0;77.65842;78.64254;2.145048;197.2128;-0.004657717
C:\Mark's Python files\ME5920\IMG\robocam_2025_04_03_22_45_54_043.jpg;0;0;0;0;77.65842;78.64254;2.145048;197.2128;-0.004657717
C:\Mark's Python files\ME5920\IMG\robocam_2025_04_03_22_45_54_045.jpg;0;0;0;0;77.65842;78.64254;2.145048;197.2128;-0.004657717
C:\Mark's Python files\ME5920\IMG\robocam_2025_04_03_22_45_54_078.jpg;0;0;0;0;77.65842;78.64254;2.145048;197.2128;-0.004657717
C:\Mark's Python files\ME5920\IMG\robocam_2025_04_03_22_45_54_080.jpg;0;0;0;0;77.65842;78.64254;2.145048;197.2128;-0.004657717
C:\Mark's Python files\ME5920\IMG\robocam_2025_04_03_22_45_54_113.jpg;0;0;0;0;77.65842;78.64254;2.145048;197.2128;-0.004657717
C:\Mark's Python files\ME5920\IMG\robocam_2025_04_03_22_45_54_115.jpg;0;0;0;0;77.65842;78.64254;2.145048;197.2128;-0.004657717
C:\Mark's Python files\ME5920\IMG\robocam_2025_04_03_22_45_54_149.jpg;0;0;0;0;77.65842;78.64254;2.145048;197.2128;-0.004657717
C:\Mark's Python files\ME5920\IMG\robocam_2025_04_03_22_45_54_151.jpg;0;0;0;0;77.65842;78.64254;2.145048;197.2128;-0.004657717
C:\Mark's Python files\ME5920\IMG\robocam_2025_04_03_22_45_54_186.jpg;0;0;0;0;77.65842;78.64254;2.145048;197.2128;-0.004657717
C:\Mark's Python files\ME5920\IMG\robocam_2025_04_03_22_45_54_187.jpg;0;0;0;0;77.65842;78.64254;2.145048;197.2128;-0.004657717
C:\Mark's Python files\ME5920\IMG\robocam_2025_04_03_22_45_54_221.jpg;0;0;0;0;77.65842;78.64254;2.145048;197.2128;-0.004657717
C:\Mark's Python files\ME5920\IMG\robocam_2025_04_03_22_45_54_222.jpg;0;0;0;0;77.65842;78.64254;2.145048;197.2128;-0.004657717
C:\Mark's Python files\ME5920\IMG\robocam_2025_04_03_22_45_54_255.jpg;0;0;0;0;77.65842;78.64254;2.145048;197.2128;-0.004657717
C:\Mark's Python files\ME5920\IMG\robocam_2025_04_03_22_45_54_257.jpg;0;0;0;0;77.65842;78.64254;2.145048;197.2128;-0.004657717
C:\Mark's Python files\ME5920\IMG\robocam_2025_04_03_22_45_54_292.jpg;0;0;0;0;77.65842;78.64254;2.145048;197.2128;-0.004657717
C:\Mark's Python files\ME5920\IMG\robocam_2025_04_03_22_45_54_294.jpg;0;0;0;0;77.65842;78.64254;2.145048;197.2128;-0.004657717
C:\Mark's Python files\ME5920\IMG\robocam_2025_04_03_22_45_54_327.jpg;0;0;0;0;77.65842;78.64254;2.145048;197.2128;-0.004657717
C:\Mark's Python files\ME5920\IMG\robocam_2025_04_03_22_45_54_329.jpg;0;0;0;0;77.65842;78.64254;2.145048;197.2128;-0.004657717
C:\Mark's Python files\ME5920\IMG\robocam_2025_04_03_22_45_54_363.jpg;0;0;0;0;77.65842;78.64254;2.145048;197.2128;-0.004657717
C:\Mark's Python files\ME5920\IMG\robocam_2025_04_03_22_45_54_365.jpg;0;0;0;0;77.65842;78.64254;2.145048;197.2128;-0.004657717
C:\Mark's Python files\ME5920\IMG\robocam_2025_04_03_22_45_54_400.jpg;0;0;0;0;77.65842;78.64254;2.145048;197.2128;-0.004657717
C:\Mark's Python files\ME5920\IMG\robocam_2025_04_03_22_45_54_401.jpg;0;0;0;0;77.65842;78.64254;2.145048;197.2128;-0.004657717
C:\Mark's Python files\ME5920\IMG\robocam_2025_04_03_22_45_54_434.jpg;0;0;0;0;77.65842;78.64254;2.145048;197.2128;-0.004657717
C:\Mark's Python files\ME5920\IMG\robocam_2025_04_03_22_45_54_437.jpg;0;0;0;0;77.65842;78.64254;2.145048;197.2128;-0.004657717
C:\Mark's Python files\ME5920\IMG\robocam_2025_04_03_22_45_54_470.jpg;0;0;0;0;77.65842;78.64254;2.145048;197.2128;-0.004657717
C:\Mark's Python files\ME5920\IMG\robocam_2025_04_03_22_45_54_472.jpg;0;0;0;0;77.65842;78.64254;2.145048;197.2128;-0.004657717
C:\Mark's Python files\ME5920\IMG\robocam_2025_04_03_22_45_54_505.jpg;0;0;0;0;77.65842;78.64254;2.145048;197.2128;-0.004657717
C:\Mark's Python files\ME5920\IMG\robocam_2025_04_03_22_45_54_507.jpg;0;0;0;0;77.65842;78.64254;2.145048;197.2128;-0.004657717
C:\Mark's Python files\ME5920\IMG\robocam_2025_04_03_22_45_54_542.jpg;0;0;0;0;77.65842;78.64254;2.145048;197.2128;-0.004657717
C:\Mark's Python files\ME5920\IMG\robocam_2025_04_03_22_45_54_544.jpg;0;0;0;0;77.65842;78.64254;2.145048;197.2128;-0.004657717
C:\Mark's Python files\ME5920\IMG\robocam_2025_04_03_22_45_54_577.jpg;0;0;0;0;77.65842;78.64254;2.145048;197.2128;-0.004657717
C:\Mark's Python files\ME5920\IMG\robocam_2025_04_03_22_45_54_578.jpg;0;0;0;0;77.65842;78.64254;2.145048;197.2128;-0.004657717
C:\Mark's Python files\ME5920\IMG\robocam_2025_04_03_22_45_54_614.jpg;0;0;0;0;77.65842;78.64254;2.145048;197.2128;-0.004657717
C:\Mark's Python files\ME5920\IMG\robocam_2025_04_03_22_45_54_616.jpg;0;0;0;0;77.65842;78.64254;2.145048;197.2128;-0.004657717
C:\Mark's Python files\ME5920\IMG\robocam_2025_04_03_22_45_54_650.jpg;0;0;0;0;77.65842;78.64254;2.145048;197.2128;-0.004657717
C:\Mark's Python files\ME5920\IMG\robocam_2025_04_03_22_45_54_652.jpg;0;0;0;0;77.65842;78.64254;2.145048;197.2128;-0.004657717
C:\Mark's Python files\ME5920\IMG\robocam_2025_04_03_22_45_54_686.jpg;0;0;0;0;77.65842;78.64254;2.145048;197.2128;-0.004657717
C:\Mark's Python files\ME5920\IMG\robocam_2025_04_03_22_45_54_687.jpg;0;0;0;0;77.65842;78.64254;2.145048;197.2128;-0.004657717
C:\Mark's Python files\ME5920\IMG\robocam_2025_04_03_22_45_54_721.jpg;0;0;0;0;77.65842;78.64254;2.145048;197.2128;-0.004657717
C:\Mark's Python files\ME5920\IMG\robocam_2025_04_03_22_45_54_722.jpg;0;0;0;0;77.65842;78.64254;2.145048;197.2128;-0.004657717
C:\Mark's Python files\ME5920\IMG\robocam_2025_04_03_22_45_54_755.jpg;0;0;0;0;77.65842;78.64254;2.145048;197.2128;-0.004657717
C:\Mark's Python files\ME5920\IMG\robocam_2025_04_03_22_45_54_757.jpg;0;0;0;0;77.65842;78.64254;2.145048;197.2128;-0.004657717
C:\Mark's Python files\ME5920\IMG\robocam_2025_04_03_22_45_54_792.jpg;0;0;0;0;77.65842;78.64254;2.145048;197.2128;-0.004657717
C:\Mark's Python files\ME5920\IMG\robocam_2025_04_03_22_45_54_793.jpg;0;0;0;0;77.65842;78.64254;2.145048;197.2128;-0.004657717
C:\Mark's Python files\ME5920\IMG\robocam_2025_04_03_22_45_54_827.jpg;0;0;0;0;77.65842;78.64254;2.145048;197.2128;-0.004657717
C:\Mark's Python files\ME5920\IMG\robocam_2025_04_03_22_45_54_829.jpg;0;0;0;0;77.65842;78.64254;2.145048;197.2128;-0.004657717
C:\Mark's Python files\ME5920\IMG\robocam_2025_04_03_22_45_54_862.jpg;0;0;0;0;77.65842;78.64254;2.145048;197.2128;-0.004657717
C:\Mark's Python files\ME5920\IMG\robocam_2025_04_03_22_45_54_864.jpg;0;0;0;0;77.65842;78.64254;2.145048;197.2128;-0.004657717
C:\Mark's Python files\ME5920\IMG\robocam_2025_04_03_22_45_54_898.jpg;0;0;0;0;77.65842;78.64254;2.145048;197.2128;-0.004657717
C:\Mark's Python files\ME5920\IMG\robocam_2025_04_03_22_45_54_899.jpg;0;0;0;0;77.65842;78.64254;2.145048;197.2128;-0.004657717
C:\Mark's Python files\ME5920\IMG\robocam_2025_04_03_22_45_54_934.jpg;0;0;0;0;77.65842;78.64254;2.145048;197.2128;-0.004657717
C:\Mark's Python files\ME5920\IMG\robocam_2025_04_03_22_45_54_935.jpg;0;0;0;0;77.65842;78.64254;2.145048;197.2128;-0.004657717
C:\Mark's Python files\ME5920\IMG\robocam_2025_04_03_22_45_54_970.jpg;0;0;0;0;77.65842;78.64254;2.145048;197.2128;-0.004657717
C:\Mark's Python files\ME5920\IMG\robocam_2025_04_03_22_45_54_971.jpg;0;0;0;0;77.65842;78.64254;2.145048;197.2128;-0.004657717
C:\Mark's Python files\ME5920\IMG\robocam_2025_04_03_22_45_55_005.jpg;0;0;0;0;77.65842;78.64254;2.145048;197.2128;-0.004657717
C:\Mark's Python files\ME5920\IMG\robocam_2025_04_03_22_45_55_007.jpg;0;0;0;0;77.65842;78.64254;2.145048;197.2128;-0.004657717
C:\Mark's Python files\ME5920\IMG\robocam_2025_04_03_22_45_55_040.jpg;0;0;0;0;77.65842;78.64254;2.145048;197.2128;-0.004657717
C:\Mark's Python files\ME5920\IMG\robocam_2025_04_03_22_45_55_042.jpg;0;0;0;0;77.65842;78.64254;2.145048;197.2128;-0.004657717
C:\Mark's Python files\ME5920\IMG\robocam_2025_04_03_22_45_55_077.jpg;0;0;0;0;77.65842;78.64254;2.145048;197.2128;-0.004657717
C:\Mark's Python files\ME5920\IMG\robocam_2025_04_03_22_45_55_078.jpg;0;0;0;0;77.65842;78.64254;2.145048;197.2128;-0.004657717
C:\Mark's Python files\ME5920\IMG\robocam_2025_04_03_22_45_55_112.jpg;0;0;0;0;77.65842;78.64254;2.145048;197.2128;-0.004657717
C:\Mark's Python files\ME5920\IMG\robocam_2025_04_03_22_45_55_114.jpg;0;0;0;0;77.65842;78.64254;2.145048;197.2128;-0.004657717
C:\Mark's Python files\ME5920\IMG\robocam_2025_04_03_22_45_55_146.jpg;0;0;0;0;77.65842;78.64254;2.145048;197.2128;-0.004657717
C:\Mark's Python files\ME5920\IMG\robocam_2025_04_03_22_45_55_150.jpg;0;0;0;0;77.65842;78.64254;2.145048;197.2128;-0.004657717
C:\Mark's Python files\ME5920\IMG\robocam_2025_04_03_22_45_55_184.jpg;0;0;0;0;77.65842;78.64254;2.145048;197.2128;-0.004657717
C:\Mark's Python files\ME5920\IMG\robocam_2025_04_03_22_45_55_186.jpg;0;0;0;0;77.65842;78.64254;2.145048;197.2128;-0.004657717
C:\Mark's Python files\ME5920\IMG\robocam_2025_04_03_22_45_55_221.jpg;0;0;0;0;77.65842;78.64254;2.145048;197.2128;-0.004657717
C:\Mark's Python files\ME5920\IMG\robocam_2025_04_03_22_45_55_222.jpg;0;0;0;0;77.65842;78.64254;2.145048;197.2128;-0.004657717
C:\Mark's Python files\ME5920\IMG\robocam_2025_04_03_22_45_55_256.jpg;0;0;0;0;77.65842;78.64254;2.145048;197.2128;-0.004657717
C:\Mark's Python files\ME5920\IMG\robocam_2025_04_03_22_45_55_258.jpg;0;0;0;0;77.65842;78.64254;2.145048;197.2128;-0.004657717
C:\Mark's Python files\ME5920\IMG\robocam_2025_04_03_22_45_55_292.jpg;0;0;0;0;77.65842;78.64254;2.145048;197.2128;-0.004657717
C:\Mark's Python files\ME5920\IMG\robocam_2025_04_03_22_45_55_294.jpg;0;0;0;0;77.65842;78.64254;2.145048;197.2128;-0.004657717
C:\Mark's Python files\ME5920\IMG\robocam_2025_04_03_22_45_55_329.jpg;0;0;0;0;77.65842;78.64254;2.145048;197.2128;-0.004657717
C:\Mark's Python files\ME5920\IMG\robocam_2025_04_03_22_45_55_331.jpg;0;0;0;0;77.65842;78.64254;2.145048;197.2128;-0.004657717
C:\Mark's Python files\ME5920\IMG\robocam_2025_04_03_22_45_55_365.jpg;0;0;0;0;77.65842;78.64254;2.145048;197.2128;-0.004657717
C:\Mark's Python files\ME5920\IMG\robocam_2025_04_03_22_45_55_366.jpg;0;0;0;0;77.65842;78.64254;2.145048;197.2128;-0.004657717
C:\Mark's Python files\ME5920\IMG\robocam_2025_04_03_22_45_55_403.jpg;0;0;0;0;77.65842;78.64254;2.145048;197.2128;-0.004657717
C:\Mark's Python files\ME5920\IMG\robocam_2025_04_03_22_45_55_405.jpg;0;0;0;0;77.65842;78.64254;2.145048;197.2128;-0.004657717
C:\Mark's Python files\ME5920\IMG\robocam_2025_04_03_22_45_55_439.jpg;0;0;0;0;77.65842;78.64254;2.145048;197.2128;-0.004657717
C:\Mark's Python files\ME5920\IMG\robocam_2025_04_03_22_45_55_440.jpg;0;0;0;0;77.65842;78.64254;2.145048;197.2128;-0.004657717
C:\Mark's Python files\ME5920\IMG\robocam_2025_04_03_22_45_55_473.jpg;0;0;0;0;77.65842;78.64254;2.145048;197.2128;-0.004657717
C:\Mark's Python files\ME5920\IMG\robocam_2025_04_03_22_45_55_476.jpg;0;0;0;0;77.65842;78.64254;2.145048;197.2128;-0.004657717
C:\Mark's Python files\ME5920\IMG\robocam_2025_04_03_22_45_55_509.jpg;0;0;0;0;77.65842;78.64254;2.145048;197.2128;-0.004657717
C:\Mark's Python files\ME5920\IMG\robocam_2025_04_03_22_45_55_511.jpg;0;0;0;0;77.65842;78.64254;2.145048;197.2128;-0.004657717
C:\Mark's Python files\ME5920\IMG\robocam_2025_04_03_22_45_55_543.jpg;0;0;0;0;77.65842;78.64254;2.145048;197.2128;-0.004657717
C:\Mark's Python files\ME5920\IMG\robocam_2025_04_03_22_45_55_546.jpg;0;0;0;0;77.65842;78.64254;2.145048;197.2128;-0.004657717
C:\Mark's Python files\ME5920\IMG\robocam_2025_04_03_22_45_55_579.jpg;0;0;0;0;77.65842;78.64254;2.145048;197.2128;-0.004657717
C:\Mark's Python files\ME5920\IMG\robocam_2025_04_03_22_45_55_581.jpg;0;0;0;0;77.65842;78.64254;2.145048;197.2128;-0.004657717
C:\Mark's Python files\ME5920\IMG\robocam_2025_04_03_22_45_55_613.jpg;0;0;0;0;77.65842;78.64254;2.145048;197.2128;-0.004657717
C:\Mark's Python files\ME5920\IMG\robocam_2025_04_03_22_45_55_615.jpg;0;0;0;0;77.65842;78.64254;2.145048;197.2128;-0.004657717
C:\Mark's Python files\ME5920\IMG\robocam_2025_04_03_22_45_55_649.jpg;0;0;0;0;77.65842;78.64254;2.145048;197.2128;-0.004657717
C:\Mark's Python files\ME5920\IMG\robocam_2025_04_03_22_45_55_651.jpg;0;0;0;0;77.65842;78.64254;2.145048;197.2128;-0.004657717
C:\Mark's Python files\ME5920\IMG\robocam_2025_04_03_22_45_55_686.jpg;0;0;0;0;77.65842;78.64254;2.145048;197.2128;-0.004657717
C:\Mark's Python files\ME5920\IMG\robocam_2025_04_03_22_45_55_688.jpg;0;0;0;0;77.65842;78.64254;2.145048;197.2128;-0.004657717
C:\Mark's Python files\ME5920\IMG\robocam_2025_04_03_22_45_55_721.jpg;0;0;0;0;77.65842;78.64254;2.145048;197.2128;-0.004657717
C:\Mark's Python files\ME5920\IMG\robocam_2025_04_03_22_45_55_722.jpg;0;0;0;0;77.65842;78.64254;2.145048;197.2128;-0.004657717
C:\Mark's Python files\ME5920\IMG\robocam_2025_04_03_22_45_55_756.jpg;0;0;0;0;77.65842;78.64254;2.145048;197.2128;-0.004657717
C:\Mark's Python files\ME5920\IMG\robocam_2025_04_03_22_45_55_758.jpg;0;0;0;0;77.65842;78.64254;2.145048;197.2128;-0.004657717
C:\Mark's Python files\ME5920\IMG\robocam_2025_04_03_22_45_55_792.jpg;0;0;0;0;77.65842;78.64254;2.145048;197.2128;-0.004657717
C:\Mark's Python files\ME5920\IMG\robocam_2025_04_03_22_45_55_793.jpg;0;0;0;0;77.65842;78.64254;2.145048;197.2128;-0.004657717
C:\Mark's Python files\ME5920\IMG\robocam_2025_04_03_22_45_55_827.jpg;0;0;0;0;77.65842;78.64254;2.145048;197.2128;-0.004657717
C:\Mark's Python files\ME5920\IMG\robocam_2025_04_03_22_45_55_829.jpg;0;0;0;0;77.65842;78.64254;2.145048;197.2128;-0.004657717
C:\Mark's Python files\ME5920\IMG\robocam_2025_04_03_22_45_55_862.jpg;0;0;0;0;77.65842;78.64254;2.145048;197.2128;-0.004657717
C:\Mark's Python files\ME5920\IMG\robocam_2025_04_03_22_45_55_864.jpg;0;0;0;0;77.65842;78.64254;2.145048;197.2128;-0.004657717
C:\Mark's Python files\ME5920\IMG\robocam_2025_04_03_22_45_55_897.jpg;0;0;0;0;77.65842;78.64254;2.145048;197.2128;-0.004657717
C:\Mark's Python files\ME5920\IMG\robocam_2025_04_03_22_45_55_899.jpg;0;0;0;0;77.65842;78.64254;2.145048;197.2128;-0.004657717
C:\Mark's Python files\ME5920\IMG\robocam_2025_04_03_22_45_55_932.jpg;0;0;0;0;77.65842;78.64254;2.145048;197.2128;-0.004657717
C:\Mark's Python files\ME5920\IMG\robocam_2025_04_03_22_45_55_934.jpg;0;0;0;0;77.65842;78.64254;2.145048;197.2128;-0.004657717
C:\Mark's Python files\ME5920\IMG\robocam_2025_04_03_22_45_55_966.jpg;0;0;0;0;77.65842;78.64254;2.145048;197.2128;-0.004657717
C:\Mark's Python files\ME5920\IMG\robocam_2025_04_03_22_45_55_970.jpg;0;0;0;0;77.65842;78.64254;2.145048;197.2128;-0.004657717
C:\Mark's Python files\ME5920\IMG\robocam_2025_04_03_22_45_56_001.jpg;0;0;0;0;77.65842;78.64254;2.145048;197.2128;-0.004657717
C:\Mark's Python files\ME5920\IMG\robocam_2025_04_03_22_45_56_004.jpg;0;0;0;0;77.65842;78.64254;2.145048;197.2128;-0.004657717
C:\Mark's Python files\ME5920\IMG\robocam_2025_04_03_22_45_56_035.jpg;0;0;0;0;77.65842;78.64254;2.145048;197.2128;-0.004657717
C:\Mark's Python files\ME5920\IMG\robocam_2025_04_03_22_45_56_038.jpg;0;0;0;0;77.65842;78.64254;2.145048;197.2128;-0.004657717
C:\Mark's Python files\ME5920\IMG\robocam_2025_04_03_22_45_56_071.jpg;0;0;0;0;77.65842;78.64254;2.145048;197.2128;-0.004657717
C:\Mark's Python files\ME5920\IMG\robocam_2025_04_03_22_45_56_073.jpg;0;0;0;0;77.65842;78.64254;2.145048;197.2128;-0.004657717
C:\Mark's Python files\ME5920\IMG\robocam_2025_04_03_22_45_56_106.jpg;0;0;0;0;77.65842;78.64254;2.145048;197.2128;-0.004657717
C:\Mark's Python files\ME5920\IMG\robocam_2025_04_03_22_45_56_107.jpg;0;0;0;0;77.65842;78.64254;2.145048;197.2128;-0.004657717
C:\Mark's Python files\ME5920\IMG\robocam_2025_04_03_22_45_56_142.jpg;0;0;0;0;77.65842;78.64254;2.145048;197.2128;-0.004657717
C:\Mark's Python files\ME5920\IMG\robocam_2025_04_03_22_45_56_143.jpg;0;0;0;0;77.65842;78.64254;2.145048;197.2128;-0.004657717
C:\Mark's Python files\ME5920\IMG\robocam_2025_04_03_22_45_56_177.jpg;0;0;0;0;77.65842;78.64254;2.145048;197.2128;-0.004657717
C:\Mark's Python files\ME5920\IMG\robocam_2025_04_03_22_45_56_178.jpg;0;0;0;0;77.65842;78.64254;2.145048;197.2128;-0.004657717
C:\Mark's Python files\ME5920\IMG\robocam_2025_04_03_22_45_56_212.jpg;0;0;0;0;77.65842;78.64254;2.145048;197.2128;-0.004657717
C:\Mark's Python files\ME5920\IMG\robocam_2025_04_03_22_45_56_213.jpg;0;0;0;0;77.65842;78.64254;2.145048;197.2128;-0.004657717
C:\Mark's Python files\ME5920\IMG\robocam_2025_04_03_22_45_56_247.jpg;0;0;0;0;77.65842;78.64254;2.145048;197.2128;-0.004657717
C:\Mark's Python files\ME5920\IMG\robocam_2025_04_03_22_45_56_249.jpg;0;0;0;0;77.65842;78.64254;2.145048;197.2128;-0.004657717
C:\Mark's Python files\ME5920\IMG\robocam_2025_04_03_22_45_56_283.jpg;0;0;0;0;77.65842;78.64254;2.145048;197.2128;-0.004657717
C:\Mark's Python files\ME5920\IMG\robocam_2025_04_03_22_45_56_285.jpg;0;0;0;0;77.65842;78.64254;2.145048;197.2128;-0.004657717
C:\Mark's Python files\ME5920\IMG\robocam_2025_04_03_22_45_56_319.jpg;0;0;0;0;77.65842;78.64254;2.145048;197.2128;-0.004657717
C:\Mark's Python files\ME5920\IMG\robocam_2025_04_03_22_45_56_321.jpg;0;0;0;0;77.65842;78.64254;2.145048;197.2128;-0.004657717
C:\Mark's Python files\ME5920\IMG\robocam_2025_04_03_22_45_56_354.jpg;0;0;0;0;77.65842;78.64254;2.145048;197.2128;-0.004657717
C:\Mark's Python files\ME5920\IMG\robocam_2025_04_03_22_45_56_355.jpg;0;0;0;0;77.65842;78.64254;2.145048;197.2128;-0.004657717
C:\Mark's Python files\ME5920\IMG\robocam_2025_04_03_22_45_56_389.jpg;0;0;0;0;77.65842;78.64254;2.145048;197.2128;-0.004657717
C:\Mark's Python files\ME5920\IMG\robocam_2025_04_03_22_45_56_391.jpg;0;0;0;0;77.65842;78.64254;2.145048;197.2128;-0.004657717
C:\Mark's Python files\ME5920\IMG\robocam_2025_04_03_22_45_56_423.jpg;0;0;0;0;77.65842;78.64254;2.145048;197.2128;-0.004657717
C:\Mark's Python files\ME5920\IMG\robocam_2025_04_03_22_45_56_425.jpg;0;0;0;0;77.65842;78.64254;2.145048;197.2128;-0.004657717
C:\Mark's Python files\ME5920\IMG\robocam_2025_04_03_22_45_56_458.jpg;0;0;0;0;77.65842;78.64254;2.145048;197.2128;-0.004657717
C:\Mark's Python files\ME5920\IMG\robocam_2025_04_03_22_45_56_460.jpg;0;0;0;0;77.65842;78.64254;2.145048;197.2128;-0.004657717
C:\Mark's Python files\ME5920\IMG\robocam_2025_04_03_22_45_56_495.jpg;0;0;0;0;77.65842;78.64254;2.145048;197.2128;-0.004657717
C:\Mark's Python files\ME5920\IMG\robocam_2025_04_03_22_45_56_496.jpg;0;0;0;0;77.65842;78.64254;2.145048;197.2128;-0.004657717
C:\Mark's Python files\ME5920\IMG\robocam_2025_04_03_22_45_56_532.jpg;0;0;0;0;77.65842;78.64254;2.145048;197.2128;-0.004657717
C:\Mark's Python files\ME5920\IMG\robocam_2025_04_03_22_45_56_534.jpg;0;0;0;0;77.65842;78.64254;2.145048;197.2128;-0.004657717
C:\Mark's Python files\ME5920\IMG\robocam_2025_04_03_22_45_56_566.jpg;0;0;0;0;77.65842;78.64254;2.145048;197.2128;-0.004657717
C:\Mark's Python files\ME5920\IMG\robocam_2025_04_03_22_45_56_568.jpg;0;0;0;0;77.65842;78.64254;2.145048;197.2128;-0.004657717
C:\Mark's Python files\ME5920\IMG\robocam_2025_04_03_22_45_56_601.jpg;0;0;0;0;77.65842;78.64254;2.145048;197.2128;-0.004657717
C:\Mark's Python files\ME5920\IMG\robocam_2025_04_03_22_45_56_603.jpg;0;0;0;0;77.65842;78.64254;2.145048;197.2128;-0.004657717
C:\Mark's Python files\ME5920\IMG\robocam_2025_04_03_22_45_56_635.jpg;0;0;0;0;77.65842;78.64254;2.145048;197.2128;-0.004657717
C:\Mark's Python files\ME5920\IMG\robocam_2025_04_03_22_45_56_638.jpg;0;0;0;0;77.65842;78.64254;2.145048;197.2128;-0.004657717
C:\Mark's Python files\ME5920\IMG\robocam_2025_04_03_22_45_56_670.jpg;0;0;0;0;77.65842;78.64254;2.145048;197.2128;-0.004657717
C:\Mark's Python files\ME5920\IMG\robocam_2025_04_03_22_45_56_673.jpg;0;0;0;0;77.65842;78.64254;2.145048;197.2128;-0.004657717
C:\Mark's Python files\ME5920\IMG\robocam_2025_04_03_22_45_56_705.jpg;0;0;0;0;77.65842;78.64254;2.145048;197.2128;-0.004657717
C:\Mark's Python files\ME5920\IMG\robocam_2025_04_03_22_45_56_707.jpg;0;0;0;0;77.65842;78.64254;2.145048;197.2128;-0.004657717
C:\Mark's Python files\ME5920\IMG\robocam_2025_04_03_22_45_56_741.jpg;0;0;0;0;77.65842;78.64254;2.145048;197.2128;-0.004657717
C:\Mark's Python files\ME5920\IMG\robocam_2025_04_03_22_45_56_743.jpg;0;0;0;0;77.65842;78.64254;2.145048;197.2128;-0.004657717
C:\Mark's Python files\ME5920\IMG\robocam_2025_04_03_22_45_56_776.jpg;0;0;0;0;77.65842;78.64254;2.145048;197.2128;-0.004657717
C:\Mark's Python files\ME5920\IMG\robocam_2025_04_03_22_45_56_778.jpg;0;0;0;0;77.65842;78.64254;2.145048;197.2128;-0.004657717
C:\Mark's Python files\ME5920\IMG\robocam_2025_04_03_22_45_56_812.jpg;0;0;0;0;77.65842;78.64254;2.145048;197.2128;-0.004657717
C:\Mark's Python files\ME5920\IMG\robocam_2025_04_03_22_45_56_813.jpg;0;0;0;0;77.65842;78.64254;2.145048;197.2128;-0.004657717
C:\Mark's Python files\ME5920\IMG\robocam_2025_04_03_22_45_56_848.jpg;0;0;0;0;77.65842;78.64254;2.145048;197.2128;-0.004657717
C:\Mark's Python files\ME5920\IMG\robocam_2025_04_03_22_45_56_851.jpg;0;0;0;0;77.65842;78.64254;2.145048;197.2128;-0.004657717
C:\Mark's Python files\ME5920\IMG\robocam_2025_04_03_22_45_56_883.jpg;0;0;0;0;77.65842;78.64254;2.145048;197.2128;-0.004657717
C:\Mark's Python files\ME5920\IMG\robocam_2025_04_03_22_45_56_886.jpg;0;0;0;0;77.65842;78.64254;2.145048;197.2128;-0.004657717
C:\Mark's Python files\ME5920\IMG\robocam_2025_04_03_22_45_56_920.jpg;0;0;0;0;77.65842;78.64254;2.145048;197.2128;-0.004657717
C:\Mark's Python files\ME5920\IMG\robocam_2025_04_03_22_45_56_922.jpg;0;0;0;0;77.65842;78.64254;2.145048;197.2128;-0.004657717
C:\Mark's Python files\ME5920\IMG\robocam_2025_04_03_22_45_56_956.jpg;0;0;0;0;77.65842;78.64254;2.145048;197.2128;-0.004657717
C:\Mark's Python files\ME5920\IMG\robocam_2025_04_03_22_45_56_957.jpg;0;0;0;0;77.65842;78.64254;2.145048;197.2128;-0.004657717
C:\Mark's Python files\ME5920\IMG\robocam_2025_04_03_22_45_56_991.jpg;0;0;0;0;77.65842;78.64254;2.145048;197.2128;-0.004657717
C:\Mark's Python files\ME5920\IMG\robocam_2025_04_03_22_45_56_993.jpg;0;0;0;0;77.65842;78.64254;2.145048;197.2128;-0.004657717
C:\Mark's Python files\ME5920\IMG\robocam_2025_04_03_22_45_57_026.jpg;0;0;0;0;77.65842;78.64254;2.145048;197.2128;-0.004657717
C:\Mark's Python files\ME5920\IMG\robocam_2025_04_03_22_45_57_029.jpg;0;0;0;0;77.65842;78.64254;2.145048;197.2128;-0.004657717
C:\Mark's Python files\ME5920\IMG\robocam_2025_04_03_22_45_57_062.jpg;0;0;0;0;77.65842;78.64254;2.145048;197.2128;-0.004657717
C:\Mark's Python files\ME5920\IMG\robocam_2025_04_03_22_45_57_064.jpg;0;0;0;0;77.65842;78.64254;2.145048;197.2128;-0.004657717
C:\Mark's Python files\ME5920\IMG\robocam_2025_04_03_22_45_57_097.jpg;0;0;0;0;77.65842;78.64254;2.145048;197.2128;-0.004657717
C:\Mark's Python files\ME5920\IMG\robocam_2025_04_03_22_45_57_099.jpg;0;0;0;0;77.65842;78.64254;2.145048;197.2128;-0.004657717
C:\Mark's Python files\ME5920\IMG\robocam_2025_04_03_22_45_57_134.jpg;0;0;0;0;77.65842;78.64254;2.145048;197.2128;-0.004657717
C:\Mark's Python files\ME5920\IMG\robocam_2025_04_03_22_45_57_137.jpg;0;0;0;0;77.65842;78.64254;2.145048;197.2128;-0.004657717
C:\Mark's Python files\ME5920\IMG\robocam_2025_04_03_22_45_57_169.jpg;0;0;0;0;77.65842;78.64254;2.145048;197.2128;-0.004657717
C:\Mark's Python files\ME5920\IMG\robocam_2025_04_03_22_45_57_171.jpg;0;0;0;0;77.65842;78.64254;2.145048;197.2128;-0.004657717
C:\Mark's Python files\ME5920\IMG\robocam_2025_04_03_22_45_57_205.jpg;0;0;0;0;77.65842;78.64254;2.145048;197.2128;-0.004657717
C:\Mark's Python files\ME5920\IMG\robocam_2025_04_03_22_45_57_207.jpg;0;0;0;0;77.65842;78.64254;2.145048;197.2128;-0.004657717
C:\Mark's Python files\ME5920\IMG\robocam_2025_04_03_22_45_57_240.jpg;0;0;0;0;77.65842;78.64254;2.145048;197.2128;-0.004657717
C:\Mark's Python files\ME5920\IMG\robocam_2025_04_03_22_45_57_242.jpg;0;0;0;0;77.65842;78.64254;2.145048;197.2128;-0.004657717
C:\Mark's Python files\ME5920\IMG\robocam_2025_04_03_22_45_57_276.jpg;0;0;0;0;77.65842;78.64254;2.145048;197.2128;-0.004657717
C:\Mark's Python files\ME5920\IMG\robocam_2025_04_03_22_45_57_277.jpg;0;0;0;0;77.65842;78.64254;2.145048;197.2128;-0.004657717
C:\Mark's Python files\ME5920\IMG\robocam_2025_04_03_22_45_57_312.jpg;0;0;0;0;77.65842;78.64254;2.145048;197.2128;-0.004657717
C:\Mark's Python files\ME5920\IMG\robocam_2025_04_03_22_45_57_313.jpg;0;0;0;0;77.65842;78.64254;2.145048;197.2128;-0.004657717
C:\Mark's Python files\ME5920\IMG\robocam_2025_04_03_22_45_57_347.jpg;0;0;0;0;77.65842;78.64254;2.145048;197.2128;-0.004657717
C:\Mark's Python files\ME5920\IMG\robocam_2025_04_03_22_45_57_349.jpg;0;0;0;0;77.65842;78.64254;2.145048;197.2128;-0.004657717
C:\Mark's Python files\ME5920\IMG\robocam_2025_04_03_22_45_57_384.jpg;0;0;0;0;77.65842;78.64254;2.145048;197.2128;-0.004657717
C:\Mark's Python files\ME5920\IMG\robocam_2025_04_03_22_45_57_386.jpg;0;0;0;0;77.65842;78.64254;2.145048;197.2128;-0.004657717
C:\Mark's Python files\ME5920\IMG\robocam_2025_04_03_22_45_57_418.jpg;0;0;0;0;77.65842;78.64254;2.145048;197.2128;-0.004657717
C:\Mark's Python files\ME5920\IMG\robocam_2025_04_03_22_45_57_422.jpg;0;0;0;0;77.65842;78.64254;2.145048;197.2128;-0.004657717
C:\Mark's Python files\ME5920\IMG\robocam_2025_04_03_22_45_57_455.jpg;0;0;0;0;77.65842;78.64254;2.145048;197.2128;-0.004657717
C:\Mark's Python files\ME5920\IMG\robocam_2025_04_03_22_45_57_456.jpg;0;0;0;0;77.65842;78.64254;2.145048;197.2128;-0.004657717
C:\Mark's Python files\ME5920\IMG\robocam_2025_04_03_22_45_57_490.jpg;0;0;0;0;77.65842;78.64254;2.145048;197.2128;-0.004657717
C:\Mark's Python files\ME5920\IMG\robocam_2025_04_03_22_45_57_491.jpg;0;0;0;0;77.65842;78.64254;2.145048;197.2128;-0.004657717
C:\Mark's Python files\ME5920\IMG\robocam_2025_04_03_22_45_57_526.jpg;0;0;0;0;77.65842;78.64254;2.145048;197.2128;-0.004657717
C:\Mark's Python files\ME5920\IMG\robocam_2025_04_03_22_45_57_528.jpg;0;0;0;0;77.65842;78.64254;2.145048;197.2128;-0.004657717
C:\Mark's Python files\ME5920\IMG\robocam_2025_04_03_22_45_57_562.jpg;0;0;0;0;77.65842;78.64254;2.145048;197.2128;-0.004657717
C:\Mark's Python files\ME5920\IMG\robocam_2025_04_03_22_45_57_563.jpg;0;0;0;0;77.65842;78.64254;2.145048;197.2128;-0.004657717
C:\Mark's Python files\ME5920\IMG\robocam_2025_04_03_22_45_57_595.jpg;0;0;0;0;77.65842;78.64254;2.145048;197.2128;-0.004657717
C:\Mark's Python files\ME5920\IMG\robocam_2025_04_03_22_45_57_597.jpg;0;0;0;0;77.65842;78.64254;2.145048;197.2128;-0.004657717
C:\Mark's Python files\ME5920\IMG\robocam_2025_04_03_22_45_57_631.jpg;0;0;0;0;77.65842;78.64254;2.145048;197.2128;-0.004657717
C:\Mark's Python files\ME5920\IMG\robocam_2025_04_03_22_45_57_633.jpg;0;0;0;0;77.65842;78.64254;2.145048;197.2128;-0.004657717
C:\Mark's Python files\ME5920\IMG\robocam_2025_04_03_22_45_57_666.jpg;0;0;0;0;77.65842;78.64254;2.145048;197.2128;-0.004657717
C:\Mark's Python files\ME5920\IMG\robocam_2025_04_03_22_45_57_668.jpg;0;0;0;0;77.65842;78.64254;2.145048;197.2128;-0.004657717
C:\Mark's Python files\ME5920\IMG\robocam_2025_04_03_22_45_57_702.jpg;0;0;0;0;77.65842;78.64254;2.145048;197.2128;-0.004657717
C:\Mark's Python files\ME5920\IMG\robocam_2025_04_03_22_45_57_704.jpg;0;0;0;0;77.65842;78.64254;2.145048;197.2128;-0.004657717
C:\Mark's Python files\ME5920\IMG\robocam_2025_04_03_22_45_57_738.jpg;0;0;0;0;77.65842;78.64254;2.145048;197.2128;-0.004657717
C:\Mark's Python files\ME5920\IMG\robocam_2025_04_03_22_45_57_739.jpg;0;0;0;0;77.65842;78.64254;2.145048;197.2128;-0.004657717
C:\Mark's Python files\ME5920\IMG\robocam_2025_04_03_22_45_57_775.jpg;0;0;0;0;77.65842;78.64254;2.145048;197.2128;-0.004657717
C:\Mark's Python files\ME5920\IMG\robocam_2025_04_03_22_45_57_776.jpg;0;0;0;0;77.65842;78.64254;2.145048;197.2128;-0.004657717
C:\Mark's Python files\ME5920\IMG\robocam_2025_04_03_22_45_57_809.jpg;0;0;0;0;77.65842;78.64254;2.145048;197.2128;-0.004657717
C:\Mark's Python files\ME5920\IMG\robocam_2025_04_03_22_45_57_811.jpg;0;0;0;0;77.65842;78.64254;2.145048;197.2128;-0.004657717
C:\Mark's Python files\ME5920\IMG\robocam_2025_04_03_22_45_57_845.jpg;0;0;0;0;77.65842;78.64254;2.145048;197.2128;-0.004657717
C:\Mark's Python files\ME5920\IMG\robocam_2025_04_03_22_45_57_847.jpg;0;0;0;0;77.65842;78.64254;2.145048;197.2128;-0.004657717
C:\Mark's Python files\ME5920\IMG\robocam_2025_04_03_22_45_57_880.jpg;0;0;0;0;77.65842;78.64254;2.145048;197.2128;-0.004657717
C:\Mark's Python files\ME5920\IMG\robocam_2025_04_03_22_45_57_882.jpg;0;0;0;0;77.65842;78.64254;2.145048;197.2128;-0.004657717
C:\Mark's Python files\ME5920\IMG\robocam_2025_04_03_22_45_57_916.jpg;0;0;0;0;77.65842;78.64254;2.145048;197.2128;-0.004657717
C:\Mark's Python files\ME5920\IMG\robocam_2025_04_03_22_45_57_918.jpg;0;0;0;0;77.65842;78.64254;2.145048;197.2128;-0.004657717
C:\Mark's Python files\ME5920\IMG\robocam_2025_04_03_22_45_57_950.jpg;0;0;0;0;77.65842;78.64254;2.145048;197.2128;-0.004657717
C:\Mark's Python files\ME5920\IMG\robocam_2025_04_03_22_45_57_952.jpg;0;0;0;0;77.65842;78.64254;2.145048;197.2128;-0.004657717
C:\Mark's Python files\ME5920\IMG\robocam_2025_04_03_22_45_57_986.jpg;0;0;0;0;77.65842;78.64254;2.145048;197.2128;-0.004657717
C:\Mark's Python files\ME5920\IMG\robocam_2025_04_03_22_45_57_987.jpg;0;0;0;0;77.65842;78.64254;2.145048;197.2128;-0.004657717
C:\Mark's Python files\ME5920\IMG\robocam_2025_04_03_22_45_58_021.jpg;0;0;0;0;77.65842;78.64254;2.145048;197.2128;-0.004657717
C:\Mark's Python files\ME5920\IMG\robocam_2025_04_03_22_45_58_024.jpg;0;0;0;0;77.65842;78.64254;2.145048;197.2128;-0.004657717
C:\Mark's Python files\ME5920\IMG\robocam_2025_04_03_22_45_58_057.jpg;0;0;0;0;77.65842;78.64254;2.145048;197.2128;-0.004657717
C:\Mark's Python files\ME5920\IMG\robocam_2025_04_03_22_45_58_058.jpg;0;0;0;0;77.65842;78.64254;2.145048;197.2128;-0.004657717
C:\Mark's Python files\ME5920\IMG\robocam_2025_04_03_22_45_58_091.jpg;0;0;0;0;77.65842;78.64254;2.145048;197.2128;-0.004657717
C:\Mark's Python files\ME5920\IMG\robocam_2025_04_03_22_45_58_093.jpg;0;0;0;0;77.65842;78.64254;2.145048;197.2128;-0.004657717
C:\Mark's Python files\ME5920\IMG\robocam_2025_04_03_22_45_58_128.jpg;0;0;0;0;77.65842;78.64254;2.145048;197.2128;-0.004657717
C:\Mark's Python files\ME5920\IMG\robocam_2025_04_03_22_45_58_129.jpg;0;0;0;0;77.65842;78.64254;2.145048;197.2128;-0.004657717
C:\Mark's Python files\ME5920\IMG\robocam_2025_04_03_22_45_58_163.jpg;0;0;0;0;77.65842;78.64254;2.145048;197.2128;-0.004657717
C:\Mark's Python files\ME5920\IMG\robocam_2025_04_03_22_45_58_165.jpg;0;0;0;0;77.65842;78.64254;2.145048;197.2128;-0.004657717
C:\Mark's Python files\ME5920\IMG\robocam_2025_04_03_22_45_58_199.jpg;0;0;0;0;77.65842;78.64254;2.145048;197.2128;-0.004657717
C:\Mark's Python files\ME5920\IMG\robocam_2025_04_03_22_45_58_201.jpg;0;0;0;0;77.65842;78.64254;2.145048;197.2128;-0.004657717
C:\Mark's Python files\ME5920\IMG\robocam_2025_04_03_22_45_58_234.jpg;0;0;0;0;77.65842;78.64254;2.145048;197.2128;-0.004657717
C:\Mark's Python files\ME5920\IMG\robocam_2025_04_03_22_45_58_236.jpg;0;0;0;0;77.65842;78.64254;2.145048;197.2128;-0.004657717
C:\Mark's Python files\ME5920\IMG\robocam_2025_04_03_22_45_58_272.jpg;0;0;0;0;77.65842;78.64254;2.145048;197.2128;-0.004657717
C:\Mark's Python files\ME5920\IMG\robocam_2025_04_03_22_45_58_273.jpg;0;0;0;0;77.65842;78.64254;2.145048;197.2128;-0.004657717
C:\Mark's Python files\ME5920\IMG\robocam_2025_04_03_22_45_58_307.jpg;0;0;0;0;77.65842;78.64254;2.145048;197.2128;-0.004657717
C:\Mark's Python files\ME5920\IMG\robocam_2025_04_03_22_45_58_308.jpg;0;0;0;0;77.65842;78.64254;2.145048;197.2128;-0.004657717
C:\Mark's Python files\ME5920\IMG\robocam_2025_04_03_22_45_58_344.jpg;0;0;0;0;77.65842;78.64254;2.145048;197.2128;-0.004657717
C:\Mark's Python files\ME5920\IMG\robocam_2025_04_03_22_45_58_346.jpg;0;0;0;0;77.65842;78.64254;2.145048;197.2128;-0.004657717
C:\Mark's Python files\ME5920\IMG\robocam_2025_04_03_22_45_58_379.jpg;0;0;0;0;77.65842;78.64254;2.145048;197.2128;-0.004657717
C:\Mark's Python files\ME5920\IMG\robocam_2025_04_03_22_45_58_380.jpg;0;0;0;0;77.65842;78.64254;2.145048;197.2128;-0.004657717
C:\Mark's Python files\ME5920\IMG\robocam_2025_04_03_22_45_58_415.jpg;0;0;0;0;77.65842;78.64254;2.145048;197.2128;-0.004657717
C:\Mark's Python files\ME5920\IMG\robocam_2025_04_03_22_45_58_417.jpg;0;0;0;0;77.65842;78.64254;2.145048;197.2128;-0.004657717
C:\Mark's Python files\ME5920\IMG\robocam_2025_04_03_22_45_58_449.jpg;0;0;0;0;77.65842;78.64254;2.145048;197.2128;-0.004657717
C:\Mark's Python files\ME5920\IMG\robocam_2025_04_03_22_45_58_451.jpg;0;0;0;0;77.65842;78.64254;2.145048;197.2128;-0.004657717
C:\Mark's Python files\ME5920\IMG\robocam_2025_04_03_22_45_58_485.jpg;0;0;0;0;77.65842;78.64254;2.145048;197.2128;-0.004657717
C:\Mark's Python files\ME5920\IMG\robocam_2025_04_03_22_45_58_488.jpg;0;0;0;0;77.65842;78.64254;2.145048;197.2128;-0.004657717
C:\Mark's Python files\ME5920\IMG\robocam_2025_04_03_22_45_58_520.jpg;0;0;0;0;77.65842;78.64254;2.145048;197.2128;-0.004657717
C:\Mark's Python files\ME5920\IMG\robocam_2025_04_03_22_45_58_523.jpg;0;0;0;0;77.65842;78.64254;2.145048;197.2128;-0.004657717
C:\Mark's Python files\ME5920\IMG\robocam_2025_04_03_22_45_58_557.jpg;0;0;0;0;77.65842;78.64254;2.145048;197.2128;-0.004657717
C:\Mark's Python files\ME5920\IMG\robocam_2025_04_03_22_45_58_558.jpg;0;0;0;0;77.65842;78.64254;2.145048;197.2128;-0.004657717
C:\Mark's Python files\ME5920\IMG\robocam_2025_04_03_22_45_58_592.jpg;0;0;0;0;77.65842;78.64254;2.145048;197.2128;-0.004657717
C:\Mark's Python files\ME5920\IMG\robocam_2025_04_03_22_45_58_593.jpg;0;0;0;0;77.65842;78.64254;2.145048;197.2128;-0.004657717
C:\Mark's Python files\ME5920\IMG\robocam_2025_04_03_22_45_58_627.jpg;0;0;0;0;77.65842;78.64254;2.145048;197.2128;-0.004657717
C:\Mark's Python files\ME5920\IMG\robocam_2025_04_03_22_45_58_629.jpg;0;0;0;0;77.65842;78.64254;2.145048;197.2128;-0.004657717
C:\Mark's Python files\ME5920\IMG\robocam_2025_04_03_22_45_58_665.jpg;0;0;0;0;77.65842;78.64254;2.145048;197.2128;-0.004657717
C:\Mark's Python files\ME5920\IMG\robocam_2025_04_03_22_45_58_667.jpg;0;0;0;0;77.65842;78.64254;2.145048;197.2128;-0.004657717
C:\Mark's Python files\ME5920\IMG\robocam_2025_04_03_22_45_58_701.jpg;0;0;0;0;77.65842;78.64254;2.145048;197.2128;-0.004657717
C:\Mark's Python files\ME5920\IMG\robocam_2025_04_03_22_45_58_702.jpg;0;0;0;0;77.65842;78.64254;2.145048;197.2128;-0.004657717
C:\Mark's Python files\ME5920\IMG\robocam_2025_04_03_22_45_58_736.jpg;0;0;0;0;77.65842;78.64254;2.145048;197.2128;-0.004657717
C:\Mark's Python files\ME5920\IMG\robocam_2025_04_03_22_45_58_739.jpg;0;0;0;0;77.65842;78.64254;2.145048;197.2128;-0.004657717
C:\Mark's Python files\ME5920\IMG\robocam_2025_04_03_22_45_58_772.jpg;0;0;0;0;77.65842;78.64254;2.145048;197.2128;-0.004657717
C:\Mark's Python files\ME5920\IMG\robocam_2025_04_03_22_45_58_773.jpg;0;0;0;0;77.65842;78.64254;2.145048;197.2128;-0.004657717
C:\Mark's Python files\ME5920\IMG\robocam_2025_04_03_22_45_58_807.jpg;0;0;0;0;77.65842;78.64254;2.145048;197.2128;-0.004657717
C:\Mark's Python files\ME5920\IMG\robocam_2025_04_03_22_45_58_808.jpg;0;0;0;0;77.65842;78.64254;2.145048;197.2128;-0.004657717
C:\Mark's Python files\ME5920\IMG\robocam_2025_04_03_22_45_58_843.jpg;0;0;0;0;77.65842;78.64254;2.145048;197.2128;-0.004657717
C:\Mark's Python files\ME5920\IMG\robocam_2025_04_03_22_45_58_844.jpg;0;0;0;0;77.65842;78.64254;2.145048;197.2128;-0.004657717
C:\Mark's Python files\ME5920\IMG\robocam_2025_04_03_22_45_58_879.jpg;0;0;0;0;77.65842;78.64254;2.145048;197.2128;-0.004657717
C:\Mark's Python files\ME5920\IMG\robocam_2025_04_03_22_45_58_880.jpg;0;0;0;0;77.65842;78.64254;2.145048;197.2128;-0.004657717
C:\Mark's Python files\ME5920\IMG\robocam_2025_04_03_22_45_58_913.jpg;0;0;0;0;77.65842;78.64254;2.145048;197.2128;-0.004657717
C:\Mark's Python files\ME5920\IMG\robocam_2025_04_03_22_45_58_916.jpg;0;0;0;0;77.65842;78.64254;2.145048;197.2128;-0.004657717
C:\Mark's Python files\ME5920\IMG\robocam_2025_04_03_22_45_58_949.jpg;0;0;0;0;77.65842;78.64254;2.145048;197.2128;-0.004657717
C:\Mark's Python files\ME5920\IMG\robocam_2025_04_03_22_45_58_952.jpg;0;0;0;0;77.65842;78.64254;2.145048;197.2128;-0.004657717
C:\Mark's Python files\ME5920\IMG\robocam_2025_04_03_22_45_58_986.jpg;0;0;0;0;77.65842;78.64254;2.145048;197.2128;-0.004657717
C:\Mark's Python files\ME5920\IMG\robocam_2025_04_03_22_45_58_987.jpg;0;0;0;0;77.65842;78.64254;2.145048;197.2128;-0.004657717
C:\Mark's Python files\ME5920\IMG\robocam_2025_04_03_22_45_59_020.jpg;0;0;0;0;77.65842;78.64254;2.145048;197.2128;-0.004657717
C:\Mark's Python files\ME5920\IMG\robocam_2025_04_03_22_45_59_022.jpg;0;0;0;0;77.65842;78.64254;2.145048;197.2128;-0.004657717
C:\Mark's Python files\ME5920\IMG\robocam_2025_04_03_22_45_59_056.jpg;0;0;0;0;77.65842;78.64254;2.145048;197.2128;-0.004657717
C:\Mark's Python files\ME5920\IMG\robocam_2025_04_03_22_45_59_057.jpg;0;0;0;0;77.65842;78.64254;2.145048;197.2128;-0.004657717
C:\Mark's Python files\ME5920\IMG\robocam_2025_04_03_22_45_59_090.jpg;0;0;0;0;77.65842;78.64254;2.145048;197.2128;-0.004657717
C:\Mark's Python files\ME5920\IMG\robocam_2025_04_03_22_45_59_092.jpg;0;0;0;0;77.65842;78.64254;2.145048;197.2128;-0.004657717
C:\Mark's Python files\ME5920\IMG\robocam_2025_04_03_22_45_59_127.jpg;0;0;0;0;77.65842;78.64254;2.145048;197.2128;-0.004657717
C:\Mark's Python files\ME5920\IMG\robocam_2025_04_03_22_45_59_128.jpg;0;0;0;0;77.65842;78.64254;2.145048;197.2128;-0.004657717
C:\Mark's Python files\ME5920\IMG\robocam_2025_04_03_22_45_59_162.jpg;0;0;0;0;77.65842;78.64254;2.145048;197.2128;-0.004657717
C:\Mark's Python files\ME5920\IMG\robocam_2025_04_03_22_45_59_164.jpg;0;0;0;0;77.65842;78.64254;2.145048;197.2128;-0.004657717
C:\Mark's Python files\ME5920\IMG\robocam_2025_04_03_22_45_59_196.jpg;0;0;0;0;77.65842;78.64254;2.145048;197.2128;-0.004657717
C:\Mark's Python files\ME5920\IMG\robocam_2025_04_03_22_45_59_199.jpg;0;0;0;0;77.65842;78.64254;2.145048;197.2128;-0.004657717
C:\Mark's Python files\ME5920\IMG\robocam_2025_04_03_22_45_59_234.jpg;0;0;0;0;77.65842;78.64254;2.145048;197.2128;-0.004657717
C:\Mark's Python files\ME5920\IMG\robocam_2025_04_03_22_45_59_235.jpg;0;0;0;0;77.65842;78.64254;2.145048;197.2128;-0.004657717
C:\Mark's Python files\ME5920\IMG\robocam_2025_04_03_22_45_59_269.jpg;0;0;0;0;77.65842;78.64254;2.145048;197.2128;-0.004657717
C:\Mark's Python files\ME5920\IMG\robocam_2025_04_03_22_45_59_271.jpg;0;0;0;0;77.65842;78.64254;2.145048;197.2128;-0.004657717
C:\Mark's Python files\ME5920\IMG\robocam_2025_04_03_22_45_59_305.jpg;0;0;0;0;77.65842;78.64254;2.145048;197.2128;-0.004657717
C:\Mark's Python files\ME5920\IMG\robocam_2025_04_03_22_45_59_306.jpg;0;0;0;0;77.65842;78.64254;2.145048;197.2128;-0.004657717
C:\Mark's Python files\ME5920\IMG\robocam_2025_04_03_22_45_59_339.jpg;0;0;0;0;77.65842;78.64254;2.145048;197.2128;-0.004657717
C:\Mark's Python files\ME5920\IMG\robocam_2025_04_03_22_45_59_342.jpg;0;0;0;0;77.65842;78.64254;2.145048;197.2128;-0.004657717
C:\Mark's Python files\ME5920\IMG\robocam_2025_04_03_22_45_59_377.jpg;0;0;0;0;77.65842;78.64254;2.145048;197.2128;-0.004657717
C:\Mark's Python files\ME5920\IMG\robocam_2025_04_03_22_45_59_378.jpg;0;0;0;0;77.65842;78.64254;2.145048;197.2128;-0.004657717
C:\Mark's Python files\ME5920\IMG\robocam_2025_04_03_22_45_59_414.jpg;0;0;0;0;77.65842;78.64254;2.145048;197.2128;-0.004657717
C:\Mark's Python files\ME5920\IMG\robocam_2025_04_03_22_45_59_415.jpg;0;0;0;0;77.65842;78.64254;2.145048;197.2128;-0.004657717
C:\Mark's Python files\ME5920\IMG\robocam_2025_04_03_22_45_59_448.jpg;0;0;0;0;77.65842;78.64254;2.145048;197.2128;-0.004657717
C:\Mark's Python files\ME5920\IMG\robocam_2025_04_03_22_45_59_450.jpg;0;0;0;0;77.65842;78.64254;2.145048;197.2128;-0.004657717
C:\Mark's Python files\ME5920\IMG\robocam_2025_04_03_22_45_59_484.jpg;0;0;0;0;77.65842;78.64254;2.145048;197.2128;-0.004657717
C:\Mark's Python files\ME5920\IMG\robocam_2025_04_03_22_45_59_486.jpg;0;0;0;0;77.65842;78.64254;2.145048;197.2128;-0.004657717
C:\Mark's Python files\ME5920\IMG\robocam_2025_04_03_22_45_59_520.jpg;0;0;0;0;77.65842;78.64254;2.145048;197.2128;-0.004657717
C:\Mark's Python files\ME5920\IMG\robocam_2025_04_03_22_45_59_522.jpg;0;0;0;0;77.65842;78.64254;2.145048;197.2128;-0.004657717
C:\Mark's Python files\ME5920\IMG\robocam_2025_04_03_22_45_59_557.jpg;0;0;0;0;77.65842;78.64254;2.145048;197.2128;-0.004657717
C:\Mark's Python files\ME5920\IMG\robocam_2025_04_03_22_46_01_053.jpg;0;0;0;0;77.65842;78.64254;2.145048;197.2128;-0.004657717
C:\Mark's Python files\ME5920\IMG\robocam_2025_04_03_22_46_01_124.jpg;0;0;0;0.05843896;77.65856;78.64248;1.935225;197.1955;0.01209046
C:\Mark's Python files\ME5920\IMG\robocam_2025_04_03_22_46_01_195.jpg;0;0;0;0.1498566;77.65859;78.64252;1.180247;197.1987;359.9692
C:\Mark's Python files\ME5920\IMG\robocam_2025_04_03_22_46_01_267.jpg;0;0;0;0.2007786;77.65841;78.64246;0.5028736;197.1986;359.9477
C:\Mark's Python files\ME5920\IMG\robocam_2025_04_03_22_46_01_338.jpg;0;0;0.217194;0.1897304;77.65811;78.64236;359.6622;197.1978;359.9235
C:\Mark's Python files\ME5920\IMG\robocam_2025_04_03_22_46_01_410.jpg;0;0;0.4267617;0.1620297;77.65783;78.64224;358.9664;197.1949;359.9654
C:\Mark's Python files\ME5920\IMG\robocam_2025_04_03_22_46_01_481.jpg;0;0;0.6433896;0.1330418;77.65751;78.64265;358.5828;197.1951;0.01577504
C:\Mark's Python files\ME5920\IMG\robocam_2025_04_03_22_46_01_553.jpg;0;0;0.8587251;0.05348996;77.65707;78.64342;358.4485;197.1908;0.00391145
C:\Mark's Python files\ME5920\IMG\robocam_2025_04_03_22_46_01_624.jpg;0;0;1;-0.05280702;77.65684;78.64405;358.6603;197.1906;-0.003856215
C:\Mark's Python files\ME5920\IMG\robocam_2025_04_03_22_46_01_696.jpg;0;0;1;-0.08691198;77.65685;78.64447;359.0701;197.1913;0.02728748
C:\Mark's Python files\ME5920\IMG\robocam_2025_04_03_22_46_01_767.jpg;0;0;1;-0.09211466;77.65697;78.64455;359.3762;197.1917;0.0673113
C:\Mark's Python files\ME5920\IMG\robocam_2025_04_03_22_46_01_838.jpg;0;0;1;-0.08876286;77.6571;78.64463;359.7673;197.1915;0.112883
C:\Mark's Python files\ME5920\IMG\robocam_2025_04_03_22_46_01_909.jpg;0;0;1;-0.08213592;77.65722;78.64471;0.1288389;197.1907;0.14905
C:\Mark's Python files\ME5920\IMG\robocam_2025_04_03_22_46_01_979.jpg;0;0;0;-0.07577699;77.65729;78.64476;0.3749276;197.1899;0.1698765
C:\Mark's Python files\ME5920\IMG\robocam_2025_04_03_22_46_02_051.jpg;0;0;0;-0.0622248;77.65725;78.64523;0.6428443;197.189;0.1581681
C:\Mark's Python files\ME5920\IMG\robocam_2025_04_03_22_46_02_124.jpg;0;0;0;-0.04694692;77.65725;78.64542;0.8012238;197.1888;0.1365251
C:\Mark's Python files\ME5920\IMG\robocam_2025_04_03_22_46_02_195.jpg;0;-0.1059891;0;-0.03807664;77.65762;78.64577;0.9462988;197.3471;0.08642254
C:\Mark's Python files\ME5920\IMG\robocam_2025_04_03_22_46_02_266.jpg;0;-0.3246867;0;-0.04797541;77.66007;78.64664;0.9706797;197.3124;0.04876813
C:\Mark's Python files\ME5920\IMG\robocam_2025_04_03_22_46_02_338.jpg;0;-0.5322096;0;-0.06715465;77.66655;78.64864;0.9034517;197.2871;0.007826101
C:\Mark's Python files\ME5920\IMG\robocam_2025_04_03_22_46_02_408.jpg;0;-0.7482085;0;-0.09541449;77.67439;78.65105;0.7693567;197.3;359.9798
C:\Mark's Python files\ME5920\IMG\robocam_2025_04_03_22_46_02_479.jpg;0;-0.9603352;0;-0.1324225;77.69182;78.65645;0.4258712;197.3523;359.9466
C:\Mark's Python files\ME5920\IMG\robocam_2025_04_03_22_46_02_552.jpg;0;-1;0;-0.1968465;77.71559;78.66382;359.9599;197.3207;359.92
C:\Mark's Python files\ME5920\IMG\robocam_2025_04_03_22_46_02_622.jpg;0;-1;0;-0.2762565;77.7384;78.67091;359.5274;197.3479;359.904
C:\Mark's Python files\ME5920\IMG\robocam_2025_04_03_22_46_02_693.jpg;0;-1;0;-0.3172269;77.77374;78.68133;358.9412;197.4686;359.9409
C:\Mark's Python files\ME5920\IMG\robocam_2025_04_03_22_46_02_763.jpg;0;-1;0;-0.3847671;77.80227;78.69019;358.5816;197.5695;-0.0006573404
C:\Mark's Python files\ME5920\IMG\robocam_2025_04_03_22_46_02_835.jpg;0;-1;0;-0.4377711;77.83659;78.70193;358.5729;197.3822;-0.003899807
C:\Mark's Python files\ME5920\IMG\robocam_2025_04_03_22_46_02_904.jpg;0;-0.8956468;0;-0.5152238;77.86054;78.7099;358.8684;197.219;-0.0008893787
C:\Mark's Python files\ME5920\IMG\robocam_2025_04_03_22_46_02_975.jpg;0;-0.6872389;0;-0.5573656;77.89978;78.72221;359.1261;197.0916;0.01142546
C:\Mark's Python files\ME5920\IMG\robocam_2025_04_03_22_46_03_047.jpg;0;-0.4718541;0;-0.5855631;77.93118;78.73192;359.2782;197.1757;0.02792683
C:\Mark's Python files\ME5920\IMG\robocam_2025_04_03_22_46_03_118.jpg;0;-0.2592309;0;-0.616245;77.97653;78.74606;359.4059;197.3274;0.04423621
C:\Mark's Python files\ME5920\IMG\robocam_2025_04_03_22_46_03_188.jpg;0;-0.04610281;0;-0.6237262;78.0106;78.75669;359.5066;197.3435;0.05278139
C:\Mark's Python files\ME5920\IMG\robocam_2025_04_03_22_46_03_259.jpg;-3.153123;0;0;-0.6366;78.05769;78.77061;359.61;197.4641;0.07810538
C:\Mark's Python files\ME5920\IMG\robocam_2025_04_03_22_46_03_327.jpg;-6.365749;0;0;-0.6333992;78.09286;78.7803;359.6979;197.6943;0.1084615
C:\Mark's Python files\ME5920\IMG\robocam_2025_04_03_22_46_03_397.jpg;-9.46588;0;0;-0.630458;78.13962;78.79224;359.8237;198.2014;0.160051
C:\Mark's Python files\ME5920\IMG\robocam_2025_04_03_22_46_03_470.jpg;-12.64583;0;0;-0.6262779;78.18618;78.80347;359.9534;198.8932;0.2119247
C:\Mark's Python files\ME5920\IMG\robocam_2025_04_03_22_46_03_540.jpg;-15;0;0;-0.6223195;78.22096;78.81145;0.05047753;199.5347;0.2481235
C:\Mark's Python files\ME5920\IMG\robocam_2025_04_03_22_46_03_613.jpg;-15;0;0;-0.6178944;78.26713;78.82267;0.1651542;200.4112;0.2654677
C:\Mark's Python files\ME5920\IMG\robocam_2025_04_03_22_46_03_683.jpg;-15;0;0;-0.6137389;78.3017;78.83155;0.2316947;201.0693;0.2527982
C:\Mark's Python files\ME5920\IMG\robocam_2025_04_03_22_46_03_755.jpg;-15;0;0;-0.6105462;78.3477;78.84396;0.2973007;201.9488;0.2095668
C:\Mark's Python files\ME5920\IMG\robocam_2025_04_03_22_46_03_825.jpg;-15;0;0;-0.6064043;78.38205;78.85365;0.3346808;202.6099;0.165149
C:\Mark's Python files\ME5920\IMG\robocam_2025_04_03_22_46_03_897.jpg;-15;0;0;-0.6033112;78.42762;78.86712;0.3688063;203.4906;0.09267589
C:\Mark's Python files\ME5920\IMG\robocam_2025_04_03_22_46_03_967.jpg;-15;0;0;-0.5991413;78.46161;78.87766;0.3828137;204.1503;0.03102108
C:\Mark's Python files\ME5920\IMG\robocam_2025_04_03_22_46_04_039.jpg;-15;0;0;-0.5959873;78.50667;78.89228;0.3870389;205.0289;359.9428
C:\Mark's Python files\ME5920\IMG\robocam_2025_04_03_22_46_04_112.jpg;-15;0;0;-0.5916904;78.55167;78.90748;0.3639467;205.9112;359.8637
C:\Mark's Python files\ME5920\IMG\robocam_2025_04_03_22_46_04_151.jpg;-13.44369;0;0;-0.5871755;78.57403;78.91538;0.3458028;206.3518;359.8243
C:\Mark's Python files\ME5920\IMG\robocam_2025_04_03_22_46_04_218.jpg;-11.72602;0;0;-0.5864965;78.60737;78.92815;0.3037372;206.912;359.7595
C:\Mark's Python files\ME5920\IMG\robocam_2025_04_03_22_46_04_288.jpg;-8.551036;0;0;-0.5834449;78.64034;78.94192;0.2532102;207.358;359.687
C:\Mark's Python files\ME5920\IMG\robocam_2025_04_03_22_46_04_358.jpg;-5.464342;0;0;-0.5811766;78.68368;78.96167;0.1761661;207.755;359.5857
C:\Mark's Python files\ME5920\IMG\robocam_2025_04_03_22_46_04_428.jpg;-2.321623;0;0;-0.5779495;78.71568;78.97731;0.1171057;207.9227;359.5114
C:\Mark's Python files\ME5920\IMG\robocam_2025_04_03_22_46_04_500.jpg;0;0;0.110211;-0.5753058;78.75639;78.99841;0.0716582;208.0132;359.422
C:\Mark's Python files\ME5920\IMG\robocam_2025_04_03_22_46_04_570.jpg;0;0;0.3199578;-0.34988;78.76798;79.00434;0.6747738;208.3055;359.4201
C:\Mark's Python files\ME5920\IMG\robocam_2025_04_03_22_46_04_640.jpg;0;0;0.5300661;-0.1645235;78.76814;79.00445;1.159033;208.3033;359.5593
C:\Mark's Python files\ME5920\IMG\robocam_2025_04_03_22_46_04_710.jpg;0;0;0;-0.1128363;78.7683;79.00455;1.442767;208.29;359.9495
C:\Mark's Python files\ME5920\IMG\robocam_2025_04_03_22_46_04_751.jpg;0;0;0;0.1127942;78.76834;79.00468;1.374403;208.29;0.1660976
C:\Mark's Python files\ME5920\IMG\robocam_2025_04_03_22_46_04_820.jpg;0;0;0;0.09901562;78.76826;79.00477;1.091402;208.2909;0.3396548
C:\Mark's Python files\ME5920\IMG\robocam_2025_04_03_22_46_04_891.jpg;0;0;0;0.1234033;78.7681;79.00475;0.5512752;208.2958;0.3553148
C:\Mark's Python files\ME5920\IMG\robocam_2025_04_03_22_46_04_961.jpg;0;0;0;0.1175949;78.76797;79.00469;0.1553493;208.2984;0.3454207
C:\Mark's Python files\ME5920\IMG\robocam_2025_04_03_22_46_05_033.jpg;0;0;0;0.1101945;78.76779;79.00462;359.6684;208.3013;0.3229188
C:\Mark's Python files\ME5920\IMG\robocam_2025_04_03_22_46_05_104.jpg;0;0;0;0.09409628;78.76767;79.00456;359.3582;208.3038;0.279512
C:\Mark's Python files\ME5920\IMG\robocam_2025_04_03_22_46_05_175.jpg;0;0;0;0.07847129;78.76754;79.00448;359.0311;208.3047;0.1843138
C:\Mark's Python files\ME5920\IMG\robocam_2025_04_03_22_46_05_247.jpg;0;0;0;0.05978816;78.76747;79.00443;358.8585;208.3043;0.08114063
C:\Mark's Python files\ME5920\IMG\robocam_2025_04_03_22_46_05_319.jpg;0;0;0;0.04659523;78.76768;79.00393;358.7768;208.302;359.9391
C:\Mark's Python files\ME5920\IMG\robocam_2025_04_03_22_46_05_392.jpg;-3.194919;0;0;-0.02759212;78.76804;79.00333;358.9012;207.722;359.9289
C:\Mark's Python files\ME5920\IMG\robocam_2025_04_03_22_46_05_431.jpg;-6.354873;0;0;-0.03977561;78.76808;79.00336;358.9916;207.0502;359.9301
C:\Mark's Python files\ME5920\IMG\robocam_2025_04_03_22_46_05_501.jpg;-8.115228;0;0;-0.04179301;78.76813;79.0034;359.1344;205.6869;359.9313
C:\Mark's Python files\ME5920\IMG\robocam_2025_04_03_22_46_05_572.jpg;-11.07624;0;0;-0.04450842;78.76818;79.00346;359.3335;203.187;359.9376
C:\Mark's Python files\ME5920\IMG\robocam_2025_04_03_22_46_05_643.jpg;-7.804751;0;0;-0.04549328;78.76823;79.00352;359.4836;201.6736;359.9572
C:\Mark's Python files\ME5920\IMG\robocam_2025_04_03_22_46_05_682.jpg;-4.737925;0;0;-0.04512188;78.76826;79.00355;359.5822;200.9225;359.9758
C:\Mark's Python files\ME5920\IMG\robocam_2025_04_03_22_46_05_753.jpg;-2.934302;0;0;-0.04439366;78.76832;79.00361;359.7737;200.0219;0.01951968
C:\Mark's Python files\ME5920\IMG\robocam_2025_04_03_22_46_05_823.jpg;0.106236;0;0;-0.04187085;78.76836;79.00365;359.9101;199.9496;0.05309706
C:\Mark's Python files\ME5920\IMG\robocam_2025_04_03_22_46_05_894.jpg;3.279775;0;0;-0.03919687;78.76842;79.00368;0.07998151;200.545;0.09112687
C:\Mark's Python files\ME5920\IMG\robocam_2025_04_03_22_46_05_964.jpg;6.482408;0;0;-0.0347914;78.76846;79.0037;0.1965563;201.5172;0.1107274
C:\Mark's Python files\ME5920\IMG\robocam_2025_04_03_22_46_06_035.jpg;9.667445;0;0;-0.03099774;78.7685;79.00374;0.3352349;203.6443;0.1205582
C:\Mark's Python files\ME5920\IMG\robocam_2025_04_03_22_46_06_075.jpg;12.78059;0;0;-0.02546519;78.76852;79.00375;0.3963214;204.9949;0.1180255
C:\Mark's Python files\ME5920\IMG\robocam_2025_04_03_22_46_06_144.jpg;14.51688;0;0;-0.02255877;78.76855;79.00378;0.4766771;207.5049;0.1039099
C:\Mark's Python files\ME5920\IMG\robocam_2025_04_03_22_46_06_216.jpg;15;0;0;-0.01692527;78.76858;79.00381;0.5541519;211.1049;0.06699404
C:\Mark's Python files\ME5920\IMG\robocam_2025_04_03_22_46_06_286.jpg;15;0;0;-0.01061845;78.76859;79.00381;0.5914456;213.8051;0.03340425
C:\Mark's Python files\ME5920\IMG\robocam_2025_04_03_22_46_06_358.jpg;15;0;0;0;78.76859;79.00382;0.6151364;217.4052;359.9899
C:\Mark's Python files\ME5920\IMG\robocam_2025_04_03_22_46_06_431.jpg;15;0;0;0;78.76859;79.00381;0.6074537;221.0054;359.9571
C:\Mark's Python files\ME5920\IMG\robocam_2025_04_03_22_46_06_501.jpg;15;0;0;0;78.76859;79.00382;0.5861561;223.7054;359.9388
C:\Mark's Python files\ME5920\IMG\robocam_2025_04_03_22_46_06_572.jpg;15;0;0;0;78.76857;79.00381;0.5424994;227.3053;359.9226
C:\Mark's Python files\ME5920\IMG\robocam_2025_04_03_22_46_06_643.jpg;15;0;0;0.01220737;78.76856;79.00381;0.5014477;230.0052;359.9163
C:\Mark's Python files\ME5920\IMG\robocam_2025_04_03_22_46_06_716.jpg;15;0;0;0.01427373;78.76854;79.00381;0.4380344;233.6051;359.9167
C:\Mark's Python files\ME5920\IMG\robocam_2025_04_03_22_46_06_787.jpg;15;0;0;0.01635597;78.76852;79.00381;0.3860486;236.3049;359.924
C:\Mark's Python files\ME5920\IMG\robocam_2025_04_03_22_46_06_858.jpg;15;0;0;0.01741423;78.76849;79.00379;0.3140202;239.9047;359.9421
C:\Mark's Python files\ME5920\IMG\robocam_2025_04_03_22_46_06_927.jpg;15;0;0;0.01817499;78.76847;79.00378;0.2599238;242.6046;359.9612
C:\Mark's Python files\ME5920\IMG\robocam_2025_04_03_22_46_06_998.jpg;15;0;0;0.01828388;78.76844;79.00376;0.1901769;246.2045;359.9924
C:\Mark's Python files\ME5920\IMG\robocam_2025_04_03_22_46_07_071.jpg;15;0;0;0.01786797;78.76841;79.00375;0.1254445;249.8044;0.02815881
C:\Mark's Python files\ME5920\IMG\robocam_2025_04_03_22_46_07_139.jpg;11.84444;0;0;0.01717621;78.76839;79.00373;0.08088534;252.0291;0.05715071
C:\Mark's Python files\ME5920\IMG\robocam_2025_04_03_22_46_07_209.jpg;8.692032;0;0;0.01580909;78.76837;79.00371;0.02662842;254.305;0.09517027
C:\Mark's Python files\ME5920\IMG\robocam_2025_04_03_22_46_07_281.jpg;5.489755;0;0;0.0145217;78.76836;79.0037;359.9893;255.3899;0.1210733
C:\Mark's Python files\ME5920\IMG\robocam_2025_04_03_22_46_07_353.jpg;2.294444;0;0;0.01254322;78.76834;79.00368;359.9437;256.1339;0.1495301
C:\Mark's Python files\ME5920\IMG\robocam_2025_04_03_22_46_07_422.jpg;0;0;0;0.01038457;78.76833;79.00367;359.9126;256.1737;0.1651316
C:\Mark's Python files\ME5920\IMG\robocam_2025_04_03_22_46_07_495.jpg;0;0;0;0;78.76833;79.00365;359.8771;256.1737;0.1784965
C:\Mark's Python files\ME5920\IMG\robocam_2025_04_03_22_46_07_566.jpg;0;0;0;0;78.76832;79.00365;359.8555;256.1737;0.183254
C:\Mark's Python files\ME5920\IMG\robocam_2025_04_03_22_46_07_638.jpg;0;0.1107261;0;0;78.76846;79.00426;359.8192;256.176;0.1829129
C:\Mark's Python files\ME5920\IMG\robocam_2025_04_03_22_46_07_710.jpg;0;0.3246021;0;0.0264725;78.76785;79.00182;359.8599;256.1829;0.1758635
C:\Mark's Python files\ME5920\IMG\robocam_2025_04_03_22_46_07_780.jpg;0;0.5387523;0;0.03502508;78.76686;78.99784;359.9391;256.0405;0.1668508
C:\Mark's Python files\ME5920\IMG\robocam_2025_04_03_22_46_07_853.jpg;0;0.756819;0;0.06658622;78.76466;78.98903;0.114658;256.094;0.1508785
C:\Mark's Python files\ME5920\IMG\robocam_2025_04_03_22_46_07_921.jpg;0;0.9638361;0;0.1112041;78.76201;78.97881;0.3099948;256.1456;0.1301597
C:\Mark's Python files\ME5920\IMG\robocam_2025_04_03_22_46_07_992.jpg;0;1;0;0.1694074;78.75687;78.95905;0.6459621;256.1463;0.06829915
C:\Mark's Python files\ME5920\IMG\robocam_2025_04_03_22_46_08_061.jpg;0;1;0;0.2426874;78.75207;78.94032;0.9300349;256.2123;0.002119565
C:\Mark's Python files\ME5920\IMG\robocam_2025_04_03_22_46_08_132.jpg;0;1;0;0.2982002;78.74558;78.91064;1.289708;256.4482;359.9835
C:\Mark's Python files\ME5920\IMG\robocam_2025_04_03_22_46_08_202.jpg;0;1;0;0.368332;78.74073;78.88916;1.310076;256.3469;-0.002449463
C:\Mark's Python files\ME5920\IMG\robocam_2025_04_03_22_46_08_272.jpg;0;1;0;0.4300438;78.73328;78.85842;1.13153;256.3164;0.0008287756
C:\Mark's Python files\ME5920\IMG\robocam_2025_04_03_22_46_08_344.jpg;0;1;0;0.4936793;78.72655;78.83127;1.063289;256.2539;0.000417327
C:\Mark's Python files\ME5920\IMG\robocam_2025_04_03_22_46_08_417.jpg;0;0.7787821;0;0.5328982;78.71619;78.78968;1.057978;256.1914;-0.0006987594
C:\Mark's Python files\ME5920\IMG\robocam_2025_04_03_22_46_08_486.jpg;0;0.9898483;0;0.589142;78.70738;78.75439;1.112316;256.1353;-0.0002352456
C:\Mark's Python files\ME5920\IMG\robocam_2025_04_03_22_46_08_558.jpg;0;1;0;0.6378773;78.69462;78.70338;1.204256;256.0757;-0.001078154
C:\Mark's Python files\ME5920\IMG\robocam_2025_04_03_22_46_08_629.jpg;0;1;0;0.7055638;78.68056;78.64749;1.256584;255.9633;-0.000380928
C:\Mark's Python files\ME5920\IMG\robocam_2025_04_03_22_46_08_700.jpg;0;1;0;0.7514132;78.6694;78.60328;1.218751;255.962;-0.0007111009
C:\Mark's Python files\ME5920\IMG\robocam_2025_04_03_22_46_08_772.jpg;0;1;0;0.8057482;78.65318;78.53955;1.193249;255.8732;0.0004587493
C:\Mark's Python files\ME5920\IMG\robocam_2025_04_03_22_46_08_842.jpg;0;1;0;0.8853453;78.6399;78.48794;1.212599;255.8176;-0.001491036
C:\Mark's Python files\ME5920\IMG\robocam_2025_04_03_22_46_08_912.jpg;0;0.8931487;0;0.9379058;78.62098;78.41424;1.236923;255.8093;-0.001072816
C:\Mark's Python files\ME5920\IMG\robocam_2025_04_03_22_46_08_953.jpg;0;0.6884113;0;0.9812251;78.61119;78.37614;1.227684;255.804;-0.001025511
C:\Mark's Python files\ME5920\IMG\robocam_2025_04_03_22_46_09_019.jpg;0;0.5713324;0;1.003097;78.59633;78.31828;1.186453;255.8401;-0.0006897968
C:\Mark's Python files\ME5920\IMG\robocam_2025_04_03_22_46_09_090.jpg;0;0.3609073;0;1.032541;78.576;78.23904;1.141549;255.8133;0.0003766823
C:\Mark's Python files\ME5920\IMG\robocam_2025_04_03_22_46_09_158.jpg;0;0.1528273;0;1.044284;78.56057;78.17896;1.096215;255.8471;-0.0008129945
C:\Mark's Python files\ME5920\IMG\robocam_2025_04_03_22_46_09_230.jpg;0;0;0;1.049237;78.54021;78.09952;0.9932456;255.8295;-2.628417E-05
C:\Mark's Python files\ME5920\IMG\robocam_2025_04_03_22_46_09_270.jpg;0;0;0;1.04376;78.53014;78.06027;0.9232466;255.8252;0.0002209426
C:\Mark's Python files\ME5920\IMG\robocam_2025_04_03_22_46_09_337.jpg;0;0;0;1.041708;78.51523;78.0018;0.8029904;255.8216;0.004248434
C:\Mark's Python files\ME5920\IMG\robocam_2025_04_03_22_46_09_408.jpg;0;0.0089019;0;1.037535;78.50052;77.94375;0.6689358;255.8211;0.01345906
C:\Mark's Python files\ME5920\IMG\robocam_2025_04_03_22_46_09_479.jpg;0;0.2218212;0;1.039517;78.48091;77.86622;0.4891892;255.7933;0.02616945
C:\Mark's Python files\ME5920\IMG\robocam_2025_04_03_22_46_09_549.jpg;0;0.4326003;0;1.047593;78.46084;77.78715;0.3445285;255.6917;0.03508496
C:\Mark's Python files\ME5920\IMG\robocam_2025_04_03_22_46_09_620.jpg;0;0.6424026;0;1.064703;78.44508;77.72539;0.2927577;255.6925;0.03801599
C:\Mark's Python files\ME5920\IMG\robocam_2025_04_03_22_46_09_693.jpg;0;0.4294548;0;1.103574;78.42315;77.63956;0.2976602;255.6956;0.04001005
C:\Mark's Python files\ME5920\IMG\robocam_2025_04_03_22_46_09_763.jpg;0;0.2066265;0;1.1228;78.40638;77.57384;0.3236392;255.6724;0.04059713
C:\Mark's Python files\ME5920\IMG\robocam_2025_04_03_22_46_09_803.jpg;0;0.0008382313;0;1.126238;78.39517;77.52996;0.3379953;255.6726;0.04043206
C:\Mark's Python files\ME5920\IMG\robocam_2025_04_03_22_46_09_872.jpg;0;0;0;1.124727;78.37289;77.44273;0.343729;255.6774;0.0387876
C:\Mark's Python files\ME5920\IMG\robocam_2025_04_03_22_46_09_940.jpg;0;0;0;1.119996;78.35634;77.37791;0.3262449;255.6776;0.036736
C:\Mark's Python files\ME5920\IMG\robocam_2025_04_03_22_46_10_011.jpg;0;0;0;1.116437;78.33447;77.29223;0.2790265;255.6776;0.0331877
C:\Mark's Python files\ME5920\IMG\robocam_2025_04_03_22_46_10_081.jpg;0;0;0;1.111666;78.31817;77.22845;0.2293877;255.6776;0.03003457
C:\Mark's Python files\ME5920\IMG\robocam_2025_04_03_22_46_10_152.jpg;0;0;0;1.108064;78.29659;77.14395;0.1497547;255.6777;0.02534637
C:\Mark's Python files\ME5920\IMG\robocam_2025_04_03_22_46_10_221.jpg;0;0;0;1.103226;78.28051;77.08092;0.08359569;255.6777;0.02159
C:\Mark's Python files\ME5920\IMG\robocam_2025_04_03_22_46_10_292.jpg;0;0;0;1.09957;78.25916;76.99729;359.9918;255.6777;0.01644242
C:\Mark's Python files\ME5920\IMG\robocam_2025_04_03_22_46_10_364.jpg;0;0;0;1.094662;78.2432;76.93481;359.9233;255.6777;0.01258802
C:\Mark's Python files\ME5920\IMG\robocam_2025_04_03_22_46_10_436.jpg;0;0;0;1.090957;78.222;76.85176;359.8364;255.6777;0.007603066
C:\Mark's Python files\ME5920\IMG\robocam_2025_04_03_22_46_10_506.jpg;0;0;0;1.08599;78.20615;76.78964;359.7766;255.6778;0.004066606
C:\Mark's Python files\ME5920\IMG\robocam_2025_04_03_22_46_10_576.jpg;0;0;0;1.082213;78.18497;76.70689;359.7129;255.676;359.9937
C:\Mark's Python files\ME5920\IMG\robocam_2025_04_03_22_46_10_615.jpg;-1.518719;0;0;1.077002;78.17446;76.66548;359.6912;255.6779;-0.00562701
C:\Mark's Python files\ME5920\IMG\robocam_2025_04_03_22_46_10_683.jpg;-3.273993;0;0;1.074031;78.15765;76.60371;359.6666;255.5187;359.9726
C:\Mark's Python files\ME5920\IMG\robocam_2025_04_03_22_46_10_753.jpg;-3.289459;0;0;1.069418;78.13393;76.52181;359.6517;255.1199;359.9254
C:\Mark's Python files\ME5920\IMG\robocam_2025_04_03_22_46_10_823.jpg;-0.1341361;0;0;1.064598;78.11715;76.4602;359.6511;255.0267;359.9228
C:\Mark's Python files\ME5920\IMG\robocam_2025_04_03_22_46_10_894.jpg;0;0;0;1.060845;78.09521;76.37817;359.6564;255.0201;359.932
C:\Mark's Python files\ME5920\IMG\robocam_2025_04_03_22_46_10_964.jpg;0;0;0;1.055958;78.0788;76.31684;359.6634;255.0199;359.9399
C:\Mark's Python files\ME5920\IMG\robocam_2025_04_03_22_46_11_004.jpg;0;0;0;1.052315;78.06789;76.27606;359.6691;255.0199;359.9454
C:\Mark's Python files\ME5920\IMG\robocam_2025_04_03_22_46_11_073.jpg;0;0;0;1.049896;78.04613;76.19475;359.6827;255.0199;359.9569
C:\Mark's Python files\ME5920\IMG\robocam_2025_04_03_22_46_11_142.jpg;-1.554372;0;0;1.044997;78.0295;76.13409;359.6939;254.9634;359.9568
C:\Mark's Python files\ME5920\IMG\robocam_2025_04_03_22_46_11_212.jpg;-4.686205;0;0;1.041065;78.00569;76.05399;359.7127;254.6211;359.922
C:\Mark's Python files\ME5920\IMG\robocam_2025_04_03_22_46_11_283.jpg;-4.728496;0;0;1.035231;77.98686;75.99445;359.7313;254.2352;359.8815
C:\Mark's Python files\ME5920\IMG\robocam_2025_04_03_22_46_11_354.jpg;-1.565865;0;0;1.031887;77.96277;75.91507;359.7567;253.9615;359.8606
C:\Mark's Python files\ME5920\IMG\robocam_2025_04_03_22_46_11_425.jpg;0;0;0;1.0273;77.94561;75.85557;359.7734;253.9387;359.8692
C:\Mark's Python files\ME5920\IMG\robocam_2025_04_03_22_46_11_496.jpg;0;0;0;1.023811;77.92287;75.77658;359.792;253.9375;359.8848
C:\Mark's Python files\ME5920\IMG\robocam_2025_04_03_22_46_11_567.jpg;-1.567242;0;0;1.019186;77.90574;75.71768;359.8029;253.9121;359.8939
C:\Mark's Python files\ME5920\IMG\robocam_2025_04_03_22_46_11_638.jpg;-4.739566;0;0;1.0153;77.88107;75.6402;359.8121;253.5763;359.8633
C:\Mark's Python files\ME5920\IMG\robocam_2025_04_03_22_46_11_709.jpg;-7.940569;0;0;1.009433;77.85434;75.56384;359.8251;252.9349;359.7997
C:\Mark's Python files\ME5920\IMG\robocam_2025_04_03_22_46_11_781.jpg;-11.1869;0;0;1.001783;77.83247;75.50759;359.8372;252.2212;359.7249
C:\Mark's Python files\ME5920\IMG\robocam_2025_04_03_22_46_11_851.jpg;-8.027576;0;0;0.9980078;77.80298;75.43303;359.8593;251.3555;359.6447
C:\Mark's Python files\ME5920\IMG\robocam_2025_04_03_22_46_11_920.jpg;-4.85239;0;0;0.994502;77.78152;75.37706;359.8769;250.9309;359.6174
C:\Mark's Python files\ME5920\IMG\robocam_2025_04_03_22_46_11_990.jpg;-1.774889;0;0;0.9914822;77.754;75.30242;359.8943;250.6496;359.6217
C:\Mark's Python files\ME5920\IMG\robocam_2025_04_03_22_46_12_062.jpg;0;0;0;0.9882394;77.73427;75.24646;359.9005;250.6219;359.6528
C:\Mark's Python files\ME5920\IMG\robocam_2025_04_03_22_46_12_134.jpg;0;0;0;0.9838338;77.7082;75.17223;359.9014;250.6205;359.7024
C:\Mark's Python files\ME5920\IMG\robocam_2025_04_03_22_46_12_205.jpg;0;0;0;0.9794555;77.68872;75.11685;359.8975;250.6204;359.7429
C:\Mark's Python files\ME5920\IMG\robocam_2025_04_03_22_46_12_277.jpg;0;0;0;0.9761756;77.66287;75.04341;359.8872;250.6203;359.7991
C:\Mark's Python files\ME5920\IMG\robocam_2025_04_03_22_46_12_345.jpg;0;0;0;0.9718044;77.64356;74.98859;359.8765;250.6203;359.8417
C:\Mark's Python files\ME5920\IMG\robocam_2025_04_03_22_46_12_417.jpg;0;0;0;0.9685264;77.61793;74.91583;359.8594;250.6202;359.8974
C:\Mark's Python files\ME5920\IMG\robocam_2025_04_03_22_46_12_490.jpg;-3.23613;0;0;0.9640896;77.59125;74.84391;359.8398;250.4307;359.922
C:\Mark's Python files\ME5920\IMG\robocam_2025_04_03_22_46_12_559.jpg;-0.02581191;0;0;0.9606165;77.57171;74.79005;359.8245;250.3616;359.9503
C:\Mark's Python files\ME5920\IMG\robocam_2025_04_03_22_46_12_629.jpg;0;0;0;0.9561666;77.54609;74.7184;359.8047;250.3583;359.9933
C:\Mark's Python files\ME5920\IMG\robocam_2025_04_03_22_46_12_669.jpg;0;0;0;0.9528987;77.53332;74.68269;359.7953;250.3583;0.01314512
C:\Mark's Python files\ME5920\IMG\robocam_2025_04_03_22_46_12_737.jpg;0;0;0;0.9507222;77.51421;74.62925;359.7822;250.3583;0.04031383
C:\Mark's Python files\ME5920\IMG\robocam_2025_04_03_22_46_12_808.jpg;0;0;0;0.9463763;77.49516;74.57598;359.7706;250.3584;0.06422381
C:\Mark's Python files\ME5920\IMG\robocam_2025_04_03_22_46_12_878.jpg;0;0;0;0.9430197;77.46975;74.5051;359.7645;250.3568;0.08454746
C:\Mark's Python files\ME5920\IMG\robocam_2025_04_03_22_46_12_949.jpg;-3.150139;0;0;0.9385368;77.44332;74.4349;359.7631;250.1752;0.06991624
C:\Mark's Python files\ME5920\IMG\robocam_2025_04_03_22_46_13_021.jpg;-6.403009;0;0;0.9346862;77.42216;74.38308;359.7598;249.8144;0.024065
C:\Mark's Python files\ME5920\IMG\robocam_2025_04_03_22_46_13_093.jpg;-6.336414;0;0;0.9287818;77.39281;74.3149;359.7542;249.1803;359.9383
C:\Mark's Python files\ME5920\IMG\robocam_2025_04_03_22_46_13_164.jpg;-3.102525;0;0;0.9253639;77.37163;74.2635;359.7583;248.9023;359.9057
C:\Mark's Python files\ME5920\IMG\robocam_2025_04_03_22_46_13_236.jpg;0;0;0;0.9222758;77.34457;74.1947;359.7687;248.8037;359.8998
C:\Mark's Python files\ME5920\IMG\robocam_2025_04_03_22_46_13_307.jpg;0;0;0;0.9180174;77.32461;74.14321;359.7767;248.8015;359.9046
C:\Mark's Python files\ME5920\IMG\robocam_2025_04_03_22_46_13_378.jpg;0;0;0;0.9148844;77.29811;74.07485;359.7864;248.8014;359.9133
C:\Mark's Python files\ME5920\IMG\robocam_2025_04_03_22_46_13_449.jpg;0;0;0;0.9107284;77.27174;74.00683;359.7947;248.8014;359.9241
C:\Mark's Python files\ME5920\IMG\robocam_2025_04_03_22_46_13_521.jpg;0;0;0;0.9076265;77.25203;73.95602;359.7999;248.8014;359.9331
C:\Mark's Python files\ME5920\IMG\robocam_2025_04_03_22_46_13_589.jpg;0;0;0;0.9035093;77.22588;73.88859;359.8054;248.8014;359.946
C:\Mark's Python files\ME5920\IMG\robocam_2025_04_03_22_46_13_661.jpg;0;0;0;0.9004347;77.20634;73.83823;359.8084;248.8014;359.956
C:\Mark's Python files\ME5920\IMG\robocam_2025_04_03_22_46_13_732.jpg;0;0;0;0.8963519;77.1804;73.77137;359.8111;248.8014;359.9692
C:\Mark's Python files\ME5920\IMG\robocam_2025_04_03_22_46_13_803.jpg;0;0;0;0.8922874;77.16102;73.72144;359.8122;248.8014;359.9788
C:\Mark's Python files\ME5920\IMG\robocam_2025_04_03_22_46_13_874.jpg;0;0;0;0.8892506;77.13529;73.65515;359.8125;248.8014;359.9909
C:\Mark's Python files\ME5920\IMG\robocam_2025_04_03_22_46_13_944.jpg;0;0;0;0.8852162;77.11608;73.60564;359.8121;248.8014;-0.0006596503
C:\Mark's Python files\ME5920\IMG\robocam_2025_04_03_22_46_14_014.jpg;0;0;0;0.8822013;77.09057;73.53991;359.8108;248.8015;0.009367068
C:\Mark's Python files\ME5920\IMG\robocam_2025_04_03_22_46_14_086.jpg;0;0;0;0.8781955;77.07153;73.49081;359.8094;248.8015;0.01590298
C:\Mark's Python files\ME5920\IMG\robocam_2025_04_03_22_46_14_158.jpg;0;0;0;0.8752018;77.04622;73.42561;359.8072;248.8015;0.02319735
C:\Mark's Python files\ME5920\IMG\robocam_2025_04_03_22_46_14_228.jpg;0;0;0;0.8712243;77.02732;73.3769;359.8054;248.8015;0.02756518
C:\Mark's Python files\ME5920\IMG\robocam_2025_04_03_22_46_14_300.jpg;0;0;0;0.8682515;77.00222;73.31223;359.8029;248.8015;0.03191295
C:\Mark's Python files\ME5920\IMG\robocam_2025_04_03_22_46_14_371.jpg;0;0;0;0.864302;76.97724;73.24784;359.8007;248.8015;0.03461743
C:\Mark's Python files\ME5920\IMG\robocam_2025_04_03_22_46_14_439.jpg;0;0;0;0.86134;76.95854;73.19971;359.8013;248.801;0.03361038
C:\Mark's Python files\ME5920\IMG\robocam_2025_04_03_22_46_14_510.jpg;0;0;0;0.8573896;76.93375;73.13579;359.8019;248.801;0.03200819
C:\Mark's Python files\ME5920\IMG\robocam_2025_04_03_22_46_14_582.jpg;0;0;0;0.8534893;76.91522;73.08804;359.8023;248.801;0.03017593
C:\Mark's Python files\ME5920\IMG\robocam_2025_04_03_22_46_14_654.jpg;0;0;0;0.8505759;76.89062;73.02463;359.8027;248.801;0.02705207
C:\Mark's Python files\ME5920\IMG\robocam_2025_04_03_22_46_14_723.jpg;0;0;0;0.8467064;76.87224;72.97726;359.803;248.801;0.02430945
C:\Mark's Python files\ME5920\IMG\robocam_2025_04_03_22_46_14_794.jpg;0;0;0;0.8438156;76.84783;72.91437;359.8033;248.801;0.02028338
C:\Mark's Python files\ME5920\IMG\robocam_2025_04_03_22_46_14_868.jpg;0;0;0;0.8399763;76.82961;72.86737;359.8036;248.801;0.01709316
C:\Mark's Python files\ME5920\IMG\robocam_2025_04_03_22_46_14_938.jpg;0;0;0;0.8371081;76.8054;72.80496;359.804;248.801;0.01275535
C:\Mark's Python files\ME5920\IMG\robocam_2025_04_03_22_46_15_008.jpg;0;0;0;0.8332986;76.78732;72.75834;359.8043;248.801;0.009532802
C:\Mark's Python files\ME5920\IMG\robocam_2025_04_03_22_46_15_080.jpg;0;0;0;0.8304526;76.76331;72.69642;359.8047;248.801;0.005392883
C:\Mark's Python files\ME5920\IMG\robocam_2025_04_03_22_46_15_151.jpg;0;0;0;0.826673;76.73941;72.63478;359.8052;248.801;0.001549831
C:\Mark's Python files\ME5920\IMG\robocam_2025_04_03_22_46_15_222.jpg;0;0;0;0.8238494;76.72156;72.58874;359.8057;248.801;-0.001074977
C:\Mark's Python files\ME5920\IMG\robocam_2025_04_03_22_46_15_292.jpg;0;0;0;0.8200995;76.69785;72.5276;359.8063;248.801;-0.004172959
C:\Mark's Python files\ME5920\IMG\robocam_2025_04_03_22_46_15_332.jpg;0;0;0.2060961;0.8164442;76.68614;72.49741;359.8003;248.801;-0.00553167
C:\Mark's Python files\ME5920\IMG\robocam_2025_04_03_22_46_15_401.jpg;0;0;0.323688;0.7823697;76.6711;72.45839;359.6501;248.803;-0.0007826182
C:\Mark's Python files\ME5920\IMG\robocam_2025_04_03_22_46_15_470.jpg;0;0;0;0.4485905;76.66244;72.43647;358.8519;248.8025;0.003738958
C:\Mark's Python files\ME5920\IMG\robocam_2025_04_03_22_46_15_541.jpg;0;0;0;0.4322862;76.65504;72.4189;358.4692;248.7925;359.9935
C:\Mark's Python files\ME5920\IMG\robocam_2025_04_03_22_46_15_611.jpg;0;0;0;0.4197283;76.64169;72.38599;358.5878;248.8013;359.9943
C:\Mark's Python files\ME5920\IMG\robocam_2025_04_03_22_46_15_682.jpg;0;0;0;0.4115017;76.63013;72.35686;358.995;248.802;0.00714577
C:\Mark's Python files\ME5920\IMG\robocam_2025_04_03_22_46_15_751.jpg;0;0;0;0.3995638;76.61516;72.31872;359.5122;248.7989;0.02892817
C:\Mark's Python files\ME5920\IMG\robocam_2025_04_03_22_46_15_822.jpg;0;0;0;0.3978396;76.6043;72.29081;359.8606;248.799;0.04656388
C:\Mark's Python files\ME5920\IMG\robocam_2025_04_03_22_46_15_892.jpg;0;0;0;0.3967153;76.59025;72.25469;0.2629901;248.799;0.06613355
C:\Mark's Python files\ME5920\IMG\robocam_2025_04_03_22_46_15_963.jpg;0;0;0;0.3953975;76.58001;72.22866;0.5066081;248.7962;0.07131629
C:\Mark's Python files\ME5920\IMG\robocam_2025_04_03_22_46_16_033.jpg;0;0;0;0.3951613;76.56697;72.19574;0.7239751;248.7896;0.04817552
C:\Mark's Python files\ME5920\IMG\robocam_2025_04_03_22_46_16_103.jpg;0;0;0;0.3945067;76.55763;72.17207;0.8255693;248.786;0.02368687
C:\Mark's Python files\ME5920\IMG\robocam_2025_04_03_22_46_16_172.jpg;0;0;0;0.3938832;76.54581;72.14164;0.8906587;248.7853;-0.003602466
C:\Mark's Python files\ME5920\IMG\robocam_2025_04_03_22_46_16_242.jpg;0;0;0.1046184;0.3790395;76.53783;72.12086;0.8631583;248.802;359.9858
C:\Mark's Python files\ME5920\IMG\robocam_2025_04_03_22_46_16_312.jpg;0;0;0.3116892;0.1591493;76.53638;72.11713;0.2551756;248.8089;359.9693
C:\Mark's Python files\ME5920\IMG\robocam_2025_04_03_22_46_16_383.jpg;0;0;0;0.1432822;76.53632;72.11697;359.7733;248.8087;359.9591
C:\Mark's Python files\ME5920\IMG\robocam_2025_04_03_22_46_16_453.jpg;0;0;0;0.1317191;76.53624;72.11674;359.2006;248.8087;359.9564
C:\Mark's Python files\ME5920\IMG\robocam_2025_04_03_22_46_16_524.jpg;0;0;0;0.1026868;76.53618;72.11659;358.8582;248.8096;359.9938
C:\Mark's Python files\ME5920\IMG\robocam_2025_04_03_22_46_16_594.jpg;0;0;0;0.06971572;76.53609;72.11646;358.6079;248.8071;0.008983603
C:\Mark's Python files\ME5920\IMG\robocam_2025_04_03_22_46_16_666.jpg;0;0;0;-0.01892392;76.53609;72.11636;358.681;248.813;0.005664874
C:\Mark's Python files\ME5920\IMG\robocam_2025_04_03_22_46_16_740.jpg;0;0;0;-0.06525413;76.53614;72.11645;358.9956;248.8169;0.01102952
C:\Mark's Python files\ME5920\IMG\robocam_2025_04_03_22_46_16_810.jpg;0;0;0;-0.07305165;76.53618;72.11659;359.3205;248.8172;0.03722866
C:\Mark's Python files\ME5920\IMG\robocam_2025_04_03_22_46_16_882.jpg;0;0;0;-0.07132617;76.5362;72.11669;359.5592;248.8172;0.05395019
C:\Mark's Python files\ME5920\IMG\robocam_2025_04_03_22_46_16_953.jpg;-2.027928;0;0;-0.0685799;76.53625;72.1168;359.8627;248.5737;0.07158921
C:\Mark's Python files\ME5920\IMG\robocam_2025_04_03_22_46_17_024.jpg;-1.983666;0;0;-0.06323843;76.53627;72.11687;0.07483051;248.4543;0.08319011
C:\Mark's Python files\ME5920\IMG\robocam_2025_04_03_22_46_17_059.jpg;0;0;0;-0.05815922;76.53628;72.11692;0.2071518;248.4541;0.08954138
C:\Mark's Python files\ME5920\IMG\robocam_2025_04_03_22_46_17_061.jpg;0;0;0;-0.05815922;76.53628;72.11692;0.2071518;248.4541;0.08954138
C:\Mark's Python files\ME5920\IMG\robocam_2025_04_03_22_46_17_094.jpg;0;0;0;0;76.53628;72.11692;0.2071518;248.4541;0.08954138
C:\Mark's Python files\ME5920\IMG\robocam_2025_04_03_22_46_17_096.jpg;0;0;0;0;76.53628;72.11692;0.2071518;248.4541;0.08954138
C:\Mark's Python files\ME5920\IMG\robocam_2025_04_03_22_46_17_127.jpg;0;0;0;0;76.53628;72.11692;0.2071518;248.4541;0.08954138
C:\Mark's Python files\ME5920\IMG\robocam_2025_04_03_22_46_17_130.jpg;0;0;0;0;76.53628;72.11692;0.2071518;248.4541;0.08954138
C:\Mark's Python files\ME5920\IMG\robocam_2025_04_03_22_46_17_163.jpg;0;0;0;0;76.53628;72.11692;0.2071518;248.4541;0.08954138
C:\Mark's Python files\ME5920\IMG\robocam_2025_04_03_22_46_17_164.jpg;0;0;0;0;76.53628;72.11692;0.2071518;248.4541;0.08954138
C:\Mark's Python files\ME5920\IMG\robocam_2025_04_03_22_46_17_199.jpg;0;0;0;0;76.53628;72.11692;0.2071518;248.4541;0.08954138
C:\Mark's Python files\ME5920\IMG\robocam_2025_04_03_22_46_17_201.jpg;0;0;0;0;76.53628;72.11692;0.2071518;248.4541;0.08954138
C:\Mark's Python files\ME5920\IMG\robocam_2025_04_03_22_46_17_234.jpg;0;0;0;0;76.53628;72.11692;0.2071518;248.4541;0.08954138
C:\Mark's Python files\ME5920\IMG\robocam_2025_04_03_22_46_17_236.jpg;0;0;0;0;76.53628;72.11692;0.2071518;248.4541;0.08954138
C:\Mark's Python files\ME5920\IMG\robocam_2025_04_03_22_46_17_269.jpg;0;0;0;0;76.53628;72.11692;0.2071518;248.4541;0.08954138
C:\Mark's Python files\ME5920\IMG\robocam_2025_04_03_22_46_17_271.jpg;0;0;0;0;76.53628;72.11692;0.2071518;248.4541;0.08954138
C:\Mark's Python files\ME5920\IMG\robocam_2025_04_03_22_46_17_305.jpg;0;0;0;0;76.53628;72.11692;0.2071518;248.4541;0.08954138
C:\Mark's Python files\ME5920\IMG\robocam_2025_04_03_22_46_17_306.jpg;0;0;0;0;76.53628;72.11692;0.2071518;248.4541;0.08954138
C:\Mark's Python files\ME5920\IMG\robocam_2025_04_03_22_46_17_342.jpg;0;0;0;0;76.53628;72.11692;0.2071518;248.4541;0.08954138
C:\Mark's Python files\ME5920\IMG\robocam_2025_04_03_22_46_17_343.jpg;0;0;0;0;76.53628;72.11692;0.2071518;248.4541;0.08954138
C:\Mark's Python files\ME5920\IMG\robocam_2025_04_03_22_46_17_376.jpg;0;0;0;0;76.53628;72.11692;0.2071518;248.4541;0.08954138
C:\Mark's Python files\ME5920\IMG\robocam_2025_04_03_22_46_17_378.jpg;0;0;0;0;76.53628;72.11692;0.2071518;248.4541;0.08954138
C:\Mark's Python files\ME5920\IMG\robocam_2025_04_03_22_46_17_412.jpg;0;0;0;0;76.53628;72.11692;0.2071518;248.4541;0.08954138
C:\Mark's Python files\ME5920\IMG\robocam_2025_04_03_22_46_17_413.jpg;0;0;0;0;76.53628;72.11692;0.2071518;248.4541;0.08954138
C:\Mark's Python files\ME5920\IMG\robocam_2025_04_03_22_46_17_447.jpg;0;0;0;0;76.53628;72.11692;0.2071518;248.4541;0.08954138
C:\Mark's Python files\ME5920\IMG\robocam_2025_04_03_22_46_17_448.jpg;0;0;0;0;76.53628;72.11692;0.2071518;248.4541;0.08954138
C:\Mark's Python files\ME5920\IMG\robocam_2025_04_03_22_46_17_483.jpg;0;0;0;0;76.53628;72.11692;0.2071518;248.4541;0.08954138
C:\Mark's Python files\ME5920\IMG\robocam_2025_04_03_22_46_17_485.jpg;0;0;0;0;76.53628;72.11692;0.2071518;248.4541;0.08954138
C:\Mark's Python files\ME5920\IMG\robocam_2025_04_03_22_46_17_520.jpg;0;0;0;0;76.53628;72.11692;0.2071518;248.4541;0.08954138
C:\Mark's Python files\ME5920\IMG\robocam_2025_04_03_22_46_17_522.jpg;0;0;0;0;76.53628;72.11692;0.2071518;248.4541;0.08954138
C:\Mark's Python files\ME5920\IMG\robocam_2025_04_03_22_46_17_555.jpg;0;0;0;0;76.53628;72.11692;0.2071518;248.4541;0.08954138
C:\Mark's Python files\ME5920\IMG\robocam_2025_04_03_22_46_17_558.jpg;0;0;0;0;76.53628;72.11692;0.2071518;248.4541;0.08954138
C:\Mark's Python files\ME5920\IMG\robocam_2025_04_03_22_46_17_591.jpg;0;0;0;0;76.53628;72.11692;0.2071518;248.4541;0.08954138
C:\Mark's Python files\ME5920\IMG\robocam_2025_04_03_22_46_17_593.jpg;0;0;0;0;76.53628;72.11692;0.2071518;248.4541;0.08954138
C:\Mark's Python files\ME5920\IMG\robocam_2025_04_03_22_46_17_627.jpg;0;0;0;0;76.53628;72.11692;0.2071518;248.4541;0.08954138
C:\Mark's Python files\ME5920\IMG\robocam_2025_04_03_22_46_17_628.jpg;0;0;0;0;76.53628;72.11692;0.2071518;248.4541;0.08954138
C:\Mark's Python files\ME5920\IMG\robocam_2025_04_03_22_46_17_664.jpg;0;0;0;0;76.53628;72.11692;0.2071518;248.4541;0.08954138
C:\Mark's Python files\ME5920\IMG\robocam_2025_04_03_22_46_17_666.jpg;0;0;0;0;76.53628;72.11692;0.2071518;248.4541;0.08954138
C:\Mark's Python files\ME5920\IMG\robocam_2025_04_03_22_46_17_702.jpg;0;0;0;0;76.53628;72.11692;0.2071518;248.4541;0.08954138
C:\Mark's Python files\ME5920\IMG\robocam_2025_04_03_22_46_17_704.jpg;0;0;0;0;76.53628;72.11692;0.2071518;248.4541;0.08954138
C:\Mark's Python files\ME5920\IMG\robocam_2025_04_03_22_46_17_737.jpg;0;0;0;0;76.53628;72.11692;0.2071518;248.4541;0.08954138
C:\Mark's Python files\ME5920\IMG\robocam_2025_04_03_22_46_17_739.jpg;0;0;0;0;76.53628;72.11692;0.2071518;248.4541;0.08954138
C:\Mark's Python files\ME5920\IMG\robocam_2025_04_03_22_46_17_773.jpg;0;0;0;0;76.53628;72.11692;0.2071518;248.4541;0.08954138
C:\Mark's Python files\ME5920\IMG\robocam_2025_04_03_22_46_17_774.jpg;0;0;0;0;76.53628;72.11692;0.2071518;248.4541;0.08954138
C:\Mark's Python files\ME5920\IMG\robocam_2025_04_03_22_46_17_808.jpg;0;0;0;0;76.53628;72.11692;0.2071518;248.4541;0.08954138
C:\Mark's Python files\ME5920\IMG\robocam_2025_04_03_22_46_17_809.jpg;0;0;0;0;76.53628;72.11692;0.2071518;248.4541;0.08954138
C:\Mark's Python files\ME5920\IMG\robocam_2025_04_03_22_46_17_843.jpg;0;0;0;0;76.53628;72.11692;0.2071518;248.4541;0.08954138
C:\Mark's Python files\ME5920\IMG\robocam_2025_04_03_22_46_17_845.jpg;0;0;0;0;76.53628;72.11692;0.2071518;248.4541;0.08954138
C:\Mark's Python files\ME5920\IMG\robocam_2025_04_03_22_46_17_879.jpg;0;0;0;0;76.53628;72.11692;0.2071518;248.4541;0.08954138
C:\Mark's Python files\ME5920\IMG\robocam_2025_04_03_22_46_17_880.jpg;0;0;0;0;76.53628;72.11692;0.2071518;248.4541;0.08954138
C:\Mark's Python files\ME5920\IMG\robocam_2025_04_03_22_46_17_914.jpg;0;0;0;0;76.53628;72.11692;0.2071518;248.4541;0.08954138
C:\Mark's Python files\ME5920\IMG\robocam_2025_04_03_22_46_17_915.jpg;0;0;0;0;76.53628;72.11692;0.2071518;248.4541;0.08954138
C:\Mark's Python files\ME5920\IMG\robocam_2025_04_03_22_46_17_951.jpg;0;0;0;0;76.53628;72.11692;0.2071518;248.4541;0.08954138
C:\Mark's Python files\ME5920\IMG\robocam_2025_04_03_22_46_17_953.jpg;0;0;0;0;76.53628;72.11692;0.2071518;248.4541;0.08954138
C:\Mark's Python files\ME5920\IMG\robocam_2025_04_03_22_46_17_986.jpg;0;0;0;0;76.53628;72.11692;0.2071518;248.4541;0.08954138
C:\Mark's Python files\ME5920\IMG\robocam_2025_04_03_22_46_17_989.jpg;0;0;0;0;76.53628;72.11692;0.2071518;248.4541;0.08954138
C:\Mark's Python files\ME5920\IMG\robocam_2025_04_03_22_46_18_021.jpg;0;0;0;0;76.53628;72.11692;0.2071518;248.4541;0.08954138
C:\Mark's Python files\ME5920\IMG\robocam_2025_04_03_22_46_18_023.jpg;0;0;0;0;76.53628;72.11692;0.2071518;248.4541;0.08954138
C:\Mark's Python files\ME5920\IMG\robocam_2025_04_03_22_46_18_056.jpg;0;0;0;0;76.53628;72.11692;0.2071518;248.4541;0.08954138
C:\Mark's Python files\ME5920\IMG\robocam_2025_04_03_22_46_18_058.jpg;0;0;0;0;76.53628;72.11692;0.2071518;248.4541;0.08954138
C:\Mark's Python files\ME5920\IMG\robocam_2025_04_03_22_46_18_090.jpg;0;0;0;0;76.53628;72.11692;0.2071518;248.4541;0.08954138
C:\Mark's Python files\ME5920\IMG\robocam_2025_04_03_22_46_18_092.jpg;0;0;0;0;76.53628;72.11692;0.2071518;248.4541;0.08954138
C:\Mark's Python files\ME5920\IMG\robocam_2025_04_03_22_46_18_126.jpg;0;0;0;0;76.53628;72.11692;0.2071518;248.4541;0.08954138
C:\Mark's Python files\ME5920\IMG\robocam_2025_04_03_22_46_18_127.jpg;0;0;0;0;76.53628;72.11692;0.2071518;248.4541;0.08954138
C:\Mark's Python files\ME5920\IMG\robocam_2025_04_03_22_46_18_163.jpg;0;0;0;0;76.53628;72.11692;0.2071518;248.4541;0.08954138
C:\Mark's Python files\ME5920\IMG\robocam_2025_04_03_22_46_18_164.jpg;0;0;0;0;76.53628;72.11692;0.2071518;248.4541;0.08954138
C:\Mark's Python files\ME5920\IMG\robocam_2025_04_03_22_46_18_196.jpg;0;0;0;0;76.53628;72.11692;0.2071518;248.4541;0.08954138
C:\Mark's Python files\ME5920\IMG\robocam_2025_04_03_22_46_18_198.jpg;0;0;0;0;76.53628;72.11692;0.2071518;248.4541;0.08954138
C:\Mark's Python files\ME5920\IMG\robocam_2025_04_03_22_46_18_233.jpg;0;0;0;0;76.53628;72.11692;0.2071518;248.4541;0.08954138
C:\Mark's Python files\ME5920\IMG\robocam_2025_04_03_22_46_18_234.jpg;0;0;0;0;76.53628;72.11692;0.2071518;248.4541;0.08954138
C:\Mark's Python files\ME5920\IMG\robocam_2025_04_03_22_46_18_269.jpg;0;0;0;0;76.53628;72.11692;0.2071518;248.4541;0.08954138
C:\Mark's Python files\ME5920\IMG\robocam_2025_04_03_22_46_18_270.jpg;0;0;0;0;76.53628;72.11692;0.2071518;248.4541;0.08954138
C:\Mark's Python files\ME5920\IMG\robocam_2025_04_03_22_46_18_302.jpg;0;0;0;0;76.53628;72.11692;0.2071518;248.4541;0.08954138
C:\Mark's Python files\ME5920\IMG\robocam_2025_04_03_22_46_18_306.jpg;0;0;0;0;76.53628;72.11692;0.2071518;248.4541;0.08954138
C:\Mark's Python files\ME5920\IMG\robocam_2025_04_03_22_46_18_339.jpg;0;0;0;0;76.53628;72.11692;0.2071518;248.4541;0.08954138
C:\Mark's Python files\ME5920\IMG\robocam_2025_04_03_22_46_18_340.jpg;0;0;0;0;76.53628;72.11692;0.2071518;248.4541;0.08954138
C:\Mark's Python files\ME5920\IMG\robocam_2025_04_03_22_46_18_374.jpg;0;0;0;0;76.53628;72.11692;0.2071518;248.4541;0.08954138
C:\Mark's Python files\ME5920\IMG\robocam_2025_04_03_22_46_18_376.jpg;0;0;0;0;76.53628;72.11692;0.2071518;248.4541;0.08954138
C:\Mark's Python files\ME5920\IMG\robocam_2025_04_03_22_46_18_409.jpg;0;0;0;0;76.53628;72.11692;0.2071518;248.4541;0.08954138
C:\Mark's Python files\ME5920\IMG\robocam_2025_04_03_22_46_18_410.jpg;0;0;0;0;76.53628;72.11692;0.2071518;248.4541;0.08954138
C:\Mark's Python files\ME5920\IMG\robocam_2025_04_03_22_46_18_445.jpg;0;0;0;0;76.53628;72.11692;0.2071518;248.4541;0.08954138
C:\Mark's Python files\ME5920\IMG\robocam_2025_04_03_22_46_18_447.jpg;0;0;0;0;76.53628;72.11692;0.2071518;248.4541;0.08954138
C:\Mark's Python files\ME5920\IMG\robocam_2025_04_03_22_46_18_481.jpg;0;0;0;0;76.53628;72.11692;0.2071518;248.4541;0.08954138
C:\Mark's Python files\ME5920\IMG\robocam_2025_04_03_22_46_18_482.jpg;0;0;0;0;76.53628;72.11692;0.2071518;248.4541;0.08954138
C:\Mark's Python files\ME5920\IMG\robocam_2025_04_03_22_46_18_515.jpg;0;0;0;0;76.53628;72.11692;0.2071518;248.4541;0.08954138
C:\Mark's Python files\ME5920\IMG\robocam_2025_04_03_22_46_18_516.jpg;0;0;0;0;76.53628;72.11692;0.2071518;248.4541;0.08954138
C:\Mark's Python files\ME5920\IMG\robocam_2025_04_03_22_46_18_551.jpg;0;0;0;0;76.53628;72.11692;0.2071518;248.4541;0.08954138
C:\Mark's Python files\ME5920\IMG\robocam_2025_04_03_22_46_18_553.jpg;0;0;0;0;76.53628;72.11692;0.2071518;248.4541;0.08954138
C:\Mark's Python files\ME5920\IMG\robocam_2025_04_03_22_46_18_585.jpg;0;0;0;0;76.53628;72.11692;0.2071518;248.4541;0.08954138
C:\Mark's Python files\ME5920\IMG\robocam_2025_04_03_22_46_18_588.jpg;0;0;0;0;76.53628;72.11692;0.2071518;248.4541;0.08954138
C:\Mark's Python files\ME5920\IMG\robocam_2025_04_03_22_46_18_622.jpg;0;0;0;0;76.53628;72.11692;0.2071518;248.4541;0.08954138
C:\Mark's Python files\ME5920\IMG\robocam_2025_04_03_22_46_18_623.jpg;0;0;0;0;76.53628;72.11692;0.2071518;248.4541;0.08954138
C:\Mark's Python files\ME5920\IMG\robocam_2025_04_03_22_46_18_656.jpg;0;0;0;0;76.53628;72.11692;0.2071518;248.4541;0.08954138
C:\Mark's Python files\ME5920\IMG\robocam_2025_04_03_22_46_18_659.jpg;0;0;0;0;76.53628;72.11692;0.2071518;248.4541;0.08954138
C:\Mark's Python files\ME5920\IMG\robocam_2025_04_03_22_46_18_692.jpg;0;0;0;0;76.53628;72.11692;0.2071518;248.4541;0.08954138
C:\Mark's Python files\ME5920\IMG\robocam_2025_04_03_22_46_18_694.jpg;0;0;0;0;76.53628;72.11692;0.2071518;248.4541;0.08954138
C:\Mark's Python files\ME5920\IMG\robocam_2025_04_03_22_46_18_727.jpg;0;0;0;0;76.53628;72.11692;0.2071518;248.4541;0.08954138
C:\Mark's Python files\ME5920\IMG\robocam_2025_04_03_22_46_18_729.jpg;0;0;0;0;76.53628;72.11692;0.2071518;248.4541;0.08954138
C:\Mark's Python files\ME5920\IMG\robocam_2025_04_03_22_46_18_764.jpg;0;0;0;0;76.53628;72.11692;0.2071518;248.4541;0.08954138
C:\Mark's Python files\ME5920\IMG\robocam_2025_04_03_22_46_18_766.jpg;0;0;0;0;76.53628;72.11692;0.2071518;248.4541;0.08954138
C:\Mark's Python files\ME5920\IMG\robocam_2025_04_03_22_46_18_798.jpg;0;0;0;0;76.53628;72.11692;0.2071518;248.4541;0.08954138
C:\Mark's Python files\ME5920\IMG\robocam_2025_04_03_22_46_18_801.jpg;0;0;0;0;76.53628;72.11692;0.2071518;248.4541;0.08954138
C:\Mark's Python files\ME5920\IMG\robocam_2025_04_03_22_46_18_835.jpg;0;0;0;0;76.53628;72.11692;0.2071518;248.4541;0.08954138
C:\Mark's Python files\ME5920\IMG\robocam_2025_04_03_22_46_18_837.jpg;0;0;0;0;76.53628;72.11692;0.2071518;248.4541;0.08954138
C:\Mark's Python files\ME5920\IMG\robocam_2025_04_03_22_46_18_871.jpg;0;0;0;0;76.53628;72.11692;0.2071518;248.4541;0.08954138
C:\Mark's Python files\ME5920\IMG\robocam_2025_04_03_22_46_18_873.jpg;0;0;0;0;76.53628;72.11692;0.2071518;248.4541;0.08954138
C:\Mark's Python files\ME5920\IMG\robocam_2025_04_03_22_46_18_904.jpg;0;0;0;0;76.53628;72.11692;0.2071518;248.4541;0.08954138
C:\Mark's Python files\ME5920\IMG\robocam_2025_04_03_22_46_18_907.jpg;0;0;0;0;76.53628;72.11692;0.2071518;248.4541;0.08954138
C:\Mark's Python files\ME5920\IMG\robocam_2025_04_03_22_46_18_939.jpg;0;0;0;0;76.53628;72.11692;0.2071518;248.4541;0.08954138
C:\Mark's Python files\ME5920\IMG\robocam_2025_04_03_22_46_18_942.jpg;0;0;0;0;76.53628;72.11692;0.2071518;248.4541;0.08954138
C:\Mark's Python files\ME5920\IMG\robocam_2025_04_03_22_46_18_976.jpg;0;0;0;0;76.53628;72.11692;0.2071518;248.4541;0.08954138
C:\Mark's Python files\ME5920\IMG\robocam_2025_04_03_22_46_18_977.jpg;0;0;0;0;76.53628;72.11692;0.2071518;248.4541;0.08954138
C:\Mark's Python files\ME5920\IMG\robocam_2025_04_03_22_46_19_011.jpg;0;0;0;0;76.53628;72.11692;0.2071518;248.4541;0.08954138
C:\Mark's Python files\ME5920\IMG\robocam_2025_04_03_22_46_19_013.jpg;0;0;0;0;76.53628;72.11692;0.2071518;248.4541;0.08954138
C:\Mark's Python files\ME5920\IMG\robocam_2025_04_03_22_46_19_047.jpg;0;0;0;0;76.53628;72.11692;0.2071518;248.4541;0.08954138
C:\Mark's Python files\ME5920\IMG\robocam_2025_04_03_22_46_19_049.jpg;0;0;0;0;76.53628;72.11692;0.2071518;248.4541;0.08954138
C:\Mark's Python files\ME5920\IMG\robocam_2025_04_03_22_46_19_083.jpg;0;0;0;0;76.53628;72.11692;0.2071518;248.4541;0.08954138
C:\Mark's Python files\ME5920\IMG\robocam_2025_04_03_22_46_19_085.jpg;0;0;0;0;76.53628;72.11692;0.2071518;248.4541;0.08954138
C:\Mark's Python files\ME5920\IMG\robocam_2025_04_03_22_46_19_119.jpg;0;0;0;0;76.53628;72.11692;0.2071518;248.4541;0.08954138
C:\Mark's Python files\ME5920\IMG\robocam_2025_04_03_22_46_19_121.jpg;0;0;0;0;76.53628;72.11692;0.2071518;248.4541;0.08954138
C:\Mark's Python files\ME5920\IMG\robocam_2025_04_03_22_46_19_154.jpg;0;0;0;0;76.53628;72.11692;0.2071518;248.4541;0.08954138
C:\Mark's Python files\ME5920\IMG\robocam_2025_04_03_22_46_19_156.jpg;0;0;0;0;76.53628;72.11692;0.2071518;248.4541;0.08954138
C:\Mark's Python files\ME5920\IMG\robocam_2025_04_03_22_46_19_189.jpg;0;0;0;0;76.53628;72.11692;0.2071518;248.4541;0.08954138
C:\Mark's Python files\ME5920\IMG\robocam_2025_04_03_22_46_19_191.jpg;0;0;0;0;76.53628;72.11692;0.2071518;248.4541;0.08954138
C:\Mark's Python files\ME5920\IMG\robocam_2025_04_03_22_46_19_225.jpg;0;0;0;0;76.53628;72.11692;0.2071518;248.4541;0.08954138
C:\Mark's Python files\ME5920\IMG\robocam_2025_04_03_22_46_19_227.jpg;0;0;0;0;76.53628;72.11692;0.2071518;248.4541;0.08954138
C:\Mark's Python files\ME5920\IMG\robocam_2025_04_03_22_46_19_260.jpg;0;0;0;0;76.53628;72.11692;0.2071518;248.4541;0.08954138
C:\Mark's Python files\ME5920\IMG\robocam_2025_04_03_22_46_19_262.jpg;0;0;0;0;76.53628;72.11692;0.2071518;248.4541;0.08954138
C:\Mark's Python files\ME5920\IMG\robocam_2025_04_03_22_46_19_296.jpg;0;0;0;0;76.53628;72.11692;0.2071518;248.4541;0.08954138
C:\Mark's Python files\ME5920\IMG\robocam_2025_04_03_22_46_19_298.jpg;0;0;0;0;76.53628;72.11692;0.2071518;248.4541;0.08954138
C:\Mark's Python files\ME5920\IMG\robocam_2025_04_03_22_46_19_334.jpg;0;0;0;0;76.53628;72.11692;0.2071518;248.4541;0.08954138
C:\Mark's Python files\ME5920\IMG\robocam_2025_04_03_22_46_19_335.jpg;0;0;0;0;76.53628;72.11692;0.2071518;248.4541;0.08954138
C:\Mark's Python files\ME5920\IMG\robocam_2025_04_03_22_46_19_369.jpg;0;0;0;0;76.53628;72.11692;0.2071518;248.4541;0.08954138
C:\Mark's Python files\ME5920\IMG\robocam_2025_04_03_22_46_19_371.jpg;0;0;0;0;76.53628;72.11692;0.2071518;248.4541;0.08954138
C:\Mark's Python files\ME5920\IMG\robocam_2025_04_03_22_46_19_404.jpg;0;0;0;0;76.53628;72.11692;0.2071518;248.4541;0.08954138
C:\Mark's Python files\ME5920\IMG\robocam_2025_04_03_22_46_19_405.jpg;0;0;0;0;76.53628;72.11692;0.2071518;248.4541;0.08954138
C:\Mark's Python files\ME5920\IMG\robocam_2025_04_03_22_46_19_440.jpg;0;0;0;0;76.53628;72.11692;0.2071518;248.4541;0.08954138
C:\Mark's Python files\ME5920\IMG\robocam_2025_04_03_22_46_19_441.jpg;0;0;0;0;76.53628;72.11692;0.2071518;248.4541;0.08954138
C:\Mark's Python files\ME5920\IMG\robocam_2025_04_03_22_46_19_474.jpg;0;0;0;0;76.53628;72.11692;0.2071518;248.4541;0.08954138
C:\Mark's Python files\ME5920\IMG\robocam_2025_04_03_22_46_19_476.jpg;0;0;0;0;76.53628;72.11692;0.2071518;248.4541;0.08954138
C:\Mark's Python files\ME5920\IMG\robocam_2025_04_03_22_46_19_509.jpg;0;0;0;0;76.53628;72.11692;0.2071518;248.4541;0.08954138
C:\Mark's Python files\ME5920\IMG\robocam_2025_04_03_22_46_19_512.jpg;0;0;0;0;76.53628;72.11692;0.2071518;248.4541;0.08954138
C:\Mark's Python files\ME5920\IMG\robocam_2025_04_03_22_46_19_544.jpg;0;0;0;0;76.53628;72.11692;0.2071518;248.4541;0.08954138
C:\Mark's Python files\ME5920\IMG\robocam_2025_04_03_22_46_19_546.jpg;0;0;0;0;76.53628;72.11692;0.2071518;248.4541;0.08954138
C:\Mark's Python files\ME5920\IMG\robocam_2025_04_03_22_46_19_580.jpg;0;0;0;0;76.53628;72.11692;0.2071518;248.4541;0.08954138
C:\Mark's Python files\ME5920\IMG\robocam_2025_04_03_22_46_19_582.jpg;0;0;0;0;76.53628;72.11692;0.2071518;248.4541;0.08954138
C:\Mark's Python files\ME5920\IMG\robocam_2025_04_03_22_46_19_618.jpg;0;0;0;0;76.53628;72.11692;0.2071518;248.4541;0.08954138
C:\Mark's Python files\ME5920\IMG\robocam_2025_04_03_22_46_19_620.jpg;0;0;0;0;76.53628;72.11692;0.2071518;248.4541;0.08954138
C:\Mark's Python files\ME5920\IMG\robocam_2025_04_03_22_46_19_653.jpg;0;0;0;0;76.53628;72.11692;0.2071518;248.4541;0.08954138
C:\Mark's Python files\ME5920\IMG\robocam_2025_04_03_22_46_19_655.jpg;0;0;0;0;76.53628;72.11692;0.2071518;248.4541;0.08954138
C:\Mark's Python files\ME5920\IMG\robocam_2025_04_03_22_46_19_689.jpg;0;0;0;0;76.53628;72.11692;0.2071518;248.4541;0.08954138
C:\Mark's Python files\ME5920\IMG\robocam_2025_04_03_22_46_19_691.jpg;0;0;0;0;76.53628;72.11692;0.2071518;248.4541;0.08954138
C:\Mark's Python files\ME5920\IMG\robocam_2025_04_03_22_46_19_723.jpg;0;0;0;0;76.53628;72.11692;0.2071518;248.4541;0.08954138
C:\Mark's Python files\ME5920\IMG\robocam_2025_04_03_22_46_19_726.jpg;0;0;0;0;76.53628;72.11692;0.2071518;248.4541;0.08954138
C:\Mark's Python files\ME5920\IMG\robocam_2025_04_03_22_46_19_757.jpg;0;0;0;0;76.53628;72.11692;0.2071518;248.4541;0.08954138
C:\Mark's Python files\ME5920\IMG\robocam_2025_04_03_22_46_19_758.jpg;0;0;0;0;76.53628;72.11692;0.2071518;248.4541;0.08954138
C:\Mark's Python files\ME5920\IMG\robocam_2025_04_03_22_46_19_792.jpg;0;0;0;0;76.53628;72.11692;0.2071518;248.4541;0.08954138
C:\Mark's Python files\ME5920\IMG\robocam_2025_04_03_22_46_19_794.jpg;0;0;0;0;76.53628;72.11692;0.2071518;248.4541;0.08954138
C:\Mark's Python files\ME5920\IMG\robocam_2025_04_03_22_46_19_827.jpg;0;0;0;0;76.53628;72.11692;0.2071518;248.4541;0.08954138
C:\Mark's Python files\ME5920\IMG\robocam_2025_04_03_22_46_19_828.jpg;0;0;0;0;76.53628;72.11692;0.2071518;248.4541;0.08954138
C:\Mark's Python files\ME5920\IMG\robocam_2025_04_03_22_46_19_862.jpg;0;0;0;0;76.53628;72.11692;0.2071518;248.4541;0.08954138
C:\Mark's Python files\ME5920\IMG\robocam_2025_04_03_22_46_19_863.jpg;0;0;0;0;76.53628;72.11692;0.2071518;248.4541;0.08954138
C:\Mark's Python files\ME5920\IMG\robocam_2025_04_03_22_46_19_897.jpg;0;0;0;0;76.53628;72.11692;0.2071518;248.4541;0.08954138
C:\Mark's Python files\ME5920\IMG\robocam_2025_04_03_22_46_19_898.jpg;0;0;0;0;76.53628;72.11692;0.2071518;248.4541;0.08954138
C:\Mark's Python files\ME5920\IMG\robocam_2025_04_03_22_46_19_932.jpg;0;0;0;0;76.53628;72.11692;0.2071518;248.4541;0.08954138
C:\Mark's Python files\ME5920\IMG\robocam_2025_04_03_22_46_19_934.jpg;0;0;0;0;76.53628;72.11692;0.2071518;248.4541;0.08954138
C:\Mark's Python files\ME5920\IMG\robocam_2025_04_03_22_46_19_970.jpg;0;0;0;0;76.53628;72.11692;0.2071518;248.4541;0.08954138
C:\Mark's Python files\ME5920\IMG\robocam_2025_04_03_22_46_19_971.jpg;0;0;0;0;76.53628;72.11692;0.2071518;248.4541;0.08954138
C:\Mark's Python files\ME5920\IMG\robocam_2025_04_03_22_46_20_005.jpg;0;0;0;0;76.53628;72.11692;0.2071518;248.4541;0.08954138
C:\Mark's Python files\ME5920\IMG\robocam_2025_04_03_22_46_20_006.jpg;0;0;0;0;76.53628;72.11692;0.2071518;248.4541;0.08954138
C:\Mark's Python files\ME5920\IMG\robocam_2025_04_03_22_46_20_039.jpg;0;0;0;0;76.53628;72.11692;0.2071518;248.4541;0.08954138
C:\Mark's Python files\ME5920\IMG\robocam_2025_04_03_22_46_20_042.jpg;0;0;0;0;76.53628;72.11692;0.2071518;248.4541;0.08954138
C:\Mark's Python files\ME5920\IMG\robocam_2025_04_03_22_46_20_076.jpg;0;0;0;0;76.53628;72.11692;0.2071518;248.4541;0.08954138
C:\Mark's Python files\ME5920\IMG\robocam_2025_04_03_22_46_20_077.jpg;0;0;0;0;76.53628;72.11692;0.2071518;248.4541;0.08954138
C:\Mark's Python files\ME5920\IMG\robocam_2025_04_03_22_46_20_112.jpg;0;0;0;0;76.53628;72.11692;0.2071518;248.4541;0.08954138
C:\Mark's Python files\ME5920\IMG\robocam_2025_04_03_22_46_20_114.jpg;0;0;0;0;76.53628;72.11692;0.2071518;248.4541;0.08954138
C:\Mark's Python files\ME5920\IMG\robocam_2025_04_03_22_46_20_148.jpg;0;0;0;0;76.53628;72.11692;0.2071518;248.4541;0.08954138
C:\Mark's Python files\ME5920\IMG\robocam_2025_04_03_22_46_20_150.jpg;0;0;0;0;76.53628;72.11692;0.2071518;248.4541;0.08954138
C:\Mark's Python files\ME5920\IMG\robocam_2025_04_03_22_46_20_184.jpg;0;0;0;0;76.53628;72.11692;0.2071518;248.4541;0.08954138
C:\Mark's Python files\ME5920\IMG\robocam_2025_04_03_22_46_20_186.jpg;0;0;0;0;76.53628;72.11692;0.2071518;248.4541;0.08954138
C:\Mark's Python files\ME5920\IMG\robocam_2025_04_03_22_46_20_220.jpg;0;0;0;0;76.53628;72.11692;0.2071518;248.4541;0.08954138
C:\Mark's Python files\ME5920\IMG\robocam_2025_04_03_22_46_20_222.jpg;0;0;0;0;76.53628;72.11692;0.2071518;248.4541;0.08954138
C:\Mark's Python files\ME5920\IMG\robocam_2025_04_03_22_46_20_255.jpg;0;0;0;0;76.53628;72.11692;0.2071518;248.4541;0.08954138
C:\Mark's Python files\ME5920\IMG\robocam_2025_04_03_22_46_20_257.jpg;0;0;0;0;76.53628;72.11692;0.2071518;248.4541;0.08954138
C:\Mark's Python files\ME5920\IMG\robocam_2025_04_03_22_46_20_292.jpg;0;0;0;0;76.53628;72.11692;0.2071518;248.4541;0.08954138
C:\Mark's Python files\ME5920\IMG\robocam_2025_04_03_22_46_20_293.jpg;0;0;0;0;76.53628;72.11692;0.2071518;248.4541;0.08954138
C:\Mark's Python files\ME5920\IMG\robocam_2025_04_03_22_46_20_327.jpg;0;0;0;0;76.53628;72.11692;0.2071518;248.4541;0.08954138
C:\Mark's Python files\ME5920\IMG\robocam_2025_04_03_22_46_20_329.jpg;0;0;0;0;76.53628;72.11692;0.2071518;248.4541;0.08954138
C:\Mark's Python files\ME5920\IMG\robocam_2025_04_03_22_46_20_363.jpg;0;0;0;0;76.53628;72.11692;0.2071518;248.4541;0.08954138
C:\Mark's Python files\ME5920\IMG\robocam_2025_04_03_22_46_20_364.jpg;0;0;0;0;76.53628;72.11692;0.2071518;248.4541;0.08954138
C:\Mark's Python files\ME5920\IMG\robocam_2025_04_03_22_46_20_399.jpg;0;0;0;0;76.53628;72.11692;0.2071518;248.4541;0.08954138
C:\Mark's Python files\ME5920\IMG\robocam_2025_04_03_22_46_20_400.jpg;0;0;0;0;76.53628;72.11692;0.2071518;248.4541;0.08954138
C:\Mark's Python files\ME5920\IMG\robocam_2025_04_03_22_46_20_434.jpg;0;0;0;0;76.53628;72.11692;0.2071518;248.4541;0.08954138
C:\Mark's Python files\ME5920\IMG\robocam_2025_04_03_22_46_20_436.jpg;0;0;0;0;76.53628;72.11692;0.2071518;248.4541;0.08954138
C:\Mark's Python files\ME5920\IMG\robocam_2025_04_03_22_46_20_469.jpg;0;0;0;0;76.53628;72.11692;0.2071518;248.4541;0.08954138
C:\Mark's Python files\ME5920\IMG\robocam_2025_04_03_22_46_20_471.jpg;0;0;0;0;76.53628;72.11692;0.2071518;248.4541;0.08954138
C:\Mark's Python files\ME5920\IMG\robocam_2025_04_03_22_46_20_504.jpg;0;0;0;0;76.53628;72.11692;0.2071518;248.4541;0.08954138
C:\Mark's Python files\ME5920\IMG\robocam_2025_04_03_22_46_20_505.jpg;0;0;0;0;76.53628;72.11692;0.2071518;248.4541;0.08954138
C:\Mark's Python files\ME5920\IMG\robocam_2025_04_03_22_46_20_539.jpg;0;0;0;0;76.53628;72.11692;0.2071518;248.4541;0.08954138
C:\Mark's Python files\ME5920\IMG\robocam_2025_04_03_22_46_20_541.jpg;0;0;0;0;76.53628;72.11692;0.2071518;248.4541;0.08954138
C:\Mark's Python files\ME5920\IMG\robocam_2025_04_03_22_46_20_574.jpg;0;0;0;0;76.53628;72.11692;0.2071518;248.4541;0.08954138
C:\Mark's Python files\ME5920\IMG\robocam_2025_04_03_22_46_20_576.jpg;0;0;0;0;76.53628;72.11692;0.2071518;248.4541;0.08954138
C:\Mark's Python files\ME5920\IMG\robocam_2025_04_03_22_46_20_611.jpg;0;0;0;0;76.53628;72.11692;0.2071518;248.4541;0.08954138
C:\Mark's Python files\ME5920\IMG\robocam_2025_04_03_22_46_20_613.jpg;0;0;0;0;76.53628;72.11692;0.2071518;248.4541;0.08954138
C:\Mark's Python files\ME5920\IMG\robocam_2025_04_03_22_46_20_646.jpg;0;0;0;0;76.53628;72.11692;0.2071518;248.4541;0.08954138
C:\Mark's Python files\ME5920\IMG\robocam_2025_04_03_22_46_20_648.jpg;0;0;0;0;76.53628;72.11692;0.2071518;248.4541;0.08954138
C:\Mark's Python files\ME5920\IMG\robocam_2025_04_03_22_46_20_683.jpg;0;0;0;0;76.53628;72.11692;0.2071518;248.4541;0.08954138
C:\Mark's Python files\ME5920\IMG\robocam_2025_04_03_22_46_20_684.jpg;0;0;0;0;76.53628;72.11692;0.2071518;248.4541;0.08954138
C:\Mark's Python files\ME5920\IMG\robocam_2025_04_03_22_46_20_721.jpg;0;0;0;0;76.53628;72.11692;0.2071518;248.4541;0.08954138
C:\Mark's Python files\ME5920\IMG\robocam_2025_04_03_22_46_20_722.jpg;0;0;0;0;76.53628;72.11692;0.2071518;248.4541;0.08954138
C:\Mark's Python files\ME5920\IMG\robocam_2025_04_03_22_46_20_756.jpg;0;0;0;0;76.53628;72.11692;0.2071518;248.4541;0.08954138
C:\Mark's Python files\ME5920\IMG\robocam_2025_04_03_22_46_20_757.jpg;0;0;0;0;76.53628;72.11692;0.2071518;248.4541;0.08954138
C:\Mark's Python files\ME5920\IMG\robocam_2025_04_03_22_46_20_792.jpg;0;0;0;0;76.53628;72.11692;0.2071518;248.4541;0.08954138
C:\Mark's Python files\ME5920\IMG\robocam_2025_04_03_22_46_20_793.jpg;0;0;0;0;76.53628;72.11692;0.2071518;248.4541;0.08954138
C:\Mark's Python files\ME5920\IMG\robocam_2025_04_03_22_46_20_827.jpg;0;0;0;0;76.53628;72.11692;0.2071518;248.4541;0.08954138
C:\Mark's Python files\ME5920\IMG\robocam_2025_04_03_22_46_20_829.jpg;0;0;0;0;76.53628;72.11692;0.2071518;248.4541;0.08954138
C:\Mark's Python files\ME5920\IMG\robocam_2025_04_03_22_46_20_863.jpg;0;0;0;0;76.53628;72.11692;0.2071518;248.4541;0.08954138
C:\Mark's Python files\ME5920\IMG\robocam_2025_04_03_22_46_20_865.jpg;0;0;0;0;76.53628;72.11692;0.2071518;248.4541;0.08954138
C:\Mark's Python files\ME5920\IMG\robocam_2025_04_03_22_46_20_897.jpg;0;0;0;0;76.53628;72.11692;0.2071518;248.4541;0.08954138
C:\Mark's Python files\ME5920\IMG\robocam_2025_04_03_22_46_20_900.jpg;0;0;0;0;76.53628;72.11692;0.2071518;248.4541;0.08954138
C:\Mark's Python files\ME5920\IMG\robocam_2025_04_03_22_46_20_933.jpg;0;0;0;0;76.53628;72.11692;0.2071518;248.4541;0.08954138
C:\Mark's Python files\ME5920\IMG\robocam_2025_04_03_22_46_20_935.jpg;0;0;0;0;76.53628;72.11692;0.2071518;248.4541;0.08954138
C:\Mark's Python files\ME5920\IMG\robocam_2025_04_03_22_46_20_970.jpg;0;0;0;0;76.53628;72.11692;0.2071518;248.4541;0.08954138
C:\Mark's Python files\ME5920\IMG\robocam_2025_04_03_22_46_20_972.jpg;0;0;0;0;76.53628;72.11692;0.2071518;248.4541;0.08954138
C:\Mark's Python files\ME5920\IMG\robocam_2025_04_03_22_46_21_006.jpg;0;0;0;0;76.53628;72.11692;0.2071518;248.4541;0.08954138
C:\Mark's Python files\ME5920\IMG\robocam_2025_04_03_22_46_21_007.jpg;0;0;0;0;76.53628;72.11692;0.2071518;248.4541;0.08954138
C:\Mark's Python files\ME5920\IMG\robocam_2025_04_03_22_46_21_042.jpg;0;0;0;0;76.53628;72.11692;0.2071518;248.4541;0.08954138
C:\Mark's Python files\ME5920\IMG\robocam_2025_04_03_22_46_21_043.jpg;0;0;0;0;76.53628;72.11692;0.2071518;248.4541;0.08954138
C:\Mark's Python files\ME5920\IMG\robocam_2025_04_03_22_46_21_077.jpg;0;0;0;0;76.53628;72.11692;0.2071518;248.4541;0.08954138
C:\Mark's Python files\ME5920\IMG\robocam_2025_04_03_22_46_21_079.jpg;0;0;0;0;76.53628;72.11692;0.2071518;248.4541;0.08954138
C:\Mark's Python files\ME5920\IMG\robocam_2025_04_03_22_46_21_114.jpg;0;0;0;0;76.53628;72.11692;0.2071518;248.4541;0.08954138
C:\Mark's Python files\ME5920\IMG\robocam_2025_04_03_22_46_21_115.jpg;0;0;0;0;76.53628;72.11692;0.2071518;248.4541;0.08954138
C:\Mark's Python files\ME5920\IMG\robocam_2025_04_03_22_46_21_150.jpg;0;0;0;0;76.53628;72.11692;0.2071518;248.4541;0.08954138
C:\Mark's Python files\ME5920\IMG\robocam_2025_04_03_22_46_21_152.jpg;0;0;0;0;76.53628;72.11692;0.2071518;248.4541;0.08954138
C:\Mark's Python files\ME5920\IMG\robocam_2025_04_03_22_46_21_185.jpg;0;0;0;0;76.53628;72.11692;0.2071518;248.4541;0.08954138
C:\Mark's Python files\ME5920\IMG\robocam_2025_04_03_22_46_21_186.jpg;0;0;0;0;76.53628;72.11692;0.2071518;248.4541;0.08954138
C:\Mark's Python files\ME5920\IMG\robocam_2025_04_03_22_46_21_222.jpg;0;0;0;0;76.53628;72.11692;0.2071518;248.4541;0.08954138
C:\Mark's Python files\ME5920\IMG\robocam_2025_04_03_22_46_21_223.jpg;0;0;0;0;76.53628;72.11692;0.2071518;248.4541;0.08954138
C:\Mark's Python files\ME5920\IMG\robocam_2025_04_03_22_46_21_258.jpg;0;0;0;0;76.53628;72.11692;0.2071518;248.4541;0.08954138
C:\Mark's Python files\ME5920\IMG\robocam_2025_04_03_22_46_21_259.jpg;0;0;0;0;76.53628;72.11692;0.2071518;248.4541;0.08954138
C:\Mark's Python files\ME5920\IMG\robocam_2025_04_03_22_46_21_295.jpg;0;0;0;0;76.53628;72.11692;0.2071518;248.4541;0.08954138
C:\Mark's Python files\ME5920\IMG\robocam_2025_04_03_22_46_21_297.jpg;0;0;0;0;76.53628;72.11692;0.2071518;248.4541;0.08954138
C:\Mark's Python files\ME5920\IMG\robocam_2025_04_03_22_46_21_330.jpg;0;0;0;0;76.53628;72.11692;0.2071518;248.4541;0.08954138
C:\Mark's Python files\ME5920\IMG\robocam_2025_04_03_22_46_21_331.jpg;0;0;0;0;76.53628;72.11692;0.2071518;248.4541;0.08954138
C:\Mark's Python files\ME5920\IMG\robocam_2025_04_03_22_46_21_366.jpg;0;0;0;0;76.53628;72.11692;0.2071518;248.4541;0.08954138
C:\Mark's Python files\ME5920\IMG\robocam_2025_04_03_22_46_21_368.jpg;0;0;0;0;76.53628;72.11692;0.2071518;248.4541;0.08954138
C:\Mark's Python files\ME5920\IMG\robocam_2025_04_03_22_46_21_402.jpg;0;0;0;0;76.53628;72.11692;0.2071518;248.4541;0.08954138
C:\Mark's Python files\ME5920\IMG\robocam_2025_04_03_22_46_21_404.jpg;0;0;0;0;76.53628;72.11692;0.2071518;248.4541;0.08954138
C:\Mark's Python files\ME5920\IMG\robocam_2025_04_03_22_46_21_436.jpg;0;0;0;0;76.53628;72.11692;0.2071518;248.4541;0.08954138
C:\Mark's Python files\ME5920\IMG\robocam_2025_04_03_22_46_21_439.jpg;0;0;0;0;76.53628;72.11692;0.2071518;248.4541;0.08954138
C:\Mark's Python files\ME5920\IMG\robocam_2025_04_03_22_46_21_471.jpg;0;0;0;0;76.53628;72.11692;0.2071518;248.4541;0.08954138
C:\Mark's Python files\ME5920\IMG\robocam_2025_04_03_22_46_21_474.jpg;0;0;0;0;76.53628;72.11692;0.2071518;248.4541;0.08954138
C:\Mark's Python files\ME5920\IMG\robocam_2025_04_03_22_46_21_506.jpg;0;0;0;0;76.53628;72.11692;0.2071518;248.4541;0.08954138
C:\Mark's Python files\ME5920\IMG\robocam_2025_04_03_22_46_21_508.jpg;0;0;0;0;76.53628;72.11692;0.2071518;248.4541;0.08954138
C:\Mark's Python files\ME5920\IMG\robocam_2025_04_03_22_46_21_541.jpg;0;0;0;0;76.53628;72.11692;0.2071518;248.4541;0.08954138
C:\Mark's Python files\ME5920\IMG\robocam_2025_04_03_22_46_21_543.jpg;0;0;0;0;76.53628;72.11692;0.2071518;248.4541;0.08954138
C:\Mark's Python files\ME5920\IMG\robocam_2025_04_03_22_46_21_576.jpg;0;0;0;0;76.53628;72.11692;0.2071518;248.4541;0.08954138
C:\Mark's Python files\ME5920\IMG\robocam_2025_04_03_22_46_21_578.jpg;0;0;0;0;76.53628;72.11692;0.2071518;248.4541;0.08954138
C:\Mark's Python files\ME5920\IMG\robocam_2025_04_03_22_46_21_611.jpg;0;0;0;0;76.53628;72.11692;0.2071518;248.4541;0.08954138
C:\Mark's Python files\ME5920\IMG\robocam_2025_04_03_22_46_21_613.jpg;0;0;0;0;76.53628;72.11692;0.2071518;248.4541;0.08954138
C:\Mark's Python files\ME5920\IMG\robocam_2025_04_03_22_46_21_646.jpg;0;0;0;0;76.53628;72.11692;0.2071518;248.4541;0.08954138
C:\Mark's Python files\ME5920\IMG\robocam_2025_04_03_22_46_21_647.jpg;0;0;0;0;76.53628;72.11692;0.2071518;248.4541;0.08954138
C:\Mark's Python files\ME5920\IMG\robocam_2025_04_03_22_46_21_682.jpg;0;0;0;0;76.53628;72.11692;0.2071518;248.4541;0.08954138
C:\Mark's Python files\ME5920\IMG\robocam_2025_04_03_22_46_21_684.jpg;0;0;0;0;76.53628;72.11692;0.2071518;248.4541;0.08954138
C:\Mark's Python files\ME5920\IMG\robocam_2025_04_03_22_46_21_719.jpg;0;0;0;0;76.53628;72.11692;0.2071518;248.4541;0.08954138
C:\Mark's Python files\ME5920\IMG\robocam_2025_04_03_22_46_21_720.jpg;0;0;0;0;76.53628;72.11692;0.2071518;248.4541;0.08954138
C:\Mark's Python files\ME5920\IMG\robocam_2025_04_03_22_46_21_753.jpg;0;0;0;0;76.53628;72.11692;0.2071518;248.4541;0.08954138
C:\Mark's Python files\ME5920\IMG\robocam_2025_04_03_22_46_21_754.jpg;0;0;0;0;76.53628;72.11692;0.2071518;248.4541;0.08954138
C:\Mark's Python files\ME5920\IMG\robocam_2025_04_03_22_46_21_788.jpg;0;0;0;0;76.53628;72.11692;0.2071518;248.4541;0.08954138
C:\Mark's Python files\ME5920\IMG\robocam_2025_04_03_22_46_21_789.jpg;0;0;0;0;76.53628;72.11692;0.2071518;248.4541;0.08954138
C:\Mark's Python files\ME5920\IMG\robocam_2025_04_03_22_46_21_825.jpg;0;0;0;0;76.53628;72.11692;0.2071518;248.4541;0.08954138
C:\Mark's Python files\ME5920\IMG\robocam_2025_04_03_22_46_21_826.jpg;0;0;0;0;76.53628;72.11692;0.2071518;248.4541;0.08954138
C:\Mark's Python files\ME5920\IMG\robocam_2025_04_03_22_46_21_861.jpg;0;0;0;0;76.53628;72.11692;0.2071518;248.4541;0.08954138
C:\Mark's Python files\ME5920\IMG\robocam_2025_04_03_22_46_21_862.jpg;0;0;0;0;76.53628;72.11692;0.2071518;248.4541;0.08954138
C:\Mark's Python files\ME5920\IMG\robocam_2025_04_03_22_46_21_895.jpg;0;0;0;0;76.53628;72.11692;0.2071518;248.4541;0.08954138
C:\Mark's Python files\ME5920\IMG\robocam_2025_04_03_22_46_21_896.jpg;0;0;0;0;76.53628;72.11692;0.2071518;248.4541;0.08954138
C:\Mark's Python files\ME5920\IMG\robocam_2025_04_03_22_46_21_931.jpg;0;0;0;0;76.53628;72.11692;0.2071518;248.4541;0.08954138
C:\Mark's Python files\ME5920\IMG\robocam_2025_04_03_22_46_21_932.jpg;0;0;0;0;76.53628;72.11692;0.2071518;248.4541;0.08954138
C:\Mark's Python files\ME5920\IMG\robocam_2025_04_03_22_46_21_969.jpg;0;0;0;0;76.53628;72.11692;0.2071518;248.4541;0.08954138
C:\Mark's Python files\ME5920\IMG\robocam_2025_04_03_22_46_21_971.jpg;0;0;0;0;76.53628;72.11692;0.2071518;248.4541;0.08954138
C:\Mark's Python files\ME5920\IMG\robocam_2025_04_03_22_46_22_004.jpg;0;0;0;0;76.53628;72.11692;0.2071518;248.4541;0.08954138
C:\Mark's Python files\ME5920\IMG\robocam_2025_04_03_22_46_22_006.jpg;0;0;0;0;76.53628;72.11692;0.2071518;248.4541;0.08954138
C:\Mark's Python files\ME5920\IMG\robocam_2025_04_03_22_46_22_041.jpg;0;0;0;0;76.53628;72.11692;0.2071518;248.4541;0.08954138
C:\Mark's Python files\ME5920\IMG\robocam_2025_04_03_22_46_22_043.jpg;0;0;0;0;76.53628;72.11692;0.2071518;248.4541;0.08954138
C:\Mark's Python files\ME5920\IMG\robocam_2025_04_03_22_46_22_078.jpg;0;0;0;0;76.53628;72.11692;0.2071518;248.4541;0.08954138
C:\Mark's Python files\ME5920\IMG\robocam_2025_04_03_22_46_22_079.jpg;0;0;0;0;76.53628;72.11692;0.2071518;248.4541;0.08954138
C:\Mark's Python files\ME5920\IMG\robocam_2025_04_03_22_46_22_115.jpg;0;0;0;0;76.53628;72.11692;0.2071518;248.4541;0.08954138
C:\Mark's Python files\ME5920\IMG\robocam_2025_04_03_22_46_22_117.jpg;0;0;0;0;76.53628;72.11692;0.2071518;248.4541;0.08954138
C:\Mark's Python files\ME5920\IMG\robocam_2025_04_03_22_46_22_150.jpg;0;0;0;0;76.53628;72.11692;0.2071518;248.4541;0.08954138
C:\Mark's Python files\ME5920\IMG\robocam_2025_04_03_22_46_22_152.jpg;0;0;0;0;76.53628;72.11692;0.2071518;248.4541;0.08954138
C:\Mark's Python files\ME5920\IMG\robocam_2025_04_03_22_46_22_185.jpg;0;0;0;0;76.53628;72.11692;0.2071518;248.4541;0.08954138
C:\Mark's Python files\ME5920\IMG\robocam_2025_04_03_22_46_22_186.jpg;0;0;0;0;76.53628;72.11692;0.2071518;248.4541;0.08954138
C:\Mark's Python files\ME5920\IMG\robocam_2025_04_03_22_46_22_220.jpg;0;0;0;0;76.53628;72.11692;0.2071518;248.4541;0.08954138
C:\Mark's Python files\ME5920\IMG\robocam_2025_04_03_22_46_22_221.jpg;0;0;0;0;76.53628;72.11692;0.2071518;248.4541;0.08954138
C:\Mark's Python files\ME5920\IMG\robocam_2025_04_03_22_46_22_255.jpg;0;0;0;0;76.53628;72.11692;0.2071518;248.4541;0.08954138
C:\Mark's Python files\ME5920\IMG\robocam_2025_04_03_22_46_22_256.jpg;0;0;0;0;76.53628;72.11692;0.2071518;248.4541;0.08954138
C:\Mark's Python files\ME5920\IMG\robocam_2025_04_03_22_46_22_289.jpg;0;0;0;0;76.53628;72.11692;0.2071518;248.4541;0.08954138
C:\Mark's Python files\ME5920\IMG\robocam_2025_04_03_22_46_22_291.jpg;0;0;0;0;76.53628;72.11692;0.2071518;248.4541;0.08954138
C:\Mark's Python files\ME5920\IMG\robocam_2025_04_03_22_46_22_323.jpg;0;0;0;0;76.53628;72.11692;0.2071518;248.4541;0.08954138
C:\Mark's Python files\ME5920\IMG\robocam_2025_04_03_22_46_22_325.jpg;0;0;0;0;76.53628;72.11692;0.2071518;248.4541;0.08954138
C:\Mark's Python files\ME5920\IMG\robocam_2025_04_03_22_46_22_358.jpg;0;0;0;0;76.53628;72.11692;0.2071518;248.4541;0.08954138
C:\Mark's Python files\ME5920\IMG\robocam_2025_04_03_22_46_22_360.jpg;0;0;0;0;76.53628;72.11692;0.2071518;248.4541;0.08954138
C:\Mark's Python files\ME5920\IMG\robocam_2025_04_03_22_46_22_391.jpg;0;0;0;0;76.53628;72.11692;0.2071518;248.4541;0.08954138
C:\Mark's Python files\ME5920\IMG\robocam_2025_04_03_22_46_22_395.jpg;0;0;0;0;76.53628;72.11692;0.2071518;248.4541;0.08954138
C:\Mark's Python files\ME5920\IMG\robocam_2025_04_03_22_46_22_426.jpg;0;0;0;0;76.53628;72.11692;0.2071518;248.4541;0.08954138
C:\Mark's Python files\ME5920\IMG\robocam_2025_04_03_22_46_22_428.jpg;0;0;0;0;76.53628;72.11692;0.2071518;248.4541;0.08954138
C:\Mark's Python files\ME5920\IMG\robocam_2025_04_03_22_46_22_460.jpg;0;0;0;0;76.53628;72.11692;0.2071518;248.4541;0.08954138
C:\Mark's Python files\ME5920\IMG\robocam_2025_04_03_22_46_22_464.jpg;0;0;0;0;76.53628;72.11692;0.2071518;248.4541;0.08954138
C:\Mark's Python files\ME5920\IMG\robocam_2025_04_03_22_46_22_496.jpg;0;0;0;0;76.53628;72.11692;0.2071518;248.4541;0.08954138
C:\Mark's Python files\ME5920\IMG\robocam_2025_04_03_22_46_22_498.jpg;0;0;0;0;76.53628;72.11692;0.2071518;248.4541;0.08954138
C:\Mark's Python files\ME5920\IMG\robocam_2025_04_03_22_46_22_532.jpg;0;0;0;0;76.53628;72.11692;0.2071518;248.4541;0.08954138
C:\Mark's Python files\ME5920\IMG\robocam_2025_04_03_22_46_22_534.jpg;0;0;0;0;76.53628;72.11692;0.2071518;248.4541;0.08954138
C:\Mark's Python files\ME5920\IMG\robocam_2025_04_03_22_46_22_567.jpg;0;0;0;0;76.53628;72.11692;0.2071518;248.4541;0.08954138
C:\Mark's Python files\ME5920\IMG\robocam_2025_04_03_22_46_22_570.jpg;0;0;0;0;76.53628;72.11692;0.2071518;248.4541;0.08954138
C:\Mark's Python files\ME5920\IMG\robocam_2025_04_03_22_46_22_603.jpg;0;0;0;0;76.53628;72.11692;0.2071518;248.4541;0.08954138
C:\Mark's Python files\ME5920\IMG\robocam_2025_04_03_22_46_22_604.jpg;0;0;0;0;76.53628;72.11692;0.2071518;248.4541;0.08954138
C:\Mark's Python files\ME5920\IMG\robocam_2025_04_03_22_46_22_638.jpg;0;0;0;0;76.53628;72.11692;0.2071518;248.4541;0.08954138
C:\Mark's Python files\ME5920\IMG\robocam_2025_04_03_22_46_22_639.jpg;0;0;0;0;76.53628;72.11692;0.2071518;248.4541;0.08954138
C:\Mark's Python files\ME5920\IMG\robocam_2025_04_03_22_46_22_673.jpg;0;0;0;0;76.53628;72.11692;0.2071518;248.4541;0.08954138
C:\Mark's Python files\ME5920\IMG\robocam_2025_04_03_22_46_22_675.jpg;0;0;0;0;76.53628;72.11692;0.2071518;248.4541;0.08954138
C:\Mark's Python files\ME5920\IMG\robocam_2025_04_03_22_46_22_708.jpg;0;0;0;0;76.53628;72.11692;0.2071518;248.4541;0.08954138
C:\Mark's Python files\ME5920\IMG\robocam_2025_04_03_22_46_22_710.jpg;0;0;0;0;76.53628;72.11692;0.2071518;248.4541;0.08954138
C:\Mark's Python files\ME5920\IMG\robocam_2025_04_03_22_46_22_743.jpg;0;0;0;0;76.53628;72.11692;0.2071518;248.4541;0.08954138
C:\Mark's Python files\ME5920\IMG\robocam_2025_04_03_22_46_22_745.jpg;0;0;0;0;76.53628;72.11692;0.2071518;248.4541;0.08954138
C:\Mark's Python files\ME5920\IMG\robocam_2025_04_03_22_46_22_779.jpg;0;0;0;0;76.53628;72.11692;0.2071518;248.4541;0.08954138
C:\Mark's Python files\ME5920\IMG\robocam_2025_04_03_22_46_22_780.jpg;0;0;0;0;76.53628;72.11692;0.2071518;248.4541;0.08954138
C:\Mark's Python files\ME5920\IMG\robocam_2025_04_03_22_46_22_816.jpg;0;0;0;0;76.53628;72.11692;0.2071518;248.4541;0.08954138
C:\Mark's Python files\ME5920\IMG\robocam_2025_04_03_22_46_22_818.jpg;0;0;0;0;76.53628;72.11692;0.2071518;248.4541;0.08954138
C:\Mark's Python files\ME5920\IMG\robocam_2025_04_03_22_46_22_853.jpg;0;0;0;0;76.53628;72.11692;0.2071518;248.4541;0.08954138
C:\Mark's Python files\ME5920\IMG\robocam_2025_04_03_22_46_22_855.jpg;0;0;0;0;76.53628;72.11692;0.2071518;248.4541;0.08954138
C:\Mark's Python files\ME5920\IMG\robocam_2025_04_03_22_46_22_888.jpg;0;0;0;0;76.53628;72.11692;0.2071518;248.4541;0.08954138
C:\Mark's Python files\ME5920\IMG\robocam_2025_04_03_22_46_22_891.jpg;0;0;0;0;76.53628;72.11692;0.2071518;248.4541;0.08954138
C:\Mark's Python files\ME5920\IMG\robocam_2025_04_03_22_46_22_923.jpg;0;0;0;0;76.53628;72.11692;0.2071518;248.4541;0.08954138
C:\Mark's Python files\ME5920\IMG\robocam_2025_04_03_22_46_22_925.jpg;0;0;0;0;76.53628;72.11692;0.2071518;248.4541;0.08954138
C:\Mark's Python files\ME5920\IMG\robocam_2025_04_03_22_46_22_960.jpg;0;0;0;0;76.53628;72.11692;0.2071518;248.4541;0.08954138
C:\Mark's Python files\ME5920\IMG\robocam_2025_04_03_22_46_22_962.jpg;0;0;0;0;76.53628;72.11692;0.2071518;248.4541;0.08954138
C:\Mark's Python files\ME5920\IMG\robocam_2025_04_03_22_46_22_994.jpg;0;0;0;0;76.53628;72.11692;0.2071518;248.4541;0.08954138
C:\Mark's Python files\ME5920\IMG\robocam_2025_04_03_22_46_22_997.jpg;0;0;0;0;76.53628;72.11692;0.2071518;248.4541;0.08954138
C:\Mark's Python files\ME5920\IMG\robocam_2025_04_03_22_46_23_029.jpg;0;0;0;0;76.53628;72.11692;0.2071518;248.4541;0.08954138
C:\Mark's Python files\ME5920\IMG\robocam_2025_04_03_22_46_23_032.jpg;0;0;0;0;76.53628;72.11692;0.2071518;248.4541;0.08954138
C:\Mark's Python files\ME5920\IMG\robocam_2025_04_03_22_46_23_065.jpg;0;0;0;0;76.53628;72.11692;0.2071518;248.4541;0.08954138
C:\Mark's Python files\ME5920\IMG\robocam_2025_04_03_22_46_23_067.jpg;0;0;0;0;76.53628;72.11692;0.2071518;248.4541;0.08954138
C:\Mark's Python files\ME5920\IMG\robocam_2025_04_03_22_46_23_102.jpg;0;0;0;0;76.53628;72.11692;0.2071518;248.4541;0.08954138
C:\Mark's Python files\ME5920\IMG\robocam_2025_04_03_22_46_23_104.jpg;0;0;0;0;76.53628;72.11692;0.2071518;248.4541;0.08954138
C:\Mark's Python files\ME5920\IMG\robocam_2025_04_03_22_46_23_138.jpg;0;0;0;0;76.53628;72.11692;0.2071518;248.4541;0.08954138
C:\Mark's Python files\ME5920\IMG\robocam_2025_04_03_22_46_23_139.jpg;0;0;0;0;76.53628;72.11692;0.2071518;248.4541;0.08954138
C:\Mark's Python files\ME5920\IMG\robocam_2025_04_03_22_46_23_173.jpg;0;0;0;0;76.53628;72.11692;0.2071518;248.4541;0.08954138
C:\Mark's Python files\ME5920\IMG\robocam_2025_04_03_22_46_23_175.jpg;0;0;0;0;76.53628;72.11692;0.2071518;248.4541;0.08954138
C:\Mark's Python files\ME5920\IMG\robocam_2025_04_03_22_46_23_209.jpg;0;0;0;0;76.53628;72.11692;0.2071518;248.4541;0.08954138
C:\Mark's Python files\ME5920\IMG\robocam_2025_04_03_22_46_23_211.jpg;0;0;0;0;76.53628;72.11692;0.2071518;248.4541;0.08954138
C:\Mark's Python files\ME5920\IMG\robocam_2025_04_03_22_46_23_248.jpg;0;0;0;0;76.53628;72.11692;0.2071518;248.4541;0.08954138
C:\Mark's Python files\ME5920\IMG\robocam_2025_04_03_22_46_23_250.jpg;0;0;0;0;76.53628;72.11692;0.2071518;248.4541;0.08954138
C:\Mark's Python files\ME5920\IMG\robocam_2025_04_03_22_46_23_283.jpg;0;0;0;0;76.53628;72.11692;0.2071518;248.4541;0.08954138
C:\Mark's Python files\ME5920\IMG\robocam_2025_04_03_22_46_23_285.jpg;0;0;0;0;76.53628;72.11692;0.2071518;248.4541;0.08954138
C:\Mark's Python files\ME5920\IMG\robocam_2025_04_03_22_46_23_319.jpg;0;0;0;0;76.53628;72.11692;0.2071518;248.4541;0.08954138
C:\Mark's Python files\ME5920\IMG\robocam_2025_04_03_22_46_23_321.jpg;0;0;0;0;76.53628;72.11692;0.2071518;248.4541;0.08954138
C:\Mark's Python files\ME5920\IMG\robocam_2025_04_03_22_46_23_355.jpg;0;0;0;0;76.53628;72.11692;0.2071518;248.4541;0.08954138
C:\Mark's Python files\ME5920\IMG\robocam_2025_04_03_22_46_23_356.jpg;0;0;0;0;76.53628;72.11692;0.2071518;248.4541;0.08954138
C:\Mark's Python files\ME5920\IMG\robocam_2025_04_03_22_46_23_391.jpg;0;0;0;0;76.53628;72.11692;0.2071518;248.4541;0.08954138
C:\Mark's Python files\ME5920\IMG\robocam_2025_04_03_22_46_23_392.jpg;0;0;0;0;76.53628;72.11692;0.2071518;248.4541;0.08954138
C:\Mark's Python files\ME5920\IMG\robocam_2025_04_03_22_46_23_426.jpg;0;0;0;0;76.53628;72.11692;0.2071518;248.4541;0.08954138
C:\Mark's Python files\ME5920\IMG\robocam_2025_04_03_22_46_23_429.jpg;0;0;0;0;76.53628;72.11692;0.2071518;248.4541;0.08954138
C:\Mark's Python files\ME5920\IMG\robocam_2025_04_03_22_46_23_463.jpg;0;0;0;0;76.53628;72.11692;0.2071518;248.4541;0.08954138
C:\Mark's Python files\ME5920\IMG\robocam_2025_04_03_22_46_23_465.jpg;0;0;0;0;76.53628;72.11692;0.2071518;248.4541;0.08954138
C:\Mark's Python files\ME5920\IMG\robocam_2025_04_03_22_46_23_498.jpg;0;0;0;0;76.53628;72.11692;0.2071518;248.4541;0.08954138
C:\Mark's Python files\ME5920\IMG\robocam_2025_04_03_22_46_23_501.jpg;0;0;0;0;76.53628;72.11692;0.2071518;248.4541;0.08954138
C:\Mark's Python files\ME5920\IMG\robocam_2025_04_03_22_46_23_536.jpg;0;0;0;0;76.53628;72.11692;0.2071518;248.4541;0.08954138
C:\Mark's Python files\ME5920\IMG\robocam_2025_04_03_22_46_23_537.jpg;0;0;0;0;76.53628;72.11692;0.2071518;248.4541;0.08954138
C:\Mark's Python files\ME5920\IMG\robocam_2025_04_03_22_46_23_572.jpg;0;0;0;0;76.53628;72.11692;0.2071518;248.4541;0.08954138
C:\Mark's Python files\ME5920\IMG\robocam_2025_04_03_22_46_23_574.jpg;0;0;0;0;76.53628;72.11692;0.2071518;248.4541;0.08954138
C:\Mark's Python files\ME5920\IMG\robocam_2025_04_03_22_46_23_606.jpg;0;0;0;0;76.53628;72.11692;0.2071518;248.4541;0.08954138
C:\Mark's Python files\ME5920\IMG\robocam_2025_04_03_22_46_23_607.jpg;0;0;0;0;76.53628;72.11692;0.2071518;248.4541;0.08954138
C:\Mark's Python files\ME5920\IMG\robocam_2025_04_03_22_46_23_641.jpg;0;0;0;0;76.53628;72.11692;0.2071518;248.4541;0.08954138
C:\Mark's Python files\ME5920\IMG\robocam_2025_04_03_22_46_23_642.jpg;0;0;0;0;76.53628;72.11692;0.2071518;248.4541;0.08954138
C:\Mark's Python files\ME5920\IMG\robocam_2025_04_03_22_46_23_676.jpg;0;0;0;0;76.53628;72.11692;0.2071518;248.4541;0.08954138
C:\Mark's Python files\ME5920\IMG\robocam_2025_04_03_22_46_23_677.jpg;0;0;0;0;76.53628;72.11692;0.2071518;248.4541;0.08954138
C:\Mark's Python files\ME5920\IMG\robocam_2025_04_03_22_46_23_712.jpg;0;0;0;0;76.53628;72.11692;0.2071518;248.4541;0.08954138
C:\Mark's Python files\ME5920\IMG\robocam_2025_04_03_22_46_23_715.jpg;0;0;0;0;76.53628;72.11692;0.2071518;248.4541;0.08954138
C:\Mark's Python files\ME5920\IMG\robocam_2025_04_03_22_46_23_751.jpg;0;0;0;0;76.53628;72.11692;0.2071518;248.4541;0.08954138
C:\Mark's Python files\ME5920\IMG\robocam_2025_04_03_22_46_23_752.jpg;0;0;0;0;76.53628;72.11692;0.2071518;248.4541;0.08954138
C:\Mark's Python files\ME5920\IMG\robocam_2025_04_03_22_46_23_787.jpg;0;0;0;0;76.53628;72.11692;0.2071518;248.4541;0.08954138
C:\Mark's Python files\ME5920\IMG\robocam_2025_04_03_22_46_23_790.jpg;0;0;0;0;76.53628;72.11692;0.2071518;248.4541;0.08954138
C:\Mark's Python files\ME5920\IMG\robocam_2025_04_03_22_46_23_823.jpg;0;0;0;0;76.53628;72.11692;0.2071518;248.4541;0.08954138
C:\Mark's Python files\ME5920\IMG\robocam_2025_04_03_22_46_23_824.jpg;0;0;0;0;76.53628;72.11692;0.2071518;248.4541;0.08954138
C:\Mark's Python files\ME5920\IMG\robocam_2025_04_03_22_46_23_860.jpg;0;0;0;0;76.53628;72.11692;0.2071518;248.4541;0.08954138
C:\Mark's Python files\ME5920\IMG\robocam_2025_04_03_22_46_23_862.jpg;0;0;0;0;76.53628;72.11692;0.2071518;248.4541;0.08954138
C:\Mark's Python files\ME5920\IMG\robocam_2025_04_03_22_46_23_895.jpg;0;0;0;0;76.53628;72.11692;0.2071518;248.4541;0.08954138
C:\Mark's Python files\ME5920\IMG\robocam_2025_04_03_22_46_23_897.jpg;0;0;0;0;76.53628;72.11692;0.2071518;248.4541;0.08954138
C:\Mark's Python files\ME5920\IMG\robocam_2025_04_03_22_46_23_930.jpg;0;0;0;0;76.53628;72.11692;0.2071518;248.4541;0.08954138
C:\Mark's Python files\ME5920\IMG\robocam_2025_04_03_22_46_23_932.jpg;0;0;0;0;76.53628;72.11692;0.2071518;248.4541;0.08954138
C:\Mark's Python files\ME5920\IMG\robocam_2025_04_03_22_46_23_966.jpg;0;0;0;0;76.53628;72.11692;0.2071518;248.4541;0.08954138
C:\Mark's Python files\ME5920\IMG\robocam_2025_04_03_22_46_23_967.jpg;0;0;0;0;76.53628;72.11692;0.2071518;248.4541;0.08954138
C:\Mark's Python files\ME5920\IMG\robocam_2025_04_03_22_46_24_000.jpg;0;0;0;0;76.53628;72.11692;0.2071518;248.4541;0.08954138
C:\Mark's Python files\ME5920\IMG\robocam_2025_04_03_22_46_24_002.jpg;0;0;0;0;76.53628;72.11692;0.2071518;248.4541;0.08954138
C:\Mark's Python files\ME5920\IMG\robocam_2025_04_03_22_46_24_037.jpg;0;0;0;0;76.53628;72.11692;0.2071518;248.4541;0.08954138
C:\Mark's Python files\ME5920\IMG\robocam_2025_04_03_22_46_24_038.jpg;0;0;0;0;76.53628;72.11692;0.2071518;248.4541;0.08954138
C:\Mark's Python files\ME5920\IMG\robocam_2025_04_03_22_46_24_074.jpg;0;0;0;0;76.53628;72.11692;0.2071518;248.4541;0.08954138
C:\Mark's Python files\ME5920\IMG\robocam_2025_04_03_22_46_24_076.jpg;0;0;0;0;76.53628;72.11692;0.2071518;248.4541;0.08954138
C:\Mark's Python files\ME5920\IMG\robocam_2025_04_03_22_46_24_109.jpg;0;0;0;0;76.53628;72.11692;0.2071518;248.4541;0.08954138
C:\Mark's Python files\ME5920\IMG\robocam_2025_04_03_22_46_24_110.jpg;0;0;0;0;76.53628;72.11692;0.2071518;248.4541;0.08954138
C:\Mark's Python files\ME5920\IMG\robocam_2025_04_03_22_46_24_145.jpg;0;0;0;0;76.53628;72.11692;0.2071518;248.4541;0.08954138
C:\Mark's Python files\ME5920\IMG\robocam_2025_04_03_22_46_24_147.jpg;0;0;0;0;76.53628;72.11692;0.2071518;248.4541;0.08954138
C:\Mark's Python files\ME5920\IMG\robocam_2025_04_03_22_46_24_183.jpg;0;0;0;0;76.53628;72.11692;0.2071518;248.4541;0.08954138
C:\Mark's Python files\ME5920\IMG\robocam_2025_04_03_22_46_24_185.jpg;0;0;0;0;76.53628;72.11692;0.2071518;248.4541;0.08954138
C:\Mark's Python files\ME5920\IMG\robocam_2025_04_03_22_46_24_218.jpg;0;0;0;0;76.53628;72.11692;0.2071518;248.4541;0.08954138
C:\Mark's Python files\ME5920\IMG\robocam_2025_04_03_22_46_24_219.jpg;0;0;0;0;76.53628;72.11692;0.2071518;248.4541;0.08954138
C:\Mark's Python files\ME5920\IMG\robocam_2025_04_03_22_46_24_255.jpg;0;0;0;0;76.53628;72.11692;0.2071518;248.4541;0.08954138
C:\Mark's Python files\ME5920\IMG\robocam_2025_04_03_22_46_24_256.jpg;0;0;0;0;76.53628;72.11692;0.2071518;248.4541;0.08954138
C:\Mark's Python files\ME5920\IMG\robocam_2025_04_03_22_46_24_290.jpg;0;0;0;0;76.53628;72.11692;0.2071518;248.4541;0.08954138
C:\Mark's Python files\ME5920\IMG\robocam_2025_04_03_22_46_24_292.jpg;0;0;0;0;76.53628;72.11692;0.2071518;248.4541;0.08954138
C:\Mark's Python files\ME5920\IMG\robocam_2025_04_03_22_46_24_325.jpg;0;0;0;0;76.53628;72.11692;0.2071518;248.4541;0.08954138
C:\Mark's Python files\ME5920\IMG\robocam_2025_04_03_22_46_24_326.jpg;0;0;0;0;76.53628;72.11692;0.2071518;248.4541;0.08954138
C:\Mark's Python files\ME5920\IMG\robocam_2025_04_03_22_46_24_359.jpg;0;0;0;0;76.53628;72.11692;0.2071518;248.4541;0.08954138
C:\Mark's Python files\ME5920\IMG\robocam_2025_04_03_22_46_24_362.jpg;0;0;0;0;76.53628;72.11692;0.2071518;248.4541;0.08954138
C:\Mark's Python files\ME5920\IMG\robocam_2025_04_03_22_46_24_393.jpg;0;0;0;0;76.53628;72.11692;0.2071518;248.4541;0.08954138
C:\Mark's Python files\ME5920\IMG\robocam_2025_04_03_22_46_24_397.jpg;0;0;0;0;76.53628;72.11692;0.2071518;248.4541;0.08954138
C:\Mark's Python files\ME5920\IMG\robocam_2025_04_03_22_46_24_429.jpg;0;0;0;0;76.53628;72.11692;0.2071518;248.4541;0.08954138
C:\Mark's Python files\ME5920\IMG\robocam_2025_04_03_22_46_24_432.jpg;0;0;0;0;76.53628;72.11692;0.2071518;248.4541;0.08954138
C:\Mark's Python files\ME5920\IMG\robocam_2025_04_03_22_46_24_466.jpg;0;0;0;0;76.53628;72.11692;0.2071518;248.4541;0.08954138
C:\Mark's Python files\ME5920\IMG\robocam_2025_04_03_22_46_24_468.jpg;0;0;0;0;76.53628;72.11692;0.2071518;248.4541;0.08954138
C:\Mark's Python files\ME5920\IMG\robocam_2025_04_03_22_46_24_500.jpg;0;0;0;0;76.53628;72.11692;0.2071518;248.4541;0.08954138
C:\Mark's Python files\ME5920\IMG\robocam_2025_04_03_22_46_24_502.jpg;0;0;0;0;76.53628;72.11692;0.2071518;248.4541;0.08954138
C:\Mark's Python files\ME5920\IMG\robocam_2025_04_03_22_46_24_536.jpg;0;0;0;0;76.53628;72.11692;0.2071518;248.4541;0.08954138
C:\Mark's Python files\ME5920\IMG\robocam_2025_04_03_22_46_24_538.jpg;0;0;0;0;76.53628;72.11692;0.2071518;248.4541;0.08954138
C:\Mark's Python files\ME5920\IMG\robocam_2025_04_03_22_46_24_571.jpg;0;0;0;0;76.53628;72.11692;0.2071518;248.4541;0.08954138
C:\Mark's Python files\ME5920\IMG\robocam_2025_04_03_22_46_24_573.jpg;0;0;0;0;76.53628;72.11692;0.2071518;248.4541;0.08954138
C:\Mark's Python files\ME5920\IMG\robocam_2025_04_03_22_46_24_605.jpg;0;0;0;0;76.53628;72.11692;0.2071518;248.4541;0.08954138
C:\Mark's Python files\ME5920\IMG\robocam_2025_04_03_22_46_24_608.jpg;0;0;0;0;76.53628;72.11692;0.2071518;248.4541;0.08954138
C:\Mark's Python files\ME5920\IMG\robocam_2025_04_03_22_46_24_641.jpg;0;0;0;0;76.53628;72.11692;0.2071518;248.4541;0.08954138
C:\Mark's Python files\ME5920\IMG\robocam_2025_04_03_22_46_24_642.jpg;0;0;0;0;76.53628;72.11692;0.2071518;248.4541;0.08954138
C:\Mark's Python files\ME5920\IMG\robocam_2025_04_03_22_46_24_675.jpg;0;0;0;0;76.53628;72.11692;0.2071518;248.4541;0.08954138
C:\Mark's Python files\ME5920\IMG\robocam_2025_04_03_22_46_24_676.jpg;0;0;0;0;76.53628;72.11692;0.2071518;248.4541;0.08954138
C:\Mark's Python files\ME5920\IMG\robocam_2025_04_03_22_46_24_711.jpg;0;0;0;0;76.53628;72.11692;0.2071518;248.4541;0.08954138
C:\Mark's Python files\ME5920\IMG\robocam_2025_04_03_22_46_24_713.jpg;0;0;0;0;76.53628;72.11692;0.2071518;248.4541;0.08954138
C:\Mark's Python files\ME5920\IMG\robocam_2025_04_03_22_46_24_747.jpg;0;0;0;0;76.53628;72.11692;0.2071518;248.4541;0.08954138
C:\Mark's Python files\ME5920\IMG\robocam_2025_04_03_22_46_24_748.jpg;0;0;0;0;76.53628;72.11692;0.2071518;248.4541;0.08954138
C:\Mark's Python files\ME5920\IMG\robocam_2025_04_03_22_46_24_784.jpg;0;0;0;0;76.53628;72.11692;0.2071518;248.4541;0.08954138
C:\Mark's Python files\ME5920\IMG\robocam_2025_04_03_22_46_24_786.jpg;0;0;0;0;76.53628;72.11692;0.2071518;248.4541;0.08954138
C:\Mark's Python files\ME5920\IMG\robocam_2025_04_03_22_46_24_819.jpg;0;0;0;0;76.53628;72.11692;0.2071518;248.4541;0.08954138
C:\Mark's Python files\ME5920\IMG\robocam_2025_04_03_22_46_24_821.jpg;0;0;0;0;76.53628;72.11692;0.2071518;248.4541;0.08954138
C:\Mark's Python files\ME5920\IMG\robocam_2025_04_03_22_46_24_853.jpg;0;0;0;0;76.53628;72.11692;0.2071518;248.4541;0.08954138
C:\Mark's Python files\ME5920\IMG\robocam_2025_04_03_22_46_24_856.jpg;0;0;0;0;76.53628;72.11692;0.2071518;248.4541;0.08954138
C:\Mark's Python files\ME5920\IMG\robocam_2025_04_03_22_46_24_889.jpg;0;0;0;0;76.53628;72.11692;0.2071518;248.4541;0.08954138
C:\Mark's Python files\ME5920\IMG\robocam_2025_04_03_22_46_24_892.jpg;0;0;0;0;76.53628;72.11692;0.2071518;248.4541;0.08954138
C:\Mark's Python files\ME5920\IMG\robocam_2025_04_03_22_46_24_925.jpg;0;0;0;0;76.53628;72.11692;0.2071518;248.4541;0.08954138
C:\Mark's Python files\ME5920\IMG\robocam_2025_04_03_22_46_24_926.jpg;0;0;0;0;76.53628;72.11692;0.2071518;248.4541;0.08954138
C:\Mark's Python files\ME5920\IMG\robocam_2025_04_03_22_46_24_961.jpg;0;0;0;0;76.53628;72.11692;0.2071518;248.4541;0.08954138
C:\Mark's Python files\ME5920\IMG\robocam_2025_04_03_22_46_24_963.jpg;0;0;0;0;76.53628;72.11692;0.2071518;248.4541;0.08954138
C:\Mark's Python files\ME5920\IMG\robocam_2025_04_03_22_46_24_996.jpg;0;0;0;0;76.53628;72.11692;0.2071518;248.4541;0.08954138
C:\Mark's Python files\ME5920\IMG\robocam_2025_04_03_22_46_24_998.jpg;0;0;0;0;76.53628;72.11692;0.2071518;248.4541;0.08954138
C:\Mark's Python files\ME5920\IMG\robocam_2025_04_03_22_46_25_033.jpg;0;0;0;0;76.53628;72.11692;0.2071518;248.4541;0.08954138
C:\Mark's Python files\ME5920\IMG\robocam_2025_04_03_22_46_25_034.jpg;0;0;0;0;76.53628;72.11692;0.2071518;248.4541;0.08954138
C:\Mark's Python files\ME5920\IMG\robocam_2025_04_03_22_46_25_070.jpg;0;0;0;0;76.53628;72.11692;0.2071518;248.4541;0.08954138
C:\Mark's Python files\ME5920\IMG\robocam_2025_04_03_22_46_25_071.jpg;0;0;0;0;76.53628;72.11692;0.2071518;248.4541;0.08954138
C:\Mark's Python files\ME5920\IMG\robocam_2025_04_03_22_46_25_104.jpg;0;0;0;0;76.53628;72.11692;0.2071518;248.4541;0.08954138
C:\Mark's Python files\ME5920\IMG\robocam_2025_04_03_22_46_25_105.jpg;0;0;0;0;76.53628;72.11692;0.2071518;248.4541;0.08954138
C:\Mark's Python files\ME5920\IMG\robocam_2025_04_03_22_46_25_139.jpg;0;0;0;0;76.53628;72.11692;0.2071518;248.4541;0.08954138
C:\Mark's Python files\ME5920\IMG\robocam_2025_04_03_22_46_25_142.jpg;0;0;0;0;76.53628;72.11692;0.2071518;248.4541;0.08954138
C:\Mark's Python files\ME5920\IMG\robocam_2025_04_03_22_46_25_175.jpg;0;0;0;0;76.53628;72.11692;0.2071518;248.4541;0.08954138
C:\Mark's Python files\ME5920\IMG\robocam_2025_04_03_22_46_25_176.jpg;0;0;0;0;76.53628;72.11692;0.2071518;248.4541;0.08954138
C:\Mark's Python files\ME5920\IMG\robocam_2025_04_03_22_46_25_213.jpg;0;0;0;0;76.53628;72.11692;0.2071518;248.4541;0.08954138
C:\Mark's Python files\ME5920\IMG\robocam_2025_04_03_22_46_25_214.jpg;0;0;0;0;76.53628;72.11692;0.2071518;248.4541;0.08954138
C:\Mark's Python files\ME5920\IMG\robocam_2025_04_03_22_46_25_247.jpg;0;0;0;0;76.53628;72.11692;0.2071518;248.4541;0.08954138
C:\Mark's Python files\ME5920\IMG\robocam_2025_04_03_22_46_25_249.jpg;0;0;0;0;76.53628;72.11692;0.2071518;248.4541;0.08954138
C:\Mark's Python files\ME5920\IMG\robocam_2025_04_03_22_46_25_283.jpg;0;0;0;0;76.53628;72.11692;0.2071518;248.4541;0.08954138
C:\Mark's Python files\ME5920\IMG\robocam_2025_04_03_22_46_25_284.jpg;0;0;0;0;76.53628;72.11692;0.2071518;248.4541;0.08954138
C:\Mark's Python files\ME5920\IMG\robocam_2025_04_03_22_46_25_318.jpg;0;0;0;0;76.53628;72.11692;0.2071518;248.4541;0.08954138
C:\Mark's Python files\ME5920\IMG\robocam_2025_04_03_22_46_25_320.jpg;0;0;0;0;76.53628;72.11692;0.2071518;248.4541;0.08954138
C:\Mark's Python files\ME5920\IMG\robocam_2025_04_03_22_46_25_354.jpg;0;0;0;0;76.53628;72.11692;0.2071518;248.4541;0.08954138
C:\Mark's Python files\ME5920\IMG\robocam_2025_04_03_22_46_25_357.jpg;0;0;0;0;76.53628;72.11692;0.2071518;248.4541;0.08954138
C:\Mark's Python files\ME5920\IMG\robocam_2025_04_03_22_46_25_390.jpg;0;0;0;0;76.53628;72.11692;0.2071518;248.4541;0.08954138
C:\Mark's Python files\ME5920\IMG\robocam_2025_04_03_22_46_25_391.jpg;0;0;0;0;76.53628;72.11692;0.2071518;248.4541;0.08954138
C:\Mark's Python files\ME5920\IMG\robocam_2025_04_03_22_46_25_426.jpg;0;0;0;0;76.53628;72.11692;0.2071518;248.4541;0.08954138
C:\Mark's Python files\ME5920\IMG\robocam_2025_04_03_22_46_25_428.jpg;0;0;0;0;76.53628;72.11692;0.2071518;248.4541;0.08954138
C:\Mark's Python files\ME5920\IMG\robocam_2025_04_03_22_46_25_464.jpg;0;0;0;0;76.53628;72.11692;0.2071518;248.4541;0.08954138
C:\Mark's Python files\ME5920\IMG\robocam_2025_04_03_22_46_25_466.jpg;0;0;0;0;76.53628;72.11692;0.2071518;248.4541;0.08954138
C:\Mark's Python files\ME5920\IMG\robocam_2025_04_03_22_46_25_499.jpg;0;0;0;0;76.53628;72.11692;0.2071518;248.4541;0.08954138
C:\Mark's Python files\ME5920\IMG\robocam_2025_04_03_22_46_25_501.jpg;0;0;0;0;76.53628;72.11692;0.2071518;248.4541;0.08954138
C:\Mark's Python files\ME5920\IMG\robocam_2025_04_03_22_46_25_536.jpg;0;0;0;0;76.53628;72.11692;0.2071518;248.4541;0.08954138
C:\Mark's Python files\ME5920\IMG\robocam_2025_04_03_22_46_25_538.jpg;0;0;0;0;76.53628;72.11692;0.2071518;248.4541;0.08954138
C:\Mark's Python files\ME5920\IMG\robocam_2025_04_03_22_46_25_571.jpg;0;0;0;0;76.53628;72.11692;0.2071518;248.4541;0.08954138
C:\Mark's Python files\ME5920\IMG\robocam_2025_04_03_22_46_25_572.jpg;0;0;0;0;76.53628;72.11692;0.2071518;248.4541;0.08954138
C:\Mark's Python files\ME5920\IMG\robocam_2025_04_03_22_46_25_606.jpg;0;0;0;0;76.53628;72.11692;0.2071518;248.4541;0.08954138
C:\Mark's Python files\ME5920\IMG\robocam_2025_04_03_22_46_25_608.jpg;0;0;0;0;76.53628;72.11692;0.2071518;248.4541;0.08954138
C:\Mark's Python files\ME5920\IMG\robocam_2025_04_03_22_46_25_642.jpg;0;0;0;0;76.53628;72.11692;0.2071518;248.4541;0.08954138
C:\Mark's Python files\ME5920\IMG\robocam_2025_04_03_22_46_25_643.jpg;0;0;0;0;76.53628;72.11692;0.2071518;248.4541;0.08954138
C:\Mark's Python files\ME5920\IMG\robocam_2025_04_03_22_46_25_678.jpg;0;0;0;0;76.53628;72.11692;0.2071518;248.4541;0.08954138
C:\Mark's Python files\ME5920\IMG\robocam_2025_04_03_22_46_25_679.jpg;0;0;0;0;76.53628;72.11692;0.2071518;248.4541;0.08954138
C:\Mark's Python files\ME5920\IMG\robocam_2025_04_03_22_46_25_714.jpg;0;0;0;0;76.53628;72.11692;0.2071518;248.4541;0.08954138
C:\Mark's Python files\ME5920\IMG\robocam_2025_04_03_22_46_25_715.jpg;0;0;0;0;76.53628;72.11692;0.2071518;248.4541;0.08954138
C:\Mark's Python files\ME5920\IMG\robocam_2025_04_03_22_46_25_750.jpg;0;0;0;0;76.53628;72.11692;0.2071518;248.4541;0.08954138
C:\Mark's Python files\ME5920\IMG\robocam_2025_04_03_22_46_25_751.jpg;0;0;0;0;76.53628;72.11692;0.2071518;248.4541;0.08954138
C:\Mark's Python files\ME5920\IMG\robocam_2025_04_03_22_46_25_787.jpg;0;0;0;0;76.53628;72.11692;0.2071518;248.4541;0.08954138
C:\Mark's Python files\ME5920\IMG\robocam_2025_04_03_22_46_25_789.jpg;0;0;0;0;76.53628;72.11692;0.2071518;248.4541;0.08954138
C:\Mark's Python files\ME5920\IMG\robocam_2025_04_03_22_46_27_216.jpg;0;0;0;0;76.53628;72.11692;0.2071518;248.4541;0.08954138
C:\Mark's Python files\ME5920\IMG\robocam_2025_04_03_22_46_27_288.jpg;0;0;0;0;76.53628;72.11693;0.2045037;248.4541;0.0882847
C:\Mark's Python files\ME5920\IMG\robocam_2025_04_03_22_46_27_358.jpg;0;0;0;0;76.53627;72.11694;0.1952605;248.4541;0.08398838
C:\Mark's Python files\ME5920\IMG\robocam_2025_04_03_22_46_27_428.jpg;-3.146634;0;0;0;76.53627;72.11694;0.1840385;248.0771;0.08022574
C:\Mark's Python files\ME5920\IMG\robocam_2025_04_03_22_46_27_468.jpg;-6.254523;0;0;0;76.53628;72.11693;0.1746558;247.5187;0.07777638
C:\Mark's Python files\ME5920\IMG\robocam_2025_04_03_22_46_27_538.jpg;-8.053847;0;0;0;76.53628;72.11692;0.1523648;245.7836;0.07220973
C:\Mark's Python files\ME5920\IMG\robocam_2025_04_03_22_46_27_609.jpg;-11.23984;0;0;0;76.53627;72.11692;0.1333764;243.9476;0.06705543
C:\Mark's Python files\ME5920\IMG\robocam_2025_04_03_22_46_27_680.jpg;-14.43029;0;0;0;76.53628;72.11691;0.1063274;240.6834;0.05846201
C:\Mark's Python files\ME5920\IMG\robocam_2025_04_03_22_46_27_752.jpg;-15;0;0;0;76.53628;72.11691;0.07949754;237.0834;0.04648973
C:\Mark's Python files\ME5920\IMG\robocam_2025_04_03_22_46_27_823.jpg;-15;0;0;0;76.53629;72.11691;0.06050836;234.3835;0.03536837
C:\Mark's Python files\ME5920\IMG\robocam_2025_04_03_22_46_27_893.jpg;-15;0;0;0;76.5363;72.11691;0.03744817;230.7836;0.01857819
C:\Mark's Python files\ME5920\IMG\robocam_2025_04_03_22_46_27_965.jpg;-15;0;0;0;76.53629;72.1169;0.02221207;228.0836;0.005139304
C:\Mark's Python files\ME5920\IMG\robocam_2025_04_03_22_46_28_036.jpg;-15;0;0;0;76.53629;72.11689;0.004970128;224.4836;359.987
C:\Mark's Python files\ME5920\IMG\robocam_2025_04_03_22_46_28_107.jpg;-15;0;0;0;76.5363;72.11688;-0.005565982;221.7836;359.9738
C:\Mark's Python files\ME5920\IMG\robocam_2025_04_03_22_46_28_178.jpg;-15;0;0;0;76.53629;72.11687;359.9836;218.1836;359.9575
C:\Mark's Python files\ME5920\IMG\robocam_2025_04_03_22_46_28_250.jpg;-15;0;0;0;76.5363;72.11687;359.976;214.5836;359.9433
C:\Mark's Python files\ME5920\IMG\robocam_2025_04_03_22_46_28_320.jpg;-15;0;0;0;76.53629;72.11687;359.9724;211.8836;359.9345
C:\Mark's Python files\ME5920\IMG\robocam_2025_04_03_22_46_28_391.jpg;-15;0;0;0;76.5363;72.11686;359.9698;208.2836;359.9254
C:\Mark's Python files\ME5920\IMG\robocam_2025_04_03_22_46_28_462.jpg;-15;0;0;0;76.53629;72.11686;359.9693;205.5836;359.9207
C:\Mark's Python files\ME5920\IMG\robocam_2025_04_03_22_46_28_534.jpg;-15;0;0;0;76.53629;72.11685;359.9699;201.9836;359.9174
C:\Mark's Python files\ME5920\IMG\robocam_2025_04_03_22_46_28_603.jpg;-15;0;0;0;76.5363;72.11685;359.9711;199.2836;359.9171
C:\Mark's Python files\ME5920\IMG\robocam_2025_04_03_22_46_28_674.jpg;-15;0;0;0;76.53631;72.11685;359.9733;195.6835;359.9192
C:\Mark's Python files\ME5920\IMG\robocam_2025_04_03_22_46_28_744.jpg;-15;0;0;0;76.53632;72.11685;359.9751;192.9836;359.9225
C:\Mark's Python files\ME5920\IMG\robocam_2025_04_03_22_46_28_812.jpg;-15;0;0;0;76.53632;72.11685;359.9774;189.3836;359.9289
C:\Mark's Python files\ME5920\IMG\robocam_2025_04_03_22_46_28_885.jpg;-15;0;0;0;76.53632;72.11685;359.9789;186.6836;359.9349
C:\Mark's Python files\ME5920\IMG\robocam_2025_04_03_22_46_28_956.jpg;-15;0;0;0;76.53632;72.11686;359.9804;183.0836;359.9442
C:\Mark's Python files\ME5920\IMG\robocam_2025_04_03_22_46_29_028.jpg;-15;0;0;0;76.53631;72.11687;359.981;180.3836;359.9517
C:\Mark's Python files\ME5920\IMG\robocam_2025_04_03_22_46_29_099.jpg;-15;0;0;0;76.53632;72.11687;359.9812;176.7836;359.9621
C:\Mark's Python files\ME5920\IMG\robocam_2025_04_03_22_46_29_172.jpg;-15;0;0;0;76.53631;72.11688;359.9808;173.1837;359.9726
C:\Mark's Python files\ME5920\IMG\robocam_2025_04_03_22_46_29_241.jpg;-15;0;0;0;76.53632;72.11689;359.98;170.4837;359.9801
C:\Mark's Python files\ME5920\IMG\robocam_2025_04_03_22_46_29_312.jpg;-15;0;0;0;76.53632;72.1169;359.9786;166.8836;359.9896
C:\Mark's Python files\ME5920\IMG\robocam_2025_04_03_22_46_29_385.jpg;-15;0;0;0;76.53631;72.1169;359.9774;164.1836;-0.003866732
C:\Mark's Python files\ME5920\IMG\robocam_2025_04_03_22_46_29_457.jpg;-15;0;0;0;76.53632;72.11691;359.9756;160.5836;0.003833718
C:\Mark's Python files\ME5920\IMG\robocam_2025_04_03_22_46_29_528.jpg;-15;0;0;0;76.53632;72.11691;359.9743;157.8836;0.008808129
C:\Mark's Python files\ME5920\IMG\robocam_2025_04_03_22_46_29_600.jpg;-15;0;0;0;76.53631;72.11691;359.9727;154.2836;0.01432708
C:\Mark's Python files\ME5920\IMG\robocam_2025_04_03_22_46_29_671.jpg;-15;0;0;0;76.53632;72.11691;359.9716;150.6836;0.01857768
C:\Mark's Python files\ME5920\IMG\robocam_2025_04_03_22_46_29_742.jpg;-15;0;0;0;76.53632;72.11691;359.971;147.9836;0.02096988
C:\Mark's Python files\ME5920\IMG\robocam_2025_04_03_22_46_29_814.jpg;-15;0;0;0;76.53632;72.11691;359.9709;144.3835;0.02318142
C:\Mark's Python files\ME5920\IMG\robocam_2025_04_03_22_46_29_854.jpg;-15;0;0;0;76.53632;72.11691;359.971;142.5835;0.02390568
C:\Mark's Python files\ME5920\IMG\robocam_2025_04_03_22_46_29_921.jpg;-15;0;0;0;76.53632;72.11691;359.9716;139.8835;0.02456896
C:\Mark's Python files\ME5920\IMG\robocam_2025_04_03_22_46_29_993.jpg;-15;0;0;0;76.53632;72.11691;359.973;136.2835;0.02477228
C:\Mark's Python files\ME5920\IMG\robocam_2025_04_03_22_46_30_064.jpg;-15;0;0;0;76.53633;72.11691;359.9745;133.5835;0.02450599
C:\Mark's Python files\ME5920\IMG\robocam_2025_04_03_22_46_30_136.jpg;-15;0;0;0;76.53633;72.11691;359.9771;129.9835;0.02372515
C:\Mark's Python files\ME5920\IMG\robocam_2025_04_03_22_46_30_177.jpg;-15;0;0;0;76.53634;72.11691;359.9786;128.1835;0.02319636
C:\Mark's Python files\ME5920\IMG\robocam_2025_04_03_22_46_30_246.jpg;-15;0;0;0;76.53635;72.11691;359.9811;125.4835;0.02227863
C:\Mark's Python files\ME5920\IMG\robocam_2025_04_03_22_46_30_318.jpg;-15;0;0;0;76.53635;72.11691;359.9847;121.8835;0.02090686
C:\Mark's Python files\ME5920\IMG\robocam_2025_04_03_22_46_30_391.jpg;-15;0;0;0;76.53634;72.11691;359.9887;118.2835;0.01946149
C:\Mark's Python files\ME5920\IMG\robocam_2025_04_03_22_46_30_462.jpg;-15;0;0;0;76.53634;72.11691;359.9918;115.5835;0.01837964
C:\Mark's Python files\ME5920\IMG\robocam_2025_04_03_22_46_30_533.jpg;-15;0;0;0;76.53635;72.11691;-0.004169841;111.9835;0.01698465
C:\Mark's Python files\ME5920\IMG\robocam_2025_04_03_22_46_30_604.jpg;-15;0;0;0;76.53634;72.1169;-0.001165223;109.2835;0.01599413
C:\Mark's Python files\ME5920\IMG\robocam_2025_04_03_22_46_30_676.jpg;-15;0;0;0;76.53634;72.1169;0.002661399;105.6835;0.01476137
C:\Mark's Python files\ME5920\IMG\robocam_2025_04_03_22_46_30_748.jpg;-15;0;0;0;76.53634;72.11689;0.005338292;102.9835;0.01390228
C:\Mark's Python files\ME5920\IMG\robocam_2025_04_03_22_46_30_819.jpg;-15;0;0;0;76.53635;72.11689;0.00857768;99.38345;0.01283347
C:\Mark's Python files\ME5920\IMG\robocam_2025_04_03_22_46_30_890.jpg;-15;0;0;0;76.53633;72.11689;0.01137824;95.78345;0.01183092
C:\Mark's Python files\ME5920\IMG\robocam_2025_04_03_22_46_30_931.jpg;-15;0;0;0;76.53633;72.11689;0.01259785;93.98346;0.01134543
C:\Mark's Python files\ME5920\IMG\robocam_2025_04_03_22_46_30_999.jpg;-15;0;0;0;76.53633;72.11688;0.01418919;91.28345;0.01062564
C:\Mark's Python files\ME5920\IMG\robocam_2025_04_03_22_46_31_071.jpg;-15;0;0;0;76.53633;72.11689;0.01585936;87.68345;0.009661316
C:\Mark's Python files\ME5920\IMG\robocam_2025_04_03_22_46_31_143.jpg;-15;0;0;0;76.53634;72.11689;0.01677461;84.98345;0.008918668
C:\Mark's Python files\ME5920\IMG\robocam_2025_04_03_22_46_31_212.jpg;-15;0;0;0;76.53635;72.11688;0.01756065;81.38345;0.00788423
C:\Mark's Python files\ME5920\IMG\robocam_2025_04_03_22_46_31_281.jpg;-15;0;0;0;76.53635;72.11689;0.01783949;78.68345;0.007064345
C:\Mark's Python files\ME5920\IMG\robocam_2025_04_03_22_46_31_353.jpg;-15;0;0;0;76.53636;72.11689;0.0178331;75.08345;0.005904538
C:\Mark's Python files\ME5920\IMG\robocam_2025_04_03_22_46_31_423.jpg;-11.84309;0;0;0;76.53637;72.11688;0.01760248;72.76167;0.004873621
C:\Mark's Python files\ME5920\IMG\robocam_2025_04_03_22_46_31_497.jpg;-8.633428;0;0;0;76.53638;72.11689;0.01701839;70.49387;0.003230004
C:\Mark's Python files\ME5920\IMG\robocam_2025_04_03_22_46_31_568.jpg;-5.379392;0;0;0;76.53638;72.1169;0.01635658;69.33397;0.001865962
C:\Mark's Python files\ME5920\IMG\robocam_2025_04_03_22_46_31_639.jpg;-2.20677;0;0;0;76.53638;72.11689;0.01516241;68.60839;-6.89143E-05
C:\Mark's Python files\ME5920\IMG\robocam_2025_04_03_22_46_31_709.jpg;0;0;0;0;76.53637;72.11688;0.01360465;68.53896;-0.001953812
C:\Mark's Python files\ME5920\IMG\robocam_2025_04_03_22_46_31_781.jpg;-1.608237;0;0;0;76.53636;72.11687;0.01224546;68.34598;-0.003153641
C:\Mark's Python files\ME5920\IMG\robocam_2025_04_03_22_46_31_853.jpg;-4.879773;0;0;0;76.53637;72.11687;0.01029783;67.36816;-0.004382658
C:\Mark's Python files\ME5920\IMG\robocam_2025_04_03_22_46_31_923.jpg;-4.834184;0;0;0;76.53638;72.11686;0.008787621;66.30183;-0.005104648
C:\Mark's Python files\ME5920\IMG\robocam_2025_04_03_22_46_31_995.jpg;-1.677173;0;0;0;76.53638;72.11684;0.006654781;65.71052;359.994
C:\Mark's Python files\ME5920\IMG\robocam_2025_04_03_22_46_32_065.jpg;0;0;0;0;76.53637;72.11684;0.005006588;65.7076;359.9935
C:\Mark's Python files\ME5920\IMG\robocam_2025_04_03_22_46_32_137.jpg;0;0;0;0;76.53636;72.11683;0.002856798;65.7076;359.9931
C:\Mark's Python files\ME5920\IMG\robocam_2025_04_03_22_46_32_207.jpg;0;0;0;0;76.53635;72.11683;0.001317946;65.7076;359.993
C:\Mark's Python files\ME5920\IMG\robocam_2025_04_03_22_46_32_280.jpg;0;0;0;0;76.53635;72.11683;-0.0005886983;65.7076;359.9931
C:\Mark's Python files\ME5920\IMG\robocam_2025_04_03_22_46_32_351.jpg;0;0.2216076;0;0;76.53635;72.1168;-0.002298737;65.73531;359.9933
C:\Mark's Python files\ME5920\IMG\robocam_2025_04_03_22_46_32_423.jpg;0;0.4330395;0;0;76.53692;72.11806;0.02679098;65.77647;359.9937
C:\Mark's Python files\ME5920\IMG\robocam_2025_04_03_22_46_32_493.jpg;0;0.6451911;0;0.03711091;76.53942;72.12364;0.1519327;65.92162;359.994
C:\Mark's Python files\ME5920\IMG\robocam_2025_04_03_22_46_32_565.jpg;0;0.8595873;0;0.08509374;76.54274;72.13103;0.3106898;65.82039;-0.005250704
C:\Mark's Python files\ME5920\IMG\robocam_2025_04_03_22_46_32_636.jpg;0;1;0;0.1316735;76.54984;72.14679;0.6126352;65.86308;-0.0008804509
C:\Mark's Python files\ME5920\IMG\robocam_2025_04_03_22_46_32_707.jpg;0;1;0;0.2049063;76.55665;72.16183;0.8583918;65.79864;0.0002065297
C:\Mark's Python files\ME5920\IMG\robocam_2025_04_03_22_46_32_778.jpg;0;1;0;0.2549635;76.56795;72.18687;1.212372;65.73209;0.0008700833
C:\Mark's Python files\ME5920\IMG\robocam_2025_04_03_22_46_32_848.jpg;0;1;0;0.2943155;76.57905;72.21176;1.292387;65.6578;-0.003023928
C:\Mark's Python files\ME5920\IMG\robocam_2025_04_03_22_46_32_919.jpg;0;1;0;0.3840941;76.5884;72.23219;1.186019;65.68703;-0.001095893
C:\Mark's Python files\ME5920\IMG\robocam_2025_04_03_22_46_32_991.jpg;0;1;0;0.4507951;76.60342;72.26502;1.119482;65.63007;0.0001338279
C:\Mark's Python files\ME5920\IMG\robocam_2025_04_03_22_46_33_063.jpg;0;1;0;0.5131894;76.61633;72.29337;1.128208;65.72908;-0.001004846
C:\Mark's Python files\ME5920\IMG\robocam_2025_04_03_22_46_33_136.jpg;0;1;0;0.568235;76.63581;72.33603;1.201168;65.70963;-0.001603205
C:\Mark's Python files\ME5920\IMG\robocam_2025_04_03_22_46_33_206.jpg;0;1;0;0.6308012;76.65192;72.3714;1.251704;65.85165;-0.002375445
C:\Mark's Python files\ME5920\IMG\robocam_2025_04_03_22_46_33_277.jpg;0;1;0;0.6791092;76.67435;72.42055;1.20809;65.68912;-0.0002292091
C:\Mark's Python files\ME5920\IMG\robocam_2025_04_03_22_46_33_349.jpg;0;1;0;0.7388255;76.69917;72.47488;1.18802;65.69315;-0.001252515
C:\Mark's Python files\ME5920\IMG\robocam_2025_04_03_22_46_33_419.jpg;0;1;0;0.7970355;76.71957;72.51954;1.212237;65.70015;-0.0006490932
C:\Mark's Python files\ME5920\IMG\robocam_2025_04_03_22_46_33_489.jpg;0;1;0;0.8633746;76.74881;72.58348;1.237726;65.61092;-0.0009131105
C:\Mark's Python files\ME5920\IMG\robocam_2025_04_03_22_46_33_560.jpg;0;1;0;0.9195855;76.77217;72.63452;1.241208;65.59596;-0.0009322461
C:\Mark's Python files\ME5920\IMG\robocam_2025_04_03_22_46_33_632.jpg;0;1;0;0.9851317;76.80501;72.70617;1.216645;65.58574;-0.0008557008
C:\Mark's Python files\ME5920\IMG\robocam_2025_04_03_22_46_33_704.jpg;0;1;0;1.040018;76.83098;72.76283;1.214188;65.58012;-0.0004470509
C:\Mark's Python files\ME5920\IMG\robocam_2025_04_03_22_46_33_773.jpg;0;1;0;1.092573;76.86784;72.84319;1.235487;65.56915;-0.0008716654
C:\Mark's Python files\ME5920\IMG\robocam_2025_04_03_22_46_33_843.jpg;0;1;0;1.153016;76.89664;72.90596;1.227743;65.54986;-0.0007245399
C:\Mark's Python files\ME5920\IMG\robocam_2025_04_03_22_46_33_914.jpg;0;1;0;1.199579;76.93697;72.99375;1.225024;65.48444;-0.0006848029
C:\Mark's Python files\ME5920\IMG\robocam_2025_04_03_22_46_33_983.jpg;0;1;0;1.261322;76.96867;73.06262;1.231285;65.46675;-0.0009201001
C:\Mark's Python files\ME5920\IMG\robocam_2025_04_03_22_46_34_055.jpg;0;1;0;1.311038;77.01285;73.15843;1.236229;65.43842;-0.0008774032
C:\Mark's Python files\ME5920\IMG\robocam_2025_04_03_22_46_34_126.jpg;0;1;0;1.372395;77.04742;73.23331;1.240892;65.41731;-0.0009005422
C:\Mark's Python files\ME5920\IMG\robocam_2025_04_03_22_46_34_196.jpg;0;1;0;1.419652;77.09541;73.33717;1.246555;65.39176;-0.0008734837
C:\Mark's Python files\ME5920\IMG\robocam_2025_04_03_22_46_34_267.jpg;0;1;0;1.483368;77.13282;73.41801;1.250689;65.37899;-0.0009488486
C:\Mark's Python files\ME5920\IMG\robocam_2025_04_03_22_46_34_337.jpg;0;1;0;1.530196;77.18455;73.52974;1.254691;65.3624;-0.0009381485
C:\Mark's Python files\ME5920\IMG\robocam_2025_04_03_22_46_34_408.jpg;0;1;0;1.592082;77.22474;73.61648;1.258339;65.35233;-0.0009890952
C:\Mark's Python files\ME5920\IMG\robocam_2025_04_03_22_46_34_477.jpg;0;1;0;1.637571;77.2802;73.73608;1.26492;65.33741;-0.001015011
C:\Mark's Python files\ME5920\IMG\robocam_2025_04_03_22_46_34_550.jpg;0;1;0;1.699094;77.33775;73.86008;1.269664;65.32281;-0.001031425
C:\Mark's Python files\ME5920\IMG\robocam_2025_04_03_22_46_34_621.jpg;0;0.7808025;0;1.756374;77.38215;73.95571;1.270075;65.31198;-0.00102953
C:\Mark's Python files\ME5920\IMG\robocam_2025_04_03_22_46_34_691.jpg;0;0.5713498;0;1.788112;77.44252;74.08567;1.265114;65.30124;-0.0005077989
C:\Mark's Python files\ME5920\IMG\robocam_2025_04_03_22_46_34_761.jpg;0;0.3562819;0;1.814799;77.48836;74.18425;1.253047;65.29027;-0.0004685403
C:\Mark's Python files\ME5920\IMG\robocam_2025_04_03_22_46_34_835.jpg;0;0.144799;0;1.824053;77.54953;74.31573;1.1964;65.27537;-0.000389886
C:\Mark's Python files\ME5920\IMG\robocam_2025_04_03_22_46_34_905.jpg;0;0;0;1.823466;77.59511;74.41364;1.113122;65.2645;-0.000314248
C:\Mark's Python files\ME5920\IMG\robocam_2025_04_03_22_46_34_975.jpg;0;0;0;1.818314;77.6553;74.54295;0.9521946;65.25069;-0.0001048285
C:\Mark's Python files\ME5920\IMG\robocam_2025_04_03_22_46_35_046.jpg;0;0;0;1.810804;77.70008;74.63915;0.8052405;65.24117;0.0009830308
C:\Mark's Python files\ME5920\IMG\robocam_2025_04_03_22_46_35_118.jpg;0;0;0;1.805109;77.75926;74.76666;0.5890931;65.23342;0.01184547
C:\Mark's Python files\ME5920\IMG\robocam_2025_04_03_22_46_35_189.jpg;0;0;0;1.797418;77.81791;74.89355;0.36393;65.23199;0.03353141
C:\Mark's Python files\ME5920\IMG\robocam_2025_04_03_22_46_35_262.jpg;0;0;0;1.791576;77.86166;74.9883;0.1914521;65.23209;0.04962914
C:\Mark's Python files\ME5920\IMG\robocam_2025_04_03_22_46_35_333.jpg;3.251218;0;0;1.783433;77.91805;75.11492;359.9639;65.49907;0.1087156
C:\Mark's Python files\ME5920\IMG\robocam_2025_04_03_22_46_35_405.jpg;6.512814;0;0;1.774107;77.95835;75.21058;359.813;65.99466;0.1833476
C:\Mark's Python files\ME5920\IMG\robocam_2025_04_03_22_46_35_477.jpg;9.770238;0;0;1.764909;78.00813;75.33986;359.6703;67.13889;0.3286672
C:\Mark's Python files\ME5920\IMG\robocam_2025_04_03_22_46_35_549.jpg;13.00111;0;0;1.751067;78.05234;75.47106;359.5896;68.7624;0.5365666
C:\Mark's Python files\ME5920\IMG\robocam_2025_04_03_22_46_35_589.jpg;15;0;0;1.738798;78.07191;75.53732;359.5712;69.75325;0.6662439
C:\Mark's Python files\ME5920\IMG\robocam_2025_04_03_22_46_35_657.jpg;15;0;0;1.73158;78.09949;75.63754;359.5962;71.27975;0.840472
C:\Mark's Python files\ME5920\IMG\robocam_2025_04_03_22_46_35_730.jpg;15;0;0;1.718853;78.1336;75.77377;359.8028;73.27846;0.9539272
C:\Mark's Python files\ME5920\IMG\robocam_2025_04_03_22_46_35_804.jpg;15;0;0;1.703537;78.15463;75.87679;359.9934;74.87373;1.044829
C:\Mark's Python files\ME5920\IMG\robocam_2025_04_03_22_46_35_876.jpg;15;0;0;1.695303;78.17812;76.01126;0.08275014;77.02435;1.113174
C:\Mark's Python files\ME5920\IMG\robocam_2025_04_03_22_46_35_946.jpg;15;0;0;1.688432;78.19223;76.10926;359.9832;78.58817;1.079417
C:\Mark's Python files\ME5920\IMG\robocam_2025_04_03_22_46_35_986.jpg;15;0;0;1.681869;78.19975;76.17481;359.9267;79.59587;1.058874
C:\Mark's Python files\ME5920\IMG\robocam_2025_04_03_22_46_36_054.jpg;15;0;0;1.676775;78.21139;76.30682;359.8796;81.60057;1.015159
C:\Mark's Python files\ME5920\IMG\robocam_2025_04_03_22_46_36_123.jpg;15;0;0;1.66644;78.217;76.40635;359.8926;83.11572;0.983791
C:\Mark's Python files\ME5920\IMG\robocam_2025_04_03_22_46_36_194.jpg;15;0;0;1.658584;78.21969;76.53876;359.919;85.17179;0.9887958
C:\Mark's Python files\ME5920\IMG\robocam_2025_04_03_22_46_36_264.jpg;15;0;0;1.648904;78.21848;76.63765;359.942;86.71598;1.017949
C:\Mark's Python files\ME5920\IMG\robocam_2025_04_03_22_46_36_334.jpg;15;0;0;1.641764;78.21299;76.76894;359.9851;88.76385;1.068146
C:\Mark's Python files\ME5920\IMG\robocam_2025_04_03_22_46_36_406.jpg;15;0;0;1.632009;78.20602;76.86662;0.01225253;90.29419;1.100647
C:\Mark's Python files\ME5920\IMG\robocam_2025_04_03_22_46_36_477.jpg;15;0;0;1.625975;78.19367;76.99483;359.9855;92.2915;1.084211
C:\Mark's Python files\ME5920\IMG\robocam_2025_04_03_22_46_36_549.jpg;15;0;0;1.615959;78.17615;77.12185;359.9699;94.29205;1.05674
C:\Mark's Python files\ME5920\IMG\robocam_2025_04_03_22_46_36_622.jpg;15;0;0;1.606556;78.15983;77.21628;359.9648;95.79465;1.059751
C:\Mark's Python files\ME5920\IMG\robocam_2025_04_03_22_46_36_691.jpg;15;0;0;1.599643;78.13458;77.34124;359.9796;97.79123;1.062673
C:\Mark's Python files\ME5920\IMG\robocam_2025_04_03_22_46_36_763.jpg;15;0;0;1.590292;78.1129;77.43398;-0.002505285;99.2865;1.067
C:\Mark's Python files\ME5920\IMG\robocam_2025_04_03_22_46_36_836.jpg;15;0;0;1.58319;78.0806;77.55575;-0.000564858;101.271;1.072689
C:\Mark's Python files\ME5920\IMG\robocam_2025_04_03_22_46_36_905.jpg;15;0;0;1.574219;78.05363;77.64565;359.9927;102.754;1.075685
C:\Mark's Python files\ME5920\IMG\robocam_2025_04_03_22_46_36_977.jpg;15;0;0;1.567516;78.01425;77.76395;359.9933;104.7226;1.0792
C:\Mark's Python files\ME5920\IMG\robocam_2025_04_03_22_46_37_047.jpg;15;0;0;1.558368;77.98228;77.85146;0.00236622;106.1906;1.07785
C:\Mark's Python files\ME5920\IMG\robocam_2025_04_03_22_46_37_119.jpg;15;0;0;1.551995;77.93665;77.96577;359.9851;108.1368;1.062975
C:\Mark's Python files\ME5920\IMG\robocam_2025_04_03_22_46_37_192.jpg;15;0;0;1.542655;77.88703;78.0779;359.9806;110.0796;1.060051
C:\Mark's Python files\ME5920\IMG\robocam_2025_04_03_22_46_37_263.jpg;15;0;0;1.533663;77.84751;78.16047;359.9793;111.5363;1.066497
C:\Mark's Python files\ME5920\IMG\robocam_2025_04_03_22_46_37_337.jpg;15;0;0;1.527069;77.79189;78.26862;359.9889;113.4689;1.0705
C:\Mark's Python files\ME5920\IMG\robocam_2025_04_03_22_46_37_408.jpg;15;0;0;1.518133;77.74802;78.34819;0.003257226;114.9111;1.069713
C:\Mark's Python files\ME5920\IMG\robocam_2025_04_03_22_46_37_480.jpg;15;0;0;1.511944;77.68707;78.45153;359.99;116.8228;1.05599
C:\Mark's Python files\ME5920\IMG\robocam_2025_04_03_22_46_37_552.jpg;15;0;0;1.502892;77.6227;78.55216;359.9858;118.7299;1.054024
C:\Mark's Python files\ME5920\IMG\robocam_2025_04_03_22_46_37_592.jpg;15;0;0;1.49417;77.58942;78.60151;359.9865;119.6815;1.055285
C:\Mark's Python files\ME5920\IMG\robocam_2025_04_03_22_46_37_661.jpg;15;0;0;1.492075;77.53803;78.67416;359.988;121.1072;1.068544
C:\Mark's Python files\ME5920\IMG\robocam_2025_04_03_22_46_37_732.jpg;15;0;0;1.483381;77.4672;78.76873;-0.001166175;122.9994;1.076191
C:\Mark's Python files\ME5920\IMG\robocam_2025_04_03_22_46_37_772.jpg;15;0.1017444;0;1.474736;77.43095;78.81491;-0.001727558;123.939;1.071047
C:\Mark's Python files\ME5920\IMG\robocam_2025_04_03_22_46_37_840.jpg;13.39091;0.2180157;0;1.473936;77.37542;78.88335;0.001292293;125.2788;1.046865
C:\Mark's Python files\ME5920\IMG\robocam_2025_04_03_22_46_37_912.jpg;10.24269;0.4278966;0;1.485437;77.29922;78.97464;0.02012318;126.7738;1.006453
C:\Mark's Python files\ME5920\IMG\robocam_2025_04_03_22_46_37_982.jpg;7.021775;0.6426246;0;1.51315;77.24071;79.04472;0.06612649;127.6033;0.9493793
C:\Mark's Python files\ME5920\IMG\robocam_2025_04_03_22_46_38_054.jpg;3.814615;0.8564352;0;1.543931;77.1604;79.14186;0.1966995;128.3214;0.8296812
C:\Mark's Python files\ME5920\IMG\robocam_2025_04_03_22_46_38_125.jpg;0.6310409;1;0;1.597033;77.09834;79.21833;0.3547621;128.5753;0.702168
C:\Mark's Python files\ME5920\IMG\robocam_2025_04_03_22_46_38_195.jpg;0;1;0;1.641123;77.01313;79.32534;0.6390786;128.6112;0.4901272
C:\Mark's Python files\ME5920\IMG\robocam_2025_04_03_22_46_38_235.jpg;0;1;0;1.699948;76.9694;79.38053;0.7963572;128.5996;0.3708079
C:\Mark's Python files\ME5920\IMG\robocam_2025_04_03_22_46_38_303.jpg;0;1;0;1.730014;76.90245;79.46522;1.035362;128.5795;0.1750876
C:\Mark's Python files\ME5920\IMG\robocam_2025_04_03_22_46_38_376.jpg;0;1;0;1.775071;76.81;79.58043;1.329082;128.5836;359.968
C:\Mark's Python files\ME5920\IMG\robocam_2025_04_03_22_46_38_446.jpg;0;1;0;1.833062;76.73921;79.66515;1.347423;128.5981;359.9934
C:\Mark's Python files\ME5920\IMG\robocam_2025_04_03_22_46_38_487.jpg;0;1;0;1.888118;76.69257;79.72305;1.295772;128.5539;-0.001234632
C:\Mark's Python files\ME5920\IMG\robocam_2025_04_03_22_46_38_557.jpg;0;1;0;1.919166;76.59723;79.84308;1.243957;128.5312;-0.0008269146
C:\Mark's Python files\ME5920\IMG\robocam_2025_04_03_22_46_38_598.jpg;0;1;0;1.977615;76.54827;79.90497;1.247565;128.5242;-0.0006870504
C:\Mark's Python files\ME5920\IMG\robocam_2025_04_03_22_46_38_666.jpg;0;1;0;2.006845;76.4732;79.99998;1.283425;128.5126;-0.0006760649
C:\Mark's Python files\ME5920\IMG\robocam_2025_04_03_22_46_38_737.jpg;0;1;0;2.04984;76.37074;80.12979;1.322476;128.4959;-0.001215324
C:\Mark's Python files\ME5920\IMG\robocam_2025_04_03_22_46_38_809.jpg;0;1;0;2.110511;76.26591;80.26272;1.308428;128.4775;-0.001174378
C:\Mark's Python files\ME5920\IMG\robocam_2025_04_03_22_46_38_879.jpg;0;1;0;2.155939;76.18528;80.36502;1.305863;128.4648;-0.001087163
C:\Mark's Python files\ME5920\IMG\robocam_2025_04_03_22_46_38_952.jpg;0;1;0;2.214333;76.07513;80.50484;1.316049;128.4485;-0.001224768
C:\Mark's Python files\ME5920\IMG\robocam_2025_04_03_22_46_39_023.jpg;0;1;0;2.273103;75.99069;80.61208;1.318397;128.4374;-0.001232375
C:\Mark's Python files\ME5920\IMG\robocam_2025_04_03_22_46_39_095.jpg;0;1;0;2.316287;75.87566;80.75826;1.31841;128.422;-0.001239661
C:\Mark's Python files\ME5920\IMG\robocam_2025_04_03_22_46_39_164.jpg;0;1;0;2.375092;75.78748;80.87038;1.322005;128.4101;-0.001251271
C:\Mark's Python files\ME5920\IMG\robocam_2025_04_03_22_46_39_236.jpg;0;1;0;2.418434;75.66738;81.02314;1.331938;128.395;-0.001309509
C:\Mark's Python files\ME5920\IMG\robocam_2025_04_03_22_46_39_307.jpg;0;1;0;2.476347;75.57555;81.14;1.3309;128.3835;-0.001294056
C:\Mark's Python files\ME5920\IMG\robocam_2025_04_03_22_46_39_378.jpg;0;1;0;2.519371;75.45061;81.2991;1.334219;128.3677;-0.001307428
C:\Mark's Python files\ME5920\IMG\robocam_2025_04_03_22_46_39_447.jpg;3.195441;1;0;2.57629;75.35433;81.4202;1.338365;128.527;-0.002474084
C:\Mark's Python files\ME5920\IMG\robocam_2025_04_03_22_46_39_517.jpg;6.337188;1;0;2.617438;75.22038;81.5817;1.324515;129.3249;0.01674759
C:\Mark's Python files\ME5920\IMG\robocam_2025_04_03_22_46_39_589.jpg;6.31274;1;0;2.671672;75.07984;81.74248;1.273186;130.5992;0.06520087
C:\Mark's Python files\ME5920\IMG\robocam_2025_04_03_22_46_39_661.jpg;3.065589;1;0;2.715058;74.9719;81.86469;1.229907;131.2828;0.07381375
C:\Mark's Python files\ME5920\IMG\robocam_2025_04_03_22_46_39_733.jpg;0;1;0;2.771835;74.82495;82.03139;1.222136;131.6235;0.06479394
C:\Mark's Python files\ME5920\IMG\robocam_2025_04_03_22_46_39_773.jpg;0;1;0;2.826464;74.75027;82.11642;1.241822;131.6462;0.05252084
C:\Mark's Python files\ME5920\IMG\robocam_2025_04_03_22_46_39_842.jpg;0;1;0;2.853779;74.63657;82.2458;1.295766;131.6376;0.0279087
C:\Mark's Python files\ME5920\IMG\robocam_2025_04_03_22_46_39_912.jpg;0;1;0;2.894389;74.48216;82.42105;1.373532;131.617;-0.002386929
C:\Mark's Python files\ME5920\IMG\robocam_2025_04_03_22_46_39_985.jpg;3.219606;1;0;2.949638;74.36398;82.55331;1.39014;131.7747;-0.002830666
C:\Mark's Python files\ME5920\IMG\robocam_2025_04_03_22_46_40_056.jpg;6.42735;1;0;2.99133;74.20144;82.72884;1.348696;132.5966;0.009677164
C:\Mark's Python files\ME5920\IMG\robocam_2025_04_03_22_46_40_126.jpg;6.401124;1;0;3.04427;74.07452;82.85918;1.301691;133.6045;0.06726718
C:\Mark's Python files\ME5920\IMG\robocam_2025_04_03_22_46_40_198.jpg;3.223813;1;0;3.085766;73.90182;83.03452;1.222506;134.6214;0.1063019
C:\Mark's Python files\ME5920\IMG\robocam_2025_04_03_22_46_40_269.jpg;0.0107142;1;0;3.140997;73.72524;83.21301;1.177688;135.0198;0.1188628
C:\Mark's Python files\ME5920\IMG\robocam_2025_04_03_22_46_40_340.jpg;0;1;0;3.180741;73.59035;83.34942;1.185595;135.0592;0.1176375
C:\Mark's Python files\ME5920\IMG\robocam_2025_04_03_22_46_40_410.jpg;3.193335;1;0;3.23294;73.40619;83.53269;1.217373;135.3302;0.121043
C:\Mark's Python files\ME5920\IMG\robocam_2025_04_03_22_46_40_482.jpg;6.366848;1;0;3.284978;73.26389;83.66932;1.224433;135.9659;0.1439492
C:\Mark's Python files\ME5920\IMG\robocam_2025_04_03_22_46_40_553.jpg;9.574947;1;0;3.323078;73.06786;83.84793;1.157714;137.4828;0.2069394
C:\Mark's Python files\ME5920\IMG\robocam_2025_04_03_22_46_40_623.jpg;12.74689;1;0;3.371405;72.915;83.97727;1.042045;139.1297;0.3142295
C:\Mark's Python files\ME5920\IMG\robocam_2025_04_03_22_46_40_693.jpg;15;1;0;3.405199;72.70293;84.14117;0.7768742;141.9358;0.5497558
C:\Mark's Python files\ME5920\IMG\robocam_2025_04_03_22_46_40_766.jpg;11.74983;1;0;3.452285;72.53848;84.25861;0.5049144;144.0441;0.7588588
C:\Mark's Python files\ME5920\IMG\robocam_2025_04_03_22_46_40_839.jpg;8.47506;1;0;3.490713;72.31223;84.41058;0.1239467;146.2449;1.055295
C:\Mark's Python files\ME5920\IMG\robocam_2025_04_03_22_46_40_908.jpg;5.23735;1;0;3.539878;72.13772;84.52367;359.8921;147.3872;1.199967
C:\Mark's Python files\ME5920\IMG\robocam_2025_04_03_22_46_40_979.jpg;2.122703;1;0;3.568833;71.89708;84.67899;359.9327;148.187;1.090618
C:\Mark's Python files\ME5920\IMG\robocam_2025_04_03_22_46_41_049.jpg;0;1;0;3.62324;71.64804;84.83452;0.1247191;148.4941;0.9422067
C:\Mark's Python files\ME5920\IMG\robocam_2025_04_03_22_46_41_120.jpg;0;1;0;3.661005;71.45811;84.95198;0.2921488;148.5345;0.8112076
C:\Mark's Python files\ME5920\IMG\robocam_2025_04_03_22_46_41_193.jpg;0;1;0;3.71155;71.20107;85.11029;0.5484004;148.5368;0.6114113
C:\Mark's Python files\ME5920\IMG\robocam_2025_04_03_22_46_41_265.jpg;0;1;0;3.761539;71.00566;85.23057;0.7646264;148.5206;0.4485215
C:\Mark's Python files\ME5920\IMG\robocam_2025_04_03_22_46_41_333.jpg;0;1;0;3.79887;70.74187;85.39317;1.074761;148.4853;0.2212968
C:\Mark's Python files\ME5920\IMG\robocam_2025_04_03_22_46_41_405.jpg;0;1;0;3.848621;70.54182;85.51675;1.313511;148.4523;0.04780511
C:\Mark's Python files\ME5920\IMG\robocam_2025_04_03_22_46_41_476.jpg;0;1;0;3.885771;70.27301;85.67993;1.483046;148.4709;359.9932
C:\Mark's Python files\ME5920\IMG\robocam_2025_04_03_22_46_41_550.jpg;0;1;0;3.944472;70.00402;85.8443;1.426257;148.4224;-0.001959751
C:\Mark's Python files\ME5920\IMG\robocam_2025_04_03_22_46_41_622.jpg;0;1;0;3.994403;69.80023;85.96998;1.404073;148.4019;-0.001961921
C:\Mark's Python files\ME5920\IMG\robocam_2025_04_03_22_46_41_695.jpg;0.169476;1;0;4.031486;69.52533;86.14003;1.406863;148.3839;-0.001651002
C:\Mark's Python files\ME5920\IMG\robocam_2025_04_03_22_46_41_766.jpg;0;1;0;4.080763;69.3168;86.26935;1.428729;148.3685;-0.001345806
C:\Mark's Python files\ME5920\IMG\robocam_2025_04_03_22_46_41_836.jpg;0;1;0;4.117661;69.03589;86.44394;1.46534;148.3371;-0.001882066
C:\Mark's Python files\ME5920\IMG\robocam_2025_04_03_22_46_41_906.jpg;0;1;0;4.167346;68.82342;86.5762;1.469665;148.3186;-0.001941586
C:\Mark's Python files\ME5920\IMG\robocam_2025_04_03_22_46_41_976.jpg;0;1;0;4.205359;68.53738;86.75447;1.465727;148.2942;-0.001769865
C:\Mark's Python files\ME5920\IMG\robocam_2025_04_03_22_46_42_048.jpg;0;1;0;4.2543;68.32063;86.88969;1.468631;148.271;-0.001762981
C:\Mark's Python files\ME5920\IMG\robocam_2025_04_03_22_46_42_119.jpg;0;0.8921206;0;4.290949;68.02886;87.07191;1.474446;148.2393;-0.001389977
C:\Mark's Python files\ME5920\IMG\robocam_2025_04_03_22_46_42_189.jpg;0;0.6807616;0;4.330149;67.73483;87.25578;1.468426;148.2033;-0.001229945
C:\Mark's Python files\ME5920\IMG\robocam_2025_04_03_22_46_42_261.jpg;0;0.4667718;0;4.353854;67.51373;87.39421;1.439283;148.174;-0.001164808
C:\Mark's Python files\ME5920\IMG\robocam_2025_04_03_22_46_42_333.jpg;0;0.2524945;0;4.36056;67.21943;87.57871;1.342925;148.1348;-0.001035698
C:\Mark's Python files\ME5920\IMG\robocam_2025_04_03_22_46_42_402.jpg;0;0.03923405;0;4.355701;66.99982;87.71652;1.21728;148.1063;-0.0008863104
C:\Mark's Python files\ME5920\IMG\robocam_2025_04_03_22_46_42_443.jpg;0;0;0;4.342768;66.85422;87.80795;1.105848;148.0882;-0.0007787867
C:\Mark's Python files\ME5920\IMG\robocam_2025_04_03_22_46_42_514.jpg;0;0;0;4.333523;66.56478;87.98977;0.8311871;148.0547;-0.0003338339
C:\Mark's Python files\ME5920\IMG\robocam_2025_04_03_22_46_42_586.jpg;0;0;0;4.314989;66.34901;88.12531;0.5945307;148.0328;0.0009230858
C:\Mark's Python files\ME5920\IMG\robocam_2025_04_03_22_46_42_658.jpg;0;0;0;4.301032;66.06266;88.30503;0.259533;148.0128;0.01283425
C:\Mark's Python files\ME5920\IMG\robocam_2025_04_03_22_46_42_729.jpg;0;0;0;4.282382;65.77738;88.48399;359.9366;147.9972;0.02504588
C:\Mark's Python files\ME5920\IMG\robocam_2025_04_03_22_46_42_801.jpg;0;0;0;4.26775;65.56359;88.61842;359.7515;147.9767;-0.0006419237
C:\Mark's Python files\ME5920\IMG\robocam_2025_04_03_22_46_42_871.jpg;0;0;0;4.247873;65.27863;88.79646;359.5444;147.9753;0.00215039
C:\Mark's Python files\ME5920\IMG\robocam_2025_04_03_22_46_42_943.jpg;0;0;0;4.228066;65.06549;88.92992;359.4178;147.9728;-0.0008090189
C:\Mark's Python files\ME5920\IMG\robocam_2025_04_03_22_46_43_011.jpg;0;0;0;4.212472;64.78143;89.10651;359.2841;148.1011;0.01279901
C:\Mark's Python files\ME5920\IMG\robocam_2025_04_03_22_46_43_083.jpg;0;0;0;4.192401;64.56897;89.23917;359.2224;148.124;359.9924
C:\Mark's Python files\ME5920\IMG\robocam_2025_04_03_22_46_43_152.jpg;0;0;0;4.177469;64.28629;89.41508;359.161;148.1315;359.975
C:\Mark's Python files\ME5920\IMG\robocam_2025_04_03_22_46_43_223.jpg;0;0;0;4.158447;64.07462;89.54624;359.1334;148.1421;359.9874
C:\Mark's Python files\ME5920\IMG\robocam_2025_04_03_22_46_43_294.jpg;0;0;0;4.142669;63.79305;89.72073;359.1354;148.1572;0.03051484
C:\Mark's Python files\ME5920\IMG\robocam_2025_04_03_22_46_43_364.jpg;0;0;0;4.123813;63.58289;89.85128;359.1336;148.16;0.05304291
C:\Mark's Python files\ME5920\IMG\robocam_2025_04_03_22_46_43_436.jpg;0;0;0;4.10975;63.30375;90.02538;359.1589;148.1461;0.04142105
C:\Mark's Python files\ME5920\IMG\robocam_2025_04_03_22_46_43_506.jpg;0;0;0;4.089547;63.09495;90.15537;359.1925;148.1382;0.02145079
C:\Mark's Python files\ME5920\IMG\robocam_2025_04_03_22_46_43_576.jpg;0;0;0;4.075633;62.81771;90.32771;359.2249;148.1354;0.001980589
C:\Mark's Python files\ME5920\IMG\robocam_2025_04_03_22_46_43_648.jpg;0;0;0;4.057189;62.61073;90.45634;359.2402;148.135;359.9894
C:\Mark's Python files\ME5920\IMG\robocam_2025_04_03_22_46_43_688.jpg;0;0;0;4.043418;62.40455;90.58447;359.2484;148.1349;359.9782
C:\Mark's Python files\ME5920\IMG\robocam_2025_04_03_22_46_43_756.jpg;0;0;0;4.033546;62.19834;90.71193;359.2888;148.1505;0.01008293
C:\Mark's Python files\ME5920\IMG\robocam_2025_04_03_22_46_43_826.jpg;0;0;0;4.014832;61.99327;90.83925;359.3169;148.1549;0.02773809
C:\Mark's Python files\ME5920\IMG\robocam_2025_04_03_22_46_43_898.jpg;0;0;0;4.001231;61.72121;91.00827;359.3378;148.1564;0.04567789
C:\Mark's Python files\ME5920\IMG\robocam_2025_04_03_22_46_43_971.jpg;0;0;0;3.983187;61.45054;91.17696;359.3661;148.1454;0.0319138
C:\Mark's Python files\ME5920\IMG\robocam_2025_04_03_22_46_44_041.jpg;0;0;0;3.968735;61.24825;91.30283;359.3892;148.1397;0.0148168
C:\Mark's Python files\ME5920\IMG\robocam_2025_04_03_22_46_44_112.jpg;0;0;0;3.950853;60.97976;91.46968;359.4018;148.1378;-0.002537714
C:\Mark's Python files\ME5920\IMG\robocam_2025_04_03_22_46_44_151.jpg;0;0;0;3.937507;60.84607;91.55274;359.401;148.1376;359.9898
C:\Mark's Python files\ME5920\IMG\robocam_2025_04_03_22_46_44_218.jpg;0;0;0;3.928633;60.64587;91.6768;359.4052;148.1446;-0.004266483
C:\Mark's Python files\ME5920\IMG\robocam_2025_04_03_22_46_44_289.jpg;0;0;0;3.910067;60.37999;91.8417;359.4187;148.1536;0.01747292
C:\Mark's Python files\ME5920\IMG\robocam_2025_04_03_22_46_44_359.jpg;0;0;0;3.896847;60.18164;91.96491;359.4163;148.1551;0.02805213
C:\Mark's Python files\ME5920\IMG\robocam_2025_04_03_22_46_44_431.jpg;0;0;0.2152965;3.867229;59.92033;92.12781;359.3772;148.1426;0.005235062
C:\Mark's Python files\ME5920\IMG\robocam_2025_04_03_22_46_44_502.jpg;0;0;0.4296576;3.779595;59.73018;92.24603;359.216;148.1386;359.9908
C:\Mark's Python files\ME5920\IMG\robocam_2025_04_03_22_46_44_573.jpg;0;0;0.6393483;3.669368;59.4885;92.396;358.8071;148.1457;-0.002563424
C:\Mark's Python files\ME5920\IMG\robocam_2025_04_03_22_46_44_644.jpg;0;0;0.8520423;3.510147;59.314;92.50463;358.5272;148.1305;359.9885
C:\Mark's Python files\ME5920\IMG\robocam_2025_04_03_22_46_44_712.jpg;0;0;1;3.400785;59.08542;92.64684;358.4676;148.1605;359.9937
C:\Mark's Python files\ME5920\IMG\robocam_2025_04_03_22_46_44_783.jpg;0;0;1;3.23746;58.9175;92.7512;358.6582;148.1729;-7.824847E-05
C:\Mark's Python files\ME5920\IMG\robocam_2025_04_03_22_46_44_853.jpg;0;0;1;3.054878;58.70885;92.881;358.8015;148.1906;0.007804878
C:\Mark's Python files\ME5920\IMG\robocam_2025_04_03_22_46_44_926.jpg;0;0;1;2.793368;58.56935;92.96817;358.6444;148.1827;-0.005264241
C:\Mark's Python files\ME5920\IMG\robocam_2025_04_03_22_46_44_994.jpg;0;0;1;2.663299;58.3894;93.07921;358.6488;148.2798;0.05878042
C:\Mark's Python files\ME5920\IMG\robocam_2025_04_03_22_46_45_065.jpg;0;0;1;2.491892;58.26084;93.16101;358.8009;148.3023;359.9489
C:\Mark's Python files\ME5920\IMG\robocam_2025_04_03_22_46_45_137.jpg;0;0;1;2.30379;58.10706;93.25398;358.7356;148.2414;0.002047955
C:\Mark's Python files\ME5920\IMG\robocam_2025_04_03_22_46_45_207.jpg;0;0;0;2.10803;58.00003;93.32064;358.718;148.2259;-0.005679923
C:\Mark's Python files\ME5920\IMG\robocam_2025_04_03_22_46_45_279.jpg;0;0;0;2.084378;57.85351;93.41145;359.0323;148.2151;0.00306415
C:\Mark's Python files\ME5920\IMG\robocam_2025_04_03_22_46_45_352.jpg;0;0;0.1188123;2.072367;57.70874;93.50118;359.3195;148.2144;0.01360635
C:\Mark's Python files\ME5920\IMG\robocam_2025_04_03_22_46_45_424.jpg;0;0;0.3367305;2.01538;57.60447;93.56581;359.4217;148.2144;0.02029118
C:\Mark's Python files\ME5920\IMG\robocam_2025_04_03_22_46_45_495.jpg;0;0;0.5502735;1.929189;57.47688;93.6449;359.2738;148.2146;0.0276246
C:\Mark's Python files\ME5920\IMG\robocam_2025_04_03_22_46_45_535.jpg;0;0;0.7594756;1.76233;57.41934;93.68106;359.0764;148.2024;0.001449122
C:\Mark's Python files\ME5920\IMG\robocam_2025_04_03_22_46_45_604.jpg;0;0;0.8763099;1.655804;57.34148;93.72914;358.6357;148.2041;-0.004011846
C:\Mark's Python files\ME5920\IMG\robocam_2025_04_03_22_46_45_676.jpg;0;0;0;1.51397;57.2431;93.79002;358.2691;148.2429;-0.005398259
C:\Mark's Python files\ME5920\IMG\robocam_2025_04_03_22_46_45_748.jpg;0;0;0;1.502529;57.16375;93.83907;358.4444;148.2754;-0.002493618
C:\Mark's Python files\ME5920\IMG\robocam_2025_04_03_22_46_45_820.jpg;-1.628046;0;0;1.492474;57.0536;93.90768;359.1405;148.2173;-0.004380245
C:\Mark's Python files\ME5920\IMG\robocam_2025_04_03_22_46_45_891.jpg;-4.868415;0;0;1.442745;56.94844;93.97687;359.7438;147.7233;359.9398
C:\Mark's Python files\ME5920\IMG\robocam_2025_04_03_22_46_45_962.jpg;-8.041901;0;0;1.434348;56.87251;94.03027;0.1291765;147.019;359.8459
C:\Mark's Python files\ME5920\IMG\robocam_2025_04_03_22_46_46_034.jpg;-11.2886;0;0;1.427832;56.77596;94.10284;0.5086716;145.6951;359.6928
C:\Mark's Python files\ME5920\IMG\robocam_2025_04_03_22_46_46_106.jpg;-14.49825;0;0;1.418947;56.70779;94.15832;0.6666737;144.4589;359.571
C:\Mark's Python files\ME5920\IMG\robocam_2025_04_03_22_46_46_177.jpg;-15;0;0;1.411494;56.62236;94.23272;0.6961642;142.5967;359.4388
C:\Mark's Python files\ME5920\IMG\robocam_2025_04_03_22_46_46_248.jpg;-15;0;0;1.405661;56.56226;94.28811;0.556339;141.2226;359.3987
C:\Mark's Python files\ME5920\IMG\robocam_2025_04_03_22_46_46_320.jpg;-15;0;0;1.400376;56.48595;94.36384;0.3120399;139.4522;359.3019
C:\Mark's Python files\ME5920\IMG\robocam_2025_04_03_22_46_46_392.jpg;-15;0;0;1.392387;56.41264;94.44132;0.05775929;137.7002;359.165
C:\Mark's Python files\ME5920\IMG\robocam_2025_04_03_22_46_46_462.jpg;-15;0;0;1.38406;56.35907;94.50066;359.8934;136.3987;359.0618
C:\Mark's Python files\ME5920\IMG\robocam_2025_04_03_22_46_46_534.jpg;-15;0;0;1.376886;56.28829;94.5818;359.78;134.7078;358.9867
C:\Mark's Python files\ME5920\IMG\robocam_2025_04_03_22_46_46_607.jpg;-15;0;0.2162967;1.356535;56.23597;94.64367;359.7995;133.4696;359.0306
C:\Mark's Python files\ME5920\IMG\robocam_2025_04_03_22_46_46_679.jpg;-15;0;0.4330704;1.284805;56.17419;94.72234;359.7179;131.8621;359.1202
C:\Mark's Python files\ME5920\IMG\robocam_2025_04_03_22_46_46_753.jpg;-11.67621;0;0.6546564;1.154578;56.12248;94.78957;359.4096;130.5214;359.3323
C:\Mark's Python files\ME5920\IMG\robocam_2025_04_03_22_46_46_822.jpg;-8.446362;0;0.8699796;0.9359894;56.09371;94.82739;358.95;129.7586;359.603
C:\Mark's Python files\ME5920\IMG\robocam_2025_04_03_22_46_46_892.jpg;-5.313549;0;1;0.7061191;56.07124;94.85728;358.1037;129.3835;0.08658435
C:\Mark's Python files\ME5920\IMG\robocam_2025_04_03_22_46_46_962.jpg;-2.152186;0;1;0.4362648;56.0672;94.87183;357.5339;128.7474;0.07274172
C:\Mark's Python files\ME5920\IMG\robocam_2025_04_03_22_46_47_033.jpg;0;0;1;0.1801121;56.06746;94.87494;356.8402;128.4306;0.0110762
C:\Mark's Python files\ME5920\IMG\robocam_2025_04_03_22_46_47_104.jpg;0;0;1;0.06327762;56.06724;94.87494;356.6324;128.45;0.0036346
C:\Mark's Python files\ME5920\IMG\robocam_2025_04_03_22_46_47_176.jpg;0;0;1;-0.01159723;56.06718;94.87509;356.7993;128.4516;359.9939
C:\Mark's Python files\ME5920\IMG\robocam_2025_04_03_22_46_47_246.jpg;0;0;1;-0.1372906;56.06707;94.87514;357.2942;128.4621;0.01657325
C:\Mark's Python files\ME5920\IMG\robocam_2025_04_03_22_46_47_319.jpg;0;0;1;-0.2209045;56.06703;94.87514;358.3718;128.4667;359.9925
C:\Mark's Python files\ME5920\IMG\robocam_2025_04_03_22_46_47_390.jpg;0;0;0;-0.3041144;56.06733;94.87476;359.7155;128.4704;0.07414436
C:\Mark's Python files\ME5920\IMG\robocam_2025_04_03_22_46_47_462.jpg;-1.625611;0;0;-0.2771609;56.06758;94.8745;0.622357;128.2802;0.1052849
C:\Mark's Python files\ME5920\IMG\robocam_2025_04_03_22_46_47_532.jpg;-4.830934;0;0;-0.2224673;56.0681;94.87444;1.561278;127.3235;0.01586938
C:\Mark's Python files\ME5920\IMG\robocam_2025_04_03_22_46_47_572.jpg;-7.900866;0;0;-0.1177181;56.06842;94.87444;1.84585;126.5719;359.9525
C:\Mark's Python files\ME5920\IMG\robocam_2025_04_03_22_46_47_642.jpg;-9.719505;0;0;-0.0568577;56.06742;94.87346;2.041926;124.8569;0.01661191
C:\Mark's Python files\ME5920\IMG\robocam_2025_04_03_22_46_47_713.jpg;-12.85988;0;0;0.0379236;56.0685;94.87374;1.771088;122.0189;359.9807
C:\Mark's Python files\ME5920\IMG\robocam_2025_04_03_22_46_47_783.jpg;-15;0;0;0.1549638;56.06844;94.87347;1.225013;119.3344;359.9896
C:\Mark's Python files\ME5920\IMG\robocam_2025_04_03_22_46_47_856.jpg;-15;0;0;0.1850753;56.06829;94.87373;0.4078634;115.7336;359.9494
C:\Mark's Python files\ME5920\IMG\robocam_2025_04_03_22_46_47_930.jpg;-15;0;0;0.1717939;56.06813;94.87399;359.6656;112.1328;359.824
C:\Mark's Python files\ME5920\IMG\robocam_2025_04_03_22_46_48_002.jpg;-15;0;0;0.147974;56.068;94.87417;359.2196;109.4319;359.7441
C:\Mark's Python files\ME5920\IMG\robocam_2025_04_03_22_46_48_072.jpg;-15;0;0;0.1075055;56.06785;94.87434;358.8004;105.8336;359.7055
C:\Mark's Python files\ME5920\IMG\robocam_2025_04_03_22_46_48_144.jpg;-15;0;0;0.0581705;56.06779;94.87447;358.6881;103.1362;359.7954
C:\Mark's Python files\ME5920\IMG\robocam_2025_04_03_22_46_48_215.jpg;-15;0;0;-0.07993908;56.06786;94.87456;358.8299;99.53879;0.07477044
C:\Mark's Python files\ME5920\IMG\robocam_2025_04_03_22_46_48_287.jpg;-15;0;0;-0.09070663;56.06803;94.87456;359.0179;97.07635;0.2546194
C:\Mark's Python files\ME5920\IMG\robocam_2025_04_03_22_46_48_358.jpg;-15;0;0;-0.08403073;56.06818;94.87449;359.2979;93.71869;0.4343334
C:\Mark's Python files\ME5920\IMG\robocam_2025_04_03_22_46_48_429.jpg;-15;0;0;-0.08058947;56.06829;94.87438;359.5736;90.11792;0.5835485
C:\Mark's Python files\ME5920\IMG\robocam_2025_04_03_22_46_48_501.jpg;-15;0;0;-0.07624388;56.06834;94.87429;359.7614;87.41705;0.6908128
C:\Mark's Python files\ME5920\IMG\robocam_2025_04_03_22_46_48_571.jpg;-15;0;0;-0.06860491;56.0684;94.87418;359.982;83.81559;0.8233162
C:\Mark's Python files\ME5920\IMG\robocam_2025_04_03_22_46_48_643.jpg;-15;0;0;-0.05256344;56.06844;94.87411;0.1108596;81.11427;0.8972506
C:\Mark's Python files\ME5920\IMG\robocam_2025_04_03_22_46_48_715.jpg;-15;0;0;-0.04320863;56.06846;94.87402;0.2199404;77.51281;0.9350842
C:\Mark's Python files\ME5920\IMG\robocam_2025_04_03_22_46_48_755.jpg;-15;0;0;-0.026031;56.06845;94.87398;0.2431573;75.71235;0.9182514
C:\Mark's Python files\ME5920\IMG\robocam_2025_04_03_22_46_48_825.jpg;-15;0;0;-0.02650411;56.06844;94.87395;0.2437973;73.0121;0.8476927
C:\Mark's Python files\ME5920\IMG\robocam_2025_04_03_22_46_48_894.jpg;-15;0;0;-0.03092843;56.06839;94.87395;0.2426299;69.41211;0.7322053
C:\Mark's Python files\ME5920\IMG\robocam_2025_04_03_22_46_48_964.jpg;-15;0;0;-0.03302992;56.06836;94.87395;0.2460447;66.71228;0.6383131
C:\Mark's Python files\ME5920\IMG\robocam_2025_04_03_22_46_49_036.jpg;-15;0;0;-0.03393921;56.0683;94.87395;0.2568795;63.11249;0.5088001
C:\Mark's Python files\ME5920\IMG\robocam_2025_04_03_22_46_49_106.jpg;-15;0;0;-0.03413552;56.06826;94.87397;0.2693711;60.41267;0.4115239
C:\Mark's Python files\ME5920\IMG\robocam_2025_04_03_22_46_49_176.jpg;-15;0;0;-0.03358312;56.0682;94.87398;0.2907692;56.81287;0.2856241
C:\Mark's Python files\ME5920\IMG\robocam_2025_04_03_22_46_49_247.jpg;-15;0;0;-0.03201557;56.06816;94.87399;0.3093246;54.11312;0.1963005
C:\Mark's Python files\ME5920\IMG\robocam_2025_04_03_22_46_49_316.jpg;-13.44252;0;0;-0.03033905;56.06811;94.87401;0.3359523;50.70038;0.08565292
C:\Mark's Python files\ME5920\IMG\robocam_2025_04_03_22_46_49_385.jpg;-10.33975;0;0;-0.02747065;56.06807;94.87402;0.3554527;48.65496;0.00813768
C:\Mark's Python files\ME5920\IMG\robocam_2025_04_03_22_46_49_457.jpg;-7.193643;0;0;-0.02491839;56.06804;94.87404;0.3758827;46.72987;359.9122
C:\Mark's Python files\ME5920\IMG\robocam_2025_04_03_22_46_49_527.jpg;-4.022938;0;0;-0.02130223;56.06802;94.87406;0.3842683;45.81767;359.8468
C:\Mark's Python files\ME5920\IMG\robocam_2025_04_03_22_46_49_599.jpg;-0.794472;0;0;0.01852428;56.06799;94.87409;0.3807209;45.42297;359.771
C:\Mark's Python files\ME5920\IMG\robocam_2025_04_03_22_46_49_672.jpg;0;0;0;0.01340776;56.06798;94.87411;0.3560471;45.4224;359.718
C:\Mark's Python files\ME5920\IMG\robocam_2025_04_03_22_46_49_741.jpg;0;0;0;0.01135496;56.06798;94.87412;0.3294395;45.42204;359.6907
C:\Mark's Python files\ME5920\IMG\robocam_2025_04_03_22_46_49_814.jpg;0;0;0;0.01084158;56.06798;94.87414;0.2858035;45.4217;359.6694
C:\Mark's Python files\ME5920\IMG\robocam_2025_04_03_22_46_49_854.jpg;0;0;0;0.01096993;56.06798;94.87415;0.2618484;45.42167;359.6642
C:\Mark's Python files\ME5920\IMG\robocam_2025_04_03_22_46_49_923.jpg;0;0;0;0.01126011;56.06799;94.87416;0.2239635;45.42163;359.6628
C:\Mark's Python files\ME5920\IMG\robocam_2025_04_03_22_46_49_997.jpg;0;0;0;0.01183103;56.068;94.87418;0.1711992;45.42159;359.6718
C:\Mark's Python files\ME5920\IMG\robocam_2025_04_03_22_46_50_036.jpg;0;0;0;0.01262385;56.06801;94.87419;0.1444282;45.42157;359.6804
C:\Mark's Python files\ME5920\IMG\robocam_2025_04_03_22_46_50_106.jpg;0;0;0;0.01296481;56.06802;94.87421;0.1044635;45.42153;359.6979
